RA,Dec,redshift,rmag,set_id
197.61603908990057,-1.987240489526275,1.9215950429847468,19.42823028564453,1
197.37615040655712,-2.6997773937241987,1.4902024103598148,22.75075340270996,1
197.1940210686458,-2.5347156893505796,1.069845862234169,21.99860191345215,1
197.90727333455456,-3.4217678794353725,1.256156564322115,22.50174903869629,1
199.1143365113201,-2.747554296104257,1.748532760263177,22.414823532104492,1
198.94933168955808,-3.0771275584056323,1.5242707171472585,19.91977882385254,1
198.14598224745217,-3.5487654804756428,1.3518960000905045,22.78167152404785,1
197.45892634236012,-2.330651167970802,1.1246061764617628,21.754314422607425,1
198.75828928452356,-2.4606309996175892,1.6557746561739322,21.44982147216797,1
199.0986486072391,-2.5599876456559043,1.6098385539796165,21.93123435974121,1
197.9374622258072,-2.747725136463552,1.1788501732733878,22.11863899230957,1
198.02516094326768,-3.1059392523423286,1.6006293283070487,20.60819435119629,1
197.68989739593377,-3.3753562158819013,1.873247079731908,21.351591110229492,1
197.61707818181705,-2.0086243795300525,1.9454127964762404,22.339637756347656,1
199.13056406087503,-2.5806676619429596,1.923654529339968,21.546104431152344,1
198.1579910711952,-2.5681271468501987,1.5046763143532,21.403554916381836,1
197.1346369138,-2.333331228006542,1.711911516937746,21.839645385742188,1
198.0952683183129,-3.2347443796388977,1.3861629048246311,21.381494522094727,1
197.32819026728865,-2.879253110895456,1.746866453305163,19.66907119750977,1
198.78446335147532,-3.0580609131197583,1.2157964731763753,22.4927921295166,1
198.2606058988917,-2.519976203957291,1.1005612911963425,21.180063247680664,1
197.50847952597343,-2.748817358038634,1.7555249996974145,21.188234329223633,1
198.84592999999995,-3.0589302,1.620473861694336,21.07003593444824,1
197.86856759762057,-2.45749588242802,1.5518025758862797,21.158899307250977,1
198.1236287984494,-1.9042592859183776,1.3507009885877037,20.39706039428711,1
197.66900194606131,-1.7233007559048656,1.9483719939964592,22.711833953857425,1
198.37436689944397,-2.239888842697632,1.0254599500527044,20.84447479248047,1
198.22876359800173,-2.6573288131089874,1.4171815942420285,22.673215866088867,1
198.9988184193367,-3.314646485101618,1.7190427268259392,17.75568389892578,1
198.3398003577586,-3.6090482729408904,1.690919881447287,21.62320899963379,1
198.8286568682344,-2.6956336852073193,1.91964430495133,22.367429733276367,1
198.53979088362408,-2.5521624191812777,1.486240385491737,20.998512268066406,1
198.38358491723113,-2.922828420880162,1.424435337356192,23.01074981689453,1
197.1255741544261,-2.430655887240586,1.9669361059513928,23.354623794555664,1
198.45360257348185,-3.4836705391975924,1.4354582508899756,21.362730026245117,1
197.72755532342669,-2.1284479483947916,1.8991329023264871,22.006956100463867,1
197.82256418782168,-3.772300372651787,1.4224769546626772,20.57452392578125,1
197.94853516313373,-1.8749336421101297,1.6154495807375115,22.891096115112305,1
197.41653148379385,-2.1087458796739385,1.828205791887323,22.126802444458008,1
197.7665973581195,-2.5842274520396975,1.790274073205622,22.488414764404297,1
197.13314231835037,-2.3637468443089107,1.7579464139767484,20.22858238220215,1
197.35288678821215,-2.858184747874404,1.9980995741511405,22.848459243774418,1
197.95813302429028,-3.052391624178937,1.004430740422483,20.668291091918945,1
198.8884888311097,-3.4959829416919015,1.6350819688797642,22.24373435974121,1
197.32198507804827,-2.0120371861339503,1.7959976834243778,22.808706283569336,1
198.0420798040615,-3.7064183971395903,1.255663150884628,21.816743850708008,1
198.21904241417545,-2.419918874363296,1.2807345932886711,22.303476333618164,1
198.12333657761604,-3.8056246141108665,1.4044470925383803,20.962310791015625,1
198.98162089078252,-1.9728552657288143,1.1376505519710407,21.248308181762695,1
197.1757568510608,-2.97223720599019,1.8917575381990868,19.03459358215332,1
198.01237972033132,-2.2412522093040597,1.1098784532196724,21.963212966918945,1
199.1691641875106,-2.8893537810858843,1.9356716251267057,23.46865463256836,1
199.005806696189,-3.342481061782354,1.7306000646530262,22.00468063354492,1
198.45158461676985,-2.2059379528026573,1.535002524275213,21.89415168762207,1
198.48568269919227,-2.467978046440143,1.3410308493302858,20.890623092651367,1
197.827495733552,-3.6470680442581815,1.3425265767588896,22.491554260253903,1
198.1259351018523,-2.937495005679768,1.2604351971707894,20.39904022216797,1
197.87764827657512,-2.4341222104150315,1.6710121921818206,22.590944290161133,1
198.71719765941432,-1.850856305545927,1.4415624744886968,21.47347640991211,1
198.6073885691208,-2.3000213364311635,1.904448910249304,20.868728637695312,1
197.8972752577997,-2.3311846661750195,1.6717227813769224,21.636634826660156,1
198.0086277470203,-1.872237396937724,1.0802713859528648,18.604549407958984,1
198.0009681301471,-2.9915954714849406,1.0867033022222814,21.625036239624023,1
198.7986882555465,-3.5712992804427124,1.8324080418198765,21.037626266479492,1
198.3031560084313,-2.2044755219765633,1.6057852788409264,19.91777801513672,1
197.45914637262803,-2.099301684253915,1.273444752234954,21.518112182617188,1
197.51209300413743,-2.3748977061910854,1.3625248331676298,18.910383224487305,1
197.07003515891813,-2.538698295057326,1.7514273154391644,22.26945686340332,1
197.50140131086576,-2.0116829397133262,1.1867366307363816,21.818572998046875,1
197.32819026728865,-2.879253110895456,1.7477892043763357,19.66907119750977,1
198.1236287984494,-1.9042592859183776,1.3513163065163596,20.39706039428711,1
197.53794655529495,-3.094165373902442,1.9722758617570872,21.530261993408203,1
197.51209300413743,-2.3748977061910854,1.3626422387337145,18.910383224487305,1
199.0214177052244,-2.702510272478874,1.90986243697296,22.12356758117676,1
197.47308395479945,-2.841753233972027,1.228227697833935,20.29718017578125,1
198.822922733864,-2.8707905540333907,1.5553915578023354,21.858421325683594,1
197.1346369138,-2.333331228006542,1.708293678646878,21.839645385742188,1
199.00398736842584,-2.9562322599386497,1.8033112664427595,21.16005516052246,1
198.08031232985485,-2.0511922362358597,1.9830286094462777,22.90896224975586,1
197.9589370967293,-3.1175555611618053,1.2403173125466769,21.560405731201172,1
197.41703184358497,-3.164693059617878,1.97646357963482,21.316875457763672,1
197.43976023474323,-2.0169361029209685,1.9105409136684144,23.58113670349121,1
198.74734984617297,-3.0436408979505285,1.7692264771425212,22.650056838989254,1
198.89387107275476,-3.3734973348965913,1.547704550428976,21.790912628173828,1
197.29521258724577,-2.419970402677633,1.4476507345248637,22.04106712341309,1
199.04914985286317,-2.9321329526049644,1.2782388602374934,20.46550750732422,1
197.25653624164065,-3.204462578856831,1.588612821135605,22.346050262451172,1
197.4573654748931,-2.0166711298098754,1.7402087414802974,20.179365158081055,1
197.74192200219207,-2.1075765658677903,1.93048983182262,22.81201171875,1
198.7407707162248,-2.3212791141201503,1.1294191879991784,19.52617645263672,1
197.4117297421699,-3.481005832231353,1.108422624066186,19.827964782714844,1
197.6513006612076,-1.7524010191758888,1.9375465633870077,23.032878875732425,1
198.96611743122267,-2.8471951050718864,1.1132040502196197,20.84413146972656,1
197.0467852946911,-2.815494874211207,1.9945694455174172,20.83275604248047,1
198.7099448760061,-3.4372847223479774,1.4889063386765402,19.918167114257812,1
198.50915449613083,-2.654523779980472,1.409463272861355,22.834943771362305,1
197.64773151624792,-2.700576246984596,1.485899030635976,21.842609405517575,1
197.56278635613293,-2.892125767172564,1.098709198761563,21.824243545532227,1
198.34083485002012,-3.5926277680581395,1.3108429464521214,19.933923721313477,1
197.3794581530213,-3.322422852258008,1.486619229747364,19.891178131103516,1
198.87512637044284,-2.769553695830094,1.7485100281258992,21.804960250854492,1
197.59515434549877,-2.6298383647882373,1.1248209841638903,19.0064697265625,1
198.7973961521525,-3.2660729360332637,1.6141107313066845,21.668437957763672,1
198.7487222354137,-2.412481644005458,1.6862533529579362,22.374483108520508,1
198.16330016704575,-1.6690782080997857,1.5077759088299416,21.449806213378903,1
198.7487222354137,-2.412481644005458,1.6860543647277273,22.374483108520508,1
198.53769762735809,-2.2699423815079895,1.9057704064222665,22.556652069091797,1
199.0986486072391,-2.5599876456559043,1.612807298332274,21.93123435974121,1
198.7269637394878,-1.875575389287741,1.4195378374887782,22.696712493896484,1
197.35288678821215,-2.858184747874404,1.9983796412996189,22.848459243774418,1
198.01237972033132,-2.2412522093040597,1.109843853038868,21.963212966918945,1
198.3089572926527,-3.663210681895183,1.6645772981566729,19.77892684936523,1
199.07955431068652,-3.3124639000833236,1.6339760399285788,21.55364227294922,1
198.3188480126124,-2.577642729929991,1.375425566522264,22.441631317138672,1
198.0915512224662,-3.3780642895039654,1.8666768056876948,23.47423934936523,1
197.3771074443065,-2.9307549147214336,1.5094775210032416,21.81222152709961,1
197.99024540891935,-2.500369279544009,1.3928364500748416,21.747953414916992,1
198.19674749094935,-2.007536784255693,1.9597917286027715,21.33823585510254,1
197.827495733552,-3.6470680442581815,1.3429434555413335,22.491554260253903,1
197.52255930774623,-3.4056965399165566,1.9059886038680791,21.111309051513672,1
198.4279508238598,-2.2995743234449644,1.143924707839678,19.884157180786133,1
198.9469303219223,-2.669700923774566,1.8592644329585597,22.751436233520508,1
198.062398803043,-3.263659953368052,1.7167925860345483,21.773143768310547,1
199.19934617146276,-2.2886608404056457,1.8648200207205443,22.525545120239254,1
197.8134194692233,-2.630952448831363,1.845569802386643,21.64123153686523,1
198.2454246750383,-1.9325606552170924,1.1384187402199164,22.065221786499023,1
199.08274360827104,-3.097035529776178,1.8959866124521645,19.972423553466797,1
198.18452839014893,-2.4106356407591933,1.764778615563016,22.42915153503418,1
197.17289946346887,-3.113571799490883,1.8070689449414703,23.227876663208008,1
198.46060079706675,-1.640319188173826,1.3671618112561608,22.006946563720703,1
197.6726440238871,-2.531946202117025,1.53708895605483,22.86832618713379,1
197.7844997667292,-3.467492231532358,1.6480048479663263,22.76371955871582,1
197.4457450229692,-2.671214862229152,1.6502468105264254,20.835105895996097,1
197.34775266596372,-3.242364522039033,1.873015438504832,19.28156280517578,1
198.7578358586773,-2.726142263497472,1.7999072728070649,21.03635025024414,1
197.77608035798448,-2.9271913676841264,1.5644694275141928,21.953577041625977,1
198.50487671179795,-3.2285684316770493,1.3035074252248977,18.10904884338379,1
198.9652510719428,-2.706977237089789,1.890130894032604,22.280620574951172,1
198.449073917378,-1.8230873696498964,1.9747902643253528,20.30691909790039,1
198.2627326463441,-2.2095020226752125,1.1433717191419523,20.34873390197754,1
197.41703184358497,-3.164693059617878,1.9763915590187553,21.316875457763672,1
198.0913062426273,-2.4235486117312197,1.84091968822631,20.28397750854492,1
197.39262074232423,-2.463095313674318,1.6880379878057326,22.118701934814453,1
198.01848924734608,-3.340953679858512,1.6089584212851695,21.410350799560547,1
197.21145403981177,-2.499816498957597,1.6577253179974625,22.53056907653809,1
199.18977057437377,-2.631140827842474,1.9097961979342877,22.434938430786133,1
197.6704666208134,-2.227115184360627,1.7747166859893564,19.65896987915039,1
197.35640629047967,-3.045663423413675,1.5035323317485343,21.38709259033203,1
199.0033062060092,-2.3056026113337085,1.2695265230030002,19.277833938598633,1
198.3398003577586,-3.6090482729408904,1.6965327981385818,21.62320899963379,1
199.06173962709352,-2.611767410976432,1.9222962024837325,21.624286651611328,1
197.82064665085372,-2.810994658331,1.6099381656488625,19.896751403808594,1
198.67907893267244,-3.336852858343933,1.1120160527307237,20.90915298461914,1
198.39850375890288,-1.677543423028531,1.6448563564687926,21.784637451171875,1
197.50847952597343,-2.748817358038634,1.7564286509970597,21.188234329223633,1
198.82049008638708,-2.013020957523482,1.0706869316293457,20.628341674804688,1
197.70054343748913,-3.1292856827539786,1.982343766338181,21.44692039489746,1
197.34775266596372,-3.242364522039033,1.8722292884751688,19.28156280517578,1
197.1757568510608,-2.97223720599019,1.891393803524204,19.03459358215332,1
197.58714275533683,-2.1847526839807205,1.9158291460166603,21.492820739746097,1
198.600441290882,-1.824207705341529,1.9979064360389065,22.89771270751953,1
198.77657684818428,-3.003918519265693,1.5047519471944748,20.983623504638672,1
198.03339401404855,-1.9499173129089664,1.7260517318236686,21.82723045349121,1
198.00802392085913,-1.843912186253975,1.123007237485549,22.494020462036133,1
197.73798290924935,-2.6062872597182323,1.5017557871436351,22.90725898742676,1
198.74763205890508,-2.11197261667669,1.0837302447511004,22.17404556274414,1
198.3514538645064,-2.290885317872296,1.7042381133597253,21.314821243286133,1
198.93843136505757,-2.387573514203124,1.9249555200313535,22.87755012512207,1
199.08274360827104,-3.097035529776178,1.895917300340516,19.972423553466797,1
197.6704666208134,-2.227115184360627,1.7753180374211892,19.65896987915039,1
198.82053792614428,-2.613272469160973,1.6797468426807696,20.725120544433594,1
198.0560118886195,-2.6681634578864957,1.406275552390284,21.340248107910156,1
198.61740601211395,-3.5832937013647483,1.89944722650983,22.920101165771484,1
197.9028590668247,-2.169893594756815,1.2342358631078811,19.678485870361328,1
197.09507430303,-2.90373108816614,1.1834578074880813,19.69023323059082,1
198.382469885068,-3.6600614228188246,1.307685277018385,22.09269905090332,1
197.93260781139116,-2.2080194875245547,1.1796087967306963,21.325620651245117,1
197.3683886989749,-3.1532398398858135,1.5061525016128487,22.457836151123047,1
197.52048896213267,-3.2582289870403884,1.6441732229395811,20.5914249420166,1
198.4547600851056,-3.520411012746393,1.1018076393580576,21.53690719604492,1
197.9531832802376,-3.554272562179296,1.3458746996577904,22.10633659362793,1
198.9629389102108,-2.842002420418888,1.9510317276062,21.45937728881836,1
197.63586354137732,-3.2726022814939832,1.5076314579029435,21.27915382385254,1
198.17397154232447,-3.039281137326506,1.5304586723510865,22.26399040222168,1
197.41653148379385,-2.1087458796739385,1.8204933494289397,22.126802444458008,1
198.97531736120405,-2.1175352668204095,1.7543243967357856,21.159107208251953,1
198.6483526295929,-3.5845475508927644,1.316886608548648,21.44093132019043,1
198.29662465131344,-3.509586241912245,1.7616477241359445,21.63227081298828,1
199.07430023128603,-2.3157307465639314,1.7559389612156682,20.73189353942871,1
198.52568237278277,-2.0095269800424096,1.1437710469512796,19.23913955688477,1
197.86420142898024,-2.724576405421519,1.9364160328796916,21.442941665649418,1
198.7728718306508,-1.9693764381032657,1.374414853091355,22.137950897216797,1
198.99317001351588,-2.6673479391354418,1.0985142368062155,21.2677001953125,1
198.16330016704575,-1.6690782080997857,1.506733586921612,21.449806213378903,1
198.83271093257488,-3.1538705928893784,1.2968518900910366,20.639892578125,1
197.5190733772189,-2.5819264779583593,1.6468785696927786,20.44473648071289,1
198.09491243517832,-1.7922242931036267,1.0768607023658316,21.374116897583008,1
197.2946293637395,-2.995769058543794,1.507865561184562,23.018871307373047,1
198.3746378908251,-3.184715761235094,1.826287982603049,23.429203033447266,1
197.64773151624792,-2.700576246984596,1.486447759473153,21.842609405517575,1
197.87378290774703,-3.760718693811986,1.3231948771510855,21.928638458251953,1
198.04824536546056,-3.0231740377446807,1.2588871169642852,21.84437370300293,1
198.74180007598045,-2.498357964460557,1.130698836733628,21.638282775878903,1
197.610494848266,-2.837015911515836,1.2326440743405098,22.25603485107422,1
198.2679224209801,-3.7023338756039417,1.4069783929306108,22.012928009033203,1
198.07894084967643,-3.6328057826238,1.6183279414381757,21.150407791137695,1
198.2667666834717,-2.156903287015217,1.8766001205361689,22.4787540435791,1
197.68186152560617,-3.0447558704606084,1.4462321622461591,21.235097885131836,1
197.25511754466663,-2.472695858500018,1.5296705968768252,20.315214157104492,1
198.2085972904984,-3.3655717153541014,1.7280112600366409,23.0698299407959,1
198.5966758115839,-2.2923049895652854,1.5729197330514992,19.489421844482425,1
198.25077289055824,-3.817840550666356,1.6624317833867035,21.960296630859375,1
199.2382610109134,-2.447608560797285,1.6945692284982306,21.85271644592285,1
198.87399861470615,-2.540977881460885,1.7745612647880795,22.752883911132812,1
198.9160761214596,-2.930545220506537,1.0743344568863242,21.12284469604492,1
197.46864038178097,-1.8338910474697752,1.596545812546379,22.83814811706543,1
199.0033062060092,-2.3056026113337085,1.269235273364909,19.277833938598633,1
197.82256418782168,-3.772300372651787,1.4222727761917084,20.57452392578125,1
198.9652510719428,-2.706977237089789,1.8923256123493024,22.280620574951172,1
197.73136459392873,-2.103860400574718,1.912198151668577,22.776123046875,1
197.90129046846303,-2.2086711211020655,1.531609853862716,20.837890625,1
197.31112140373625,-2.7053234043343335,1.6911841747893115,22.192211151123047,1
198.5899722475117,-3.3462764068238267,1.5240486208084028,22.534631729125977,1
198.9894680421308,-3.375406936053305,1.7804709616933758,22.94689559936523,1
198.61435062578977,-2.482441203136576,1.0459487805787058,20.866884231567383,1
198.24445158343912,-3.125419293725169,1.181617605028484,22.490705490112305,1
198.600441290882,-1.824207705341529,1.9961354863609104,22.89771270751953,1
197.96101638539537,-2.506915302918124,1.6597006886978354,21.994815826416016,1
197.86420142898024,-2.724576405421519,1.9368088019517848,21.442941665649418,1
199.03001611221748,-2.846956086593913,1.8299668351044671,22.955366134643555,1
197.8134194692233,-2.630952448831363,1.8497255930530203,21.64123153686523,1
197.35935273973,-2.9261500588458684,1.7622626184224153,22.65662002563477,1
197.90129046846303,-2.2086711211020655,1.5292250295433745,20.837890625,1
197.45892634236012,-2.330651167970802,1.12439293187173,21.754314422607425,1
198.7407707162248,-2.3212791141201503,1.1291939389133667,19.52617645263672,1
198.87010173811456,-2.7130498118890753,1.7643363778549872,21.632726669311523,1
198.01187286419747,-1.6756638528787668,1.4492944908509615,21.25579071044922,1
198.12333657761604,-3.8056246141108665,1.404753920028036,20.962310791015625,1
198.10140646334895,-3.3210335873883396,1.4334039294414174,20.505895614624023,1
198.23054966880576,-3.008145675921719,1.5264071375717598,21.168407440185547,1
198.7973961521525,-3.2660729360332637,1.6149326729582134,21.668437957763672,1
199.0929358472785,-2.620158260560467,1.912810696297128,21.253253936767575,1
198.6803675840311,-2.6657813658599565,1.760899471894299,21.145179748535156,1
199.06886157008717,-3.324842963031694,1.5659469200001248,21.52509307861328,1
198.64794508295316,-3.50996354686992,1.8978664553376936,18.16168975830078,1
197.68851073055413,-1.834604364527013,1.1880010818936393,22.054065704345703,1
199.2280835384542,-2.6457932450758013,1.9209817461217904,22.362049102783203,1
198.33727474825992,-3.7591865173987262,1.7877767615249944,20.98910140991211,1
197.38363623778153,-2.756044211779714,1.6849038447971634,21.41357421875,1
198.85126161701493,-1.935619003161277,1.1153092603425778,21.44745826721191,1
197.56554447894223,-2.769436670860342,1.8672008176960384,20.645082473754883,1
198.5836344646354,-3.4868292694391543,1.706272891172414,22.244739532470703,1
198.67066741783003,-3.5160884675233977,1.278484505709572,21.99899101257324,1
198.93843136505757,-2.387573514203124,1.9198480159028264,22.87755012512207,1
197.60504444180037,-2.460750841925763,1.7724621776694554,23.663156509399418,1
198.9943523919088,-3.3386192301517332,1.0548899027777203,21.24913024902344,1
198.74905590950345,-3.48431756647743,1.805809210892906,21.029117584228516,1
198.6876996669267,-2.2587981632484975,1.135236380463463,21.14505195617676,1
198.6514101780449,-3.470189325692632,1.468670759522358,22.148496627807617,1
197.24476470324208,-3.153352591545564,1.2282436160581414,20.361957550048828,1
198.0560118886195,-2.6681634578864957,1.406728346291073,21.340248107910156,1
199.18096760803607,-3.026284149885849,1.269618551127707,22.43928337097168,1
198.6468122965562,-2.476982071447156,1.056378277451825,19.476247787475582,1
197.9028590668247,-2.169893594756815,1.2340497400564048,19.678485870361328,1
197.61707818181705,-2.0086243795300525,1.9012767323437745,22.339637756347656,1
197.5399771269743,-2.5444319092143353,1.915944905592192,23.334043502807617,1
198.83480375811672,-2.783355899201428,1.7466390178048443,22.23473739624023,1
198.1687336232255,-1.650267946015095,1.1719818290518178,21.421489715576172,1
198.98568320136576,-3.4248181697689,1.6359649628221726,20.09478187561035,1
197.9547834897432,-3.091843292251693,1.6928449750686958,21.865901947021484,1
198.5413763601856,-2.280522811570407,1.0883631041978492,21.681255340576172,1
198.28464341079248,-2.724213253536513,1.1879444630990792,20.931787490844727,1
197.5942001357996,-2.32615769103901,1.0106010478167622,21.935171127319336,1
198.5718726646603,-1.9827546349674428,1.1502021915730112,22.134010314941406,1
197.9848282324952,-2.304487689666079,1.192503643206901,21.320968627929688,1
198.9487081944544,-3.2793574795634086,1.2188487358269804,22.23175621032715,1
197.86960516310995,-3.145266886558889,1.131501744209664,19.012840270996097,1
198.28273677149457,-2.3453091397384083,1.9049454192605024,21.24526023864746,1
198.9536512072781,-3.2434523045276142,1.9808985840354616,21.239728927612305,1
198.1890286979373,-2.0772056405434567,1.5090435005371017,22.31089210510254,1
199.0777371542195,-2.41516223058685,1.2047008874659573,19.873340606689453,1
199.06173962709352,-2.611767410976432,1.9233046598904309,21.624286651611328,1
198.61907724471095,-2.014739919750982,1.3728227255782717,21.929508209228516,1
197.5471490673161,-3.3037469296457487,1.186754216568516,20.057647705078125,1
197.70054343748913,-3.1292856827539786,1.984249442276221,21.44692039489746,1
197.8470465670932,-3.3071686338151576,1.7927005326478456,21.049524307250977,1
199.00398736842584,-2.9562322599386497,1.802031738344006,21.16005516052246,1
197.24476470324208,-3.153352591545564,1.229115385253482,20.361957550048828,1
198.15659290511192,-1.9446701679544147,1.0756525465026607,20.781763076782227,1
199.13723556968137,-2.13567349180703,1.0366128652546018,21.35604476928711,1
197.90988520914703,-2.0597979746658215,1.7598751617725403,22.184064865112305,1
198.8767933543269,-2.694505554270674,1.854410777371941,22.546772003173828,1
197.931264994656,-2.9708980811220824,1.703532393634826,19.81129264831543,1
198.45360257348185,-3.4836705391975924,1.4355427317797784,21.362730026245117,1
198.24703916679337,-1.645061059094641,1.742873397503507,22.87464904785156,1
198.83271093257488,-3.1538705928893784,1.296632916885706,20.639892578125,1
197.31112140373625,-2.7053234043343335,1.686904467714168,22.192211151123047,1
198.88572093223036,-1.955026477565308,1.81907944265436,22.878326416015625,1
197.87378290774703,-3.760718693811986,1.3154214837147329,21.928638458251953,1
198.89387107275476,-3.3734973348965913,1.5477788269425314,21.790912628173828,1
198.82053792614428,-2.613272469160973,1.6795232213789228,20.725120544433594,1
198.6195409815382,-2.194418749444348,1.217146028763178,21.46678352355957,1
197.59515434549877,-2.6298383647882373,1.124858462576622,19.0064697265625,1
197.8470465670932,-3.3071686338151576,1.7929377789217182,21.049524307250977,1
198.67086089017243,-3.017323790889144,1.210228979729617,21.36298561096191,1
197.5399771269743,-2.5444319092143353,1.9105885743311364,23.334043502807617,1
197.5942001357996,-2.32615769103901,1.0108330487971993,21.935171127319336,1
198.6876996669267,-2.2587981632484975,1.1355087295502055,21.14505195617676,1
197.647118759717,-2.4015891065574415,1.3508904715054917,21.865123748779297,1
198.69208862382192,-3.323586293804457,1.272192485076333,19.604572296142575,1
197.7860340020952,-2.7355722622484375,1.642501378565093,21.851985931396484,1
198.67907893267244,-3.336852858343933,1.1121109150798258,20.90915298461914,1
198.0086277470203,-1.872237396937724,1.0800387473985975,18.604549407958984,1
198.1259351018523,-2.937495005679768,1.2601319844912384,20.39904022216797,1
197.5409604437661,-2.4368207991726396,1.1870691247028624,22.67491912841797,1
197.4712481025693,-2.8973926956679263,1.4796657732085514,20.681880950927734,1
198.74734984617297,-3.0436408979505285,1.769229624734645,22.650056838989254,1
197.6321198206072,-2.257972712360993,1.5501399273621157,21.416276931762695,1
199.19934617146276,-2.2886608404056457,1.864776279095872,22.525545120239254,1
197.30829233484067,-2.946627426686943,1.9019854048995977,21.86129570007324,1
198.65685958011312,-1.783805421640675,0.9293073487106795,21.08017921447754,1
198.3248812164425,-2.01733466398525,2.0713085746844833,23.254152297973633,1
198.413073796209,-3.0913461787729286,2.2292300344393827,21.815242767333984,1
198.76391243525484,-3.6324532749207616,0.9307588464147618,21.403139114379883,1
197.09633673198243,-2.4860406334213274,0.936217456012698,21.43925666809082,1
197.38363623778153,-2.756044211779714,1.6846833744245615,21.41357421875,1
198.5314511496708,-3.69989029109453,2.429166101030548,21.76793670654297,1
198.7099448760061,-3.4372847223479774,1.4899139943304909,19.918167114257812,1
198.33029028232636,-2.8294551178525773,2.7461342173437893,20.839265823364254,1
199.23022158482368,-2.6677549442755852,0.479040514828832,20.378643035888672,1
197.64532656680237,-2.4304239743476828,2.829660443992677,22.022850036621097,1
199.05170776121415,-3.1068969776749937,2.494305273932309,20.508647918701172,1
197.59104482310065,-2.9836334660141977,3.0483030531055473,20.816308975219727,1
197.61419463104977,-2.8555365577294753,2.3841399630478,23.00052070617676,1
197.27884660866985,-2.487921797287428,0.832331440176251,17.19467544555664,1
197.7605859034394,-2.944225919491414,0.935760580372658,19.6226806640625,1
197.830412837074,-2.7389417878101505,2.8743203126994556,20.97641372680664,1
198.37608349176352,-2.4961115124284063,0.9696086450713288,20.880638122558594,1
198.74293827007972,-2.895302327297186,2.9002440129103864,22.294967651367188,1
197.30044571231048,-2.4847289895802644,0.8693809158271055,19.783771514892575,1
198.26782977002117,-3.0473451577753514,0.4945913895060559,20.461591720581055,1
197.18953447382475,-2.8904641430036424,2.5723530321166033,22.391639709472656,1
198.71719765941432,-1.850856305545927,1.4419201183630408,21.47347640991211,1
198.27972349949744,-3.321251563218325,1.348523015365238,21.414260864257812,1
198.1874260914419,-1.8068050122859052,3.268862022197826,21.07958221435547,1
198.28049144475537,-2.4184461622556706,2.551511140893124,23.293943405151367,1
198.7113219993724,-2.9695457011143533,0.3138392048641354,19.091157913208008,1
198.0624077123065,-3.76356153048848,1.894594297085887,20.25339126586914,1
197.6819592595192,-3.120164654262451,1.8038588479130169,20.19050407409668,1
197.40663600918384,-3.272135497203061,1.5964594808993968,22.222610473632812,1
198.55049117745017,-2.448627717953454,1.4564497006121049,21.29340362548828,1
197.5754254981694,-2.6782688866549953,1.6786622994057996,22.38799476623535,1
197.5545073783011,-3.428920267665002,2.5865474641159913,22.26225471496582,1
198.243033650594,-2.658689476110741,2.391923630138519,22.90886688232422,1
198.0308958497842,-3.282023679493088,3.259002706926424,21.85363388061523,1
198.56229554426827,-3.5386163580095,3.073030116305876,20.993833541870117,1
197.7411851210927,-2.3004220316920634,3.4085222567737423,22.664566040039062,1
197.16943140790517,-2.745672596949065,2.1358135770402265,21.952621459960938,1
198.7710655360728,-2.9866655295262143,1.5047582587274957,22.056819915771484,1
198.3188480126124,-2.577642729929991,1.3743733224484471,22.441631317138672,1
197.84815458746897,-1.7931974422974266,1.339643819446616,21.103307723999023,1
197.65479027602916,-1.783193035260993,0.5375471673069121,20.28682327270508,1
198.9255909741321,-2.6865676807139245,2.0884442413545288,21.905057907104492,1
198.9312804626681,-2.6413677813854344,0.5134973424706383,20.04569625854492,1
197.95182362859785,-2.9233504425062424,1.3130353829281227,20.915821075439453,1
197.3704647444872,-3.110482814087777,1.8020236887550265,20.09435653686523,1
198.0375450995292,-1.7411182981091164,2.2039498595823717,23.3685302734375,1
197.35293010089572,-3.2843136915198676,2.8558216159703926,23.519596099853516,1
198.6967999013325,-3.538702581305501,1.1945026378474577,20.711851119995117,1
197.4573654748931,-2.0166711298098754,1.7399576877312763,20.179365158081055,1
199.1041080549075,-3.335170034851931,0.932968455647034,20.515270233154297,1
198.01848924734608,-3.340953679858512,1.614233895794513,21.410350799560547,1
197.6294595753108,-3.6558101673819863,0.4224202464034062,21.27147102355957,1
198.2658263120487,-2.2340813994769197,1.171428295922998,21.21113014221191,1
199.2150326109956,-2.7553379026002083,2.0292590487797835,20.90392303466797,1
197.28607959253037,-2.285481989271186,2.574999533883042,22.83057975769043,1
197.22952366944688,-2.7502839101444425,1.1727330083467624,21.26249313354492,1
197.4256440284229,-2.447887388093733,2.5744573022963513,18.9849853515625,1
198.99828592876145,-3.036683993176444,1.1523118260956875,20.150100708007812,1
199.24851126454143,-2.7725556577413473,3.9629323286956017,20.801916122436523,1
197.72692393194575,-2.9375796699819787,0.8164048003861639,20.685489654541016,1
197.86732740614536,-3.3060551684731805,1.6274058013803887,22.17495346069336,1
197.86080173172996,-2.938445785518107,1.6800194451589383,22.11094093322754,1
198.21582331864968,-2.7937691261202695,0.8715611133197225,18.72474670410156,1
198.29572828913305,-2.938259593375196,2.57351045247798,23.54999542236328,1
198.4323582461298,-2.932790147875724,3.143606115700171,21.67792701721191,1
198.40438501713953,-2.6481026601844837,2.979356106385261,21.282264709472656,1
197.7542534003341,-2.3591598381013266,2.7474629668210335,22.264938354492188,1
197.94093358710464,-2.8705854439353287,1.6968220285248834,22.26380157470703,1
198.1884079699335,-1.9106238426882076,0.708643119963445,19.883377075195312,1
198.33727474825992,-3.7591865173987262,1.7881503821471396,20.98910140991211,1
197.65643959225156,-2.222588943872396,1.9265790265376352,22.60594940185547,1
198.8055668780173,-2.580805175484164,1.7629054229881571,22.336498260498047,1
197.5182151780466,-1.826267784381496,2.754760048842081,22.328773498535156,1
198.56514239484855,-3.250646589177829,1.9515892032646147,20.72750663757324,1
198.7106619448635,-3.32782500223979,1.2692427071364352,19.59368324279785,1
198.83211586601183,-3.176352087347424,2.4744859998163653,23.257741928100582,1
197.85868804271377,-3.723051617311266,1.6090196724543553,21.480697631835938,1
197.86897498031607,-2.721204311876198,0.2158827410502691,18.46994400024414,1
199.03486478347415,-3.1849730068795146,2.99295102215682,20.206851959228516,1
198.48568269919227,-2.467978046440143,1.3410848828648767,20.890623092651367,1
198.6389246061777,-2.3533471701793025,1.9023385231383352,21.023662567138672,1
198.23711151714295,-3.5207324514777634,2.386846518190126,22.869842529296875,1
197.7938468450432,-2.8104901860188365,0.8182218996646671,22.461366653442383,1
197.66241559531383,-3.3599902257236955,1.594803568237553,19.685810089111328,1
198.61364870934185,-3.4034854534442074,2.0601134822116864,21.50196075439453,1
198.69506449153852,-3.2700252541989596,2.169299836430949,22.34606170654297,1
198.56229554426827,-3.5386163580095,3.0730505935774395,20.993833541870117,1
197.5131802290875,-2.078810220878883,2.4905010902416955,20.636474609375,1
199.23117345134153,-2.753098025558228,2.1879411549284256,23.03725242614746,1
197.5190733772189,-2.5819264779583593,1.6477715034330422,20.44473648071289,1
197.25653624164065,-3.204462578856831,1.5825369510647724,22.346050262451172,1
198.60876498802415,-2.11791883263254,1.4280947931582588,22.96312713623047,1
198.5314511496708,-3.69989029109453,2.4290721218039413,21.76793670654297,1
198.94489889609147,-2.545321087386386,1.6806546711989931,20.93198585510254,1
198.87668776429487,-3.228262350317004,1.6037610189209677,19.969005584716797,1
198.19130873757675,-1.9750472743073808,3.02071851105517,20.849782943725582,1
198.71165137089736,-2.0531457722615567,2.2838513821966497,22.57416534423828,1
198.92785643368987,-2.0254267302811413,0.4861347430950701,22.92479133605957,1
198.98162089078252,-1.9728552657288143,1.137247056227045,21.248308181762695,1
199.18964000000005,-2.8965802,0.5737463235855103,21.074451446533203,1
198.399944027039,-3.464645648908219,0.2651650564418183,19.992610931396484,1
198.3517946444167,-1.7599687358484386,2.3999794468452884,23.278528213500977,1
198.2881119277139,-3.454342060658224,2.2182796941438583,19.93602752685547,1
197.77825514088096,-1.674588173048685,2.0199210357963593,20.863466262817383,1
199.16912458002395,-2.564957853421416,3.1607753392246836,20.732444763183594,1
197.70939974015644,-1.702205371071318,2.0678595626812153,23.009782791137695,1
199.03751310214383,-3.416064217521596,1.255608130995709,22.581762313842773,1
197.70558007045096,-2.579833104437262,2.6722871184114956,20.133453369140625,1
197.94748826397577,-3.161148861420349,0.9352186242888136,21.016101837158203,1
198.1415146431981,-1.8010614122062942,0.7822636704828251,19.996349334716797,1
197.27884660866985,-2.487921797287428,0.8322649066075828,17.19467544555664,1
197.70883284644103,-2.982454480344436,0.954396259070916,21.47861099243164,1
198.87000251486137,-2.8798606697539486,2.8141816545670397,23.2845401763916,1
198.53916462304088,-3.4151655480750525,3.3977681122953376,20.191816329956055,1
197.14962464650912,-2.310669496387268,2.573982579039485,21.9771785736084,1
198.6428309664646,-1.8249395823765415,2.470704899824963,22.612642288208008,1
199.09588920711556,-2.268930927043291,0.9485134714263818,21.749799728393555,1
198.88572093223036,-1.955026477565308,1.8262909686231532,22.878326416015625,1
198.22383406613068,-2.982547847526586,2.135533645538625,21.433414459228516,1
198.14598224745217,-3.5487654804756428,1.3523916369538915,22.78167152404785,1
198.71443717562707,-3.5824314069562844,2.1425986253745406,22.52118873596191,1
197.25734116777377,-2.791224074431995,2.05843797791104,23.031755447387695,1
198.97531736120405,-2.1175352668204095,1.7563982495050867,21.159107208251953,1
199.11853746840927,-2.585474363283641,2.0805263089797013,22.625755310058594,1
197.6059042119587,-2.597384802633491,0.8315118548500269,22.54425048828125,1
198.22103803125032,-2.0619120399870425,1.2053035910836725,21.350021362304688,1
198.18352600915497,-1.6050332001890055,1.3752128308878728,21.43331527709961,1
199.12973712858985,-2.190074547829852,2.999041293410388,23.242996215820312,1
197.73661833767815,-1.850964912199346,3.412692405885107,22.554351806640625,1
199.20409344222136,-2.847327682386976,2.4634238067944705,21.59069061279297,1
198.67510251317685,-2.403019118529998,2.3144918512846777,21.3126163482666,1
198.8055668780173,-2.580805175484164,1.764770133370506,22.336498260498047,1
198.42384473034463,-2.62797612885579,0.2797640102515212,18.69851303100586,1
198.7568731245455,-3.1891333150082404,2.450955454288669,21.461984634399418,1
198.3031560084313,-2.2044755219765633,1.6060906825787329,19.91777801513672,1
197.52255930774623,-3.4056965399165566,1.9047600168662249,21.111309051513672,1
198.6354970778124,-3.1338030868405764,1.7965820301054154,20.898988723754883,1
197.4075463585857,-2.9890277928208135,2.35868645073114,21.27853202819824,1
197.5906850275778,-2.0831423818577584,0.8207801775058855,21.76253890991211,1
198.53732602167483,-2.3515393637899025,1.0870309836032443,20.466392517089844,1
197.7605859034394,-2.944225919491414,0.935526981507128,19.6226806640625,1
198.88194059474625,-3.423580536866087,2.7042395986996937,18.837987899780273,1
198.15264317613017,-3.446061633934361,0.1864493488118041,17.116464614868164,1
198.10138828773785,-3.548789693506366,1.3478168142883524,19.951492309570312,1
198.22383406613068,-2.982547847526586,2.134575095366027,21.433414459228516,1
197.75940333805812,-2.1646796409862454,0.4060919157842025,20.043317794799805,1
197.6359423854884,-2.597224672220463,0.8356307947941133,22.387521743774418,1
198.93426938803017,-3.038289434063741,2.1408978493988937,21.81335067749023,1
197.456931813409,-3.3358465197895746,1.2593862250807275,19.3494873046875,1
197.64526,-3.3030272,3.220801830291748,20.452707290649418,1
198.1146977193852,-3.159480190970171,1.3329065970958325,22.600078582763672,1
198.62597746242753,-2.5992127237935314,0.93348341169146,22.534141540527344,1
198.01841712752673,-3.797164614607424,2.1008548285021744,20.85354995727539,1
197.37308447061324,-2.0385307303032176,2.6237082087196706,21.55880355834961,1
197.57466726817975,-2.383179506090457,2.1760217038247816,19.9091796875,1
198.07894084967643,-3.6328057826238,1.6187284763021312,21.150407791137695,1
198.75828928452356,-2.4606309996175892,1.6542203004375895,21.44982147216797,1
198.191221119348,-2.5678508161460005,1.15195432324242,21.803342819213867,1
198.3351974754098,-2.971787588730426,2.17658138266183,22.60491180419922,1
197.3982974437293,-3.2422259940659357,1.9898645127542016,21.959453582763672,1
198.7728718306508,-1.9693764381032657,1.3740731240133406,22.137950897216797,1
198.5451236290562,-2.6050884099056977,2.4922854873616664,21.505098342895508,1
197.94853516313373,-1.8749336421101297,1.6206890884925846,22.891096115112305,1
197.68689937453755,-2.3696201980946787,2.3720268359956393,21.004549026489254,1
197.49031776710476,-2.1317007242027546,2.1676558399414776,23.6136417388916,1
199.20219365751905,-2.3414709696099223,1.5079225452874718,22.32261848449707,1
197.99024540891935,-2.500369279544009,1.392980922788936,21.747953414916992,1
197.1526011147032,-2.492210033072479,1.6568472638680607,21.76169776916504,1
198.78234629231395,-3.512950473156075,1.3998604587767975,19.216440200805664,1
197.58337370145185,-2.9343915642045952,2.775192550966191,19.959428787231445,1
198.67719,-3.1487114,3.035006046295166,22.00362777709961,1
198.23508375693447,-3.5192193574687587,2.4647998165848346,19.68460273742676,1
198.53916462304088,-3.4151655480750525,3.3977267701836076,20.191816329956055,1
197.2897970641586,-2.346444157514304,1.2236014562515285,21.007049560546875,1
198.63498837069184,-3.140314858670659,2.143917233537509,22.117475509643555,1
197.55854996118563,-3.123323522693429,2.363980333840214,22.797677993774418,1
198.2135193951611,-2.230901477682555,1.6867268351185734,23.18314552307129,1
199.06301546197955,-2.2691021385045547,0.843940780160768,21.83285903930664,1
197.4724456494259,-1.9510827781754767,2.022697889413462,22.332334518432617,1
197.5751733900493,-2.7499623414413237,2.5561854509202515,21.33143615722656,1
197.53654670739144,-2.6999807344491167,2.621315401853917,19.90154457092285,1
198.09935663105904,-3.0849854386775144,2.8358128694949496,21.908119201660156,1
198.86801604566415,-2.719675834598103,2.863340931319953,21.715896606445312,1
197.7685582515492,-2.1521795792070835,0.7064139565242087,21.30411720275879,1
197.17797338892683,-2.4587201931263394,2.3667321952522267,20.906455993652344,1
198.67086089017243,-3.017323790889144,1.2102493665928116,21.36298561096191,1
198.74180007598045,-2.498357964460557,1.1307423173401248,21.638282775878903,1
198.11683902118736,-3.3857922898138164,2.1950364472758013,18.614173889160156,1
197.73171139004555,-2.8576112710928956,2.6683193862253627,22.736696243286133,1
198.34184849596167,-2.540971039845687,2.480651995669476,20.22479248046875,1
197.73197089826172,-2.0352431698380364,1.7267908760339077,21.08830451965332,1
197.26268212382672,-2.5085071090727813,2.447084915453084,23.562416076660156,1
198.0345485516278,-2.414809159873145,2.0362612586714546,21.801830291748047,1
198.42602632158113,-2.295261412700439,3.041492966898852,18.95253562927246,1
198.62334420168145,-2.7006500169063443,0.429651839892288,20.110532760620117,1
197.7553376057308,-3.553949010560948,0.8417502637660778,18.79572105407715,1
199.0439882327793,-3.1457442706230636,2.958650983558095,21.527896881103516,1
198.39171221899508,-3.700632433136403,1.1220987780857543,21.860454559326172,1
198.6518518733756,-3.668348780779014,1.3494595430110643,20.62056350708008,1
198.61650771310076,-2.8723469912445743,0.4217409376510465,19.34764862060547,1
198.24292363618673,-2.023859865749162,1.1348617164243164,20.476707458496097,1
198.36447032812,-2.542470446910124,0.1747296270226044,17.24142074584961,1
198.1117691164554,-2.1567527888676494,2.010300279132731,23.02273178100586,1
198.0375450995292,-1.7411182981091164,2.2014337117473217,23.3685302734375,1
198.0662539125707,-1.6807411751739083,2.7762447690020977,20.728715896606445,1
197.90988520914703,-2.0597979746658215,1.7626805359622446,22.184064865112305,1
198.39098860016293,-2.7452677771334493,0.9720585156971864,20.91917610168457,1
197.55981782442,-2.9531652543003646,0.935621724268764,21.31945419311523,1
198.19990942045635,-2.9487228503874943,1.999949152057777,22.907047271728516,1
198.05939137649844,-3.4029970264021534,2.592260678042098,20.941368103027344,1
198.61754854404023,-2.6674131728248542,2.286792261148983,18.998857498168945,1
198.11683902118736,-3.3857922898138164,2.194075706028832,18.614173889160156,1
197.37308447061324,-2.0385307303032176,2.623040509665728,21.55880355834961,1
198.8113924293914,-1.940217199130346,2.6145664308895125,21.604434967041016,1
198.06534256673825,-2.1365386510388253,1.017209243316361,21.758808135986328,1
197.55854996118563,-3.123323522693429,2.3624902213903485,22.797677993774418,1
199.15885427427455,-2.824110266647278,2.8489816225318156,22.56761360168457,1
198.68809,-2.5345123,0.7774841785430908,19.89983558654785,1
198.67066741783003,-3.5160884675233977,1.2784424527578226,21.99899101257324,1
198.9319664888691,-2.869511490345278,0.7163937185444995,20.491382598876953,1
197.56554447894223,-2.769436670860342,1.8691259623633616,20.645082473754883,1
198.96611743122267,-2.8471951050718864,1.112616269118073,20.84413146972656,1
198.048213936386,-2.078331676063929,2.2371693247316347,22.50770568847656,1
198.1505948288805,-1.6207895981813103,1.8986182366559707,22.133516311645508,1
198.3408519168813,-2.3677829533056647,0.916633698149296,20.334373474121097,1
198.77039987362627,-2.3935316042892687,1.6808637911213138,21.05158805847168,1
198.88591402001165,-2.607660715321941,0.755775658615794,22.21211814880371,1
198.04714718300332,-1.6624853798296946,1.612654963769895,19.379846572875977,1
197.5982658750247,-2.8674597269260396,2.179880986654763,21.120777130126953,1
198.979064422253,-3.465433919245335,2.2050656395903476,22.04425621032715,1
199.20423405454244,-3.0792068371414945,0.6513856878272535,19.370248794555664,1
198.1030636817969,-1.970919922735198,0.8857458196629552,21.91583251953125,1
197.55070572234987,-3.0136795416868862,1.952198904889212,21.862754821777344,1
197.424792775816,-2.3993213607412036,2.6752962385855295,19.378746032714844,1
198.5050539941572,-2.620857032498721,0.1461802242883685,16.612165451049805,1
197.8472032322127,-3.235867681656681,1.6806259562391348,21.12958335876465,1
198.76632736278728,-2.9137318458816384,2.0860019105405496,20.04364776611328,1
197.4455305296499,-2.113548099045613,2.4902613130272258,21.558584213256836,1
197.10384859665317,-2.391572792913496,1.7545069653155818,22.843860626220703,1
198.28641057042017,-2.8220038503384695,0.474029677883126,20.788829803466797,1
198.83479294917095,-3.4986025739975277,1.6653349360324974,23.4621524810791,1
199.11167284416808,-2.66683384830843,4.500366444132173,22.0743408203125,1
198.28273677149457,-2.3453091397384083,1.9048187579058844,21.24526023864746,1
198.5119876781911,-3.656119655439273,0.3862708852882804,19.710983276367188,1
198.82498994872327,-1.972193814989846,1.8894814376363271,21.88550567626953,1
197.97539000940836,-2.2017847081112105,1.5385163941614928,21.07168960571289,1
199.0518228682085,-3.228681264373374,1.2864942475494066,20.87311363220215,1
197.50816818983736,-3.1217523950631425,2.836913065141155,21.168930053710938,1
198.92615595425156,-1.9566287071968975,1.133797197654626,20.386489868164062,1
198.48770785870943,-2.496673051861295,1.321864223123333,22.031583786010746,1
197.86960516310995,-3.145266886558889,1.1311302202006672,19.012840270996097,1
197.42942530151583,-3.495505534040648,1.6950275955868326,21.51723289489746,1
197.33183502392168,-2.5090446843579643,1.1066587549790146,21.819345474243164,1
198.14055120945667,-1.8773985992831357,0.9049851030873326,21.50063705444336,1
198.8472763695707,-3.2106363821512343,2.284593958994594,23.59317398071289,1
198.1579910711952,-2.5681271468501987,1.5047570489190696,21.403554916381836,1
198.21730150111588,-3.7804737593964446,2.091005557089166,22.07612419128418,1
198.94580162329652,-2.36636024069033,1.6166016357660151,22.181180953979492,1
198.94933168955808,-3.0771275584056323,1.524607019496815,19.91977882385254,1
198.6863726404645,-1.7731079229166742,0.4909947096925622,20.194503784179688,1
197.9811672618924,-2.180301462306809,2.0745543621623,22.3312931060791,1
198.4622380982705,-2.630439236888376,0.8528604696243982,21.60103988647461,1
199.1022951848749,-2.0903763522655563,0.1142800940235919,17.45800018310547,1
197.30868387628445,-2.587903222051545,1.877667230869227,22.144935607910156,1
197.49671994184567,-3.572606966643616,2.074523396523717,21.695472717285156,1
199.0459354626408,-2.7639063600177076,3.133942231275465,20.627580642700195,1
198.69169378856236,-2.9311846159896047,1.7550177653122931,21.43202781677246,1
199.2382610109134,-2.447608560797285,1.6943292677303936,21.85271644592285,1
197.09507430303,-2.90373108816614,1.1841365735591314,19.69023323059082,1
198.4550196593904,-3.2541712966806418,1.95961298050116,21.6248722076416,1
197.07222921019311,-2.697464618346448,1.709264345609813,21.336206436157227,1
198.07478732827167,-2.062687049248967,2.021245832187404,21.79328727722168,1
198.75770336781696,-1.8807897880648612,2.092529369806691,20.89252281188965,1
197.17330788125895,-3.199459524225215,0.4094690949551247,19.980640411376953,1
198.5661403220693,-3.3521983250842924,2.713489210356099,20.71416282653809,1
197.29523493261215,-2.5294441305794275,2.3246096697407066,23.177282333374023,1
197.97046917758072,-2.547604569049449,1.3897504749540477,20.097232818603516,1
198.9524645903029,-2.7844932016985755,0.756005917568988,21.228960037231445,1
197.29928301735268,-2.522967340618014,2.102662427820124,19.742713928222656,1
198.88416315231444,-2.232925063241745,1.8763836223383985,22.871440887451172,1
198.0470888359424,-3.073066036913588,1.6339313607780528,20.79008674621582,1
198.0063915940939,-2.8359195941850213,0.7764565127786771,19.56712532043457,1
197.7699566837212,-2.4742703129729104,2.673588607420274,19.734451293945312,1
199.03088743210495,-3.142568912604581,2.5023263676813063,19.75769805908203,1
197.77123857934333,-2.078822046162775,1.9129903227505536,23.46128845214844,1
198.56514239484855,-3.250646589177829,1.951111094142876,20.72750663757324,1
198.01841712752673,-3.797164614607424,2.100787326650494,20.85354995727539,1
198.78179253183984,-2.331407523358767,3.7780688838865464,22.01590919494629,1
198.3976779703553,-3.3307133785684697,2.4119891219929284,23.37920570373535,1
198.6125421744195,-2.009087479387129,1.687380934183512,19.733217239379883,1
197.85098370204017,-1.7920104072882947,0.9365223392982543,21.745222091674805,1
198.5128620400926,-1.7616704516387511,2.988368815961589,21.205352783203125,1
198.1264891944426,-1.6419703846461706,1.619155024087456,22.480600357055664,1
198.8884888311097,-3.4959829416919015,1.6393313566023178,22.24373435974121,1
197.33690636058165,-1.9584147664924167,1.7930870151714662,23.525856018066406,1
198.00605821023296,-2.4428683897070687,2.6992759457635698,21.645689010620117,1
198.62098143584225,-2.159384894403186,2.382835920283637,23.602354049682617,1
198.42602632158113,-2.295261412700439,3.0401508789347096,18.95253562927246,1
198.29602558691295,-3.4120345470625546,2.4622370916985283,20.80665397644043,1
198.0663089268048,-2.9510374627121885,1.820276878435927,21.2785701751709,1
198.03987486493548,-2.7396159249689815,0.8650814703642555,21.350507736206055,1
198.53979088362408,-2.5521624191812777,1.4865139385994586,20.998512268066406,1
198.5353880686798,-2.1446803569196713,0.7927716942042536,20.210254669189453,1
197.40663600918384,-3.272135497203061,1.5944620986498488,22.222610473632812,1
198.79894258522623,-2.6450119722203937,2.0814135271443117,21.72413444519043,1
197.97539000940836,-2.2017847081112105,1.5396379169789132,21.07168960571289,1
198.33802926815585,-3.1209931079890594,3.4577480186961744,21.594562530517575,1
198.72847773762317,-3.633638438704085,2.4339554362163565,23.359622955322266,1
198.7488057885229,-2.560793049436392,3.0144637658397233,22.87762451171875,1
197.53850953849357,-2.3213897967585515,2.5723156780966487,22.304182052612305,1
198.32594743923096,-3.2557743652791227,0.872930636377684,19.95287322998047,1
197.53794655529495,-3.094165373902442,1.9725300052292072,21.530261993408203,1
198.99828592876145,-3.036683993176444,1.1512571138376138,20.150100708007812,1
197.83120847033337,-2.6659942582226464,2.2918463193917193,22.77014923095703,1
199.1090870072296,-2.9517297163740404,3.2139110874473387,21.614965438842773,1
198.870877154348,-2.157446894574926,1.7589771341975964,21.829084396362305,1
198.1117691164554,-2.1567527888676494,2.005448920804175,23.02273178100586,1
198.41054907908625,-2.5827457936773337,1.9805530953308632,22.653125762939453,1
198.35655941625672,-2.8472985012509184,0.9315906608060446,20.90313720703125,1
197.64206699164632,-2.9011268375936723,0.1154004895971322,20.00172996520996,2
197.4350502844395,-2.4683887112064995,0.1227425786306963,18.890365600585938,2
198.91475900810164,-3.0860675086842124,1.0883678514980497,22.338804244995117,2
197.36228640936136,-2.679375632675483,0.8413565608551433,23.00353622436523,2
197.1365923850113,-2.6061335564786297,0.2241951633129422,19.440185546875,2
197.05756488938647,-2.7744832724523185,0.347228179273333,19.68092155456543,2
199.04623470899753,-2.8502896513863356,0.5345778732567117,20.51808738708496,2
197.7812916239103,-2.7929139048440295,1.0532399491241158,22.959043502807617,2
198.7147154998775,-2.1652717097061167,0.8999753704512444,23.03459930419922,2
197.67173815871897,-2.7057929891117354,1.2288173240492042,22.765295028686523,2
197.66616900330095,-3.6567713398837896,0.251636976780911,23.786096572875977,2
198.9084957911453,-3.0304056545336295,0.7969875695701346,22.836040496826172,2
198.41191162296352,-3.7435665458774703,0.2947939620615358,19.083595275878903,2
197.84806180179163,-1.999380028372586,0.8763461534098465,22.189624786376953,2
197.7387070516444,-2.988273653074751,0.873553700759645,22.69450569152832,2
197.55102989018712,-2.4997617435451938,0.2140032617065766,19.90422248840332,2
197.51400192712063,-2.6697861006689556,0.8402959992948208,22.465248107910156,2
199.27693634053793,-2.763177339280556,0.5663959940319614,20.7000675201416,2
198.7342949918601,-3.598672181923392,0.4194224134439417,20.166202545166016,2
197.4561551783343,-2.422345579957814,0.533083114989719,20.727399826049805,2
198.2144002911529,-2.938431420585276,0.5554474025741208,22.649599075317383,2
198.2137315284037,-3.825514546979904,0.6869812038568394,21.38152313232422,2
197.64411583862685,-3.2906119853417235,0.8698941143101361,23.315889358520508,2
198.67032871912895,-3.320712197222047,1.0483947357129904,23.917573928833008,2
197.84774935945703,-3.286753001007493,0.3651154490978772,19.92767906188965,2
199.05997433339107,-2.367068242579436,1.4292503516025088,23.72488594055176,2
198.27650545449052,-3.0364995177797445,1.0367417273954644,23.17221450805664,2
197.6031798007331,-3.4328780084295314,0.3985775194422064,19.23748016357422,2
198.26499533118545,-1.6305110028765382,0.2226906493462562,23.568058013916016,2
197.7792303217609,-3.081637846340492,1.3674729048725651,23.8469295501709,2
198.1086761262047,-2.324322843641281,0.3286746154032651,19.464401245117188,2
198.64013368923344,-2.118955727694278,1.3346990734862938,23.04937171936035,2
197.9558403633524,-2.7521283068375495,0.1921459757477253,17.73819923400879,2
198.631132680214,-2.034751050885265,0.7760280799425529,23.12625312805176,2
198.62351144385397,-2.821797009077794,0.2648033486065399,20.15554428100586,2
197.1331895560649,-3.0347804661799453,0.8461307310411282,21.75932502746582,2
198.7667448957948,-3.6425730109500103,0.3360769893015781,18.9565372467041,2
198.91960921067985,-2.5723431356950033,0.9452903664045594,23.05851173400879,2
197.5544109713928,-2.287224688956804,0.2245644407035687,19.746089935302734,2
197.334607538335,-2.6379960829645936,1.382841506847241,23.422216415405273,2
199.14803016453453,-2.626218145356379,0.6091252803784409,23.088106155395508,2
197.18754007648135,-2.651940830518624,1.2031235647156284,23.412445068359375,2
197.4908920685656,-2.9657853413029396,0.1319865193895358,19.00599479675293,2
198.52173674092688,-2.0564373378367913,0.0446414016020388,19.50739097595215,2
197.52453523253337,-2.0905670136171346,1.1626071647598957,22.52045631408691,2
198.21581572616515,-2.7836939362391746,0.6879869992795552,20.680850982666016,2
197.450175317985,-3.4689844751460615,1.1671027168795312,22.12799644470215,2
198.0312612290415,-3.178385359038653,0.4906004253777844,19.953397750854492,2
198.7400207087351,-1.7806281431982882,1.3428877907667425,23.391416549682617,2
198.33980724923956,-3.3681456226972455,0.5805743323944264,20.425004959106445,2
198.0504422030387,-2.7713827822292867,0.2475326871606169,19.27211570739746,2
197.71025753815337,-3.141335241128194,0.9667358550477936,22.871294021606445,2
197.1078453165536,-2.6358375233933415,1.2188278189138493,22.782039642333984,2
198.12505545416417,-2.574271330611093,0.975669858835314,23.563364028930664,2
198.715431766144,-2.239634037693655,0.6990892294890747,23.238975524902344,2
198.89353807031176,-1.8870919490906115,0.7821663596003312,23.836931228637695,2
198.7289749253955,-3.2967589951138123,1.2577424193503948,22.69973945617676,2
199.0510563469456,-2.1417249082634373,0.9194050152346412,22.825239181518555,2
198.2223160622132,-3.6925808568159377,0.6764994987847833,21.75702476501465,2
198.83773251490305,-2.32966122117454,0.001376931385111,22.093055725097656,2
197.3470978044052,-2.4551891652287385,1.112246736774998,22.326417922973633,2
197.22538144451613,-2.217941948050538,0.9227707312254192,21.965621948242188,2
199.1400619259528,-2.4094712624524655,1.082515527290365,22.971757888793945,2
197.94159603914653,-1.7893946869759674,0.2061626032829155,19.68236541748047,2
198.28130809745863,-2.176463243482447,1.0257455158870044,23.580041885375977,2
197.70899231383817,-3.519854410306113,0.3770344514150422,19.2255916595459,2
198.21348471037035,-1.9065674222394489,1.3420125561095253,23.375534057617188,2
198.46893793660595,-3.157577257280091,1.146827317390022,22.14397430419922,2
197.2240164306116,-2.624174506993625,1.046857373986324,22.73807716369629,2
198.26136974930657,-3.749091590779363,0.3034046776646347,19.952991485595703,2
197.4213279949919,-1.9411208027359148,1.3613233302093557,22.733747482299805,2
198.07034098474023,-3.7911678344330104,0.223957857151301,20.02500915527344,2
197.60351407580907,-3.2132799259673264,0.9378391078055764,22.95860290527344,2
198.60091295751667,-2.4048697629417237,1.1396595258342264,21.821441650390625,2
197.93393108852663,-3.611056191828121,1.421682896017073,23.29877662658691,2
198.82790304157177,-2.103840296480686,0.6638945849842653,20.373252868652344,2
198.68814017286385,-3.1641284491934236,0.921856672367872,23.05122756958008,2
197.35784609772944,-2.237575785946336,0.8221605158242475,22.553112030029297,2
197.19910076785231,-2.330348835313504,0.2587559204127433,22.952672958374023,2
197.44811875675717,-2.4710941188597397,1.0761803399868357,23.72111701965332,2
198.02414346330943,-1.9130246611886343,0.1494279259049561,23.08333396911621,2
198.3355421181337,-2.21022749314572,0.1426410569650253,17.761281967163086,2
198.105386949837,-1.6728262611461044,0.23080495322859,19.12924575805664,2
199.1776510490967,-3.0778911556962094,1.455556939695475,24.347553253173828,2
197.2433155997956,-2.4192444227146863,1.4283728541668206,23.730653762817383,2
198.01142540495647,-1.8105524302769591,0.8989126682126553,23.120071411132812,2
198.4737641991596,-3.3023752979059333,0.8450886412989587,21.65261459350586,2
197.8560376176984,-2.5104221898543786,0.1258382894330744,23.46674919128418,2
198.30016813935595,-2.832351315867194,0.401107674960706,19.802370071411133,2
198.11386769760537,-2.984121471910695,1.2094265061122211,22.914100646972656,2
198.77430159487585,-2.6952472887974355,1.3120911078641746,22.874832153320312,2
198.44687843941935,-1.6696132925477285,1.1304437282799755,23.054101943969727,2
198.43645781235696,-2.716346305436161,0.4732025537618874,20.204177856445312,2
197.70955912541777,-2.5636331654079867,0.4129918000268479,19.000293731689453,2
198.24228363080576,-1.9354731363525068,0.0411327487872445,19.11110496520996,2
198.96081044026113,-2.046785970115266,0.6557293270099197,21.24905776977539,2
197.82600657394624,-2.8542384205088345,0.3266114693858109,19.592248916625977,2
197.6921304878804,-2.440750341511892,0.8166131101362109,22.083999633789062,2
197.33921095867697,-2.8161280411526324,0.8314803757306661,23.331605911254883,2
197.683325508594,-2.5613207326311502,1.274966688814542,23.72049903869629,2
198.38721753011217,-3.193425303638562,0.891953747664399,23.054243087768555,2
198.49270759316872,-3.56673972468525,0.9356178354112868,22.811586380004883,2
198.3908953049551,-3.251139341659995,0.9392105039651693,22.680416107177734,2
197.6973175930655,-1.987253494013711,1.5485954033548537,23.230636596679688,2
198.89773510807208,-2.264802327710542,0.8692742420296439,22.891542434692383,2
198.36818817938428,-1.948731945548076,0.9895647103774206,22.594331741333008,2
198.4690107286437,-1.9006924927235187,0.1841870065944342,20.25115394592285,2
199.15457596590153,-2.97562052931322,0.4808917166530526,20.097440719604492,2
197.98643994504204,-2.189782018787182,0.6501516851508088,21.524940490722656,2
198.1047311988253,-2.4607506235748167,0.2479746964872534,19.818275451660156,2
198.9424744695767,-2.335984202754585,1.0608800451290017,22.625757217407227,2
197.70624239143712,-3.0455762171348906,0.8166105297713423,22.984071731567383,2
198.8038689767654,-2.2018193894141977,1.262246382410826,23.238353729248047,2
198.79613699689835,-2.093875198390299,0.2353502307553328,18.909955978393555,2
198.1656461720792,-3.042125897991046,1.141212901990946,23.5970516204834,2
197.8906387329389,-2.918252899999928,0.216904539636748,19.852933883666992,2
198.05821991019533,-3.23767028846011,1.1319703380311112,23.32177734375,2
198.75702025522767,-3.6574545861141665,1.138374519241513,23.430017471313477,2
198.48883322451752,-1.7828965011721496,0.2944012290884014,19.08436393737793,2
198.39392958905472,-1.6121715381050477,0.1789925458949331,19.873743057250977,2
197.09244311669812,-2.6878744726262136,1.3981771236173903,22.799461364746097,2
198.88727529471595,-1.8817397829963536,0.7846158922752645,23.36029815673828,2
197.5436710147113,-2.8418234671648586,1.093662064112352,23.160648345947266,2
197.5406495998385,-3.1335109591594175,1.0896032998146163,22.47939109802246,2
198.2281863834153,-2.356986957793285,0.578586431254607,20.752382278442383,2
197.50195546672435,-3.023005635789263,0.7998409927199535,22.192712783813477,2
198.2327388890076,-3.5750257011041513,1.4946387325435777,23.243709564208984,2
197.8083116841549,-2.1495326529952448,0.871567464479421,21.420957565307617,2
197.57326655565,-2.280336737295168,0.2618205988362298,19.923370361328125,2
197.8535088958916,-3.300447807737935,1.417037270789639,23.331850051879883,2
197.91702141194335,-3.34615225632143,1.1723967428651252,22.461116790771484,2
197.84515233380245,-3.7354510480550576,0.184412954880083,18.006099700927734,2
197.90898370959215,-1.9442784396029424,0.8765297344039841,22.75507926940918,2
198.87902416631067,-2.7938210436253224,1.017100831021921,22.92072105407715,2
197.98308577768563,-1.8355999551907864,0.3930114470805849,20.107852935791016,2
198.39519492850044,-2.63903421389784,0.1772167566273538,19.379291534423828,2
198.58390658169077,-3.465987901572397,1.1517904177609348,22.747100830078125,2
198.81240546599352,-2.864040968649516,0.9446031891134749,22.73936653137207,2
199.1179273796798,-3.1821657363362728,0.3256367001707715,19.37504005432129,2
198.74731556792116,-1.7579173860178428,0.5726278598619539,20.127641677856445,2
198.40558673295945,-2.9000416805897973,1.3776571662590114,23.535688400268555,2
198.84247801319705,-3.4349070390263683,0.9558032481561444,22.48768424987793,2
198.2413484353084,-2.7591673283953755,1.4526267447815948,23.87139320373535,2
198.48513578068307,-2.202110268849524,0.8857087398006541,21.58205795288086,2
197.8675730027046,-2.4880239431415734,1.432946141946572,23.013580322265625,2
197.64197923816343,-1.9255737219030191,0.2266172856843202,18.16411590576172,2
198.7135967868689,-1.9179713946058663,1.3978369440793093,23.1201229095459,2
197.2568364400462,-2.7744726718216683,1.4586865416934147,23.198938369750977,2
197.8044634501768,-3.048418452966475,0.3485475462981111,19.045333862304688,2
197.68814,-2.1119075,0.4751398265361786,21.102529525756836,2
198.36649181772495,-2.067119861049872,0.1357276944608503,20.011301040649418,2
197.4852653604772,-2.5191824780831693,0.1902407167796261,19.48456382751465,2
197.3902930307574,-2.9416760428752107,0.6274742855656281,20.99034881591797,2
197.4678638808083,-2.0206551680153444,0.6216832027491862,20.864717483520508,2
197.24964413553604,-2.4170929837330393,0.9318675341226148,23.01192283630371,2
198.62841914080727,-2.525938776662989,1.0169771010254325,22.118371963500977,2
197.64365489334168,-1.8428080670687772,1.3789663747033194,22.976825714111328,2
197.17506151623425,-2.8251538067785673,0.929325963698756,21.87670135498047,2
199.06226816093127,-3.02550374405948,0.4796748988536202,19.881452560424805,2
199.2125127097738,-2.4738687375597963,0.1266391473843452,17.576534271240234,2
199.0880549273254,-2.747869568068575,0.4211266891703133,19.294212341308594,2
197.26793245663492,-2.4070456738020183,0.8405535710737579,22.267044067382812,2
197.2800308309606,-2.4487679543280687,1.0012085559417878,23.15536880493164,2
197.24181663294155,-2.2847840120518517,1.0464860644185765,23.6634464263916,2
197.60908291128703,-3.1099247122373352,0.142601517587472,19.01860809326172,2
197.98565277569617,-1.9537167472564776,0.919392371662062,22.828147888183594,2
197.63774536424063,-1.972153120671331,0.8382314669292757,23.498458862304688,2
197.99343220897177,-1.609497459840689,0.2122362184263391,19.23125267028809,2
198.2765240338686,-3.7876181717369297,0.8770654737553643,23.69208526611328,2
198.63333080257425,-1.750035510708427,1.0441052773431634,23.153053283691406,2
198.66485279682513,-2.7464921137955343,0.1486868892326531,19.179462432861328,2
197.4927144938425,-2.659054402775759,0.2589923309672729,19.625133514404297,2
199.0509083048754,-2.28901653851869,0.9458628405988436,22.719465255737305,2
198.0889872481367,-3.5931771998210524,1.346955623866145,23.354448318481445,2
198.9318467992592,-2.268788513050618,1.0730955034891156,23.682172775268555,2
198.91055596822503,-3.3063213584461524,0.9459842442045634,23.33734703063965,2
197.5783933303231,-3.6341381296687754,0.3504369423252522,20.01554298400879,2
198.13816858138932,-2.8915842690361657,0.8690453166060489,22.17193031311035,2
198.26718566350303,-2.6528711755965912,0.2461718941452589,19.922346115112305,2
198.52534632345143,-3.4735161143136812,0.1320953004252742,18.98902702331543,2
198.10100223143223,-3.4494301364801223,1.4830659604273555,22.8287410736084,2
197.3871940621514,-2.8796198761959366,0.2289531506290597,20.140644073486328,2
198.88544025638805,-2.1251116375117585,0.9337273226971072,22.571319580078125,2
198.23797,-3.5562667,0.4919300973415375,21.490497589111328,2
197.74215633279425,-2.753004366960771,0.1564924758703811,19.562580108642575,2
199.181485447731,-3.195612114327098,1.1885470135867298,23.702110290527344,2
198.044820902082,-3.0545177526378615,0.4917530480335249,19.977998733520508,2
198.4569379965153,-2.0298797586787503,1.3030755827791982,23.99555397033691,2
197.3599302078111,-3.3567110828050133,1.166755235169491,22.930482864379883,2
198.1360125082245,-1.6742600345822327,0.0813136766615846,18.842498779296875,2
197.95145099140564,-2.4089213392962954,0.6376019980731011,20.96465492248535,2
197.97908352877124,-2.788427464938589,0.1143681811486719,17.527748107910156,2
197.86095403270633,-3.1728004057031285,1.003291310314362,22.926986694335938,2
198.34920203326453,-2.5834314739402924,0.9969644185891068,23.82916831970215,2
198.72061552387265,-2.9396531637589742,0.5761507069697277,20.426776885986328,2
197.871667454931,-2.871139010512667,0.2156722805366286,20.152408599853516,2
198.93434921044573,-3.497830349504228,0.929737287079826,23.014923095703125,2
197.95569949783723,-3.8101193360544072,1.379896440274366,23.002967834472656,2
197.72412094060917,-3.1846062232459036,1.4859610352351849,23.04887962341309,2
198.3923036126124,-2.2230843954329225,1.5959928534379242,22.82887840270996,2
197.66280335455863,-2.608050198514842,0.1094126315352247,18.277368545532227,2
198.76831357475325,-2.049323878939745,1.1347500604288818,23.08102226257324,2
198.6742540548228,-2.15096214341725,1.171126658881389,23.037879943847656,2
197.96499095536535,-2.8986461425517858,0.0941595557109904,20.0423641204834,2
198.7750730320404,-3.14151121512082,0.817191480254657,21.120813369750977,2
197.672053965162,-2.285350068813103,0.1891015330140758,18.1726016998291,2
198.89297113454123,-3.174510627605925,0.3558547295427651,19.484298706054688,2
197.31733169741324,-3.3223222955355465,0.208472616297621,19.635910034179688,2
197.71476748725152,-2.253978439102424,0.2331980953810871,19.67376136779785,2
198.13059189125784,-2.6515337190816473,0.2479968551469214,19.094575881958008,2
197.69362701144075,-2.524833812734568,0.1877778626773188,19.00045394897461,2
197.11213150502388,-2.915406464367268,0.2488866370715894,19.74400329589844,2
198.94781778154348,-2.5076119543083943,0.4487447115388615,23.91805076599121,2
197.3465719631823,-2.835051410588929,0.8093944962932668,22.820688247680664,2
198.37318707372935,-1.7010844387217,0.8633065785152039,22.862071990966797,2
199.27593597282277,-2.5972216218704536,0.1801054749670921,17.90445899963379,2
197.272800645024,-2.583758393904722,0.5907384365343173,20.40603828430176,2
197.28099434213044,-3.3936935693558445,1.2726033457203867,22.87315559387207,2
197.1496531560024,-2.4020608886231507,0.5283137994064246,20.507823944091797,2
198.55663459223464,-2.9404042507250328,0.6935983718348127,20.50211524963379,2
197.88213707929103,-1.9720287571077573,0.063804228418179,20.59111213684082,2
197.9356754458732,-3.3760240450291787,0.2101542841405773,18.70113754272461,2
198.92716934636096,-2.976789337163039,1.290856373113057,23.220264434814453,2
198.72735838588503,-2.233658421191252,1.0670643771797304,22.839900970458984,2
198.09008311485655,-2.745821210823622,0.1824760273594638,17.14337921142578,2
198.8473620025256,-2.8343421067475103,0.7161106866315877,23.28729820251465,2
197.2556306280042,-2.6622347257427776,0.0941287434173347,22.9610595703125,2
197.6458579067755,-2.1290109524255487,0.864222758503675,22.93988037109375,2
198.22097140629083,-2.4268373660410125,0.1447718454749587,19.374269485473633,2
197.37312343952397,-2.244533136358399,0.8248574726035012,22.9044189453125,2
198.98123489899172,-1.9506873170157484,1.038446121695757,23.382150650024418,2
198.57931219910608,-2.9402003688807605,0.2860081026862958,19.551494598388672,2
197.8685992443381,-2.7478247772339035,1.041083358876968,22.895048141479492,2
197.30585273480867,-2.091189306182521,0.112583420678847,16.510265350341797,2
198.03018396657697,-2.911379793401464,0.8016150217141854,21.205793380737305,2
197.93157309237412,-2.2968984044882603,0.0831586953252197,17.34099769592285,2
197.39699195017212,-2.215474404344807,0.6229582081055949,22.809247970581055,2
197.29463982427873,-2.5360814930445925,0.2587341177656592,19.66201400756836,2
199.12883443267424,-3.1031352535098895,0.710937656317964,22.26664161682129,2
197.58108723704095,-2.7145332478313864,1.40961017148325,23.157793045043945,2
198.2409190142367,-2.709560831572312,0.0848698244717686,16.687713623046875,2
197.76552607181864,-2.991297618907772,0.7328760049779963,22.91390037536621,2
197.5572364110159,-1.9677209341261892,1.2603222859288443,23.073673248291016,2
197.82783893184757,-2.683352063262756,0.4033507547707173,19.291358947753903,2
198.33263925060737,-2.3836289470096625,0.1454793972308367,18.79609107971191,2
198.98226475718008,-2.1276169058313372,1.1030783662544317,23.368324279785156,2
198.32931450867824,-3.1068469918032924,1.1948027268192996,23.03877639770508,2
198.67213762663064,-1.7846300671871738,0.2514681883019143,19.93683624267578,2
197.40069164459973,-3.1075523546084285,0.8176667183109433,22.69518661499023,2
197.62651600776175,-3.4522210698609435,1.2608074443061086,23.531343460083008,2
198.6919413261751,-2.8016941199234275,0.8435966641948045,22.836917877197266,2
197.4420938080655,-2.7268636863290907,0.4116790419929099,18.99030303955078,2
198.91964231837775,-2.1156189457600028,0.3163376664366714,19.88203811645508,2
198.30036003874008,-2.0628956771750286,0.8857614039672134,22.33880615234375,2
197.8358432335845,-2.1758177832761634,0.4764979379806829,19.848970413208008,2
197.518947263338,-3.038490465632026,0.5567087084593275,23.40772247314453,2
197.33761206752845,-2.3907155430896365,1.3822030641006098,23.537931442260746,2
197.2538495608804,-3.219852595522321,-0.0001486812430464,21.886810302734375,2
197.2291985766258,-3.1730821634815727,0.9527795828376732,23.299335479736328,2
198.0599046088115,-3.4058255550953698,0.3788216561163237,20.18738555908203,2
198.44632446938283,-3.5186392427196624,0.1282956505952589,22.281818389892575,2
198.0464774484034,-3.4571865391593892,1.0633022713871392,23.037601470947266,2
197.6642502666191,-2.5952821262271817,1.0484563472066142,23.51626205444336,2
197.6922810447454,-3.464216190088812,0.0465989087321494,17.750648498535156,2
198.59452634111375,-3.221196574181232,1.5508047508284604,23.688249588012695,2
198.0733742911032,-1.9180068427214252,0.2144577965359411,19.57394218444824,2
197.54780104131427,-3.510350629334701,0.9517316539626242,23.45444107055664,2
198.91513482075152,-3.097225877155134,1.5100575391837394,23.190488815307617,2
198.39147929283249,-1.971351377228176,0.1843039157895691,22.815664291381836,2
198.0658845585048,-3.4639343551377992,0.1825779872725924,19.684864044189453,2
197.70759244303397,-1.6875027484489915,0.1846685357814913,22.859317779541016,2
197.9632391479873,-1.6417682707588233,0.8989315136655364,23.495922088623047,2
198.4166943912469,-2.199628780428279,0.8876267467918313,22.768444061279297,2
198.68698628596147,-2.298221858060504,1.6222285038408526,22.703353881835938,2
198.13210551626585,-2.125125459813603,0.8908885664745338,22.876108169555664,2
198.26535574663592,-3.734578878085615,1.1288011296691989,23.487775802612305,2
197.84933508677375,-3.4088426920973083,1.387177490962455,23.395118713378903,2
197.467484744146,-2.93928017412487,1.1540157629960928,22.989070892333984,2
198.03998205420024,-2.897556870454567,0.8805320860679832,22.54517936706543,2
197.426724327358,-3.2590230981492803,1.1863062422337505,23.215072631835938,2
198.1442598750203,-2.7138623723363926,0.4724536508953285,19.85672187805176,2
197.81819678855223,-2.800044487118508,0.970433031484518,22.061906814575195,2
197.89243975039113,-2.425967569214655,0.1259100725159632,20.17823028564453,2
198.91466766533523,-2.5515426191609127,0.5391158638191076,19.868249893188477,2
198.37679614783005,-2.1780929584183433,0.7784450544959186,22.66776466369629,2
197.92167795297368,-3.142554512569387,0.3594541026733573,19.322498321533203,2
197.70844607793933,-1.866574121641964,0.8597549875033123,22.694347381591797,2
198.15473831072683,-2.2969081345272997,0.6676281905142019,21.790437698364254,2
198.96106457901936,-2.4623226509909686,1.1941417937513168,23.11030960083008,2
198.32969500653,-3.128675293259562,0.2867669066034502,20.06693649291992,2
198.0884161930217,-2.869148001779084,0.146379888822438,18.564468383789062,2
197.5758497701705,-2.594514185519232,0.2576718770283389,18.046724319458008,2
198.85878004169243,-2.3985272743420656,0.8999620059812942,23.395259857177734,2
198.7402180431695,-2.479261514512367,0.145756815644882,17.996341705322266,2
197.90443296358904,-1.7037339438493344,0.8442349450861099,22.887086868286133,2
199.25817842761947,-2.548826593297866,0.1797839464530755,18.462491989135746,2
198.61130505522607,-1.7186723116364682,0.2209736803282617,19.989545822143555,2
197.46279237193417,-2.6177346976877813,0.2491827532878393,19.5439510345459,2
198.09455429111057,-2.8289414754282385,0.4396606546182928,19.2811279296875,2
197.4913862015302,-2.981577308672363,0.9494038985303308,22.9409236907959,2
197.67535308427657,-1.7159312683613597,0.3173060318655223,20.085758209228516,2
198.79940496900525,-3.3341652607824117,0.7609842876489584,21.26801872253418,2
197.5108644572522,-3.433689436072763,0.4157504352339087,19.716028213500977,2
198.88039381477395,-2.7563442030419294,1.015689899853646,23.01390838623047,2
198.12461386821815,-2.921027713923877,0.1525289595172213,18.435619354248047,2
197.8153789550081,-2.115069299903208,1.1862902579418526,23.298030853271484,2
198.5358183166364,-3.156877908231842,0.1053933915106969,18.71636962890625,2
198.7633282306387,-2.096331014200771,1.3356549874816432,23.734664916992188,2
198.29697160154012,-2.594146608212765,1.6297105149726765,22.867509841918945,2
197.7248444635442,-2.229976094911207,0.8963228807524957,23.04178810119629,2
198.742820768086,-3.343110194205938,0.7649607915525388,22.812328338623047,2
197.91413238066943,-3.0119647981716726,1.0384137433946026,21.67902183532715,2
197.63504299190816,-3.2279789182553533,0.2988060998593319,20.20152282714844,2
197.78898351036025,-2.684095310173523,1.153001475688586,23.11771583557129,2
197.38642034019216,-2.5472861117930656,1.4250085882051124,23.757747650146484,2
197.56805978631004,-1.7615155748198053,0.1378898382057586,18.989444732666016,2
198.87447906084657,-2.858505540321183,0.3852033988259509,18.50151252746582,2
197.38702664258085,-3.1284794021549898,1.1512494957534398,23.398937225341797,2
199.14018880565013,-3.1733774751012644,0.1090878596474304,20.197778701782227,2
197.9460485559702,-3.1539666183908177,1.0575505699138137,23.018856048583984,2
198.57753522526647,-3.4914355654020115,0.2131509553520969,19.788915634155273,2
197.5181326423368,-3.1399122646584985,0.1461495399928304,22.988622665405273,2
198.19477795146133,-2.912956473697606,0.1467773778881556,18.296245574951172,2
197.72837828317415,-2.4108436899850503,1.6099260627002627,22.70893669128418,2
198.03176279707537,-3.5397311800165823,1.375588013382728,23.456443786621097,2
197.836762943505,-3.759118403119833,0.1579541430827576,19.440855026245117,2
198.44346025517115,-3.2975805686681467,0.8968222827208088,23.378793716430664,2
198.34530496027503,-1.949438031563003,1.2479922991131298,23.361526489257812,2
198.03893592418189,-2.395046874006767,0.143194656885109,19.44233512878418,2
199.21859554785357,-2.6485398257735064,0.8346318221209895,22.9234619140625,2
198.65763401671612,-3.2529865834776275,1.497295523333121,23.34220314025879,2
197.813390458124,-3.632013433692849,0.1797715432595339,18.9835147857666,2
197.3244341919883,-2.6726295801088646,1.452475458104354,22.75128173828125,2
198.0104223782652,-1.9756026154614263,0.8730758988540289,22.46234130859375,2
197.98186894884168,-1.8867871035706192,0.0476970656299419,23.209848403930664,2
198.5651385269775,-1.689592247239372,0.5885973741492642,21.575862884521484,2
198.618203069365,-2.9950794069230513,0.1017436732959469,22.685626983642575,2
198.29173356076296,-2.138120540376387,1.4602659786396104,22.225231170654297,2
198.22840281639031,-2.324349826979636,0.000103458802025,22.237836837768555,2
198.59061604401964,-3.5570319591220825,0.9608366751922006,23.184499740600582,2
198.8343646101703,-2.8922930681969197,0.5773508701676404,20.315370559692383,2
197.96309043381768,-3.6783901698471126,1.5389443761472914,22.691593170166016,2
198.36000221761208,-2.916998701013936,0.9255365337595236,23.11191177368164,2
198.22857074695344,-2.322524444584811,0.084200971306275,19.632720947265625,2
197.4368101038508,-2.2639478509376967,1.2724746556938298,21.169198989868164,2
197.57621794202237,-3.0726913159706486,1.52700247051419,23.002443313598633,2
197.33108256946292,-2.9945209744994163,1.3184857089208568,23.557188034057617,2
198.37784625947063,-3.0821243080457608,0.2884384633989203,18.31344223022461,2
198.17200513441276,-2.6840913643203907,0.821576609664238,23.468446731567383,2
198.89836737381793,-2.3843164186596515,1.5502638407660791,24.02106285095215,2
197.27350591846132,-2.959210534551402,0.2118657549977401,19.45669937133789,2
198.16849989351655,-3.3180787968316707,0.000345012292028,18.347402572631836,2
198.759783150535,-2.0641588033205545,0.3628729078908641,19.56173324584961,2
197.36625594569816,-3.4580490466444473,0.7810284379783785,22.26161193847656,2
197.4709066524869,-2.913897125895302,0.8080792596121524,23.61859703063965,2
198.16372968367173,-3.130629446827507,0.2102498494877104,18.40787124633789,2
198.05746485197147,-3.0927491603169073,1.376921776896356,23.52020835876465,2
198.03585540759224,-1.7107746617924058,0.399536375223864,19.125926971435547,2
198.30883673157328,-3.7796930342157418,0.8616939483510581,23.137836456298828,2
198.10629550935408,-2.3814334652505806,0.9550679806345582,23.701929092407227,2
197.4489890989566,-2.2638512409265705,0.8668723603928689,22.45415306091309,2
198.9867946604178,-3.3126251390991306,0.3901636264472781,19.897438049316406,2
198.9899043933754,-2.874072081451159,0.7976260412934691,22.234630584716797,2
198.71899612359985,-3.307585776466931,1.4370432841151042,23.152164459228516,2
197.67281442740753,-2.4907690645600207,0.5927507781307949,22.614463806152344,2
198.3221948864688,-2.3295168205491965,0.5900535486598292,20.348468780517575,2
197.31865058675595,-2.1499543205029235,0.6620166527728056,21.64465713500977,2
197.40506000000005,-2.624355,0.6651591062545776,21.5749568939209,2
199.15606021314125,-2.1949080330333666,0.181584844882825,19.150697708129883,2
198.29446209835064,-2.806044762734905,0.9998546448373996,23.48419952392578,2
198.81307000000004,-2.3016781,0.5321723222732544,21.42148780822754,2
197.6809474179053,-1.7949686175387871,0.137508265932561,17.03887939453125,2
197.79913406608284,-2.75296406869849,0.8293380034828146,22.903718948364254,2
197.74362684465825,-3.730084552547642,1.3831381724108167,23.53271484375,2
197.94905674992165,-2.061085726969702,1.4806437757955817,22.50638771057129,2
198.02658815627288,-2.678750435000841,0.3865378484304444,19.44657325744629,2
197.99133972546505,-3.6629905986977342,0.4336108756182055,19.487445831298828,2
197.5706246164812,-2.879666012833646,0.1138961217782923,17.391082763671875,2
198.17617287934888,-3.424374368843446,0.922540269858394,22.51154899597168,2
197.1512641829559,-3.1727939115626493,0.1929238800642593,18.34890937805176,2
199.00939715873528,-1.9720086705058084,0.9867493371539844,23.44381332397461,2
198.69015844381664,-3.4301698276066737,0.9073003502823084,23.037267684936523,2
197.58601505653823,-3.0058511738477782,0.9407232312127662,22.73574447631836,2
199.03042594834352,-2.933962009514655,0.945119806271127,22.94273376464844,2
198.61086015038967,-2.4498006018245464,1.3637770487079868,23.76543617248535,2
198.72262974348465,-3.114882747865739,0.7996321990907168,20.33020401000977,2
197.48009830391612,-2.612276377522376,0.3713067659187798,20.0946044921875,2
199.1354396289852,-2.1703183161405293,1.1131175653025582,24.027915954589844,2
197.36758639911133,-2.5773020613342346,0.2498037278698028,19.25324249267578,2
198.44651540573355,-1.772330282472629,0.8074970418497898,23.135787963867188,2
198.52545,-3.4660901,0.182870328426361,18.67137908935547,2
197.64505474199564,-2.5575973857177456,0.8293691160020188,20.76972198486328,2
199.02908104873552,-2.018092617790831,0.7796143346100913,21.992042541503903,2
198.8981081090554,-1.9960307688248264,1.137105458570569,22.544034957885746,2
198.1808326133145,-1.8047341355940576,0.4677868322205464,21.121862411499023,2
198.8838945661815,-2.1809834379076967,1.136850983700362,22.61187171936035,2
198.1434897120077,-2.768007352196892,0.2215531986920346,17.492351531982422,2
197.7491539242608,-3.2982727932192946,1.1561320577625604,23.541399002075195,2
198.69897650048927,-3.5230507308558705,1.4539832904050771,23.167306900024418,2
197.51697239647143,-2.119816953979486,1.3575963287618955,22.53150749206543,2
198.44560668676291,-3.3207495455698126,1.335686940693959,23.423248291015625,2
198.2954406882036,-2.0043226046858447,1.1389980289152974,23.18269920349121,2
197.4710151782192,-3.446015918261794,0.8522094587429481,23.674171447753903,2
198.17226513161617,-3.4354906309554023,0.2428502649992029,19.526782989501953,2
198.07601919747717,-2.7079888179703615,1.10831269895609,22.37137222290039,2
199.11737842048123,-2.661922957394386,0.292681422537505,19.989526748657227,2
198.87159765113768,-3.2437771924335688,1.0861269185436329,22.897979736328125,2
198.8223242111882,-2.18700058768785,0.1141342351344688,18.967695236206055,2
198.74052210792735,-2.15388297863432,0.732839275950774,23.777584075927734,2
198.95726828542905,-2.2803638435962377,1.070123898381389,22.642717361450195,2
197.65273523851823,-3.414847923228368,0.8425762846119141,22.91719436645508,2
198.44767768857523,-3.242768604723961,0.1831250820693622,18.508695602416992,2
198.3908249400392,-3.215425092141741,0.880613741511789,22.114118576049805,2
197.6471239173063,-3.102237012863666,1.3909174762939662,23.21603202819824,2
199.0258682769812,-2.0006545583687467,0.6896612895970753,21.092269897460938,2
197.6882177592642,-2.712085431150346,1.442979165641168,23.78358268737793,2
197.5954531797016,-3.0390633333473622,0.32140416262269,18.979217529296875,2
197.7145643384245,-2.3633944953475075,0.1876447641137947,19.99713134765625,2
198.7432179205169,-2.313556053207492,0.4169250763033079,19.92209815979004,2
198.36477457759295,-2.664249111809676,1.0188675642802163,22.810169219970703,2
197.7453399999999,-3.1832896,0.4343833029270172,21.02560234069824,2
198.63390296738075,-2.0057259468854656,0.584413421523912,20.67459297180176,2
199.007982116034,-3.405116270203084,0.1523752612787996,23.087108612060547,2
198.45925771269464,-2.671284041460476,0.2817782220974626,20.078907012939453,2
199.05109128577035,-2.2157829271112193,0.9819699941726198,23.434078216552734,2
198.2672088142203,-1.8360994773822927,0.215728252001508,17.925006866455078,2
198.2098981842247,-2.78203593063866,0.8674842062826373,22.342618942260746,2
198.3996769493521,-2.7581538527008136,-2.1007678376925466e-05,20.09521484375,2
197.54054581832548,-1.9887191593132756,1.193819830048432,24.019805908203125,2
197.59228312943364,-2.0338063432541493,0.872104785112948,22.73097038269043,2
198.6750917118412,-2.1742146266173568,0.6692835442365327,21.63955307006836,2
197.8674140213128,-3.723184493587041,0.9630409975481874,23.448156356811523,2
198.84169279838505,-3.579105494000879,0.6537812356392486,21.663768768310547,2
197.3379904724027,-2.9083897233815086,1.1680400310102952,22.98405647277832,2
198.0507561695433,-3.825670651998075,1.056209537944194,23.23898124694824,2
197.7008289398139,-2.232645244183286,0.4740582690245485,19.42375373840332,2
197.2488660821396,-2.5098436779183406,0.2453354959342741,19.917537689208984,2
198.47894606516496,-2.33325452839063,1.0585416236961471,23.173015594482425,2
198.02999548277631,-2.2195406525742154,0.8630177898964615,22.90550422668457,2
198.0968333356193,-3.767984164515733,1.019262339020784,22.767135620117188,2
197.36714583676795,-3.497295424972972,0.0841843673813377,18.516828536987305,2
198.29078688762633,-2.009327044643853,0.2152287375296425,17.702041625976562,2
198.09901272961324,-1.988023505008523,0.1354399756081142,19.612323760986328,2
198.9263238046748,-3.3783370978968668,0.3716600566727308,20.076099395751953,2
198.27111102377427,-2.932805461951623,1.2966479143323582,22.51898956298828,2
197.91950851237925,-1.6606858764913148,0.281272495420655,24.363847732543945,2
197.45445459018003,-2.909792850489432,0.7980301722385821,23.26432228088379,2
199.271422762726,-2.472628753623187,0.5151909865809755,20.29555892944336,2
198.49611212283745,-3.4974477281765664,0.7849844496045142,23.266021728515625,2
197.89972767701687,-2.9504194286029093,0.4269896655085415,20.613245010375977,2
198.05145198087556,-1.7502602501391633,0.1499006917827186,18.96651077270508,2
198.00818714658405,-1.9887482246390529,1.0077940379082249,23.074621200561523,2
197.84593614390113,-2.5304144771492405,0.221787062788381,20.139892578125,2
198.3345757907009,-2.317334150231623,0.980184625145784,23.40511131286621,2
197.8612271006568,-2.4102939166509434,0.4140218259699585,19.494611740112305,2
198.53564331236697,-3.426234483255113,0.1369264040447955,18.632732391357425,2
198.8703041449588,-2.145360507682875,0.2870192316074008,20.068050384521484,2
199.0672004819969,-2.8682644171773215,0.0754677325374829,19.27245330810547,2
198.78065427494428,-3.435610128106502,0.417738009394098,21.332143783569336,2
198.06079745478203,-3.2584578782310984,0.2094658212466285,18.96244430541992,2
197.7791749721407,-1.6534783657575407,0.3399102356279391,18.975017547607425,2
197.61633316689284,-2.438819607388208,0.1907311961040681,19.407304763793945,2
198.71879806868455,-1.8364680665873303,1.296971503574735,22.788633346557617,2
198.02503831665325,-2.6237797183776284,0.3977124066841206,19.710920333862305,2
198.3218970332904,-2.407764925268644,0.0439037788734581,20.82404327392578,2
197.359832953092,-2.8139293099164235,0.212445927897072,19.455718994140625,2
198.41573076477871,-1.955604426312125,1.361818783238805,23.85003662109375,2
197.8307840795489,-1.7380245990230292,0.8443148356240435,22.92607879638672,2
198.94436610432,-3.357543008023626,0.0182403724375042,21.967138290405273,2
197.94427561506225,-1.7282154891698671,0.9791986989971132,22.96457862854004,2
198.4353330640535,-2.3877557708292305,1.2657088558223366,23.191953659057617,2
197.51110141935212,-1.851848861322895,1.3664534501055885,22.631912231445312,2
198.70539749807827,-2.0871046970672222,0.1435978198001305,18.94522476196289,2
197.28636586588047,-2.1868969420881155,0.9235787308292186,23.15242576599121,2
198.0197460880795,-2.809297539922999,0.6296311743334485,21.608074188232425,2
197.35673858402143,-2.9872067935069384,0.2789316539043858,19.61520195007324,2
199.0485490260159,-2.8338329429211724,0.5347511092297846,20.513521194458008,2
198.69898529159076,-3.42180904203718,0.1649641097589285,19.306453704833984,2
199.08718740491173,-3.0122541166894803,0.9505553174103494,22.79329490661621,2
197.2400700000001,-2.6067863,0.4836974740028381,20.944015502929688,2
197.2412915984795,-3.2774690774225843,,,3
197.99432549396215,-3.007596706531668,,,3
197.67036183177748,-3.570672382641924,,,3
197.7018800401177,-3.449698055184941,,,3
197.5744551651436,-2.1375676341258303,,,3
197.89945123018484,-1.6638473211080438,,,3
198.65490798464813,-1.7850303838509889,,,3
197.50918404933017,-2.019540711526924,,,3
199.23084015704595,-2.6679787165615956,,,3
197.3887661244568,-2.197073920389633,,,3
197.44726068025452,-3.524199084865225,,,3
199.19578253266107,-3.010662998666564,,,3
198.21378694461535,-2.2304055507697935,,,3
197.346504807024,-3.2421520595376885,,,3
198.70381671829705,-1.9551706431107911,,,3
197.90476815643285,-2.1685140689742606,,,3
198.71089599978143,-2.968510800342101,,,3
198.75592998094965,-3.2097793110874155,,,3
198.23450915152472,-3.51973051717739,,,3
198.46616658876573,-1.7038774676662507,,,3
197.93241697080225,-2.9735223947204754,,,3
197.1337648753184,-2.4699647028728684,,,3
198.23148050662633,-2.5315846439466356,,,3
197.17391767066204,-2.972323858546178,,,3
198.5049139964154,-2.7357696173389714,,,3
198.3979127153404,-2.672200933229344,,,3
197.28381936770216,-3.1511349672087525,,,3
198.14459521030943,-2.7630958719863825,,,3
197.5634402050164,-3.4800237742639446,,,3
198.8543821959078,-2.521017059904678,,,3
197.87035403017993,-2.721706660134099,,,3
198.7750971461564,-2.581490991043874,,,3
198.41423092593936,-2.9457424950654563,,,3
197.47218955738356,-3.5911416180586,,,3
198.38074908095084,-2.927453172592426,,,3
198.6298033246537,-3.4331713749611947,,,3
198.51803355236504,-2.8069410569575663,,,3
197.86773182339235,-3.146744574900014,,,3
198.99851080902656,-3.034277397676376,,,3
198.26097330198652,-2.140669710393623,,,3
198.87450173346008,-2.941226655307388,,,3
198.67146121424497,-2.261593771926529,,,3
197.42758363154593,-3.389907999567961,,,3
197.6534865763228,-1.7836571651335895,,,3
197.5557240449405,-2.379473579959376,,,3
197.22755683475555,-2.447357142760162,,,3
198.80738592685375,-2.9774578764606425,,,3
198.50483536267808,-3.2299757692182327,,,3
197.7511356434374,-2.975536513557704,,,3
197.7740595551985,-2.3964714782417182,,,3
198.6918090597518,-3.323125636438246,,,3
197.5456030739211,-3.1324401100670793,,,3
198.7779101625714,-3.0061089734389013,,,3
198.36488245767111,-3.2781128609211856,,,3
198.64921149941352,-3.5095638818222588,,,3
197.5032402941486,-2.637509653696415,,,3
197.14417604095485,-2.9853283962059782,,,3
197.4272796112934,-2.70131951276158,,,3
198.3984970451761,-3.711804877502719,,,3
197.3517714220702,-3.0159008071642135,,,3
198.3945553723053,-2.714753070842529,,,3
197.6594010374546,-1.7894836660403382,,,3
197.2776659229036,-2.4884812063837662,,,3
198.6702563581792,-2.9771690742365613,,,3
197.94566703982977,-1.9795372648398728,,,3
197.77015549017975,-2.474913591050838,,,3
198.0499359320317,-3.7901524050144544,,,3
198.68245780413977,-3.1731422770800357,,,3
197.6656161235107,-1.7530982338538463,,,3
198.04933583878176,-1.6603952235448725,,,3
198.6291235593805,-2.6030051008487276,,,3
198.99778478784455,-2.094478162594862,,,3
198.2906253293627,-2.8549794861697837,,,3
198.17902401897433,-1.9083675911478823,,,3
198.4410438199217,-3.6499465519057193,,,3
197.72756961138637,-2.9401836089920512,,,3
198.8278648737341,-2.832668089863762,,,3
197.45590532959972,-1.8499596855572908,,,3
197.39632569163388,-2.0664338994257085,,,3
197.5597750482469,-3.3624350663448745,,,3
197.67419817101097,-2.080375800379589,,,3
198.30566792499997,-2.55405049980149,,,3
197.68187729414583,-3.1205586344749587,,,3
198.1521101252255,-3.446627946046158,,,3
197.3639432135801,-2.6151392036258967,,,3
198.5511129386435,-2.449631577318755,,,3
197.7119028883667,-2.591310304663238,,,3
198.70104521315884,-2.526391943003536,,,3
198.40973907118183,-3.7941167121892287,,,3
199.08833384831436,-2.236594373408315,,,3
197.77439492344183,-1.9731974879404897,,,3
198.94551697529636,-2.3668121142817458,,,3
198.00731367506503,-2.8351677435026854,,,3
198.4509451073621,-2.583287918851828,,,3
197.33019402940823,-3.2554979933968125,,,3
199.00315291310568,-2.30707175687212,,,3
199.03215035515467,-3.142815945368017,,,3
197.1940145395014,-3.247830227292753,,,3
198.66114102492992,-2.550143548973883,,,3
197.1726048064238,-3.199481903666341,,,3
197.6335655344138,-3.2186407567234903,,,3
197.7139508544028,-1.6891587674306916,,,3
197.4598151862632,-2.015923520197729,,,3
197.56506919538896,-1.8640602024094155,,,3
197.9233788162011,-1.7084764309669107,,,3
198.56865442141947,-1.9731386985870376,,,3
197.16711238781537,-3.1379320948765006,,,3
197.61464339495052,-2.0574531929646533,,,3
197.13336069271264,-2.3646773158519534,,,3
198.25806281148937,-3.4276729119695855,,,3
197.9317843973449,-2.8822879606464893,,,3
197.1172485528285,-2.414103672226134,,,3
197.96002454327297,-3.117601078756941,,,3
197.76054185041252,-2.943794610372239,,,3
198.14935018592877,-3.3329646982286394,,,3
198.61268030650623,-2.8731660197982105,,,3
198.4972664342992,-3.4118147642991383,,,3
198.10063397346553,-3.549483052205106,,,3
197.77395870678612,-2.0267340288455964,,,3
198.0881344689744,-2.5028740262909297,,,3
198.3572767915952,-2.849297634542194,,,3
197.72716379886648,-2.0048980818845576,,,3
199.2549143179299,-2.4381692166328506,,,3
198.9595087137338,-2.732862249618448,,,3
197.367384373531,-2.226461258212057,,,3
198.83669063005033,-2.6093993788377055,,,3
198.37501360554376,-2.189222469109029,,,3
198.3432309226002,-2.3679941603223003,,,3
198.6909408874881,-2.6662304939602257,,,3
198.09411851077763,-3.007142629151978,,,3
198.6148032323989,-2.497548273779784,,,3
197.47644416529064,-3.139738463332748,,,3
198.99566884078956,-2.396357133558855,,,3
198.53793077932605,-2.351682707347336,,,3
199.10186165188867,-2.1637235921150006,,,3
197.6698955779302,-3.4620226661344726,,,3
198.1413837232817,-2.883134246663139,,,3
197.63170246727768,-2.552129652099346,,,3
198.5241976610993,-2.0091339604684935,,,3
197.31954135637432,-2.2023432484003647,,,3
198.91203541601985,-1.9806129189896715,,,3
197.21057347431992,-3.038396838461012,,,3
197.45369841283397,-2.0936288334881,,,3
198.26080760143896,-2.0368227382335173,,,3
198.0176394515073,-3.7862522556529137,,,3
198.9580448828333,-2.4545398104709735,,,3
198.2734812849015,-3.4530565715224415,,,3
198.0055630796012,-2.6551923266843658,,,3
198.50760191135225,-2.6538349370259735,,,3
198.27678515704028,-3.491556204910612,,,3
198.45340756522415,-3.3153493684375444,,,3
198.9272414720078,-1.9567322799703164,,,3
199.0528019001022,-3.229494706686647,,,3
198.6857128925199,-2.0958611096499644,,,3
198.9653309231194,-3.502782154160235,,,3
198.42845486331385,-2.2985765867473567,,,3
198.04747208310695,-2.163506676261459,,,3
198.15477358208585,-3.461185453191717,,,3
197.56689638747432,-2.770158005882712,,,3
197.24228523497644,-3.155504704632925,,,3
197.59513861377897,-2.6308991951710627,,,3
198.82184349765424,-2.013140101168561,,,3
197.2652850614915,-2.2384131356602865,,,3
198.7644231464495,-1.7554525531966818,,,3
198.6480147139274,-2.4759268646922172,,,3
199.03770810269012,-2.108029049125881,,,3
198.21693820822895,-2.794206861554666,,,3
198.6369388950187,-1.8751225596643928,,,3
198.58873561223012,-3.4893952886340145,,,3
198.9986803112264,-3.3153552611337083,,,3
197.5250102061406,-2.6752877971674756,,,3
198.836939171513,-2.870208075790253,,,3
198.64539217917095,-3.381730352010903,,,3
197.32910677645316,-2.3366434003734504,,,3
198.28463169092964,-2.723185797106838,,,3
198.79328781624005,-3.243458690621129,,,3
198.507356237228,-3.4758147580507495,,,3
199.10119308642493,-2.0921017943067195,,,3
197.30086024370436,-2.4845700283261363,,,3
197.75775121731627,-3.177861089502292,,,3
198.65489348242164,-3.119395310262229,,,3
198.18162412752528,-2.265743105127311,,,3
198.45852127275063,-1.956526614106857,,,3
198.9614223415539,-2.6542111818202483,,,3
197.12681114587076,-2.680277419553427,,,3
199.20403175148795,-3.0798550245397265,,,3
198.98684337,-2.33650961,,,3
198.75630283,-2.99219072,,,3
198.37818491,-1.93981063,,,3
199.0272698,-2.33886815,,,3
197.93144681,-2.89076328,,,3
198.30907365,-3.66329378,,,3
198.9125266,-2.59128438,,,3
198.35557353,-1.84394041,,,3
198.74796362,-1.91167503,,,3
198.28074859,-3.47300146,,,3
197.27878516,-2.79524449,,,3
197.39070195,-2.71935406,,,3
197.42988575,-2.12943943,,,3
198.25988931,-3.16042962,,,3
198.75875211,-1.98150453,,,3
198.72526155,-3.29748782,,,3
197.38587728,-2.12722794,,,3
197.72540955,-2.47701832,,,3
198.55900641,-3.52673162,,,3
197.29646467,-2.63780985,,,3
198.48590588,-2.26918129,,,3
198.94313001,-2.62794778,,,3
197.39163268,-2.49640065,,,3
199.00830699,-3.05103193,,,3
198.98090157,-2.61334675,,,3
199.19858564,-2.68498675,,,3
197.35836199,-3.01954562,,,3
197.3897155,-2.23326003,,,3
199.19693683,-2.43877606,,,3
198.0306189,-2.33745465,,,3
197.96353415,-3.62662792,,,3
198.76455236,-2.25513769,,,3
198.15316522,-2.00629644,,,3
197.99118341,-2.19269059,,,3
198.628119,-1.84402431,,,3
198.81010016,-2.6838853,,,3
198.98114026,-2.99511021,,,3
197.40198127,-2.12239684,,,3
198.93439861,-2.14345925,,,3
198.9312714,-2.6413877,,,3
197.7488142,-2.03958618,,,3
198.08539911,-3.78621852,,,3
199.01877851,-2.65822635,,,3
198.87123935,-2.30121188,,,3
198.79925471,-2.35689005,,,3
198.35366526,-1.8515025,,,3
198.5672166,-2.02079682,,,3
198.24699139,-3.43356376,,,3
198.7339056,-2.08606736,,,3
198.95195256,-2.47903702,,,3
199.24304178,-2.57841746,,,3
198.97157991,-1.98893915,,,3
197.25462004,-2.32775261,,,3
197.12835374,-3.11551421,,,3
198.60661909,-2.35470185,,,3
197.71442954,-3.14197216,,,3
197.7769708,-3.49009742,,,3
198.21945089,-2.15306139,,,3
197.3789464,-2.28434538,,,3
198.19595409,-3.27547664,,,3
198.88200263,-3.42356197,,,3
198.11932804,-1.85327502,,,3
198.61499737,-3.5001661,,,3
198.98321589,-2.27322411,,,3
197.38986577,-2.27124716,,,3
198.11771825,-1.80273603,,,3
197.8474679,-2.77381338,,,3
198.3339938,-2.6481499,,,3
198.91687792,-2.09664319,,,3
197.79541138,-1.73974603,,,3
197.71802089,-2.91199468,,,3
197.50403103,-3.23167256,,,3
198.90725647,-2.92669751,,,3
197.39515476,-2.95060721,,,3
197.27973194,-2.37644865,,,3
197.86728131,-3.0791985,,,3
199.03135849,-2.28135286,,,3
197.80325556,-2.5788918,,,3
199.01154457,-2.59924575,,,3
197.96097056,-3.54849941,,,3
199.13263123,-2.29237129,,,3
198.73367211,-3.35052718,,,3
197.83383354,-2.22488412,,,3
198.34343553,-2.06139012,,,3
197.95941827,-3.52411597,,,3
198.45018587,-2.62362378,,,3
198.89268036,-3.24742923,,,3
198.58168507,-3.39994921,,,3
197.41207651,-3.12132818,,,3
197.42625086,-2.21343564,,,3
198.7105432,-2.60874577,,,3
198.05326366,-2.44631811,,,3
197.96123223,-2.24870351,,,3
198.65172031,-3.47631222,,,3
197.50466833,-2.34926958,,,3
197.21252075,-2.63338558,,,3
199.20531092,-2.63700052,,,3
198.30175363,-2.70397199,,,3
198.46891764,-2.37417337,,,3
198.93748742,-1.98004486,,,3
197.45732344,-3.17295125,,,3
198.83979688,-3.10797549,,,3
197.77075146,-3.63297026,,,3
197.63393646,-2.54901367,,,3
198.63573607,-3.35338151,,,3
197.87954106,-3.0275534,,,3
198.34937898,-2.37085276,,,3
197.14365514,-2.65180553,,,3
197.70192839,-3.67662977,,,3
197.81853403,-2.01140751,,,3
198.29942482,-2.5222032,,,3
197.52044562,-3.25814351,,,3
198.9168898,-2.09664268,,,3
198.5383584,-3.43342449,,,3
197.72786334,-3.4865895,,,3
198.46261241,-3.04764652,,,3
198.77430659,-2.14523296,,,3
198.0271865,-3.31376276,,,3
197.5754337,-2.55069332,,,3
199.19605396,-2.29621178,,,3
197.40433951,-2.26826636,,,3
197.41586802,-2.62853996,,,3
198.74091791,-3.00152412,,,3
198.05145474,-3.50087678,,,3
197.4853506,-2.59042796,,,3
198.67148154,-2.15593152,,,3
198.63376222,-3.22007293,,,3
198.93154283,-3.21331128,,,3
198.19986406,-2.03871736,,,3
198.25106576,-2.36558249,,,3
197.37936334,-3.3224176,,,3
197.45640982,-2.51655986,,,3
197.7850297,-1.91338673,,,3
198.70756327,-2.47695696,,,3
198.07586905,-3.47646749,,,3
197.52538886,-2.96480781,,,3
197.58460811,-2.47520656,,,3
199.23105355,-2.95353954,,,3
198.89752137,-2.63011627,,,3
197.68866858,-3.21559228,,,3
199.02508557,-3.00062223,,,3
197.63540532,-2.27075131,,,3
199.27609881,-2.78946603,,,3
198.34085178,-3.59265111,,,3
198.36752772,-1.92107371,,,3
198.7937117,-3.48105586,,,3
197.40241714,-2.71064804,,,3
197.53850641,-1.89757334,,,3
199.04313884,-3.34828813,,,3
198.41032226,-3.79348832,,,3
198.21421622,-2.9261602,,,3
197.55986134,-2.63054893,,,3
199.1789125,-2.44954467,,,3
197.82099264,-2.00207476,,,3
199.25402049,-2.45266514,,,3
198.02156115,-3.13004703,,,3
197.34858472,-2.36237823,,,3
197.53875637,-3.47655655,,,3
197.71483868,-3.47825779,,,3
198.34115562,-1.67621892,,,3
199.05580453,-2.25344885,,,3
198.89209289,-2.98916595,,,3
197.29232156,-2.56494979,,,3
197.45786365,-1.86948391,,,3
199.01413173,-3.16543619,,,3
198.80070948,-2.20037311,,,3
199.20257644,-2.58776477,,,3
198.09595697,-2.47826126,,,3
197.68708497,-2.48086035,,,3
197.57347946,-3.07774624,,,3
198.25336531,-3.50203056,,,3
197.12111901,-2.35846287,,,3
197.85954971,-2.23067445,,,3
197.98614261,-2.63881985,,,3
198.38103153,-3.50968782,,,3
197.17909722,-2.19782626,,,3
198.00763568,-3.15986785,,,3
199.08997754,-2.80608244,,,3
197.5092831,-3.20092883,,,3
197.57108633,-3.39977455,,,3
197.90433275,-3.46050337,,,3
198.18821738,-3.51279328,,,3
198.32979838,-3.39244303,,,3
197.50807185,-3.12181831,,,3
198.16096638,-1.95451339,,,3
198.03781804,-2.49426534,,,3
197.95073316,-2.60741658,,,3
199.0463254,-2.5208264,,,3
199.09981114,-3.05964997,,,3
198.1632276,-3.16797408,,,3
197.42456632,-2.47249564,,,3
197.94365479,-2.47273328,,,3
197.91539777,-2.3844075,,,3
197.55126108,-2.72871687,,,3
198.4230756,-2.03415311,,,3
197.58222661,-2.55185156,,,3
198.7172518,-1.85080468,,,3
199.12724821,-3.16021331,,,3
197.23879113,-2.82431928,,,3
198.15636289,-3.74621757,,,3
198.81824371,-1.89067507,,,3
199.24964664,-2.88704056,,,3
198.47667695,-2.94755645,,,3
198.61756193,-2.66739167,,,3
198.66787559,-3.34581277,,,3
197.48064674,-2.39486599,,,3
198.90324329,-2.26961607,,,3
198.9595087,-2.59895671,,,3
198.92650838,-3.44100078,,,3
197.47669956,-3.24084623,,,3
197.31349849,-2.48264109,,,3
198.2767483,-3.50255189,,,3
197.91197744,-3.33998306,,,3
197.76060595,-2.94419775,,,3
198.16840821,-1.98081868,,,3
199.09479083,-2.56542546,,,3
197.58625729,-3.60280603,,,3
197.47901337,-3.11896686,,,3
198.6323741,-2.2582308,,,3
197.9320414,-2.81952027,,,3
197.49110882,-2.69573129,,,3
197.93310568,-1.78880402,,,3
197.45974376,-2.87763053,,,3
199.02301011,-3.11972201,,,3
197.71156801,-2.1779855,,,3
197.14985074,-2.63053877,,,3
198.8351258,-3.56158417,,,3
198.67683462,-2.27521847,,,3
197.60494933,-2.46032688,,,3
198.94592449,-2.36639098,,,3
197.28733643,-3.39425668,,,3
197.47137643,-2.08756201,,,3
197.27133423,-2.96704238,,,3
197.3020371,-3.14520797,,,3
198.34400842,-1.80363429,,,3
198.2122194,-3.02091656,,,3
197.38767043,-2.62977323,,,3
198.08688897,-2.9804138,,,3
197.61576367,-3.6018812,,,3
199.06222613,-2.25002116,,,3
197.82946837,-2.07855031,,,3
197.48330451,-3.32896044,,,3
198.13102297,-2.88835021,,,3
197.57812799,-2.53919572,,,3
199.15500761,-3.24384293,,,3
198.84073931,-2.67091119,,,3
199.07405691,-2.31590113,,,3
198.5328421,-3.11344785,,,3
199.04088212,-2.2603035,,,3
198.44716538,-3.55693049,,,3
199.0622625,-2.25004467,,,3
198.1052985,-2.8680334,,,3
198.02027067,-1.92243068,,,3
198.80119943,-1.96521118,,,3
197.82459627,-3.58805331,,,3
198.18238525,-3.08541507,,,3
197.23639397,-2.52187443,,,3
197.45894687,-2.50111335,,,3
198.48114421,-2.29128918,,,3
198.33731869,-3.15377963,,,3
198.44583502,-1.665684,,,3
198.22031525,-3.76606036,,,3
197.15103771,-2.35368784,,,3
198.08420044,-3.11835185,,,3
199.11721139,-2.9175354,,,3
198.19230799,-2.51705849,,,3
198.83691745,-2.54467421,,,3
197.91203857,-2.02642617,,,3
197.27798653,-2.14350459,,,3
198.71056093,-3.26160657,,,3
197.94655222,-2.5188756,,,3
198.03694105,-3.35091097,,,3
198.52941641,-3.43150993,,,3
197.14394019,-2.80633494,,,3
198.26782454,-3.04730987,,,3
198.56467153,-2.03371057,,,3
198.74303848,-2.40955466,,,3
197.11141948,-3.07366072,,,3
197.790711,-3.26372812,,,3
198.10411345,-1.97731228,,,3
198.12495837,-2.16664997,,,3
198.62376159,-2.43405269,,,3
197.38895334,-2.12113519,,,3
198.00172813,-3.32474776,,,3
198.00605027,-2.34773807,,,3
198.61829172,-2.5900922,,,3
197.74202657,-2.38463552,,,3
198.77305156,-1.77575483,,,3
199.12800772,-2.39061016,,,3
198.30608321,-3.4699017,,,3
198.23822906,-2.58073056,,,3
197.3071801,-2.4856326,,,3
197.37883747,-1.93103021,,,3
197.38965265,-2.29461084,,,3
