RA,Dec,redshift,rmag,set_id
149.4399219224512,1.365135782918702,1.6914620773184248,22.75912094116211,1
149.4530384689985,0.875018107650255,1.160763422438795,22.134187698364254,1
149.92882785821453,1.0176352647151188,1.971171744812876,22.195215225219727,1
149.3713745916946,2.310428107588058,1.0601026818886237,20.735584259033203,1
149.83991608561328,0.8737163308236205,1.8705733741243236,22.917465209960938,1
148.7407313629189,1.5415574494293671,1.7182061894788505,23.732833862304688,1
150.0254473019683,1.8776357070624272,1.8003437062979692,22.67762565612793,1
149.2341520573529,2.2208604231048006,1.122329375073388,19.877056121826172,1
149.21942627058175,1.743887987227325,1.9273895413591955,21.97505760192871,1
148.7905960197244,2.4966692332999463,1.9864382217990009,20.800071716308594,1
148.57628257950716,2.3256736786535073,1.4264991467949246,21.654756546020508,1
149.8979367692348,2.0939046307893037,1.9196284654405085,22.312519073486328,1
148.92955425388504,1.4782215909369316,1.9249017982372816,22.3480224609375,1
148.9984124525865,1.1057376356075006,1.437568873450252,20.755844116210938,1
148.45255794254925,2.3619669517879913,1.709431667515526,20.350366592407227,1
148.357550681101,1.217914494171872,1.859475045085032,22.19688415527344,1
148.68685352385455,0.5662419694235133,1.7386545774771154,20.535356521606445,1
149.66947066281696,1.606657034342497,1.4506348152838682,22.283536911010746,1
148.7459156846959,1.2090850099785666,1.4630353767277788,22.202749252319336,1
149.66860746173538,1.0367469872742197,1.491796918752778,21.92290306091309,1
148.0102324758405,1.5198205155985822,1.7876387507975493,21.83726692199707,1
149.99272049614845,1.1467685591678085,1.0308062692419342,19.831148147583008,1
149.59243725831686,1.7567143006466672,1.9709175642106849,17.641681671142578,1
149.58808153435547,1.9884980968822843,1.7147365871404203,21.930618286132812,1
149.8144430175841,0.8859326842918316,1.0711216641087884,21.206857681274418,1
148.66329062737927,0.8294984856070504,1.420017712566063,21.429096221923828,1
148.2739641224126,1.106333284038486,1.6392197449915735,22.944976806640625,1
149.3625473494235,2.3328088864579493,1.0055427767125134,22.023008346557617,1
148.44235636079284,1.2196830240146246,1.071687670508713,21.903425216674805,1
148.0364094448254,1.3439384994471375,1.7044172948423697,22.6811466217041,1
148.5988496695227,0.7309874228910558,1.7158486834744304,20.13436508178711,1
148.6313343721879,0.8577905644382529,1.5133071183618645,21.215211868286133,1
149.58521445453715,2.0511067881555944,1.3590553505080176,19.787073135375977,1
149.37169367112747,1.0033208764348889,1.9498242189221944,22.006675720214844,1
149.58808153435547,1.9884980968822843,1.716822714464307,21.930618286132812,1
148.00582109700844,1.0886808365311442,1.7487289853092336,21.56325340270996,1
148.71960963694752,0.9426932115725872,1.195750644815463,21.93781280517578,1
149.59243725831686,1.7567143006466672,1.9698709683625353,17.641681671142578,1
148.95242864974745,2.354621729853817,1.6188521914314151,21.246129989624023,1
149.83991608561328,0.8737163308236205,1.8685251116842332,22.917465209960938,1
149.57447381319722,2.085050310755004,1.6321657523762465,22.641599655151367,1
148.75932708317058,1.8645635751175125,1.3267525456722955,22.01999282836914,1
148.4859927891364,0.7142980152174081,1.458863762592851,23.07411003112793,1
149.38794592160517,1.887398589202355,1.3366762312908642,21.591815948486328,1
149.1969964121304,0.8909869470833531,1.6431979598330508,21.5299129486084,1
148.19897011489374,2.029163413128279,1.654747143723016,22.524173736572266,1
149.11822013246072,2.5164084268581925,1.7085153145646117,22.996639251708984,1
148.27758687808983,0.8552993728768333,1.563232862722854,19.493295669555664,1
149.40042069000555,2.276800113950232,1.6814304432818692,22.07888984680176,1
149.06094425610215,2.0205273056400097,1.0710268957258235,21.040132522583008,1
149.8903307208268,0.9918076625636594,1.3658762738125163,23.30716133117676,1
149.41083450388774,0.6002094215922286,1.420629066728384,20.410524368286133,1
148.8576671549378,1.8650593144166576,1.674963465317019,20.693038940429688,1
148.99268118196971,2.3975500177281743,1.3642767619432083,21.864625930786133,1
149.6013409654937,0.9570382257026424,1.7283528664317331,21.52739715576172,1
148.7905960197244,2.4966692332999463,1.9856918755253845,20.800071716308594,1
148.752078595074,1.0225546515144155,1.512824127323511,21.120031356811523,1
148.53765510369675,1.726584318495766,1.6607751061186935,20.712005615234375,1
148.9614690917747,1.14720602218854,1.3919013265542255,20.68816566467285,1
149.650902101391,0.5379292220471676,1.707105335936524,20.01119804382324,1
149.77641325106845,1.9401438837794025,1.8225238382015725,22.473573684692383,1
149.38573082108712,1.0465690623001602,1.9071643416112607,21.334651947021484,1
149.32885779222653,0.8890698174631025,1.9923667060525432,23.02634620666504,1
148.11288494266384,1.9146859244569272,1.27368511886491,21.403575897216797,1
149.58661038194043,2.03709915071144,1.8558571244537905,20.53867530822754,1
149.17640426940636,2.0984491181200293,1.033495111737842,19.34101295471191,1
148.46249479993423,0.4615119444247882,1.9190164753859535,23.371139526367188,1
148.460713431466,0.574558884336575,1.78145787580081,22.995962142944336,1
148.77763926874425,0.7637554711751613,1.9204777107088888,19.852048873901367,1
149.23818833403467,1.6025284858443762,1.2583366513688117,21.84558868408203,1
148.7727374904036,2.174723656843397,1.2241965715069374,22.28331756591797,1
149.5407611872903,1.1648972862090596,1.9837633451451664,22.702234268188477,1
149.80780149731908,0.8311956558064083,1.699943062251215,22.090391159057617,1
149.4399219224512,1.365135782918702,1.693145842202231,22.75912094116211,1
149.16519400096095,1.7741450490304378,1.5746142295042165,22.270078659057617,1
149.8370556099375,2.0088285687093244,1.4830756387138695,20.726947784423828,1
149.32885779222653,0.8890698174631025,1.994897193598036,23.02634620666504,1
149.99948049845537,0.913452278188068,1.0043558591276764,23.053442001342773,1
149.2714225845141,1.8304219169375733,1.1349772236190945,20.15911293029785,1
147.91511063654033,1.7165580313788944,1.5314688121742452,23.217649459838867,1
149.99158513609336,1.7242795333922372,1.630941652210559,20.07237243652344,1
149.30374256086776,1.821500024796102,1.1818178774886263,20.58702850341797,1
149.58661038194043,2.03709915071144,1.856797974106475,20.53867530822754,1
149.8979367692348,2.0939046307893037,1.9168257391867176,22.312519073486328,1
149.54984276244846,1.258126000130227,1.5850072546543934,21.425994873046875,1
149.95584001647433,2.028049578212483,1.7543198082237348,19.305389404296875,1
149.12978286713218,2.257367980927797,1.5427682549273989,20.98163604736328,1
148.64240232661797,0.4022264575457259,1.6271227272169426,22.254379272460938,1
149.39086397406322,2.1619951750014588,1.444332446432919,19.92288398742676,1
148.66566503148402,0.7482553420855397,1.0437321693762731,20.857444763183594,1
149.55459636098993,0.8880502041082537,1.7440543208190182,20.025754928588867,1
149.85891558997295,1.263191911968814,1.4074861570422583,20.526912689208984,1
149.57447381319722,2.085050310755004,1.6325546381785296,22.641599655151367,1
148.59567819189408,0.861472496740407,1.514946819186527,22.42009735107422,1
149.7389546319812,2.2206951925264944,1.0247344046406557,20.52063751220703,1
149.07093062722797,2.4838186943122755,1.4049890508137377,19.12696647644043,1
148.50993619069504,0.7580529732786871,1.0385941724308632,22.060802459716797,1
149.4473544675702,2.148362894304757,1.4786917150805343,22.59991455078125,1
149.08407875308473,0.798825364382511,1.1919670405677705,19.511878967285156,1
149.11428956068076,1.899867949436212,1.130687866615648,20.360050201416016,1
147.93271227334276,1.177214641697002,1.1382632353776587,22.159683227539062,1
147.96754335904268,1.3575697200595904,1.598916697957429,19.897851943969727,1
149.82574967097432,1.5182947572475227,1.6739150647652428,22.854745864868164,1
148.6419385015125,0.4990958126222909,1.0328033896437705,23.38490867614746,1
150.07212194487036,1.3736509438749709,1.5278448468292154,22.68055534362793,1
149.3636590345174,1.208160431213088,1.8190579289056152,22.32334327697754,1
149.13818206081908,2.208148303173302,1.4305800149601977,21.988311767578125,1
149.24930302841724,0.8675213444955919,1.4931067011496284,20.83251190185547,1
149.39086397406322,2.1619951750014588,1.4440781499501587,19.92288398742676,1
148.3420962585891,0.9869282909503878,1.8770394439065696,22.40169334411621,1
149.29890209558454,2.254426383136515,1.726534365592878,22.233190536499023,1
149.86784635579937,1.3192704421816508,1.6614381987654216,22.984729766845703,1
148.90700057417925,0.9574995797296464,1.9180929012536576,22.591909408569336,1
149.4171988101575,2.318954196539948,1.4781710414319855,20.952617645263672,1
148.8877401394358,2.0295597073222207,1.6554070387561313,22.732627868652344,1
149.86856403248527,1.992960223207469,1.169185060181834,21.73798942565918,1
148.56500315307417,0.7776976832432163,1.3789228382254843,21.33709144592285,1
149.32071,1.64364,1.3266243244148015,20.85074806213379,1
149.33552056124523,2.432417203773936,1.538120143779817,21.715166091918945,1
149.35563169805351,0.7013729395369357,1.6329391662153454,21.749710083007812,1
148.5987683038905,0.7791255505283347,1.875375003328433,21.350801467895508,1
148.36782777108294,1.2292545569470306,1.606197145874381,22.699926376342773,1
149.3625473494235,2.3328088864579493,1.0038943349567704,22.023008346557617,1
148.9614690917747,1.14720602218854,1.3921490842824096,20.68816566467285,1
149.11822013246072,2.5164084268581925,1.7071319229203912,22.996639251708984,1
149.089580114011,1.756167900126081,1.0971622063768292,20.909671783447266,1
148.47062,0.54815281,1.1021279096603394,20.36863136291504,1
148.887046022796,2.49113804851548,1.5802211477093473,20.504091262817383,1
148.79504806116563,1.9751156315837328,1.5484911237630552,20.04190444946289,1
148.4202081115456,2.098605022283743,1.009821915224734,22.61191177368164,1
149.72757686641626,0.6632837147738546,1.6198396584930057,21.41998291015625,1
149.14751002797985,1.213120648057421,1.3389728478162668,23.35894775390625,1
148.18748545518403,1.1408220767791115,1.3421075931092656,21.09322166442871,1
149.68745971918491,1.8126374093942896,1.215052871788054,22.46139335632324,1
150.05056178539076,1.2223793724562606,1.628066425883014,19.444244384765625,1
148.5428582312409,0.5478785116490998,1.3474269317496783,20.937490463256836,1
149.46282819309965,2.3568469590734606,1.1770909832370264,21.63195037841797,1
149.01618435031116,1.429116176784098,1.4728912757682913,21.212629318237305,1
148.71823103979426,1.6301545781878293,1.9343927826302507,22.826902389526367,1
149.86840048402874,1.0581989176033082,1.6859865376969287,21.035886764526367,1
148.9093062824557,2.430411360457247,1.7161844936120818,22.572593688964844,1
148.14558200796878,1.2943039088324468,1.6418940397716408,22.624488830566406,1
149.10461796852522,1.5729175875557873,1.1166159287707105,21.195268630981445,1
148.97680766175077,0.8532665134012428,1.506136954162567,20.943143844604492,1
149.38688694444056,1.560197248236477,1.0187686447409317,21.677831649780273,1
149.16480099938747,1.716847098507751,1.554774046201358,20.743900299072266,1
149.82574967097432,1.5182947572475227,1.673516210706963,22.854745864868164,1
148.85935684486594,1.780959305880962,1.7312425453866656,19.42241477966309,1
149.81419645187177,2.016328741746895,1.3601473849498906,22.360754013061523,1
149.94003315160077,1.5089462147815262,1.1052135420922984,20.109580993652344,1
148.6918370432198,1.7775917616870112,1.1156278010018128,22.19135475158691,1
148.93057694905076,1.909159171573151,1.979932486696897,23.38758087158203,1
149.38688694444056,1.560197248236477,1.018027944894004,21.677831649780273,1
148.45811601911254,1.1260190330899762,1.6319865811030456,22.106693267822266,1
149.72757686641626,0.6632837147738546,1.6215226850909203,21.41998291015625,1
148.71616543929392,1.8591281043468009,1.1115845864696583,17.148509979248047,1
149.55459636098993,0.8880502041082537,1.748543036254358,20.025754928588867,1
148.65160732106713,2.1253947040702785,1.810497777776212,21.53780174255371,1
147.97638171795433,1.2023050838917126,1.261043967524123,22.075857162475582,1
148.2082295641554,1.474805372435977,1.2991081064384615,21.910226821899418,1
149.90940092553203,1.50436767199001,1.467776758160006,21.935623168945312,1
148.59771725430272,2.4242588816164266,1.4873601653899915,22.31684684753418,1
149.6386364104342,2.288976879420031,1.919486230103674,20.46696662902832,1
149.24716311784798,1.876717611664934,1.5560028263825532,20.601457595825195,1
149.2205044576244,2.195573027642943,1.5093557694798896,21.41199493408203,1
149.23818833403467,1.6025284858443762,1.258405125371676,21.84558868408203,1
149.38573082108712,1.0465690623001602,1.9054138672852632,21.334651947021484,1
148.62713190868925,0.382220476740398,1.211580684077859,20.12708854675293,1
149.67416238224118,1.8883543625435455,1.7724535233797294,19.925626754760746,1
149.03201673727017,0.9036550335682902,1.8605719534237832,22.001855850219727,1
149.16519400096095,1.7741450490304378,1.5758404719592272,22.270078659057617,1
149.59586530102465,2.040720812437735,1.2508758555969015,22.521507263183594,1
148.86656046511587,1.239064581421485,1.1857718605052392,21.051040649414062,1
149.6479435441714,1.146371724240025,1.44377283310592,21.749197006225582,1
148.40851748687825,1.2068272339986548,1.91995919073636,21.744260787963867,1
149.80780149731908,0.8311956558064083,1.6961576593523158,22.090391159057617,1
149.66947066281696,1.606657034342497,1.4516301057323913,22.283536911010746,1
149.66359364845735,2.08520377722205,1.22152747141915,20.39138984680176,1
149.75851795174663,0.8204043581325596,1.2271168608034373,20.65742874145508,1
148.02558348929213,0.8930730055925623,1.782593231850134,19.874164581298828,1
149.51903701695238,0.8741313415866199,1.8235732603551116,22.287700653076172,1
149.49565503374777,1.7226005702229297,1.7256639556465876,22.34769630432129,1
149.81275288281205,0.9982345270546074,1.8147640087077703,19.33914566040039,1
149.12978286713218,2.257367980927797,1.543837725431293,20.98163604736328,1
149.78250275458507,0.8749485482714657,1.3104062138043038,20.07189559936523,1
149.55459636098993,0.8880502041082537,1.7504057510479158,20.025754928588867,1
149.83991608561328,0.8737163308236205,1.866635915470361,22.917465209960938,1
148.6643129183442,1.2483379845283478,1.9387261561663944,22.88342666625977,1
149.87139895105273,0.8040299379156974,1.549641107079755,22.281652450561523,1
149.06060155930373,2.524418660663522,1.2521114612402604,21.128877639770508,1
149.18674640350437,1.2254405148244776,1.3432562491196047,21.404518127441406,1
149.36128969548415,0.4876253061982301,1.1117966402608117,21.64732551574707,1
149.07827411388735,2.074583087331619,1.6441023963998251,21.761327743530273,1
149.56461469121064,0.6887048963829847,1.9851760357800623,20.996471405029297,1
149.3810032640423,0.4392962532786285,1.957328923645687,20.948102951049805,1
148.9518268378658,1.833970109318598,1.1826779546397983,23.608980178833008,1
148.6918370432198,1.7775917616870112,1.1159885030754324,22.19135475158691,1
149.4835727508178,0.8479679102069895,1.429678688965602,21.79396629333496,1
149.47315308539606,0.6540971643141228,1.0051688661754985,22.097272872924805,1
149.12612036012547,1.377275186160802,1.4409421335599772,20.664100646972656,1
149.31274031978845,2.215093578364033,1.7314158581005652,23.441762924194336,1
148.9561379545952,1.681884740650593,1.5477640091599436,21.267316818237305,1
148.49384401987606,2.3813141878658337,1.045013208285451,19.81628036499023,1
149.50940876010802,0.8347190999549693,1.0263219389896068,21.65077781677246,1
149.48271322280183,2.4034027091291783,1.4149235470866377,22.40909767150879,1
149.21942627058175,1.743887987227325,1.9271781615637016,21.97505760192871,1
148.7464226395415,2.095017722084261,1.3438353744176956,21.125598907470703,1
148.89973006509854,1.9212855799794912,1.5457230053309143,22.695680618286133,1
149.7475895503469,0.9507486356998914,1.7211496266231148,21.54119110107422,1
149.27681458831415,2.2169114884771313,1.8465218657420592,23.220335006713867,1
148.7265638490021,1.6743070641652131,1.496506316863866,22.35899353027344,1
148.8305106198656,1.657042366878828,1.4878357962031292,21.691041946411133,1
147.97719678054665,1.39825745710405,1.5995340892925962,20.20941734313965,1
148.94405755729335,1.9949293372859445,1.262645182307794,22.206344604492188,1
148.8576671549378,1.865059314416658,1.677269783783309,20.693038940429688,1
149.92882785821453,1.0176352647151188,1.970780736617968,22.195215225219727,1
148.6918370432198,1.7775917616870112,1.1158460228669271,22.19135475158691,1
149.56467216410962,1.977873287314252,1.6862472161651014,21.757633209228516,1
149.50051598720393,0.9278239726911588,1.4833604794952835,19.92908096313477,1
148.61855442534,2.3109593097016483,1.2221144936016273,20.374038696289062,1
149.89345867502828,1.3330812669541083,1.1700189915304755,20.01142692565918,1
148.74423355475233,1.3250129773462784,1.7415029976833465,20.45537567138672,1
149.40042069000555,2.276800113950232,1.6821708463517706,22.07888984680176,1
148.4432031554501,1.780143311379042,1.383177490603297,21.300281524658203,1
149.81275288281205,0.9982345270546074,1.8140439475991852,19.33914566040039,1
149.72002943400196,0.8853885168875083,1.5243460783752745,21.989002227783203,1
148.73973463960326,1.1560592739231788,1.9759876340591551,21.611400604248047,1
148.6366178001545,0.483175571294008,1.6165184883560415,20.832345962524418,1
149.66086357583376,1.30790442135343,1.4668361737624247,21.287281036376953,1
148.99268118196971,2.3975500177281743,1.361887568328696,21.864625930786133,1
148.96246228619535,1.8097228998626371,1.1672654018020994,20.9454402923584,1
150.06626690444983,1.1338198627987337,1.5292981337285396,21.351728439331055,1
149.88425488509804,1.5023909678146563,1.7699143331637095,22.149927139282227,1
148.96828862857257,1.5084758798649929,1.3377619159700462,22.082761764526367,1
148.85906259393252,1.5820667029563569,1.6225394817789016,22.003454208374023,1
148.9344122896926,1.575970504833054,1.6976030675616125,20.161884307861328,1
148.887046022796,2.49113804851548,1.5795399012445477,20.504091262817383,1
149.67416238224118,1.8883543625435455,1.7736815552058325,19.925626754760746,1
149.5119525889505,0.8251329025408849,1.125907120653144,22.94928550720215,1
148.40817630838373,0.6693654038262451,1.5704382586955696,22.47169303894043,1
149.76388046809691,1.0966442225484532,1.4259190904430137,21.620113372802734,1
149.75359114430742,2.1256214768307857,1.9535457551579256,22.37211799621582,1
148.49776141046482,0.6459365523318509,1.4772096524588465,19.573951721191406,1
149.64477251389656,1.75064999050213,1.9043483053052104,19.444320678710938,1
149.0639584433095,1.6408325168058555,1.1813730880004376,21.26373863220215,1
148.87304752183204,1.36162483108299,1.1221292465733206,21.280961990356445,1
149.2174062329634,2.1868330073887225,1.502558908185419,20.210054397583008,1
149.95771930512487,2.003079350709317,1.8109639562634976,21.115264892578125,1
148.64288127782072,2.450339232123583,1.0938795589648864,22.297544479370117,1
149.5910165530553,2.1427469017368823,1.7210411386934452,23.087366104125977,1
148.61717561881778,1.096077416986215,1.674704503399021,22.500303268432617,1
148.5070145654679,1.033728081503515,1.9646050114897664,20.405914306640625,1
149.2174062329634,2.1868330073887225,1.5023897919214089,20.210054397583008,1
149.27681458831415,2.2169114884771313,1.8469424332511593,23.220335006713867,1
148.8702414152722,1.5853601063927032,1.1186762627566929,21.14068603515625,1
148.23483998645187,2.1671399323687184,1.81903014898678,22.331228256225582,1
149.54984276244846,1.258126000130227,1.5857610210455015,21.425994873046875,1
149.17640426940636,2.0984491181200293,1.0332162809466496,19.34101295471191,1
148.59429384214275,1.608120787696213,1.5503415027812082,21.935867309570312,1
149.87979281506256,0.8229321408056507,1.0285831759422908,21.347076416015625,1
149.55399077349023,0.858473654751126,1.4897400897938278,21.625864028930664,1
149.50428727052133,0.874297795803008,1.3854392870009882,20.755556106567383,1
149.03201673727017,0.9036550335682902,1.860926921409093,22.001855850219727,1
149.43296220584546,1.4124584067911867,1.9411046914913517,23.14432907104492,1
148.9561379545952,1.681884740650593,1.543165447382756,21.267316818237305,1
148.06392149754032,1.1654984015290957,1.0956609056484234,20.92711639404297,1
148.6481751738675,2.2784535868521627,1.5429010926746292,21.897855758666992,1
148.95131499816216,1.355923013329995,1.8014543788285269,22.27029800415039,1
150.06626690444983,1.1338198627987337,1.5290937236488908,21.351728439331055,1
149.8219205145591,1.8386281680928025,1.352561344316584,21.04916000366211,1
149.50940876010802,0.8347190999549693,1.0260685127411815,21.65077781677246,1
149.2714225845141,1.8304219169375733,1.135591607041045,20.15911293029785,1
149.56459193635624,1.8230624483133455,1.5092643686444682,20.049161911010746,1
149.3713745916946,2.310428107588058,1.0602803244165535,20.735584259033203,1
149.89313932058622,1.480372265397271,1.1588394631806194,21.052778244018555,1
149.4171988101575,2.318954196539948,1.4774222757052655,20.952617645263672,1
149.71124801301195,2.145147690721368,1.5324749885157174,20.655881881713867,1
149.58521445453715,2.0511067881555944,1.3584793076453918,19.787073135375977,1
149.46282819309965,2.3568469590734606,1.1827345263898428,21.63195037841797,1
148.74423355475233,1.3250129773462784,1.7406955706696636,20.45537567138672,1
148.6643129183442,1.2483379845283478,1.9381702431099812,22.88342666625977,1
148.86344391587528,0.3457835911089706,1.709991966301082,22.369421005249023,1
148.73973463960326,1.1560592739231788,1.9675318995779296,21.611400604248047,1
150.0254473019683,1.8776357070624272,1.800756547197836,22.67762565612793,1
148.79504972740912,1.975113929618632,1.549053756594558,20.04190444946289,1
149.61569426691898,1.0730224922025606,1.9851702489354963,21.99433708190918,1
148.86656046511587,1.239064581421485,1.1857810822964236,21.051040649414062,1
149.06171565206347,2.373040690307682,1.0533955956596286,20.429534912109375,1
149.3610982644522,1.2900252606218972,1.82158523740833,23.241548538208008,1
149.98598922005223,1.6172635376909923,1.1243748244341871,21.21782684326172,1
148.892598388339,2.401195347915479,1.6633531802403936,22.410640716552734,1
149.07092824589282,2.4838204371559347,1.4049657540286236,19.12696647644043,1
149.94003315160077,1.5089462147815262,1.1067099481407436,20.109580993652344,1
148.53765510369675,1.726584318495766,1.661800664744179,20.712005615234375,1
149.0639584433095,1.6408325168058555,1.1819592988279517,21.26373863220215,1
149.2696073043729,1.9299117856916443,1.8623755597884857,22.77071762084961,1
148.8467633132222,2.2209611123669863,1.540930924369705,21.330032348632812,1
149.43296220584546,1.4124584067911867,1.9400763050796592,23.14432907104492,1
148.2685912173704,0.5968417880031197,1.5266578944169296,20.468915939331055,1
149.08054417032923,0.8208522140978458,1.6435127065346191,19.942956924438477,1
148.20499919450347,0.7500469952833605,1.550683792719128,20.15607261657715,1
149.09239198898487,2.056238471306176,1.7681850289450862,23.36372756958008,1
148.63616362513554,1.2210312591608246,1.632841148894344,19.528846740722656,1
149.61569426691898,1.0730224922025606,1.9879212372700683,21.99433708190918,1
149.54984276244846,1.258126000130227,1.5852591363663784,21.425994873046875,1
149.15134490660836,1.8433695996049355,1.4254135906442456,22.45870780944824,1
149.88425488509804,1.5023909678146563,1.7691627870082138,22.149927139282227,1
148.95242864974745,2.354621729853817,1.618425671268614,21.246129989624023,1
149.1441212991269,2.3455852930429644,1.356830198983531,21.973867416381836,1
149.16480099938747,1.716847098507751,1.5549615547159967,20.743900299072266,1
149.6155343503658,0.703881227421138,1.0661260200688134,21.648712158203125,1
148.6481751738675,2.2784535868521627,1.5407204222891295,21.897855758666992,1
149.7658688655042,2.054612332577603,1.2474880990516215,22.437103271484375,1
149.15373821795205,0.967874878440878,1.1981271886760927,22.23460578918457,1
149.31204568960052,2.2143980388309137,1.7311721704211294,22.84549903869629,1
149.27681458831415,2.2169114884771313,1.8485358375500105,23.220335006713867,1
149.9888366371243,1.5090950964211196,1.248825414722199,22.263526916503903,1
148.87001678903232,1.8791533543617904,1.5537235576647466,21.81995964050293,1
149.97410936689786,1.6434860103900373,1.0296720116969589,21.221332550048828,1
148.47927422254986,2.3527774598376348,1.1640980386013116,21.50613021850586,1
148.785025662825,1.709411292410512,2.10920427391738,21.030372619628903,1
148.50903261171453,2.1041596336782593,2.454313127381491,22.98026466369629,1
148.84990694833868,1.6150939491777732,0.9951896177524966,19.47090721130371,1
148.8467633132222,2.2209611123669863,1.5425027606200157,21.330032348632812,1
148.7459156846959,1.2090850099785666,1.4641002941295496,22.202749252319336,1
149.38134018772342,1.4941799103586313,1.1610155997527072,21.25070571899414,1
149.30374256086776,1.8215000247961015,1.181889903339385,20.58702850341797,1
149.4559331083786,0.7977245517329422,2.756724598079724,19.892024993896484,1
149.4679859927665,2.3392138624010097,2.0504756907870956,18.40963363647461,1
148.3726849177607,1.8933541107245748,0.9483647371162128,22.991744995117188,1
149.8959539681821,1.292850758185133,3.227256972385929,21.62576484680176,1
149.41793601050497,2.2657286242061123,2.6835499477408664,23.21161842346191,1
149.5290767903279,2.380133542315632,3.0963276879637256,20.80255126953125,1
149.43243214586278,1.4320345889488428,0.9828354127329492,20.87100601196289,1
148.4687361652082,1.7580766042508194,1.4699032464003956,21.39888381958008,1
149.42708354675804,0.5681979852687692,2.408463132125645,21.45840835571289,1
148.73818047105306,2.3838156480502333,2.443649687298556,23.331024169921875,1
148.96828862857257,1.5084758798649929,1.338294294277286,22.082761764526367,1
149.36499664710584,1.4615228298994851,1.3577203415108945,22.620445251464844,1
149.07434486382064,2.5463235084050466,0.1012319870220234,18.29955291748047,1
149.57307715985968,2.327359813106755,0.7311672941600179,21.155385971069336,1
149.1562494817129,1.0334222903245494,2.0816661731277484,22.0382080078125,1
148.65160732106713,2.1253947040702785,1.80874856020264,21.53780174255371,1
148.35877532141524,1.5774229547689371,1.5947216046257466,20.935571670532227,1
148.99873968984414,2.1048242078454247,0.8312648466739532,22.71116065979004,1
149.48113489609065,1.2396914902333742,2.254109095028092,23.120187759399418,1
149.38573082108712,1.0465690623001602,1.9039650447871663,21.334651947021484,1
148.5629993000932,1.6477436578326514,0.9128444104661668,22.228740692138672,1
148.85754784762923,2.136669445501152,3.1412122297341174,22.458276748657227,1
149.25771324768235,2.2948752289019474,2.1399070905177076,22.575605392456055,1
148.8793862297781,2.217966154324244,0.9800706071115508,21.783605575561523,1
149.33061884204224,0.8324330273470715,2.1411215937110883,22.970287322998047,1
148.99024327833888,1.9853116424422124,1.976785913376192,23.236595153808594,1
148.85690137661777,1.4023459880426243,0.6840135343813513,20.787858963012695,1
148.38996923323265,0.5240778263362967,1.3176700109861488,22.440628051757812,1
148.4906797291104,0.6771785796567652,2.863606431310787,20.74654006958008,1
149.49962601600492,2.2761892071189136,2.439139720154441,22.46877670288086,1
148.45980001758434,1.4022691918800918,0.5473088133107702,19.61850357055664,1
150.05707605546905,1.5096344853720547,0.8526499451716574,20.461658477783203,1
148.8773159026784,2.281349343897801,0.7477921177521061,20.30035972595215,1
148.91294217684433,2.328044945910036,1.723288774064396,22.24935531616211,1
148.96582305907896,1.5188427209450772,3.199511780353775,20.381738662719727,1
148.95610511372251,1.8266968057592288,1.5450498948169815,21.792463302612305,1
148.6620992631046,1.017581095604584,0.5416349739890168,20.580089569091797,1
149.00873389245154,0.5866846283813939,1.015012545031651,21.749340057373047,1
149.90037803182574,1.2461330683060303,1.8704534795989691,23.54218101501465,1
149.3625473494235,2.3328088864579493,1.0046561468891626,22.023008346557617,1
149.58910373471446,1.5562876788190296,0.4388347375007887,19.80322265625,1
149.6708249258924,0.7775601785841528,0.4789758145029449,20.48452377319336,1
148.74415651115774,1.775316907562168,2.4148276467174137,22.90150260925293,1
148.95539545068456,2.2933359420429547,2.240396828610751,21.2149715423584,1
149.95225145998876,1.2454467768064346,1.0296927105883626,21.235122680664062,1
149.8219205145591,1.8386281680928025,1.3528238945239792,21.04916000366211,1
149.11595285109297,0.3742555488397533,3.062446872731888,22.598468780517575,1
149.089580114011,1.756167900126081,1.0970135839730977,20.909671783447266,1
149.39614588097854,2.0344622116895583,0.7218015885847631,20.733179092407227,1
149.07827411388735,2.074583087331619,1.6444120121429286,21.761327743530273,1
149.68745971918491,1.8126374093942896,1.2149125316345302,22.46139335632324,1
149.00950541577643,1.182258071850939,0.6737357581253747,21.986188888549805,1
149.93758205195232,1.474652531729682,1.028023060388276,20.628326416015625,1
149.67514259207286,1.982723846097804,1.3335361119827702,21.681381225585938,1
149.44461455542233,2.119923919146415,0.9865113211529406,20.659120559692383,1
148.12118584208469,1.0488353981479015,1.5634696659967773,21.435001373291016,1
148.7002222225115,2.453448838412721,2.2957279533112076,22.917301177978516,1
149.3758913520521,2.0261508165972626,1.0169702038592576,21.296796798706055,1
148.55146062670053,1.5004360592992592,0.2856281158731916,20.0108642578125,1
149.0911138770561,1.0898049024198948,2.3896574021268284,21.630416870117188,1
149.24930302841727,0.8675213444955919,1.4926871124569023,20.83251190185547,1
149.6386364104342,2.288976879420031,1.9187648457843265,20.46696662902832,1
148.5337862235528,0.6917894615847408,2.998442431084626,20.907785415649418,1
148.49417472087003,1.8123641427248096,2.074616089551258,22.63612174987793,1
149.24485136952237,2.0216740247670337,1.5529968283330942,21.47107696533203,1
149.55555399906066,2.0933637142006094,0.7022581493399953,20.66808700561523,1
149.12673945136964,1.1826919577387065,2.7773784441879523,21.23703956604004,1
149.81105388736768,1.6097437700998158,2.422861775744671,23.035493850708008,1
149.5636837834201,1.7940397120503615,2.205021029461379,21.926759719848633,1
148.86230727163962,1.0312823205952777,0.9787788919811996,20.636598587036133,1
148.5470007472409,1.0061872873061215,0.5462591541662027,18.85628318786621,1
149.46735767844652,1.8555742922802216,4.154164038328373,21.51243019104004,1
149.04469689543615,2.0550298915018996,2.7092174942494007,22.120281219482425,1
149.7882795967966,0.802313010378313,0.7804123099057275,22.36465072631836,1
148.8566197435864,2.349308692427655,1.0798827620239209,23.081214904785156,1
148.306732727871,1.268929397214528,0.0994331392121429,18.15249252319336,1
148.17417459530046,2.036282170584698,0.7183727346029053,18.73311233520508,1
149.2479094075021,0.784017595823078,1.3643083391732225,20.38045883178711,1
149.5340314830536,1.9065390468658272,2.5051874031650905,22.720375061035156,1
149.73425556300285,1.471345583657453,1.5572374008415224,20.472597122192383,1
149.01099830924994,0.5419761212836308,2.201698662310242,22.666515350341797,1
148.43843755736776,1.7144250273028598,1.656679393072068,19.770009994506836,1
149.0455846618823,2.4406632094229135,4.65187314574102,22.504417419433594,1
148.22790835563234,0.7622909515528393,2.353595770802633,20.656213760375977,1
148.53763634876051,1.7035699134994622,1.6548507370963363,20.039779663085938,1
149.5197664731532,1.272003995688754,0.7810495486220003,21.774961471557617,1
149.01618435031116,1.429116176784098,1.4706676893497443,21.212629318237305,1
149.93124841871293,1.4091365011102364,2.470169913761177,21.906578063964844,1
149.50506855636917,1.3711492579797888,0.4488167757246793,20.2053279876709,1
148.322112872108,0.9983426218598956,2.348298389714361,23.111122131347656,1
148.1598816286029,0.7715559930072433,2.2375172510915555,20.93908309936523,1
148.90467431952962,1.5741113037164922,2.5114443859184283,22.881681442260746,1
148.8297715287921,1.4172481607400096,0.6650505804245543,21.734771728515625,1
148.64645520304498,1.1343300025497445,1.9525378238819415,22.389110565185547,1
149.64477251389656,1.75064999050213,1.9040538583165685,19.444320678710938,1
148.4954386406005,2.4294458303893665,2.2755214979484286,21.453258514404297,1
149.85891558997295,1.263191911968814,1.4080452395016043,20.526912689208984,1
148.1705163266656,1.9408661199297457,1.466858451575623,21.204130172729492,1
149.11744628272467,2.288375818759729,1.3040870778839817,22.59751892089844,1
149.4092501465309,1.2290641852651316,2.7737431232958523,22.95236587524414,1
149.86341718404628,1.5108567450247472,1.6519960448379931,22.994686126708984,1
148.89988338517242,1.0756424099754978,0.9851032969904802,20.83474349975586,1
148.91051721777882,1.641683848823676,2.495860040862295,22.598106384277344,1
149.9888366371243,1.5090950964211196,1.2485747748770424,22.263526916503903,1
148.9174646120069,0.8117121993378678,2.0214284308833177,18.772478103637695,1
149.5636837834201,1.7940397120503615,2.205128221207013,21.926759719848633,1
149.0165127805004,1.7421719703224396,3.2966934241540353,22.57882308959961,1
149.47909511991872,0.6746104813128844,2.3254106549643856,22.109548568725582,1
149.28983157009986,2.3173989329820324,2.1077759811951724,21.587242126464844,1
149.48603978189414,2.122052625247236,0.95388798482496,20.193883895874023,1
149.79297198303956,2.1256230108127565,0.3537111850041244,18.863439559936523,1
149.3041823063865,1.4239091801005783,1.9948805317258889,21.49003219604492,1
148.17966501793086,1.6621188310579265,2.1648793583712775,21.890567779541016,1
149.24263212269906,1.188358455528323,2.9955982577893705,23.085859298706055,1
150.09109476953836,1.2277990222964423,2.0223354360635812,22.373584747314453,1
149.9362815337723,1.3033990253583403,0.732231049772548,21.550800323486328,1
148.71823103979426,1.6301545781878293,1.9401885372236132,22.826902389526367,1
148.87456913534362,2.520812265032628,0.9638014723364242,19.81237411499023,1
149.85646548908474,1.2590749816575213,1.6962866674937576,18.66141128540039,1
149.50602267366463,1.809131024204076,2.4000581175964384,22.47109603881836,1
148.92256295264048,2.500907312579566,2.1279932873011265,22.300724029541016,1
148.2612709674209,1.62611299551722,1.5727904942741258,20.328977584838867,1
148.17320073245313,1.0604887090489312,2.0799291600154786,21.092973709106445,1
148.68745387003364,2.2894235995941727,3.5779179208459544,23.20516586303711,1
149.30841577200545,1.5293046109102033,2.139894155066338,21.3171443939209,1
149.7156038113353,2.0164981513353863,2.685758881270511,22.430498123168945,1
147.9114533223693,1.4629210334279237,2.09445125871558,21.21449089050293,1
148.84893883487055,1.4578007068887235,2.1346213355744004,20.621564865112305,1
149.04469689543615,2.0550298915018996,2.705029836960355,22.120281219482425,1
148.85998240889103,1.0164605482081572,1.6611719412965429,21.569244384765625,1
148.7843845174713,1.774340735533709,2.638795815125817,19.26741600036621,1
149.58254823418383,1.1133862321036905,2.180412697117992,21.783578872680664,1
149.54136063631142,2.1826900797976583,0.8369050477627005,21.523353576660156,1
149.20268882068476,0.994112294506248,0.7641355669227249,21.279747009277344,1
149.45701575500215,1.1608684337551642,2.101930069346023,22.16476058959961,1
148.42395639634867,1.6257380488752615,1.5728517435688203,20.480592727661133,1
149.86202492735657,1.8948213675312489,0.4443388842583312,19.361812591552734,1
148.35167713275823,0.6194183273940874,2.6065941126291516,21.18382453918457,1
148.35496080754558,0.939888330184981,1.4447436531572364,21.4139347076416,1
150.04739799392655,1.4231696286032658,2.5069588966916667,20.99199485778809,1
148.93101702084513,1.0938429896861512,0.6426398243223038,20.39813232421875,1
148.44127088578034,1.8228078804363244,4.6622012587662685,22.21733856201172,1
149.06141480985804,0.4963993914413815,1.8272154202376776,21.839534759521484,1
149.3491708328144,1.9375700224944237,1.3700308309163998,19.9993953704834,1
149.17610108164928,2.0814561614966296,2.7941564973991007,21.922029495239254,1
149.35563169805351,0.7013729395369357,1.6312920958362316,21.749710083007812,1
150.0557019629375,1.200889004967334,1.8040525935896268,18.669933319091797,1
148.6285778911017,0.3666471365787245,1.7534531724715292,20.773029327392575,1
149.05408,1.3201331,2.378462791442871,21.326536178588867,1
148.57060219723925,1.8620056439515709,2.0825207142457924,22.922435760498047,1
149.6470211294942,1.602509767430195,2.8310444173263956,23.41460609436035,1
149.95847413565656,1.2061593313424646,2.111383853256882,22.056713104248047,1
149.7015145432715,1.6383442228357612,3.195577623012516,22.44425392150879,1
149.7118436551171,1.1251519970029618,1.443190940861539,21.07062530517578,1
149.34871283526772,1.2496471401594875,2.484054797392434,19.705827713012695,1
149.73425556300285,1.4713455836574525,1.5582656784235924,20.472597122192383,1
148.35930484793334,0.546469094995929,1.8754750073330064,21.27878761291504,1
149.06060155930373,2.524418660663522,1.251363647531095,21.128877639770508,1
148.86732149007312,1.242320917041935,2.5622693568527968,23.39242172241211,1
148.94466377780216,0.6787472355902203,1.4154078577156748,19.3466854095459,1
149.43243214586278,1.4320345889488428,0.9827041213528538,20.87100601196289,1
149.6536701456066,1.5512762908536466,2.204115801977306,23.011964797973633,1
149.22100298952964,2.067518757718668,0.8373258551451453,21.083763122558594,1
149.885523645568,1.4462082237203626,0.3607206585710664,18.67953872680664,1
148.7492899170713,1.5340693666958074,0.9884310216000466,21.648775100708008,1
148.20335934489324,0.8253956087724259,1.0787070374343912,19.949462890625,1
149.99272049614845,1.1467685591678085,1.030025034880902,19.831148147583008,1
149.85194998551816,1.9984186693932169,1.2417970620858232,18.4677734375,1
149.6165003169054,0.5686444566387074,2.355477495766198,19.69418716430664,1
149.49334552330785,2.2913917154005787,2.4227250057301934,21.861303329467773,1
149.23952373402247,1.0052049336224582,1.6150871685107986,23.510746002197266,1
148.43269333549472,2.29989340162531,2.147127228191406,22.536197662353516,1
148.6814341591742,0.6218684845561385,1.1310876480204155,20.41147232055664,1
148.9206453547607,2.1276827534661247,2.219392479158395,19.197708129882812,1
149.06604465734532,2.4109317825800947,2.473582433547888,21.608604431152344,1
148.9913857958248,1.295533766912362,2.118728076267424,22.13804817199707,1
149.4679859927665,2.3392138624010097,2.05033871411032,18.40963363647461,1
149.32969186725936,1.5805318304791247,2.0932188986289075,22.626256942749023,1
148.69718402182482,1.235129022079952,0.7724107482049176,21.82319450378418,1
149.0911138770561,1.0898049024198948,2.389952137875539,21.630416870117188,1
148.43269333549472,2.29989340162531,2.1461046294291406,22.536197662353516,1
148.09716138298108,2.0407082204366627,1.3009755601911406,22.83001708984375,1
149.56220800955953,1.1236108185074216,2.926242898985294,21.701751708984375,1
149.04480800423798,2.3557963946171707,1.550255998757296,22.14672088623047,1
148.99873968984414,2.1048242078454247,0.8311475415414346,22.71116065979004,1
149.97824628653623,1.5351367340979063,0.481596518734639,20.345569610595703,1
149.18076539017693,0.7017553953496884,1.3471893616219788,20.20748519897461,1
149.12050283247032,2.5377828473857384,1.6951978094814857,23.250017166137695,1
147.9543772877754,1.4899833129128577,0.892185089574682,20.088886260986328,1
148.5301608382792,1.9651283973492033,3.1627719212040986,20.364940643310547,1
149.24716311784798,1.876717611664934,1.5564776538000469,20.601457595825195,1
148.27474103171713,0.959584455531128,0.8158235913984818,21.277496337890625,1
149.19924204314626,0.4477367773869811,2.3927687248316993,20.48141098022461,1
147.98458,1.2282947,2.364756345748902,18.738679885864254,1
148.18712749510175,2.152299314662836,1.3887191446448306,20.777660369873047,1
148.87304752183204,1.36162483108299,1.1221733410117531,21.280961990356445,1
148.49621478862042,0.8932284218060345,2.577171333114017,20.462303161621097,1
148.44015913162173,1.518466285939908,0.5290933965218556,21.072294235229492,1
149.5340314830536,1.9065390468658272,2.506421674857122,22.720375061035156,1
149.17610108164928,2.0814561614966296,2.7932586602582568,21.922029495239254,1
150.04739799392655,1.4231696286032658,2.5064334848502368,20.99199485778809,1
149.6536701456066,1.5512762908536466,2.2017178650394076,23.011964797973633,1
149.30841577200545,1.5293046109102033,2.139060378879498,21.3171443939209,1
148.8568484500612,0.8613076247728721,1.729999000458318,21.222064971923828,1
149.4135777482248,1.9259316912026432,1.815605863011341,22.84129524230957,1
149.12140215209254,2.41516490674472,0.9425716435408388,21.28297233581543,1
148.42410117470968,2.113556366947849,1.6713045126026274,21.94551467895508,1
149.10295760554632,1.041614781347985,3.8459293195817144,21.84929656982422,1
149.0698348610997,1.518045468210094,1.1154843027064325,22.736652374267575,1
149.7062521565799,1.519879727226235,1.955555604968113,21.80051612854004,1
149.23725266580368,2.273262530662164,0.3543529226784327,19.525239944458008,1
149.30338351585706,1.168348903517234,3.255984891086676,22.75872039794922,1
149.0414983628257,1.6843583073052233,0.7500330262711553,21.14506721496582,1
149.10248516138316,1.909637580887741,2.0991586353446543,22.385957717895508,1
148.70676435689768,2.2415530062091937,3.290414844676119,20.24345588684082,1
149.1357508423193,2.546992435435046,2.2663544697267204,19.91158676147461,1
149.77910476684542,1.9284862506061309,2.414033779844762,23.772661209106445,1
148.85998240889103,1.0164605482081572,1.6609166122581416,21.569244384765625,1
149.95771930512487,2.003079350709317,1.811524822216628,21.115264892578125,1
148.84231858637642,1.4733155295454732,1.071082922978572,21.77947235107422,1
149.05148496585056,1.2257155490177256,2.1277644360830883,22.26119804382324,1
149.40851747757603,2.325472276818055,1.2635635549014137,20.663837432861328,1
149.06347538110288,0.6492434681401119,2.54683721456076,21.157943725585938,1
148.98383781219505,1.603917291365195,2.3088978696371343,20.677684783935547,1
149.20013986239323,2.2126730305884306,2.189460253272743,21.059303283691406,1
149.48271322280183,2.4034027091291783,1.414471271644776,22.40909767150879,1
148.9774947537344,1.5211817965418264,2.185101834978822,21.45393943786621,1
149.20677538446034,0.9603255863962668,0.8438281150584709,20.52996063232422,1
149.82540510520232,0.7965313107712663,2.374683409452348,23.739521026611328,1
149.41120798183923,1.1941718147376283,0.9030181126231458,21.96619033813477,1
148.87522857941087,1.1926272926019812,1.6647172406266575,23.325590133666992,1
148.8434201379293,0.3345060021366612,2.8793654161765123,22.05065536499023,1
149.3041823063865,1.4239091801005783,1.9945905441409268,21.49003219604492,1
148.7616013047291,1.66768522251324,1.703836652329657,23.061891555786133,1
148.74271999985174,1.938057824631653,0.7470286763235053,20.00550079345703,1
148.2051691108395,0.6987993828347792,2.6096399313353653,20.687007904052734,1
149.09471841176057,1.4745060304698112,0.3720692356100528,18.408863067626953,1
149.79849389971483,1.4341751774703444,2.1773243505617095,21.89246368408203,1
148.892598388339,2.401195347915479,1.6634363836213344,22.410640716552734,1
148.70676435689768,2.2415530062091937,3.2903738438519445,20.24345588684082,1
148.9407771973764,0.8107400393097083,0.5910786392694171,21.4586181640625,1
148.6277805473701,1.0632624345782844,2.409176606121191,22.28199005126953,1
149.82270259883103,2.0896366324154347,2.0464512569107645,22.299522399902344,1
149.7156038113353,2.0164981513353863,2.685702848926893,22.430498123168945,1
147.92712264878722,1.1024250770848043,2.3860392130381505,21.160396575927734,1
149.58065414656636,1.5918178401459868,3.0557323225550563,21.56990623474121,1
149.48113890951,2.4003289854652454,0.928175321267572,21.074308395385746,1
149.5453321365733,1.6681003857971373,2.1003328214674477,20.011568069458008,1
149.4679859927665,2.3392138624010097,2.050365483184551,18.40963363647461,1
149.87422366769917,0.8447824904439754,0.99865086104014,23.35886001586914,1
149.9943565275912,1.4613294053113108,1.1603694842156538,22.134044647216797,1
149.29114345857352,0.3936777098159117,2.0806644886248784,22.02907943725586,1
148.82557184525467,1.3135601007671824,3.2217594236260303,20.981426239013672,1
148.86534622389357,2.453089417622722,1.5096389857093648,20.740650177001953,1
150.05183289790034,1.6827519937237008,2.2735813321881353,20.35416603088379,1
149.05148496585056,1.2257155490177256,2.127983424139687,22.26119804382324,1
148.36232369564,1.8106708892549368,2.1595371129337293,23.28040313720703,1
149.78162314668896,1.093849918177268,2.7815443569320086,23.194990158081055,1
148.45683202391214,1.966735154693682,3.7984463869129694,22.385467529296875,1
149.6205590027916,0.6588590939792487,1.4063626611961324,20.007110595703125,1
149.25960227271707,0.7525218291699327,2.233749759857635,22.18151092529297,1
149.89509987365187,2.047196861510691,2.189791147852279,21.897357940673828,1
149.3491708328144,1.9375700224944237,1.3715106477417052,19.9993953704834,1
148.98573143451412,2.154454065992483,0.9327631223758333,21.045644760131836,1
149.9451070506115,0.8218520942100302,2.252446221442149,18.06807327270508,1
148.57391625830405,1.0442324840333408,0.7379455191297358,21.87349510192871,1
149.81686561786495,1.8467085294590424,1.0339883591712116,20.821475982666016,1
149.78162314668896,1.093849918177268,2.781287844842552,23.194990158081055,1
148.45387543013535,1.9323787095943177,1.4092378041341755,21.57600975036621,1
148.84392560746852,1.4786666728927251,2.4364462376946645,21.137807846069336,1
148.22824958527133,1.6609035097418203,2.6201818301286117,23.696025848388672,1
149.57049543266558,1.0487556109875822,2.315027417199703,20.530168533325195,1
149.55814466175062,1.6166282738315318,2.7454957767674695,23.713607788085938,1
148.50903261171453,2.1041596336782593,2.45435911240854,22.98026466369629,1
148.89193500399327,0.9036179219572296,0.9803630116655024,23.18651008605957,1
149.10295760554632,1.041614781347985,3.845781732559918,21.84929656982422,1
148.85935684486594,1.780959305880962,1.7288936705111493,19.42241477966309,1
148.89973006509854,1.9212855799794912,1.5441628568259471,22.695680618286133,1
149.45701575500215,1.1608684337551642,2.1010922791203805,22.16476058959961,1
149.4473544675702,2.148362894304757,1.4790946611051563,22.59991455078125,1
148.28541615078694,0.7138131230254177,0.6438510106898184,20.477140426635746,1
149.13818206081908,2.208148303173302,1.4309733901042645,21.988311767578125,1
148.2141471736688,1.474449695474525,0.9636666145280272,21.72831916809082,1
148.7265638490021,1.6743070641652131,1.4946652930129,22.35899353027344,1
149.30207852998305,1.2839227105983444,2.026459756512794,22.875537872314453,1
149.0883904129632,2.1227960951942793,2.2455155826072137,20.58898162841797,1
149.804498322602,0.9487032569232284,2.370698308393711,22.81376075744629,1
148.0897239712407,1.8729408233311209,1.830277435386718,22.378562927246097,1
149.60689728905876,2.341640292687177,2.396268915250345,23.085657119750977,1
149.1510732642766,1.7257400209387177,2.399129005858033,21.1540584564209,1
149.46838956627087,1.397846085640256,1.9945508403929777,22.56604385375977,1
148.6407863748076,1.875666946296099,2.3479789359916663,20.704092025756836,1
150.05183289790034,1.6827519937237008,2.275461310000888,20.35416603088379,1
148.37996482600352,2.0922150627962837,0.6901992732609147,19.95848274230957,1
149.41250756506037,0.7911682724335306,2.818807001185875,22.65273094177246,1
149.56220800955953,1.1236108185074216,2.9263290892384393,21.701751708984375,1
148.98020264609266,2.464770083138656,0.793990689321199,22.20563316345215,1
149.3580806707791,1.0937065220071722,0.8995070072221819,21.09907341003418,1
148.4228542250662,2.125956803718687,3.225297150542034,21.469341278076172,1
149.06181037134357,2.1965172433939295,1.8500614677936131,20.373035430908203,1
149.3680388798336,2.4283650386144413,1.5342753923477428,19.433395385742188,1
149.12661895566413,1.1356992246033166,2.1656166213008214,22.06392478942871,1
150.06626690444983,1.1338198627987337,1.5291249999006822,21.351728439331055,1
148.34536641909634,1.217722411970766,2.295763300787976,23.27396774291992,1
149.38134018772342,1.4941799103586313,1.16113547087079,21.25070571899414,1
149.07434486382064,2.5463235084050466,0.1011985397710183,18.29955291748047,1
148.13456954860658,1.265712150337234,2.2401518977964368,22.59219741821289,1
149.30983403456543,1.2281670830888964,1.3601118924016828,20.164772033691406,1
149.59270686360674,0.906848531413784,2.0254398635136446,22.90171813964844,1
148.14269249830727,1.1107363435534108,2.7752980287412328,20.878244400024418,1
149.64993227417102,1.865853872272749,2.9348526652459728,19.720617294311523,1
149.74450948624244,2.0275130872087317,2.4621993785717273,19.37137794494629,1
149.0883904129632,2.1227960951942793,2.2460837272121643,20.58898162841797,1
148.8899231034712,2.2261199001510867,1.148340172125926,23.59381675720215,2
149.1828363748955,0.9290065773045808,0.5568203455424864,20.483325958251953,2
148.94505382010826,0.4816323979114899,0.7875557517074421,22.70619201660156,2
148.72925325232305,0.7139887216465605,0.0130789624021091,20.32525634765625,2
148.7440529794951,1.6264667902113064,0.9546170682620368,22.858678817749023,2
148.8210461932639,2.4202779788694495,1.5397509065712398,23.79006004333496,2
149.42475705432656,1.979841255805051,0.864970225635263,23.62485694885254,2
148.85228399848998,1.6818417748508878,1.181968698648532,22.790109634399418,2
149.90256284913025,1.3410688809379143,0.840658314698786,22.89161491394043,2
148.7948557152589,1.023716381717121,0.1097873214563792,18.52420234680176,2
149.05169638201846,1.5448170485540205,0.7514083342171106,23.238605499267575,2
149.11774646971685,0.4690564678934049,1.3481429775877245,23.32759475708008,2
148.5094330205074,0.8168946715002808,1.331704561848453,23.142032623291016,2
149.39217075890457,1.6432920988983062,0.0471509546421742,17.774797439575195,2
147.88916118292386,1.5599012504908796,0.1003435559818604,19.644853591918945,2
148.9789532927517,1.741319899492688,0.0970107968936156,21.32683563232422,2
149.82498434127092,1.999173993332955,0.6940351152702245,21.92095375061035,2
150.08822500065418,1.6589352271010471,1.59505716235089,22.6925048828125,2
149.0077178881317,1.8098051290970865,1.0753521808596067,22.995973587036133,2
149.31587303705112,2.4337264377895846,0.9416759913177152,21.461349487304688,2
148.84665995088318,2.058713791729828,0.952493066086436,23.373170852661133,2
149.0742336089127,1.9768214556749808,0.3104663200318278,18.670019149780273,2
148.9405415005325,1.9831041027447984,0.0627134968909068,19.987049102783203,2
149.59829849026437,1.9859347939098253,0.3115162924274599,19.53604507446289,2
149.6534523157627,2.1324007229542095,0.8910917867999688,22.9029598236084,2
149.1722992681371,1.3057006891674163,0.6826407721732186,21.472984313964844,2
149.31787803615703,1.7483620548318377,0.394819928676077,19.90345001220703,2
149.12794980408862,1.5302688439577792,0.6676725654779373,20.98642349243164,2
148.56509016659766,1.7079604195549591,0.0979334124468139,20.128156661987305,2
148.5743659592998,1.9981599157865344,0.929897823434176,23.484649658203125,2
149.1561580482873,1.7249126656625788,1.4963141553723185,23.669036865234375,2
149.67524415952985,1.3864912351711576,0.6766928136798073,21.475341796875,2
148.64379511026675,2.438749860080955,0.8833461547718617,22.673770904541016,2
149.62249632058615,1.5476102989966134,0.8461293744115564,23.031402587890625,2
149.77324542370064,0.7074161225617066,0.1688375652671203,18.59784889221191,2
149.38196551090616,2.2715182662014053,0.9471246886213692,20.762666702270508,2
149.6534523157627,2.1324007229542095,0.8911172961729347,22.9029598236084,2
149.6755175885115,1.8123405655788984,0.1300706464168089,20.81888961791992,2
149.31830036794975,1.193179472735546,0.0632792222573157,16.90497589111328,2
149.0820721267832,1.9644492814304424,0.9662853841196962,22.35076904296875,2
148.1879906374579,1.720575237856122,1.4749843271940082,23.423686981201172,2
149.2558724537186,2.5226889188594543,1.4596746983075637,23.51051902770996,2
149.75062963088408,1.7856793403440587,0.3387206134671779,19.925825119018555,2
148.93355916110406,2.5527130690178117,0.3749032998379006,20.889713287353516,2
149.6958474401774,1.015498213449309,0.1676087643045243,18.548410415649418,2
149.63314389700054,1.5947107527081594,1.1321051203067187,23.31514358520508,2
149.6993894373551,0.7921736435332951,0.7314041087077896,22.959341049194336,2
148.58479168058682,1.6429392085723644,0.912950248035753,22.993486404418945,2
149.4839070396253,2.0260785605415443,0.861767603485247,22.823877334594727,2
148.47996999999998,2.0435477,0.600210964679718,21.588884353637695,2
148.8989159866091,0.9138881336911616,0.1370787731391599,21.975648880004883,2
148.5702776366087,2.4233966831395763,1.3944334450353628,23.10485458374023,2
149.95200220405576,1.1581061888148712,1.667232892454919,22.973892211914062,2
149.66464447821045,1.4297357857922712,0.3685002750875603,18.984159469604492,2
148.6227232182393,1.8629833852797288,0.2547152956000527,20.100385665893555,2
148.7246263216643,2.464416749579013,0.2025617523767437,19.59613609313965,2
148.94131823261506,1.8576380621709043,1.306630070707454,23.12648582458496,2
149.7441915602075,1.244016744882567,1.349307559667798,23.46754264831543,2
148.9987538322574,2.3233140852677767,0.079636045076596,19.65465545654297,2
148.9010876683638,1.9813144382636776,1.1200450493263798,23.127927780151367,2
149.32191344854328,1.471685858765558,-2.7704522391476527e-06,23.21468734741211,2
148.33130159150164,2.065150889565965,0.2813256728422684,19.76026153564453,2
149.52829893071248,0.9307262280080376,0.2203425674396481,18.08821678161621,2
149.10059044237144,1.1603745512665755,0.3064254440305865,19.78183937072754,2
149.23996261154625,0.9396580168397434,0.0801070980767733,20.82319450378418,2
149.07806991707682,1.086807918422425,0.3546779636211881,19.621726989746097,2
149.4718384412213,0.8048794975379231,1.5204620743302295,23.432870864868164,2
149.4598755926689,2.373780571863583,0.2170292072551525,19.67314910888672,2
148.88676099115978,1.43701731876059,0.1882840422340749,18.82317352294922,2
148.65840002610693,1.8046858996928856,1.2160663825193363,22.285449981689453,2
149.68369422611602,1.0664630852164148,1.266380378790839,23.350187301635746,2
149.22913726848915,2.2525422364504863,0.2501291057618835,19.492456436157227,2
149.6122431590544,1.3500062279917926,0.1308269537499428,17.863061904907227,2
149.03522306924998,1.5352285706311783,0.1674701181481386,20.799718856811523,2
148.96123397357647,1.883887038880023,1.1190260114268598,23.729124069213867,2
149.70114479349104,0.7327634049963717,0.3627476762686042,18.8504638671875,2
149.42676323977807,1.3215186950227351,1.2916110074928282,23.750442504882812,2
149.30129308860438,2.0132552787521454,0.8979967650452554,22.321748733520508,2
149.0899905701415,0.5319716117026921,1.0301548205827002,22.682897567749023,2
149.39677726499602,0.487158680136083,1.2354367010400145,23.756563186645508,2
148.42165205147927,1.7120924582023411,1.5425053635374433,23.667160034179688,2
148.83341453537307,0.7231480668464808,0.214247758169232,20.183324813842773,2
149.94679174113628,1.374811487742101,0.752334161373731,23.15276527404785,2
149.6084444462548,1.8436033871759836,0.087607376204887,19.473617553710938,2
149.33780652533818,0.3738635298682355,0.5304111901135297,20.08283042907715,2
148.1870466832654,1.9119674229298929,0.4852326204030111,19.552427291870117,2
148.76473239690998,1.274477328517664,0.7514631032590217,23.16904640197754,2
149.00370211534909,2.1859667904966766,1.0294688809695434,23.209867477416992,2
148.6064657803458,0.4500667353352227,0.7743852066964783,22.98041534423828,2
149.30379615548168,1.6438546867283437,0.9512629334314902,22.777074813842773,2
148.90696295033734,0.8986646633940487,0.2208159825910109,19.651775360107425,2
150.06456690366014,1.4385865950461472,1.6124387737350985,23.528629302978516,2
149.24332747532148,1.9478924066969825,1.2868135881408775,22.72785758972168,2
149.16401688678306,2.4972855105461234,1.3632117601045148,23.755958557128903,2
149.3496899616586,2.4566013319294946,1.1645169522192935,22.970924377441406,2
148.92561924794256,1.2413828140406369,1.0238609733928576,22.54446029663086,2
149.49353709153291,0.8880208925920688,1.3426531537512516,23.443674087524418,2
148.80866370513064,2.306272443365584,0.483930251134523,20.235626220703125,2
149.46346672925097,2.350452704458991,0.9722043245245806,22.742809295654297,2
149.3417859805039,2.0724937524749647,1.2880388109840588,23.307846069335938,2
148.25061676726298,1.297623543746439,1.4977364136952291,23.903324127197266,2
149.364035689651,1.140314699379207,0.9531622584980628,23.195451736450195,2
148.6316575209421,1.4233903667490324,0.9585402937902584,22.909107208251953,2
149.79173992641432,2.072817167613316,0.9745134085074604,22.95884704589844,2
149.85268105866467,0.7483293843034746,1.271820629867901,22.533681869506836,2
149.1544556427093,0.5426720474045944,1.4636198733410029,23.442537307739254,2
149.65632412154693,1.1786193472683406,0.2376187593349988,19.230424880981445,2
149.38612842117155,2.2158864146511927,0.4796051068991191,22.689607620239254,2
148.58932405705428,1.52086379060112,0.99252048683512,22.93247985839844,2
149.84699124657283,2.1440647708191225,0.9761231188911236,22.591819763183594,2
149.72893500602777,0.8127917555998839,0.0802765368103456,17.347145080566406,2
149.27195104364648,0.9865720197113385,0.7881284696420804,22.202695846557617,2
148.792680806645,1.9819350708085173,0.2086882874722066,18.802236557006836,2
149.4328776073559,2.1553776384312324,1.3656922867466157,23.362878799438477,2
149.4602234521869,2.3583560812479867,0.7090754679744731,22.874818801879883,2
148.94199369414957,2.2866525084711102,1.3050971773745397,23.748855590820312,2
149.9688734842817,1.0563540356639718,0.2373147550599262,18.826791763305664,2
149.55009797318775,0.8741097495661359,1.1741816948560315,23.098161697387695,2
149.7604587486684,1.90312052186,1.1700484490244818,22.8862361907959,2
149.84131200376902,1.7541812115751645,0.123148780937147,22.28917121887207,2
149.63097762074418,1.7025139708118917,0.8027124040141821,22.084266662597656,2
149.30896107313572,1.0812896171867283,0.0636330920199321,23.013612747192383,2
148.91514684465972,1.9028161171196305,0.7496337210133288,22.123140335083008,2
149.02262560993162,1.5356535260036226,1.117661441150977,23.240903854370117,2
149.33809381391904,1.0161140655694527,0.0868676935944091,21.689075469970703,2
148.62983662456858,1.78411161160707,0.0971696499935854,18.546932220458984,2
149.4823974895747,1.920441352297342,0.8780873641934311,23.07415008544922,2
150.06209594610925,1.723607858894843,1.2450401261109103,22.609506607055664,2
149.345255564592,1.2759835924632326,1.4615378387005251,23.017568588256836,2
149.07066389967756,1.5448759020630067,0.3116231761436227,20.257347106933594,2
148.63855995555954,0.7481587106040095,0.5764664254167114,21.455463409423828,2
148.972844931747,1.906305748710977,0.1994324059236008,18.99164390563965,2
148.27554199182066,1.1238579375082574,0.3868867711794747,19.419456481933594,2
149.74226810193755,2.1956060445928265,0.9552846106970974,23.314695358276367,2
148.95744000000002,1.3811096,0.4795221984386444,21.60558700561523,2
149.60535108725915,1.1607304013975908,0.6608763760197512,21.053693771362305,2
149.944386590417,1.4166154444340873,0.3426284211188664,19.3782958984375,2
149.41089272577028,2.1197295781447196,0.9370488365630312,23.10604476928711,2
149.73538984957543,1.1702835885711096,1.2882542778658328,23.60542869567871,2
149.47624292202931,2.051562091125216,0.6273448045008824,21.8747501373291,2
148.702921530203,1.731741020661837,1.2853451412054888,22.59906578063965,2
148.80439342360472,1.907452445802884,1.54227331674705,23.834274291992188,2
148.2492502716729,1.234957281209854,0.2183821124982639,18.57537078857422,2
149.19811598655247,1.0091950269919587,1.0659613518139337,23.845382690429688,2
149.64682445636947,2.1718926934618734,0.945571890178442,22.69564437866211,2
147.93012100539613,1.5421794583444932,1.358308862127371,22.63904571533203,2
149.61447134813508,2.1524379845200303,1.1741315353904127,23.25134658813477,2
149.65322619751862,0.7710839106850504,0.4651545944549741,19.29366874694824,2
149.7478336617982,0.7700154928367096,1.065678144904194,23.20439720153809,2
149.1874835655395,1.3661565217563498,0.1575608791050261,22.316640853881836,2
149.85427378980256,0.9758038230134692,0.8239142433574512,23.128952026367188,2
149.37550790450143,1.0684217585248306,0.4249417695917551,19.03172492980957,2
149.5799458422672,1.462165871809126,1.281895304441442,23.03533172607422,2
149.8857858936736,1.6925190360695337,0.6628506391814665,21.03020668029785,2
149.00796691743344,0.8454893958417974,0.8911293052655682,23.376903533935547,2
149.12541453312585,1.8522646358936992,1.288178182635796,23.547874450683594,2
148.4137363371075,1.0426413083696435,0.4916086592914461,19.53475570678711,2
149.5775085884146,1.8755088343887312,1.2733209280134874,23.06892204284668,2
149.0539234642381,2.1870030068180237,0.3113787801853464,19.59021377563477,2
149.8599066011707,2.148748743468204,0.1652664422078454,17.436811447143555,2
149.23477880797157,2.121778310365302,0.8295307462327344,22.19753074645996,2
148.29692511564883,0.6602137206072862,0.5955738804142301,21.14079475402832,2
149.73895026291453,0.9747591798070644,0.7627510168095608,21.817136764526367,2
148.7448228830983,1.447779907293269,1.6236508842487485,23.413408279418945,2
148.96168498390702,0.5681757856574765,0.761778105135401,22.59662818908691,2
149.8145478489511,1.2415385165397244,0.3710212694556746,19.437610626220703,2
149.2775543339449,1.4080490659752545,0.9518551107488344,23.442899703979492,2
149.58420429067567,1.531369704409527,1.1154689830102025,23.50142288208008,2
149.12327180521766,2.0825049501797155,0.3279070767127222,19.80405044555664,2
149.65401849691492,1.138960617979602,0.6133532541450654,20.059478759765625,2
149.2783944085984,1.1658623322587771,0.0631853013970575,17.335092544555664,2
150.01257654089346,1.3604807271934465,0.6512281336698634,22.84302520751953,2
149.6009010542375,1.7990821358517768,0.9724870632192378,22.833620071411133,2
148.65458567494738,1.700668670001117,0.93407600804077,23.463096618652344,2
148.69599334194783,1.241514140108842,0.7769960740127781,22.153627395629883,2
148.6420319114133,0.6120383564572095,0.0576244634777613,22.665613174438477,2
149.27149937516185,1.8815862048706309,1.0262228493823842,23.56461524963379,2
149.6746901970802,2.2299886165194005,1.0276783562232763,22.425094604492188,2
148.99306736170593,0.617032195114535,1.3357869387629338,22.142839431762695,2
149.5434294218291,1.9850973372213816,0.8958281060890737,22.941484451293945,2
148.94212211196634,1.9354268057570316,0.1915915907337991,18.54696273803711,2
149.6903019094037,1.0333179026761374,1.1098842174454913,22.924468994140625,2
149.0278281308681,1.625529645552687,0.9705260285446246,23.074317932128903,2
148.58147644929977,2.021661468076923,1.4700406411163929,23.25495147705078,2
148.7171147192043,0.5049236607519652,0.973540344915138,22.885332107543945,2
148.58331680759173,2.400272748437062,1.137158669570615,22.929086685180664,2
148.1501887211421,1.017360849591732,0.379709860862003,19.141876220703125,2
149.06147626003064,2.5079522267244636,0.9452027035501152,23.608341217041016,2
148.57732959721156,2.309408892105614,1.019514335797835,23.735864639282227,2
149.3090517598923,0.7127754427409512,0.2691104640742791,23.70374298095703,2
149.34493689196563,1.67295007376323,0.0683473666111372,22.129806518554688,2
149.35909049940787,1.4626009309289767,0.3103334301949449,20.16042709350586,2
149.1285603586714,0.9640168220540624,0.3708758745675702,20.323917388916016,2
149.94942013096707,1.7497040131086088,1.074375609494631,23.54033660888672,2
148.9882687647486,2.2637740024603037,0.100793956737124,18.862449645996097,2
148.18953868189703,1.6923839901430004,1.3310006173169024,23.219406127929688,2
148.86500089076944,1.5817978655385745,0.8891181463970856,23.605297088623047,2
148.8292125942093,2.1739178881150303,0.9976768830996504,22.29398727416992,2
149.11739987539195,1.5461976148430037,0.6842754968975784,21.336027145385746,2
149.7453717369392,1.859064465383215,1.4242952295584117,23.05390167236328,2
149.01312433578985,0.3647327965205761,1.3192364804783712,23.23928451538086,2
149.5878465479909,1.0931086121267646,0.1252871785237179,16.306509017944336,2
149.28630017522568,2.274234813534637,0.8296355529803436,22.2181453704834,2
149.27911680555306,2.2378842468524307,0.164185255812347,19.118148803710938,2
149.1682255456001,2.1368647957095597,0.2166690506826221,18.437501907348633,2
149.00543796220813,1.4145083881448524,0.286501960328885,19.794235229492188,2
149.33536388288158,1.4691481872914138,0.960584883359694,23.379758834838867,2
149.32438422435703,2.4991219210832383,0.4859751000714468,20.02664375305176,2
148.81018096165545,2.0591463553605776,1.4158452353316555,22.647533416748047,2
148.92684570091978,0.9763493254343026,0.7753318462486464,22.364124298095703,2
148.67931019498053,1.6593062813838857,0.914775735602009,22.4718017578125,2
148.7710255206016,1.4555923322125868,0.9609310485735196,22.584575653076172,2
150.06057374699057,1.286203524765713,1.6127947027662783,22.415191650390625,2
149.15742618249044,1.163468310461897,0.1276010192949987,18.92070960998535,2
148.0788765111746,1.8273211033472951,1.0427731629091068,22.754648208618164,2
148.31413374028176,0.9744982937621874,0.8170663639626082,22.52195167541504,2
148.60039795031153,0.492350190302966,0.8956650683168961,22.946561813354492,2
150.0855401475806,1.4665284273268866,0.5233071992866578,19.529991149902344,2
149.05375604588053,1.7554333431221394,1.0723836646128535,23.4877986907959,2
149.20577538855858,1.9814725235706592,0.9112757774720608,23.264938354492188,2
148.45298366910436,2.1436043205388646,0.6548140749080473,20.42802047729492,2
149.86126581521023,0.954863659654162,1.3285977444069386,22.737621307373047,2
148.7150825848418,2.2333442624663062,0.105384253677787,19.821866989135746,2
148.62688089306815,2.328156214430131,0.5810880109421184,20.204933166503903,2
149.82355415328473,1.3511419025529603,0.1000559513131924,18.056161880493164,2
149.89373020678994,1.0163529107318188,0.4992804659680818,19.916770935058594,2
149.71841128097608,1.1168404796871505,1.2960053711974628,23.16415023803711,2
150.03580642659853,0.998322446910344,1.36946471721259,24.11862564086914,2
148.93098273820547,2.436993544110501,0.1429946084578497,19.24044418334961,2
149.3803758103207,1.076339124195902,0.8173915353871527,22.46407699584961,2
149.64880578083336,2.2327590995609827,0.6759272131544727,21.87917709350586,2
149.9859703732001,1.0060289112029206,0.0865920106358807,19.70127296447754,2
149.82137292343174,1.852853905285829,0.7415734921546231,23.396764755249023,2
149.13854053232643,1.9770593530344085,0.9666318169693698,22.69019889831543,2
149.67533128596827,1.6495210393980768,0.2399033512950084,19.448421478271484,2
148.69746186627165,1.539147959843745,0.3046011029644649,20.245668411254883,2
150.01049003112942,1.6218495390601628,0.3604516590407247,19.297536849975582,2
148.7510787358279,1.8712479530110468,0.8909703032020513,23.1087589263916,2
149.47769727785754,0.9951892929114038,0.381115860589397,19.593929290771484,2
148.52259430093494,0.8320494130267773,0.4575090175239264,19.347318649291992,2
149.49981134104,1.993427761561139,0.6667340003088003,23.3022518157959,2
149.0145866057889,1.8136359535340827,1.4306230455352762,23.411115646362305,2
149.56793968963729,0.9789149182543154,0.4936503925957201,20.26081657409668,2
150.00257547347366,1.593524347584954,0.1331652954453862,20.486928939819336,2
149.6355145254774,2.145772116283121,1.2476716525081852,23.735919952392575,2
149.0970299230923,2.0089429477121814,0.9756073622374036,23.086843490600582,2
148.95325970784367,1.999406560753057,0.5463243876765793,20.43146324157715,2
149.66886921793497,1.2000009746197,0.8670559399605137,22.97423553466797,2
148.46995681008707,0.711891767207874,0.0901074114061279,22.60420036315918,2
149.82498434127092,1.999173993332955,0.6942341020210384,21.92095375061035,2
149.53926517582082,0.9217126091835576,1.109763013180587,22.63995361328125,2
148.43103547985746,2.018675958813355,0.6901759844719991,21.251195907592773,2
149.79311667055538,1.3798847969707817,1.3376135878968658,23.436294555664062,2
149.72480804041413,2.2297980392457504,0.7341655215931092,23.194215774536133,2
149.51268463058796,2.183928897717457,0.690523629891004,23.480663299560547,2
148.88419825800403,2.1184824825564466,0.8768452101856044,23.26814079284668,2
149.74482329609754,1.5651772311357597,0.3095286306129227,19.33817672729492,2
149.26230670429203,1.736880958076268,0.8854697303590942,22.37497901916504,2
148.02105287916174,1.8454802146790856,0.2305485387000769,19.776351928710938,2
149.13337020908668,2.0377528231861595,1.3498637913980642,22.894935607910156,2
148.81359554704397,1.6155591564609473,1.0014025185604185,22.942949295043945,2
148.94744008764837,1.5729343834705398,0.7294665531997371,23.192045211791992,2
148.65372678503363,2.1815106193364455,0.2118980667200629,19.20663833618164,2
148.80193363738888,2.3891792433248775,1.3229875105495117,22.855056762695312,2
148.9660069104762,1.3714197681122735,0.3546845424782844,19.115951538085938,2
149.3244428229464,0.9941117228495736,0.7524352437618996,23.01582145690918,2
149.98085641986287,0.8725058816900858,1.6231021513480597,23.18548011779785,2
149.74678324107177,1.98234680420802,0.4725227731999736,19.920833587646484,2
148.66098189617978,2.213344210417628,1.359490051038004,23.33290672302246,2
149.89326705173676,0.9780174200898446,1.566662709765484,23.481876373291016,2
148.676111097775,1.0521829651677956,1.4570976605314163,23.58359146118164,2
149.1077788721671,1.981268422539996,0.1308749213824101,23.23772430419922,2
149.20446182566656,2.305224285957254,0.8278778281341482,22.903196334838867,2
149.8399731484568,1.9404677957241003,0.4747099137575968,20.467941284179688,2
149.70272284748512,2.284501819693093,1.0160180395367535,22.597394943237305,2
148.3773992542539,1.408614208175189,1.2236564222051458,23.19565773010254,2
149.22587083520136,1.6837837654884504,0.0992685439110874,22.854604721069336,2
149.7104122267307,2.122748741512775,0.4796794555098584,19.48711204528809,2
148.71271119539225,2.3987706269500437,1.0042219694226038,22.21097946166992,2
148.94366368956776,0.5736762458096737,0.8467263029656121,22.46471786499023,2
149.85523235480355,0.8018407882185128,1.0284346840463574,22.751306533813477,2
149.08659923249652,1.3354902948412957,0.6819477380202323,22.62702751159668,2
148.68409558414558,2.14740021842489,0.95359750993564,22.873123168945312,2
149.15843231121448,2.0715250969205026,0.1309232456709142,19.71171760559082,2
148.64110188270354,1.522138098279324,1.048303587919894,22.95216178894043,2
148.92561924794256,1.2413828140406369,1.023853425288717,22.54446029663086,2
149.86123467659738,1.1239467273896604,0.3708916019760923,19.83312225341797,2
149.87582096475876,1.72967621013961,1.0206248099064823,24.05611038208008,2
148.79451994539642,1.979473554766354,1.188581480538712,22.92119789123535,2
149.24331904646004,1.462842121091463,1.0461677061245267,23.520244598388672,2
149.45056168224863,1.678333922219739,0.9843371043611808,23.10062789916992,2
149.6462291578716,2.020194782321861,1.2557156678015555,22.811025619506836,2
149.93744346368,1.263076557919052,0.5420052938310256,20.57701873779297,2
149.18316601322607,1.6844112322932938,1.1291698075268246,23.274080276489254,2
149.2559498438418,1.6886565788155468,0.9869187326663212,23.08902931213379,2
149.8417275812977,1.7150501037331205,0.995326784859558,23.105878829956055,2
149.1339017434637,0.6779135942126941,0.8459324165873466,22.95942115783691,2
148.8080999102798,2.3248862449069536,1.2714395194631551,23.54657936096191,2
149.32966757953207,2.192424703496044,0.354227810336979,19.4437313079834,2
148.6576290537617,1.799547982585897,1.2166534574104813,23.71740341186523,2
149.25455432565136,1.7914129656240196,0.1858333166703151,23.589662551879883,2
149.0291790895078,1.6066607315647226,1.3377513671157648,22.843610763549805,2
149.2673488834376,2.2953811888686175,0.2501084981998267,18.86737823486328,2
149.2477343036957,1.222135805658481,1.596774229714527,22.865842819213867,2
149.68335574741303,0.7385243064772138,1.0124172269177898,22.42069435119629,2
149.79680408844746,0.9328303225131134,0.5998026808639668,20.352054595947266,2
148.9647846954173,2.43845056830207,0.200667026217409,18.803531646728516,2
148.70206838573912,1.749124620768121,1.080768022942935,22.751075744628903,2
149.11739987539195,1.5461976148430037,0.6851426868975342,21.336027145385746,2
148.28044078650743,1.3754515470188395,0.6292220981870323,23.128360748291016,2
149.42943161104714,2.1845646506463794,0.0559937422796539,21.744993209838867,2
148.61772074835363,2.3941213300408024,0.0329548938942027,14.527606964111328,2
148.3205157192997,1.5606709125413738,1.0436182873977553,22.98083114624023,2
148.21431917175477,1.9353240181747335,0.79649060096702,21.82390785217285,2
148.6293737261587,1.9712449807465364,1.3450814043742358,23.82486915588379,2
149.4957910391567,2.1430841277970036,1.044383814098352,23.71861267089844,2
149.388176450985,0.702250335043732,0.6504778240758071,20.637149810791016,2
149.8691248907291,0.9697452968165704,0.8996467255397387,21.66730499267578,2
149.50457253936298,2.429237603250338,0.7559041462041972,22.60666275024414,2
148.19287027906302,0.8970855801617823,1.1696457976523105,22.582801818847656,2
149.10490868027944,1.8785216860924896,1.3793777654838009,23.90335273742676,2
149.20985731356072,2.004763029689925,0.342317346703995,23.592369079589844,2
149.1364259453633,1.7242210201006236,0.5093311704459257,20.425670623779297,2
149.59988167711447,1.40591908436277,0.8492436808826196,22.679981231689453,2
148.80719937335613,1.5491812082175904,0.2222709798867616,18.337902069091797,2
148.85007512153732,1.8881749356891355,0.9602053228291244,21.802492141723633,2
149.77781350785403,1.7362471288208778,0.4301384634143692,20.23929977416992,2
148.4850695296193,0.7574762540833105,1.164463088168988,22.24898910522461,2
149.32029685363975,1.0148088879931625,0.0866970951944615,21.05465316772461,2
148.87354693861965,1.8199758125935357,0.5672621906442653,20.198087692260746,2
149.22747621874976,1.0423028890395822,0.8486937761895842,22.255109786987305,2
149.27286623341254,2.1561632988659043,0.9580665000210162,23.70214080810547,2
148.20145096932296,2.044039295890265,0.3660324751987409,19.0172119140625,2
149.98211013045636,1.1106425711295804,0.0325336881310676,16.54462432861328,2
149.6349609147252,1.823812529506997,1.6143252765399578,23.666683197021484,2
149.34183257433548,0.8604899659279113,1.3477325884005775,22.817100524902344,2
149.41066,2.47705,0.4843422871770058,21.594114303588867,2
149.60289996762165,2.1999078492053887,0.3063677027819942,23.27828598022461,2
148.9526153648413,0.4561107859381703,0.2801802944422094,22.75056266784668,2
148.67211575073074,0.4817037665467489,1.0410502383104945,23.263458251953125,2
150.11677981266266,1.5576146162030031,1.1311459457751425,23.744464874267575,2
149.79649963607469,2.0683239303270207,0.0990113785290272,20.766847610473633,2
149.25795013940984,0.9960945530429756,0.1687637438071288,19.438302993774418,2
148.9492905817737,1.35085270713554,0.4268786893467118,19.93737411499023,2
149.7346329009809,2.2280180196851203,0.9129875335770437,23.201133728027344,2
149.13609933505342,1.4432648556755594,0.9791816029026332,23.466245651245117,2
149.01928439062493,1.4718083041688994,0.6701532409336125,20.980701446533203,2
149.24058382213497,0.6358703569523354,1.2782722271335618,22.88863945007324,2
149.1560015074142,2.223822287463445,0.0804446859151588,17.548540115356445,2
149.5234451542885,1.3023372563646085,1.0984570990128988,23.49742126464844,2
148.4852766512021,1.7464148776274424,1.4677871400912206,22.804027557373047,2
149.36017387975494,1.4202021508980172,1.4795390153672363,23.122608184814453,2
149.45875818186047,1.752101170812022,0.5735655822392427,20.574115753173828,2
149.4203130249364,2.040386240283737,0.6484546094253147,21.460479736328125,2
149.44841605416755,1.4135807221661905,0.3566801293002425,20.45288848876953,2
149.13852684314983,1.9701530758177743,1.0130468521645486,23.375394821166992,2
149.19811598655247,1.0091950269919587,1.0660009091096043,23.845382690429688,2
148.4687812741106,0.7812607275465157,1.227906199583218,23.446189880371097,2
150.0343033166044,1.6734354101121287,0.133465951020661,19.311275482177734,2
149.4163363764437,0.3967124672885065,1.0750808804608918,23.524282455444336,2
149.32899526403466,2.0205508773770324,1.2095699560398203,23.02129554748535,2
149.48825510694516,1.4178579380027947,1.0178875971569976,23.11767578125,2
149.964850765517,1.6085319343597904,0.2203006007070896,20.073415756225582,2
149.01278248293207,1.775703472134038,1.0543587805983765,22.424943923950195,2
149.42472064024912,2.0093501536969893,0.6898216599629653,20.853364944458008,2
148.52396618722187,0.5402357485946474,0.3886261665627691,19.460710525512695,2
149.09890091183823,2.3724576836493294,1.4463339442685157,22.816041946411133,2
149.34722077457823,2.253003472462795,0.3431675262993537,20.09444999694824,2
149.2527386763975,2.3572458534142746,0.8130304364287565,23.197538375854492,2
148.12565665457427,1.531393661047837,0.0992857380785272,23.076095581054688,2
148.42413885417207,0.6229819432238028,0.9425265479267712,23.35891914367676,2
149.25275279535416,0.5177594301217812,1.0856008422103909,23.79920768737793,2
148.93201205672125,0.5926913491377723,0.079026393207005,20.7401065826416,2
149.91689969640066,1.242071938077373,0.7090448686155821,23.14095687866211,2
149.8400882845209,1.1969805646019087,0.0964222233726738,17.1610164642334,2
149.39948067608518,2.250281612743264,0.6702318232945537,22.661117553710938,2
149.4054853965333,1.5022718204684402,1.259375312256406,23.30746841430664,2
149.62813789955968,1.2490499309842718,0.6723793984664748,20.61275291442871,2
149.7073614153809,0.816288923050379,1.0236083733940908,23.016103744506836,2
149.3417392986017,2.096864672765055,0.6557454758207495,21.434476852416992,2
150.0146483899254,1.2869319888743953,1.142393164069806,23.22408103942871,2
148.83405460237302,1.2626099090292815,0.9872670007555612,22.28715133666992,2
149.54848308482596,0.7772828628835791,0.9389133393458932,22.48499870300293,2
149.49785230803158,1.3711534528912854,0.7648087531316351,21.94620132446289,2
149.30067513214627,1.2867456918921911,1.5758067615932705,23.659143447875977,2
148.60563332979697,2.2843353482741433,1.0302795388506891,22.562482833862305,2
148.77739693761578,1.8397203820710504,1.4925626336513662,23.870208740234375,2
149.28224975360865,1.9464591572306835,0.3421964974578514,19.753454208374023,2
148.96666045548466,1.039708094331471,1.3351108033273074,23.37527656555176,2
149.76880893349946,1.279612389994871,0.7848600034512156,22.8175048828125,2
148.69808325,2.32951268,0.6678948119787526,21.131160736083984,2
148.46511394943303,1.705747387147167,0.3742055552364438,18.804243087768555,2
147.98540433484624,1.6254219505825982,0.7525041826419572,23.117935180664062,2
149.28019899173563,2.177873092546397,0.8259907169386308,21.891517639160156,2
148.64899062697944,1.6952655059837076,0.8140499374841256,21.10655403137207,2
149.38024767504842,1.571580972579142,0.9518478983688496,21.782459259033203,2
149.29600666887586,1.334803432236804,0.0804458326556142,18.074623107910156,2
148.27087612463495,1.6545498288520102,0.3651505133858615,18.587120056152344,2
149.7186526564983,1.2013065971095929,0.9248692482868752,22.383020401000977,2
149.82285888122516,1.4754126559728622,0.2271533659750246,18.581588745117188,2
148.77057330975714,1.1871159174538306,0.5579121294252215,20.331750869750977,2
148.9108574698872,2.2166928685351777,1.5316663510203343,23.256839752197266,2
149.49459831541105,0.5728649457740933,1.0115915306671703,23.500972747802734,2
150.0818274189876,1.1252655672386744,0.2327788120620638,19.511768341064453,2
149.8252900778513,0.9954163280942634,0.77645246410536,22.80961036682129,2
148.55378459703826,2.253112344971063,1.1273635347768711,22.643495559692383,2
149.48500872051977,0.9447907828466569,1.155645369195534,23.64984130859375,2
149.6159455788556,2.1255087879476604,1.490735134948003,23.627973556518555,2
149.3681147394419,0.9483145655577514,0.1610461566858105,19.87190055847168,2
148.33521005961518,1.847235271863924,0.9634859855683552,22.034029006958008,2
148.70253114769474,2.081227822106147,0.9499051430329434,22.5887508392334,2
149.12136207371967,2.402431752948769,0.2563895253993562,19.868106842041016,2
148.91624122098443,1.8373852979748169,0.7869749918108759,21.989919662475582,2
149.52675915848,0.9513036924266154,0.9900692689802176,23.23295021057129,2
149.63421749596145,1.0541292384770864,1.3108928527578645,23.79739570617676,2
149.70513935573564,0.7253438423134213,0.916617041470878,22.612321853637695,2
149.04144413234235,2.3516509641330767,1.2250520200480677,23.226543426513672,2
149.9995001321589,1.306016333938967,0.2215788141567542,18.59442901611328,2
148.84330065125303,2.192614674141778,0.3131572378832705,19.43565559387207,2
148.37137318539516,1.027473536704694,0.6460549258400191,21.44982528686523,2
149.19420498884685,1.5634912936278476,0.5687399940258339,20.17667007446289,2
148.85340628030048,0.6396676299343174,0.8462597812993192,22.27811813354492,2
148.66180109818308,0.9157633070341796,0.2204641616656819,19.352279663085938,2
149.44358692004397,1.3601005761282563,0.7702080970099333,23.03760528564453,2
148.039599035794,1.094170286322952,0.0616236693212198,19.557403564453125,2
149.80572654953164,1.286403723774665,1.347703260018369,22.91069602966309,2
148.87441864916164,1.3636751902588913,0.2184551711611828,19.441665649414062,2
149.8146682578346,1.3112223056274612,0.9504760682061724,21.704072952270508,2
150.04101915637298,1.6790886540421532,0.2217762027126909,17.776870727539062,2
148.56232201170414,1.5244615807120567,1.0688819196542718,23.44767951965332,2
149.6958474401774,1.015498213449309,0.1675651117112968,18.548410415649418,2
148.7464070662179,1.6761023548502718,1.0745883518191517,23.56497573852539,2
149.6014625776251,2.190156528186036,1.2274089938082973,22.978818893432617,2
148.72361567539613,1.845242175105136,0.8569746857923836,22.45753288269043,2
149.8239507530871,1.2528053525193217,0.0985087307874149,18.56931495666504,2
149.90798766627094,0.7714144888009048,0.097141905217364,19.27466583251953,2
149.19157141782694,0.908724120513546,0.3366772622300543,23.4476318359375,2
149.82561704692682,1.330901484237225,1.1629838287154426,22.497034072875977,2
148.63014995105868,2.042202299658576,0.0996997917389384,22.826156616210938,2
148.15969759812663,0.9318276886437926,1.447765703734375,23.590351104736328,2
148.72713945881137,1.7879805573868028,0.9782912067171629,22.941740036010746,2
149.65861059350564,1.7187557725259246,1.4886234172696011,23.49810791015625,2
148.80161567165,1.9360568420850088,1.4158539449377572,22.460351943969727,2
149.48651255630418,2.4323084276589704,0.9586082684179952,22.82296371459961,2
148.84166367366257,2.287295530251347,0.4269179593955556,20.404708862304688,2
148.4227625229881,1.1120684272565793,1.1572919191183375,23.206846237182617,2
149.75924625946718,2.217559641180439,0.1249100855083741,21.040761947631836,2
149.9057346327272,1.0351511758795566,0.0873366221964754,19.735565185546875,2
148.83828739224288,1.6019399403614758,1.042983708946845,22.71336555480957,2
148.92011089392108,1.6980506667737896,0.2188356667794553,20.337053298950195,2
148.4953644919476,1.7538643660735136,0.1523210087870143,18.690340042114254,2
148.94744008764837,1.5729343834705398,0.729519581439898,23.192045211791992,2
149.99002912124132,1.8399755755250395,1.1685909733632664,22.72586250305176,2
148.6938046912822,1.8949053000392435,0.7458432599361104,23.512514114379883,2
149.21950198905745,2.0913210704388705,0.9925421547517456,22.79852294921875,2
149.4573247397531,1.669327936923544,0.3756555311568098,23.435861587524418,2
149.273740034136,1.4911630062611885,0.1153340676621348,22.99265480041504,2
149.45402499625584,0.9845527951361918,0.8884033684363053,23.286575317382812,2
149.17350185511089,2.1981663056253646,0.9499396623310922,22.966428756713867,2
149.22947998690756,1.4237587457707412,0.0850784226342096,20.76471710205078,2
149.88708129787324,1.084271714000101,1.4530951600617406,23.018190383911133,2
149.3771114944251,0.8652285208654127,0.0864047502054685,18.75923538208008,2
149.62851044875916,1.9760456741502364,0.2555483075233926,18.3350887298584,2
148.47917427716115,2.1752756109638303,0.0206854432851745,19.10308837890625,2
148.48282419268278,1.2702677844204386,0.1636943950470998,19.205493927001953,2
150.10621596106574,1.2461080452085396,0.8613194143092108,22.5562744140625,2
149.6552599751512,1.6150573057534023,1.4231073513448316,23.8233585357666,2
148.64838231472035,0.5839277326342514,1.0893486511295114,22.985271453857425,2
148.99165547123275,1.9345849919816644,0.2517505766533266,19.841073989868164,2
149.19629046362994,1.519466485776105,1.4059569416949291,21.878522872924805,2
148.48517239510312,1.075615702099492,1.304374263067552,22.4364013671875,2
149.21843980669507,2.424542510870688,0.1308088348250334,19.21608543395996,2
149.0434250087001,1.0571560926544028,0.1291000837684846,19.999122619628903,2
149.00908,2.01442,0.8622810695119383,23.770545959472656,2
149.83882532839309,1.683038657921838,0.7461913348792099,20.503156661987305,2
149.0942693409936,0.9382193396383812,0.0461417170837507,22.402240753173828,2
149.62612103193766,1.2228161393079349,1.4407223051247546,22.56366729736328,2
148.78651345669047,2.0630384705980274,1.17733654194611,22.943498611450195,2
149.14263,1.3642218,0.3383655846118927,20.27391815185547,2
148.86137314025183,2.5017864873201523,0.7026934287248243,21.63401985168457,2
148.54551189026336,1.0085487470651473,,,3
148.4340742793796,1.0671118607813872,,,3
150.05554252785836,1.1974272808133126,,,3
148.0871610830972,1.0609647237040936,,,3
148.33355987164302,1.8872772091511865,,,3
149.62456894124307,2.1800561098617286,,,3
148.43243252659985,1.665523049153074,,,3
149.8957465472222,1.5187067631340565,,,3
148.8501736406941,1.615343935886548,,,3
149.04935296015807,1.9717217346028344,,,3
149.2260823258861,2.056078200683043,,,3
148.43305412735663,1.569744952230327,,,3
150.07544016469248,1.2517194704139627,,,3
148.6585522113946,1.292331815324711,,,3
148.10906824206583,1.6278575666631931,,,3
149.0375499652882,1.94816766615739,,,3
149.12209132366263,1.2133314422825257,,,3
149.15278766105513,2.3812818470945634,,,3
149.09370510364,1.4763990896235464,,,3
148.22321210965637,1.2394881513473253,,,3
148.63779725195045,0.6209482935431424,,,3
148.98520181808567,2.1270244799141977,,,3
149.97329033327125,1.2038001182550382,,,3
149.78126540545674,0.7762234201374125,,,3
148.29247677192572,1.5993350277723566,,,3
149.10302291009612,1.573050921520885,,,3
149.4350764482382,0.8625812811559485,,,3
147.9783951351093,1.1193284929899745,,,3
149.20244490282897,0.9938228841446932,,,3
148.96194209757087,1.8066946753904656,,,3
148.41283596908042,1.7186691726476249,,,3
149.65165388173534,0.8417891048941485,,,3
149.0116926626205,1.1830452697869749,,,3
149.6192629564197,0.6609042560881586,,,3
148.63257293496915,0.8599616029938474,,,3
149.45896202892675,0.8931403973951451,,,3
149.305978556372,1.821352316707043,,,3
149.70324320404634,1.5384857628089277,,,3
148.4050097429977,1.6971956046465857,,,3
148.59210352128332,1.8613647139687624,,,3
148.2043935691206,2.052073076104003,,,3
148.819401803827,2.1863588699185033,,,3
148.5139152174899,0.5760170516107916,,,3
149.6562806390406,0.5429947181745255,,,3
149.8170075545124,1.862830579639979,,,3
149.49608627196704,0.9296146884461488,,,3
149.02396068344285,1.417113756439306,,,3
149.20621731840754,1.933801380225877,,,3
148.80517492742476,1.9203004433330235,,,3
148.61576249763976,2.07659508098031,,,3
148.74897874841693,1.3747748638508548,,,3
149.74401782042568,2.249248166306464,,,3
149.56461251822847,1.821497928558798,,,3
148.17539825336678,2.0357325130273063,,,3
148.52309366751803,1.9531435002699116,,,3
149.32451286347603,2.255351780302296,,,3
148.39585141191006,0.5947454049069019,,,3
149.10962798076756,0.4122036034920087,,,3
148.48537917812567,1.2525945738174449,,,3
149.7501630787106,0.7894129345229557,,,3
149.25680121610634,0.4063776606319611,,,3
149.30040271006598,0.7069808640583128,,,3
148.8841495689374,2.276307766511197,,,3
149.06564021082212,0.6215782086059162,,,3
149.28268913614676,1.4318581158196222,,,3
149.2959618078749,2.183966381740724,,,3
149.73767873591297,2.2213493295063165,,,3
149.6044439407106,1.1491042798331708,,,3
148.411946643809,0.687730049433628,,,3
149.8526933432637,1.9974771020907536,,,3
149.50299032153976,1.3717777947002268,,,3
148.8708140055497,1.5846273108820668,,,3
149.03239878853117,0.4707854222800569,,,3
150.07872915171924,1.4487218530904065,,,3
148.8752623852777,1.3610538787939856,,,3
148.13319126812434,2.0653781780784404,,,3
148.38979843144296,1.3090066627027577,,,3
148.87037826859012,2.287962481214975,,,3
148.4233472053156,1.7001423646734033,,,3
149.84614077808246,0.7939620481870899,,,3
149.60525521933116,2.356406652538688,,,3
149.67333727556615,1.7339302902876093,,,3
148.2792217432314,1.3019918471040428,,,3
148.74233858549954,1.9394197101924264,,,3
149.6261844886602,1.100120416207492,,,3
148.71538122906847,1.8580033555119877,,,3
148.3809495828646,2.0902583200447156,,,3
149.84953476009093,1.2498561752827264,,,3
149.31106193309742,1.6870754579965612,,,3
148.85411809571423,1.0313696295946346,,,3
147.96737079960258,1.3851700081904097,,,3
149.96418021230326,1.6794385212412564,,,3
148.82730974755378,1.5803686853107393,,,3
148.12058538887965,2.0826082034844555,,,3
149.08561928689656,2.385737198435064,,,3
148.1715529990842,1.5862648262915855,,,3
147.91712509777855,1.551991034533926,,,3
149.01654306225,0.9794744696292368,,,3
148.03628609102643,1.0828218773960665,,,3
148.37322333546692,1.143913387895842,,,3
148.7952472750064,1.9754832086203065,,,3
148.9219732866472,2.1279801449737503,,,3
148.15021526881372,1.5830214958656783,,,3
148.6328477189933,1.2195563502811155,,,3
149.0056623913244,1.007581478794155,,,3
149.9454842858808,0.8205297066436927,,,3
149.9890664962731,1.617440771173001,,,3
148.24917115,1.81118319,,,3
148.30354054,1.40536056,,,3
148.87842138,1.11461471,,,3
148.46992379,2.24603456,,,3
149.76832058,2.22016181,,,3
148.8503996,1.58841634,,,3
148.93734153,1.39988673,,,3
148.76709375,0.94178203,,,3
148.60869621,1.99970923,,,3
148.20082375,2.15899679,,,3
149.31190499,1.59705814,,,3
148.38356812,1.47282438,,,3
149.12962675,1.63766256,,,3
148.53857791,2.2018742,,,3
147.9162986,1.26662419,,,3
148.9923486,1.81889118,,,3
148.61292057,1.61211409,,,3
149.37164918,0.77227281,,,3
149.32877388,1.82273437,,,3
150.04815031,1.32462439,,,3
148.79115228,2.36374978,,,3
148.23436237,1.05926155,,,3
148.44727522,1.79944406,,,3
149.1930522,1.69917054,,,3
148.54886521,1.43379816,,,3
149.01520093,1.80263181,,,3
149.02168888,0.62889307,,,3
148.32578816,1.69103831,,,3
148.419985,2.29624459,,,3
148.33002077,1.41201283,,,3
148.19531161,0.70814931,,,3
148.97973036,0.82787037,,,3
148.62560395,1.9552636,,,3
149.51993603,0.46961052,,,3
148.95697547,1.13921647,,,3
149.85614601,2.13017176,,,3
148.66475302,0.75585068,,,3
149.06955242,1.36899289,,,3
148.89825253,1.98383922,,,3
147.98548698,1.65549813,,,3
148.42569436,1.25609758,,,3
149.31837239,1.57977637,,,3
148.23913895,0.97697752,,,3
149.3691491,2.34408985,,,3
149.27239469,1.21582195,,,3
149.54804676,1.57166866,,,3
148.1168566,1.46336013,,,3
149.16878598,2.28572146,,,3
149.01010434,1.89697196,,,3
147.96106286,1.25008465,,,3
148.40769997,0.93985693,,,3
149.34022384,2.07023147,,,3
149.38516779,0.60033245,,,3
149.47407057,0.8867801,,,3
149.53220221,0.57531491,,,3
149.99119044,1.37094719,,,3
149.4900401,1.21414582,,,3
149.4045414,0.78752478,,,3
148.19650123,2.0516286,,,3
149.05405431,0.76909042,,,3
149.60478361,0.55141709,,,3
148.60085251,2.34919967,,,3
149.83692072,2.14196697,,,3
149.42639074,1.07788407,,,3
148.97758539,1.88127294,,,3
148.17657602,0.76753206,,,3
149.07357965,0.32738915,,,3
148.73619766,2.12571586,,,3
149.90765114,1.97759933,,,3
149.5714495,1.51883386,,,3
150.01398167,0.97355242,,,3
148.3304554,0.59338518,,,3
148.39820427,1.21410298,,,3
148.64971346,0.78156289,,,3
149.23496098,1.04267625,,,3
149.21461607,2.28479904,,,3
148.33668834,1.88441616,,,3
148.9966508,1.24337611,,,3
149.46157979,0.7864072,,,3
149.59911624,0.51437912,,,3
149.30255116,2.15041922,,,3
148.84044962,0.37912088,,,3
149.96221812,1.57147424,,,3
149.93940871,1.61631029,,,3
148.70642554,1.58403354,,,3
149.74262155,1.34409604,,,3
149.45227896,1.59358722,,,3
148.60786657,1.10842477,,,3
148.75211016,1.02253214,,,3
149.59571901,0.88459614,,,3
148.34554368,1.03799305,,,3
148.77063465,1.80377644,,,3
149.26815173,0.82098146,,,3
148.09423855,1.03340871,,,3
148.32978495,2.06394514,,,3
149.0250313,0.7757059,,,3
148.75512986,1.68199318,,,3
149.41334858,1.5910848,,,3
149.11836792,0.85690772,,,3
149.36914268,0.74570557,,,3
149.53802152,1.66796817,,,3
148.99441139,2.30016143,,,3
148.24614016,1.91063952,,,3
148.81711865,1.23873097,,,3
149.71872953,2.15526011,,,3
148.57784997,1.39139181,,,3
149.11518984,1.89199406,,,3
149.70135987,1.29531248,,,3
148.50286247,1.90463227,,,3
148.25063071,1.09193764,,,3
149.40327452,0.91466473,,,3
148.81093729,2.46467724,,,3
149.68282599,1.94192172,,,3
148.74543435,0.98119092,,,3
149.37241024,1.98521056,,,3
148.36560019,1.02877388,,,3
148.40136023,1.12592972,,,3
148.63938556,2.09082044,,,3
147.96837429,1.15873736,,,3
149.5005603,0.92777673,,,3
148.66045237,2.03633872,,,3
149.258608,0.90878639,,,3
149.51802228,0.84882903,,,3
149.75531214,1.44019807,,,3
149.46713307,0.71669974,,,3
148.80586739,0.72247036,,,3
149.38630371,2.26461189,,,3
148.2113998,1.58732753,,,3
149.30985673,0.39587147,,,3
148.58699427,2.26780324,,,3
148.24394301,1.76764636,,,3
148.03619261,1.4765202,,,3
148.62316845,1.28664873,,,3
149.21435075,1.19158911,,,3
149.00431928,1.55420285,,,3
149.29248055,1.95812497,,,3
148.39002096,0.52401048,,,3
149.06342843,0.53407117,,,3
149.35471099,2.40767113,,,3
148.4371417,0.54390392,,,3
148.97559842,0.62877436,,,3
148.78069608,1.11897603,,,3
148.40159833,1.72882778,,,3
148.42191843,2.02464739,,,3
149.98279695,1.10236838,,,3
149.87546534,0.79043029,,,3
148.75711789,1.28028658,,,3
148.53924374,0.73046101,,,3
148.64063007,2.28650539,,,3
149.13301067,1.40070815,,,3
148.58559962,2.17390662,,,3
149.9408244,1.80633949,,,3
149.46136714,1.36536164,,,3
148.05200867,1.46897775,,,3
149.43797072,0.76155205,,,3
149.37927829,1.98801712,,,3
148.24985066,2.10102108,,,3
149.22801297,2.11873645,,,3
148.18287453,1.32148725,,,3
148.29688931,0.65240786,,,3
148.97832281,2.20786817,,,3
148.69649415,1.81807835,,,3
149.3824897,2.26100087,,,3
149.75727818,0.59854714,,,3
149.06115531,1.38872659,,,3
149.25811746,1.25893209,,,3
148.99647356,0.61674553,,,3
148.00789405,1.41642831,,,3
149.0101037,1.89693237,,,3
149.18840871,0.35802828,,,3
148.3044697,0.76772326,,,3
148.18955145,0.73743658,,,3
148.1728043,1.58952038,,,3
148.60878858,2.29049515,,,3
149.0239372,2.41362393,,,3
148.5664247,1.83143995,,,3
148.444198,2.29072053,,,3
148.78862427,0.6086291,,,3
149.79636063,0.78093151,,,3
149.77441748,0.9365315,,,3
149.79921955,1.83481161,,,3
149.46111639,2.36760447,,,3
148.94759281,1.38256474,,,3
148.68745727,0.55411583,,,3
149.22753679,2.23436457,,,3
149.33507326,0.87378228,,,3
149.86776327,1.55453777,,,3
149.40640197,2.32105556,,,3
149.81685861,0.94848485,,,3
150.04577917,1.60167069,,,3
150.00226196,1.57939832,,,3
148.22208182,1.34259175,,,3
149.13381168,1.40418699,,,3
148.45212292,0.7527677,,,3
148.56212124,1.06442954,,,3
149.00498489,2.33834552,,,3
148.55694651,1.16935447,,,3
148.76027706,0.59212074,,,3
149.94879385,1.95640459,,,3
148.09739477,1.09109788,,,3
149.43695155,2.32269044,,,3
148.00884334,1.77746907,,,3
148.1963746,1.3706144,,,3
149.71450044,2.23204563,,,3
148.5649489,0.68917241,,,3
149.4065904,0.55100122,,,3
149.03530401,0.58622749,,,3
148.58761898,2.26495931,,,3
149.74756355,1.88914108,,,3
147.92699798,1.10243559,,,3
148.29789923,1.01844145,,,3
148.97201395,2.25434458,,,3
148.2374741,1.86897795,,,3
148.99149135,1.29549612,,,3
149.14501133,1.0060458,,,3
148.60207926,1.14797375,,,3
148.37863095,2.25130747,,,3
149.27612264,0.49875464,,,3
148.11029385,1.95100759,,,3
148.30416675,1.8144805,,,3
147.99813344,1.09495022,,,3
149.67662059,1.9849898,,,3
149.4020236,0.71546719,,,3
149.6727016,0.61766304,,,3
149.69457474,2.13845668,,,3
149.71075101,1.80033351,,,3
149.22140602,1.7388693,,,3
149.32698941,1.01704553,,,3
149.21469104,1.26990062,,,3
147.93644947,1.23846338,,,3
149.40828951,1.24697937,,,3
149.82964731,0.9929059,,,3
149.31909365,2.31669825,,,3
148.64622619,2.18737481,,,3
149.99166801,1.62840499,,,3
148.7785021,1.72256162,,,3
149.18836904,1.25621632,,,3
149.33368057,2.24920486,,,3
149.59395772,2.04472841,,,3
148.12763521,1.19830842,,,3
149.18355254,0.39157169,,,3
149.76308707,0.63709411,,,3
148.49107419,2.20916953,,,3
150.05181863,1.68269129,,,3
149.09532956,1.00982119,,,3
149.94805415,1.33141905,,,3
149.53471068,1.13984759,,,3
148.37528246,1.11814318,,,3
148.61760783,0.95111162,,,3
149.26763141,0.43444174,,,3
148.60154511,2.1175291,,,3
148.11702594,0.75541904,,,3
149.24595584,1.47581729,,,3
148.98750392,1.56991303,,,3
148.70640412,1.89209524,,,3
149.57233822,2.26263674,,,3
148.99182253,0.53759176,,,3
148.45859634,0.63047078,,,3
148.96246133,2.39510617,,,3
149.01223121,0.9226157,,,3
148.98970717,2.06741351,,,3
148.89929031,1.6418075,,,3
148.26237053,2.06172192,,,3
149.21332457,1.51981114,,,3
149.06774616,1.65067708,,,3
149.73545392,0.68264135,,,3
149.06289917,0.94306749,,,3
148.42274251,1.75168204,,,3
149.62262178,1.54016017,,,3
149.02835864,1.98473719,,,3
149.4809642,2.22505663,,,3
148.11542471,1.27703712,,,3
149.85936267,1.50964849,,,3
148.69933946,0.8675027,,,3
147.9632085,1.53661922,,,3
148.63897651,0.71493946,,,3
148.4101965,2.12909296,,,3
148.09578607,1.26750598,,,3
149.24698755,2.24504931,,,3
149.39487973,1.98151823,,,3
149.37417728,0.83258104,,,3
149.27512023,1.44695463,,,3
149.48504456,0.75886083,,,3
149.15538862,1.40326619,,,3
149.59182212,1.13511561,,,3
148.56175763,1.14977996,,,3
148.43940227,0.74760746,,,3
148.68164129,1.76359917,,,3
149.20260543,2.36009953,,,3
149.6676562,2.11397205,,,3
147.9975491,1.88040675,,,3
149.4673981,1.01060926,,,3
148.38575448,2.24660202,,,3
149.96061601,1.99073142,,,3
148.86723048,0.9734956,,,3
149.84645943,0.75332195,,,3
148.06188287,1.89294195,,,3
149.29422386,2.43174852,,,3
149.85305248,2.11634238,,,3
148.98064344,1.72638194,,,3
149.83492724,1.92921715,,,3
149.33962726,2.41388811,,,3
148.21314146,1.47651469,,,3
149.01715987,0.53090863,,,3
149.38736214,2.27467036,,,3
148.33445167,0.52711887,,,3
148.62379396,2.35507922,,,3
149.15542413,0.51917439,,,3
148.08930138,0.76405601,,,3
148.36721141,0.52058899,,,3
148.97102352,0.90705064,,,3
148.99374367,0.67728456,,,3
148.88427301,1.08039607,,,3
149.41904032,2.39067319,,,3
148.82928451,2.2521393,,,3
149.32771204,2.35123028,,,3
149.28640163,1.95331079,,,3
149.33025133,1.1144415,,,3
148.81308261,0.60071216,,,3
148.15808742,0.9512074,,,3
149.44317492,0.82357372,,,3
148.38772858,0.81101092,,,3
148.3193443,1.6383445,,,3
149.29364428,1.68004265,,,3
148.34519594,2.04848666,,,3
149.0307337,2.38712625,,,3
148.70302656,2.22574,,,3
150.00120523,1.24146196,,,3
149.2220488,2.00495821,,,3
148.46942167,0.95963327,,,3
149.4884258,1.94147144,,,3
150.08596934,1.47027546,,,3
149.12134311,2.08320355,,,3
148.79741001,1.44641973,,,3
148.11413981,1.58621673,,,3
148.43596487,1.76011857,,,3
148.86872798,1.2989895,,,3
148.10265993,1.73428878,,,3
149.67355026,0.76756356,,,3
148.98403257,1.60389571,,,3
148.25371424,0.74097368,,,3
148.64809065,2.2785532,,,3
149.88226529,1.63136484,,,3
148.7477006,2.51465256,,,3
148.22656471,2.0873926,,,3
149.34150224,2.24215612,,,3
148.92452553,1.90872858,,,3
148.94104768,0.90984765,,,3
149.05319929,0.81827155,,,3
148.92688785,1.21807527,,,3
149.48472518,2.24822441,,,3
149.49965535,1.83127312,,,3
148.85323174,1.78696094,,,3
149.60047728,1.97286388,,,3
149.75431674,1.60584317,,,3
148.84990797,1.61513334,,,3
148.87870202,2.29378811,,,3
149.61064132,2.13765051,,,3
149.62572156,1.94257049,,,3
149.36987696,1.92531274,,,3
148.58838182,1.40375813,,,3
148.48212532,1.33432787,,,3
149.94344076,1.31639687,,,3
148.75961916,0.59698145,,,3
148.58990129,0.55633161,,,3
148.97050243,1.36577866,,,3
149.62072027,0.96225803,,,3
149.23413981,2.22086171,,,3
149.11110075,2.18274964,,,3
148.52038525,2.06909374,,,3
149.06542026,2.31180372,,,3
149.53528336,0.56382803,,,3
148.22513374,1.80421175,,,3
