RA,Dec,redshift,rmag,set_id
218.73828127284057,3.663700151722379,1.9693315900772632,22.350021362304688,1
218.71511098091713,2.8516843630661795,1.2239762628360444,21.88828468322754,1
218.0902553839212,2.7400536822663786,1.0889932671961615,21.272384643554688,1
219.39876538269633,3.116023360815091,1.6232085232824052,20.96799659729004,1
219.70776918173337,2.81593558125418,1.8465904900560848,22.535888671875,1
217.61732583894533,3.2579711184444937,1.8911119158007177,23.415714263916016,1
219.10067189369863,3.4153574780874205,1.428690458741785,22.31304359436035,1
218.9799957693621,1.822156015620701,1.7390630696500695,21.63272476196289,1
218.0902553839212,2.7400536822663786,1.0889214466078088,21.272384643554688,1
219.39043254728492,3.2661477283804747,1.218026601098006,20.616456985473633,1
218.0284192463642,2.8205668701992974,1.43270066689951,21.75441551208496,1
217.9741998168157,3.0134422361830677,1.4240391347124606,20.67000961303711,1
218.28408626844416,1.8840849576855887,1.6196349758640645,22.075267791748047,1
218.5012134940015,2.0776663179109955,1.6935567323262233,21.8288631439209,1
218.0284192463642,2.8205668701992974,1.4336626498462497,21.75441551208496,1
217.67970154292655,2.192310980385181,1.4972775265450666,21.278852462768555,1
217.90328459384656,2.1653036001450015,1.938173571828667,22.94339370727539,1
219.15548951411503,2.987928959967299,1.4361471527614178,20.12277030944824,1
218.50092173101868,2.528896349261077,1.1734082746685253,22.392627716064453,1
218.2238776120997,2.580453061558021,1.2449475156145549,20.669038772583008,1
218.51913368489204,3.152075308118985,1.4579900690500127,20.6031494140625,1
218.02609846008025,2.4339791786983938,1.4358145831494908,22.109832763671875,1
218.0676165033334,2.7971175893136215,1.0274698867117258,21.696758270263672,1
219.2944807494219,2.633279460972485,1.7779177828490196,22.203325271606445,1
217.52462448411663,2.606361746679768,1.8555742182192945,22.79421615600586,1
217.5803328193762,2.542765344574637,1.905150803855892,22.00981330871582,1
218.54772178962932,2.3353123447345023,1.636645968128901,21.605955123901367,1
219.08449282211848,3.406631616727222,1.640638995793219,22.371095657348633,1
218.94126877201097,2.9140509265325454,1.6722340929230015,21.29560661315918,1
219.45761023124308,3.387129730534603,1.2793300578752682,21.709306716918945,1
217.832163554262,2.457835224811976,1.2089165341722223,20.075468063354492,1
217.6618629476018,2.8098148811835557,1.64510300539144,23.700624465942383,1
218.4415695150069,3.424592030615005,1.0691052268262984,21.089874267578125,1
218.6972654952951,3.832850432143845,1.478180589541352,22.232643127441406,1
219.46273324516025,2.685698013517358,1.070601792022551,21.571063995361328,1
219.53817994024203,2.5246914485478005,1.205203362823671,21.68592643737793,1
218.4415695150069,3.424592030615005,1.0695793425497422,21.089874267578125,1
218.16218260257148,3.1528421712868657,1.1719796106084277,21.397022247314453,1
218.9057638573144,2.2021579982240738,1.5262823037177735,21.428062438964844,1
218.67399354350124,2.334134506042417,1.9236716843189277,23.347925186157227,1
219.1679936773113,1.822792987078151,1.068745272620326,21.622343063354492,1
218.25105980303272,2.72121682427145,1.7967103881299005,21.637441635131836,1
219.27419469065052,2.6789835497897863,1.4680986591422671,22.542396545410156,1
218.7027396431583,3.812272618931612,1.4164238474980304,20.11018180847168,1
219.51807411063197,3.203709951099433,1.696668174447921,22.248613357543945,1
217.58513946021375,2.8327706021185115,1.668093555086441,21.811567306518555,1
219.48416081485456,2.628953565313783,1.006728231284256,22.704301834106445,1
219.11400799652156,1.7825425472895184,1.3665496175401477,19.936811447143555,1
218.92054349880888,2.596681818209136,1.5409312982948138,21.326812744140625,1
219.48416081485456,2.628953565313783,1.006620510371199,22.704301834106445,1
219.49428292829032,2.971414410674345,1.4863915121717055,20.845190048217773,1
218.15333438937847,3.713150159605521,1.2397274783831025,21.651958465576172,1
218.1307374954783,3.6563841038268983,1.8929513948704733,21.785953521728516,1
218.15939958359897,2.5577816504402326,1.8176118440856832,22.444475173950195,1
218.06686243863783,2.30947224227476,1.1346420352372737,21.980195999145508,1
219.1615023036229,2.790140700788634,1.9114369207716624,22.547775268554688,1
219.39130372301452,1.9653260992542212,1.6984778721224754,22.296451568603516,1
219.29773661797273,2.5890488101918763,1.283715070455418,19.880748748779297,1
219.59307028496403,2.6272380717995403,1.235424623500713,20.072290420532227,1
218.3379721182655,2.577680468484817,1.150013183488564,20.30054473876953,1
219.13567386604103,3.4940483350195697,1.4189895350857185,21.264694213867188,1
217.93133432330592,2.13646915547836,1.9348333640161497,20.57583236694336,1
217.9832061266165,3.1539267471865395,1.0285692214506823,21.303178787231445,1
219.15968411130365,3.35826317439045,1.217189963933657,19.907283782958984,1
217.9022004208145,2.982072251173145,1.571063588208394,21.64728355407715,1
217.77245499616885,3.0038048185568953,1.3406501423515096,22.32354736328125,1
217.87970900469665,3.438815658674811,1.8708139473473464,22.90101623535156,1
218.21168320006944,3.748113906696946,1.8812929448602456,21.87885284423828,1
219.5824450673637,2.5146370800596993,1.895417913269384,20.99877166748047,1
218.14336878361587,3.215756803976347,1.743859289142627,19.749265670776367,1
218.16705652562752,3.1224171570877135,1.8526403787482784,22.18736457824707,1
219.14666281628232,3.144523040216993,1.2480624653858838,22.423259735107425,1
217.9331295945219,2.275391689118456,1.6033493011730129,22.931148529052734,1
217.87249097764587,2.516258244861397,1.0608152324812972,22.825984954833984,1
218.6719346445271,2.555175582773613,1.7610670871260898,22.567392349243164,1
217.60869590049265,2.3154931168226005,1.472494560238404,20.528789520263672,1
218.3603465769535,3.3394885911312944,1.4572457726465116,20.93940162658691,1
218.3868026772557,2.357177205934824,1.713204928230086,21.168148040771484,1
218.75177990134853,1.732093122145555,1.8428790370579131,22.94075584411621,1
219.01375035406537,3.616771106723983,1.990040003478461,21.5484619140625,1
218.5667056880323,1.728342914069286,1.871748542548233,20.956310272216797,1
218.22036833229035,1.7639224230346149,1.129087027048557,21.53770446777344,1
218.4938809732576,2.788446455850928,1.287767943244484,20.162185668945312,1
218.53114901811912,2.4512867381259995,1.702308227242501,19.590259552001953,1
218.4139008643028,3.504294023077911,1.308682404433755,21.292566299438477,1
219.13684293434895,3.59084980932805,1.494280852972074,21.97614097595215,1
218.28251154851657,2.118851945209855,1.3636198713455627,21.903356552124023,1
217.7884822922039,2.192155145160148,1.344341287736256,21.36479949951172,1
218.2151599060342,1.970167905610874,1.5704545212784884,22.94200897216797,1
218.9913445866961,3.1671765592763323,1.4585851166763628,22.514692306518555,1
219.26156874677685,1.981804866302596,1.594195514093503,21.55194091796875,1
218.00313321688577,3.418227378509499,1.0633260743081474,23.094383239746097,1
219.30076970004677,3.5601665163106344,1.8026756504414672,20.892499923706055,1
219.57847127378085,2.2279869586544683,1.2208983494427248,19.842182159423828,1
219.2007024888708,2.017233819511668,1.1611529104719231,22.38572883605957,1
219.32021876107433,2.4630501949951493,1.6358520246370531,23.31782341003418,1
218.5365006296521,1.6555336084802057,1.1999037642603485,19.1409854888916,1
218.53185636369977,1.755242412647909,1.6620278981953056,20.116676330566406,1
217.94853208503915,2.7204623127983627,1.5542794051607822,21.458839416503903,1
217.50605163214084,2.5682926002310595,1.0671500558217744,22.54932403564453,1
217.50605163214084,2.5682926002310595,1.0672570328356683,22.54932403564453,1
219.1322330025324,2.714870198122482,1.364752302416669,21.775421142578125,1
218.16397990900631,3.348007620947294,1.5654716618316908,20.902267456054688,1
217.6264782395017,2.759135884309818,1.919824415599376,22.98390007019043,1
219.0998843270099,3.198769219158117,1.8014108609136132,18.421489715576172,1
219.3436964616105,2.5808461851540176,1.48457704835598,21.987831115722656,1
219.0297452753235,2.8546192513842734,1.8268523507478869,20.78664207458496,1
219.57801130353025,3.13507686678673,1.6091567507399656,20.60037612915039,1
217.98155584974407,1.905519597441445,1.7315056511400313,23.372467041015625,1
219.003357549988,3.037725237972761,1.6191600360491796,22.235698699951172,1
218.47310058601084,3.1692706567957876,1.1090710108880917,21.97394371032715,1
218.72620259520824,1.7469579417520278,1.1440688288242102,21.834623336791992,1
218.28487368830537,3.560879683806707,1.223636898341886,21.108417510986328,1
219.06756567408772,2.121183166861853,1.4938412932285965,22.094039916992188,1
218.07265114218367,1.7984161558071214,1.2051178085767589,19.244609832763672,1
218.82609119280315,2.4300538763289024,1.6347853236176917,22.536041259765625,1
217.9540073821399,2.1006499282997475,1.8834947505920712,22.879838943481445,1
218.23808557922467,1.8798753368440004,1.625781145884822,21.482872009277344,1
218.23808557922467,1.8798753368440004,1.6251332397332434,21.482872009277344,1
218.6607512409529,3.11086657777883,1.7933057820153455,21.153396606445312,1
218.9771880320369,3.638650935093528,1.7599552135339969,23.071870803833008,1
217.9607922926295,3.657385469518576,1.2735582796294098,21.198986053466797,1
217.78050348068257,2.0451225612034176,1.5613256092257046,22.304763793945312,1
218.2238776120997,2.580453061558021,1.244300296781314,20.669038772583008,1
219.46578293677916,3.466061920505783,1.017800526505319,18.40327262878418,1
218.45162533745247,3.8425195715134577,1.4848555628293671,20.688684463500977,1
219.0998843270099,3.198769219158117,1.8028861416805173,18.421489715576172,1
218.33662721301505,2.47074512712788,1.490221995613345,21.53055953979492,1
219.10197153035608,3.3899409633333417,1.1941997807600886,20.746803283691406,1
219.45809150952465,2.4682575184999997,1.3214095284261684,20.22170639038086,1
218.5340046999523,1.8116727798887944,1.4643168514066789,21.84076881408691,1
219.62967906092575,2.4387353544136543,1.994170162509724,21.319660186767575,1
218.44679472133703,2.384340297056939,1.217489633537474,21.615209579467773,1
218.5684894773458,1.8512011685150491,1.1965467112291497,19.852561950683594,1
218.09655675819303,3.3432005690746247,1.3154701775944535,21.561359405517575,1
219.26457572543285,2.056339082034267,1.0194345166894996,20.724355697631836,1
218.45162533745247,3.8425195715134577,1.4855108542152546,20.688684463500977,1
218.7950237288271,2.9280274372140305,1.8271767187516352,22.89924430847168,1
218.1855426477673,2.6550650935319706,1.4236574604288736,21.123149871826172,1
219.2723485766875,2.2610827824708486,1.0840139264900266,20.51063346862793,1
219.1742542206723,2.909443081057254,1.7925827987119236,23.47820472717285,1
218.14751708060336,2.9922571454483373,1.7084169338425452,21.376453399658203,1
218.4465270860283,2.209478863564851,1.96728572698998,23.264005661010746,1
218.45930378441273,3.6634127188125856,1.2439063136766189,21.78108024597168,1
218.94722301366855,2.36360986704157,1.9089167217564225,23.482860565185547,1
218.88922044732712,3.784358888360818,1.8306137536345564,22.68319320678711,1
218.5891095367286,2.392799304544059,1.8887379291120232,20.313291549682617,1
219.03831855841017,1.8132746095410153,1.0047424113959786,21.269601821899418,1
219.3759483454116,2.6489836894367804,1.9690740276934289,22.13810157775879,1
219.03680263819723,3.438534413326567,1.4822464740838603,22.295873641967773,1
218.13139877635547,2.5658544421037397,1.8254664161238845,21.105806350708008,1
218.0213814068665,2.9921121523389416,1.6643650149062796,20.364643096923828,1
218.97648675506684,2.010088111077015,1.791345038730583,20.107311248779297,1
217.78014663298023,2.0840438098794305,1.2061078796586004,21.926528930664062,1
217.54023011002812,2.414412436795893,1.5612619245455897,20.158836364746097,1
217.5675997543467,3.0095526792857656,1.4894225391895546,20.974815368652344,1
217.6137250443708,2.993298563845256,1.5674961616182257,21.48043441772461,1
218.9006707723502,3.816276448709861,1.8192773846855337,21.940277099609375,1
218.27954781498124,2.57805486907219,1.243036413157743,20.462404251098633,1
217.976279804314,2.030031897106578,1.87093803476563,22.88638687133789,1
218.69572709319056,2.0193360935585103,1.2854897562176657,21.530685424804688,1
218.4001553357856,3.680380737801035,1.0786238101625971,22.21276473999023,1
217.61035500367967,2.5904482199421,1.3766586663838989,21.99847412109375,1
219.20018084760568,3.039733746805739,1.1844457493005207,19.792335510253903,1
218.18854642146985,2.866563613833685,1.7224772877289196,20.85542106628418,1
218.19683907985075,2.1621678433398572,1.650210560157316,21.45657730102539,1
219.13684293434895,3.59084980932805,1.4934123145676004,21.97614097595215,1
217.8351565835515,1.9980016684440685,1.847987373370049,21.643035888671875,1
218.94126877201097,2.9140509265325454,1.6688656421206962,21.29560661315918,1
218.96046398062305,3.8062849367369864,1.1285712794810452,21.925594329833984,1
219.20901388826644,3.098046438093555,1.8348054258075528,21.452566146850582,1
219.6010152162914,2.490552102589631,1.7713239319121965,22.33258056640625,1
219.4654314920666,3.0640932890422214,1.2304160047041763,21.47342300415039,1
217.66213889723332,2.7254711827821096,1.952534317249818,20.285383224487305,1
218.76660997175733,2.7058121526918217,1.692644991641717,22.317062377929688,1
218.51244452411535,3.305922317380714,1.122622665139006,22.004911422729492,1
217.9832061266165,3.1539267471865395,1.0281147720458452,21.303178787231445,1
219.57345185235076,3.3190920858598667,1.4837714832109916,19.357603073120117,1
218.11440341892248,2.1342959652551903,1.9255959846449209,20.035062789916992,1
217.76238191106367,2.368335734390372,1.4670852355504924,22.360631942749023,1
218.56936078307425,2.7471607929147406,1.859378239412362,22.15793228149414,1
217.56770745634503,2.611085749621554,1.526911163049728,19.880046844482425,1
219.43469546187092,3.1269357508798943,1.3788148076972893,20.53071403503418,1
219.00970874010105,3.1122908983588227,1.8835060333501792,21.158117294311523,1
218.52518812350135,2.0740693544546485,1.158511125166395,22.627933502197266,1
219.0945994613794,3.379237612571131,1.593456388389859,22.827960968017575,1
218.03832080895205,2.588939174612507,1.4826750553122652,22.449512481689453,1
217.8776824457327,2.331035236497262,1.172207321428518,21.236480712890625,1
218.8934652771016,2.91970483387867,1.8271281693302808,22.384931564331055,1
218.3493166607628,2.025234597972571,1.4887081317460586,20.110143661499023,1
218.6039172754401,3.6531696771382425,1.1249847060026787,19.189064025878903,1
219.2763732079984,1.975404697618169,1.452577448598467,23.00331687927246,1
218.54866243661905,3.2428762446622663,1.449500564703209,22.079763412475582,1
217.94853208503915,2.7204623127983627,1.561432616837828,21.458839416503903,1
217.8480506995219,2.2082786528806597,1.9102660354870584,18.884756088256836,1
218.7964393901841,3.506685549626922,1.5354917495615032,21.132314682006836,1
218.71652620608137,3.7069444915969503,1.4768386347697355,22.345903396606445,1
217.52462448411663,2.606361746679768,1.8542466949928555,22.79421615600586,1
217.956283768812,3.398442314934749,1.4475314539740374,21.522016525268555,1
217.9607922926295,3.657385469518576,1.273651142965261,21.198986053466797,1
219.0152953225929,1.7241909027748603,1.4613639469941206,19.010662078857425,1
218.289750499082,1.7343318783982395,1.1642327100371217,20.110279083251953,1
218.57246739298444,2.8272100377739906,1.176658073136905,21.208192825317383,1
219.5898060631137,2.7058206281026154,1.1006753359040733,20.554750442504883,1
218.66346911225733,2.5020574054990212,1.2937619756464034,22.35687828063965,1
218.07108610857983,3.606797369127715,1.4877337712576435,20.13529396057129,1
217.9721179406934,2.654928994935307,1.176926926387845,22.332048416137695,1
218.45930378441273,3.6634127188125856,1.245097074851114,21.78108024597168,1
217.6196576293967,2.732326746185746,1.208875128699307,21.25733757019043,1
218.32498266266185,2.3154288873766764,1.7343277717133472,19.554841995239254,1
219.20018084760568,3.039733746805739,1.1844018682874424,19.792335510253903,1
219.39043254728492,3.2661477283804747,1.217835824891977,20.616456985473633,1
218.52800120001868,3.6511181072352534,1.4872157005082811,22.20512962341309,1
218.9387735236211,1.8533187676624012,1.3991108091810691,21.995580673217773,1
219.2217664985388,3.440620524635426,1.1085599181604335,20.340024948120117,1
218.6719346445271,2.555175582773613,1.760780828053787,22.567392349243164,1
218.81296336012107,3.219019022049587,1.4772922110383242,20.40616226196289,1
218.1065154634473,3.043035075585834,1.519111449371476,23.12989044189453,1
218.64039663844176,2.237847304930855,1.3972920299454203,20.30887985229492,1
218.2976411138463,3.2094462324500257,1.7200030687023478,22.659162521362305,1
218.10106829605337,3.113946833500463,1.9502406063917497,20.535968780517575,1
217.85301100819035,1.9243559745166603,1.8966311566547176,21.093664169311523,1
218.22792220958777,2.785335683765019,1.9523269272480015,21.510852813720703,1
219.0945994613794,3.379237612571131,1.596415784930785,22.827960968017575,1
217.84870566418977,2.7750066746928317,1.659492904009532,21.250173568725582,1
217.93044665243855,2.334413663360575,1.8473715614051711,21.279233932495117,1
219.40445116451707,2.8117863681812643,1.8703116232567376,23.777772903442383,1
218.37056093006169,3.0512394066463826,1.4729512386957655,19.941991806030273,1
217.838364344263,3.280484232549417,1.9379316158179465,23.255231857299805,1
219.12641277189863,2.076031084553569,1.926391919885471,20.96767234802246,1
218.7864581561492,1.8471680792419756,1.9940849550956508,20.13652610778809,1
217.52989194605243,2.796087014399334,1.992653434965594,23.42606735229492,1
217.6964876035267,3.3302314385315173,1.8704685732773365,23.19536399841309,1
218.9615182030624,3.0741140123053348,1.8735390735355923,21.18147087097168,1
217.85301100819035,1.9243559745166603,1.8951553358811415,21.093664169311523,1
219.23345055658663,2.04482735299667,1.0560629610046786,21.52573585510254,1
218.92097599756949,2.6475224427443487,1.482093325307131,21.074199676513672,1
218.3845816299685,1.8197560183263,1.217881006549727,21.57329368591309,1
219.20901388826644,3.098046438093555,1.8365835382855549,21.452566146850582,1
217.76910337944852,3.2843498725433076,1.6232299285273573,21.691452026367188,1
219.37154225119784,2.7345355536081613,1.3121478537922475,19.088947296142575,1
219.15968411130365,3.35826317439045,1.217687740582261,19.907283782958984,1
218.40237644199328,2.5901132364015886,1.9007623842559829,23.443462371826172,1
218.294256965314,2.794385809961062,1.845714842940678,20.37179374694824,1
218.60807304493525,1.975635053694483,1.7878991138764195,22.049169540405273,1
219.10197153035608,3.3899409633333417,1.193931766892825,20.746803283691406,1
218.5789296646962,3.8133857185523974,1.708784069074177,21.050735473632812,1
217.6264782395017,2.759135884309818,1.9193045620805165,22.98390007019043,1
219.61956332231145,2.480347914639348,1.8402320411488364,22.9620361328125,1
218.79626434141767,2.7273656211304504,1.47408719603731,22.794097900390625,1
217.9776511346961,3.384437533004467,1.4484556385077112,21.187429428100582,1
219.3633886588627,2.8386990653695756,1.830246820113694,21.044679641723633,1
219.06301597364828,2.6839546743233464,1.7836712404453554,20.213436126708984,1
218.1522023518597,2.885767337026474,1.71662649500891,22.57256507873535,1
218.19658252820952,3.411147309621439,1.6301747431914553,21.261505126953125,1
218.49682706552548,1.9032609801335276,1.57900027479466,21.990962982177734,1
217.68284766402363,3.2678573972614515,1.2284022067899338,21.985551834106445,1
218.71102792211687,2.1716918544705828,1.5221864353755228,20.38735008239746,1
218.54101501753968,2.5184720009019057,1.70186940618312,18.864276885986328,1
219.1507921274269,2.3721772276254174,1.7729889928784155,20.367183685302734,1
218.3413643762052,2.142352133490097,1.5754814431875628,20.85730361938477,1
219.7068833925937,2.8217237194611595,1.447573715320251,21.469680786132812,1
219.12410722028017,1.7877053325087782,1.2501472864134628,20.590267181396484,1
217.5803328193762,2.542765344574637,1.905119333827444,22.00981330871582,1
219.2884718191276,2.900406471562337,1.020511172252093,21.48159408569336,1
219.1507921274269,2.3721772276254174,1.7736690409455762,20.367183685302734,1
218.27411818427015,3.2679905418133184,1.2602396438454833,21.896467208862305,1
217.956283768812,3.398442314934749,1.4475481362220708,21.522016525268555,1
218.289750499082,1.7343318783982395,1.164860270252267,20.110279083251953,1
218.6297727112318,3.5894476906326944,1.5381451555857806,21.031360626220703,1
219.43469546187092,3.1269357508798943,1.3788401197229938,20.53071403503418,1
218.6654887554068,3.724734298456113,1.1955346757455674,23.12286376953125,1
218.14336878361587,3.215756803976347,1.74333686204119,19.749265670776367,1
217.8480506995219,2.2082786528806597,1.910596173699764,18.884756088256836,1
218.56936078307425,2.7471607929147406,1.8588076210039457,22.15793228149414,1
217.9022004208145,2.982072251173145,1.57027777139846,21.64728355407715,1
217.8776824457327,2.331035236497262,1.172243854652805,21.236480712890625,1
217.9909978838266,3.253824954135495,1.0320619359513066,20.921382904052734,1
219.0306069702124,2.798702038026804,1.6309894669914349,19.86680793762207,1
218.28251154851657,2.118851945209855,1.3638428085097676,21.903356552124023,1
218.8538194057817,2.9866567766195113,1.6343629777808235,20.174663543701172,1
218.84045684621267,3.794116190940711,1.8271306082359504,22.528453826904297,1
217.82544393433116,1.946217650394376,1.5129425420895186,20.075775146484375,1
218.34841883557425,2.8502614158002064,1.2279635130912627,21.29071807861328,1
218.77444091690623,1.910392096010486,1.7984093702415105,21.708324432373047,1
218.5943585164295,2.0504333615688934,1.7697973926214905,21.12236976623535,1
219.17379899069095,2.5892440518954167,1.473090729219959,20.10814094543457,1
218.8078940135928,3.5439582391231568,1.7270847928523694,21.405561447143555,1
218.54101501753968,2.5184720009019057,1.702276375238852,18.864276885986328,1
218.55783436263408,3.76146134139949,1.0791939260264027,20.7630615234375,1
219.11429337270468,3.1874514057192025,1.5879858883871665,22.5025577545166,1
219.11429337270468,3.1874514057192025,1.5913558851090317,22.5025577545166,1
218.93828581140852,3.412617829129472,1.7988091242276365,17.27202606201172,1
219.21300900885197,2.8724538250293663,1.1366405629066736,19.049673080444336,1
219.46192521781825,2.998644722975367,1.9410304743533615,21.90253257751465,1
219.2763732079984,1.975404697618169,1.4515520190840474,23.00331687927246,1
219.57530692458775,2.3370240018880537,1.4845514660929846,20.044376373291016,1
217.73405793886047,2.712167511270072,1.382553531029378,22.40757179260254,1
218.4001553357856,3.680380737801035,1.078315448487819,22.21276473999023,1
219.02514056427785,2.952846618377227,1.415322297772862,19.94389533996582,1
218.06962,2.1971692,1.2508318424224854,21.585674285888672,1
219.70133751138437,2.748377152527583,1.8237565171457288,22.186595916748047,1
218.27954781498124,2.57805486907219,1.2431315039167128,20.462404251098633,1
218.48237518957316,2.469701861539913,1.6848083100949245,22.39684677124023,1
217.80101626453973,3.152374790477093,1.6597397380715708,20.9437198638916,1
219.2944807494219,2.633279460972485,1.7769722466621882,22.203325271606445,1
219.64555299435492,2.4976532419551227,1.5571343479355302,21.77471923828125,1
217.84604805807237,2.204681718054041,1.901812948929498,22.69708824157715,1
218.32003585956852,2.6630274059882466,1.5569524847326468,21.05776596069336,1
218.0191120672631,3.184801898197346,1.2254451856940738,20.293495178222656,1
218.294256965314,2.794385809961062,1.8459807203785077,20.37179374694824,1
219.270538849199,3.319119743065589,1.231085203020351,21.719242095947266,1
217.71241429743833,2.894361637860198,1.9880982056517544,20.569623947143555,1
218.959834449126,3.7606310045351554,1.0967888483007184,19.66218376159668,1
217.76238191106367,2.368335734390372,1.4668737970978811,22.360631942749023,1
218.08117029149653,2.6007813205129406,1.5634275082915745,22.47691535949707,1
218.3607875796037,2.9115053427570428,1.79081976209734,20.884136199951172,1
219.4122762281552,3.172967889252248,1.7068148066487134,21.24406623840332,1
217.8571325335066,2.607067736083447,1.3417307170912338,21.11450958251953,1
218.19683907985075,2.1621678433398572,1.6496737515535955,21.45657730102539,1
219.38296081453015,2.7768809199757065,1.492597966701501,21.703296661376953,1
218.2715078726837,1.926327608432926,0.9423210199155724,21.197067260742188,1
218.8689778796108,3.4936030704399785,0.2383009452519066,18.843168258666992,1
218.88926878834283,1.805517173186128,2.252741994484541,23.255290985107425,1
219.46273324516025,2.685698013517358,1.0708153822366608,21.571063995361328,1
218.4872331921432,3.196661531865107,1.770366730625503,22.6314697265625,1
218.93535961807663,3.712824130994065,1.6387441557773137,22.68973922729492,1
218.6641807272836,2.3345034700890106,0.6744263347575896,21.87902450561523,1
218.25473526424148,2.2487076982413976,1.936896803645725,22.287927627563477,1
218.6032430913278,2.7583726725522086,2.141511261619018,23.78032684326172,1
218.57930294539852,2.9409385344107957,2.771929665682994,22.968149185180664,1
219.07614508022337,1.865632327300148,1.3699132481747125,19.701366424560547,1
218.26245815460624,1.78529451447274,0.8557378537237935,21.704561233520508,1
217.8766217979426,2.6283956898467817,2.2894945132240467,23.49636459350586,1
219.0886347476896,3.671209091112203,2.0428412244145497,20.88709259033203,1
217.98563674384732,2.58840156861157,0.2998455003608521,18.071449279785156,1
219.2265933188217,2.94997439565414,3.6536518288967574,21.5528621673584,1
219.2259773511855,2.3468527950312743,0.8013925305621585,21.36192512512207,1
219.21300900885197,2.8724538250293663,1.1367446476580698,19.049673080444336,1
218.16218260257148,3.1528421712868657,1.1719223277012238,21.397022247314453,1
218.47245426814436,2.4882346069627603,2.431805419987971,20.32207679748535,1
218.7688000411516,3.5010709995081672,1.878015934508747,21.85607528686523,1
218.23821,3.1774656,1.885053753852844,20.453519821166992,1
218.04273583910057,2.3072195021473063,2.3487881066325467,21.977724075317383,1
217.8530231135977,3.530896487735371,2.69926724899869,21.994518280029297,1
219.6350287601175,2.8011816842655795,0.375734027959213,17.759157180786133,1
218.12503576720735,3.3398066753644904,0.2869973688235152,18.129371643066406,1
218.29966854212705,1.7609974248092746,2.4112853268002006,23.768714904785156,1
217.978184925053,2.9999109722197352,1.5816089422045756,21.971601486206055,1
218.40795678337545,2.558250656542097,1.2273214148559082,20.448476791381836,1
218.19072708553972,3.048823809812668,1.7175546854909047,21.79235458374023,1
219.52757506545095,2.416130662148441,1.963777139075124,20.888891220092773,1
219.01375035406537,3.616771106723983,1.9885131363394184,21.5484619140625,1
219.40840008392823,2.898223281161274,1.9983024500463311,22.798355102539062,1
218.33365543892327,1.7310476196737978,1.7260406683582927,18.519752502441406,1
218.3909319375057,3.271928233422309,2.619618454975169,22.896595001220703,1
218.0290600804973,3.511632001416158,0.0805694216982233,23.18220329284668,1
217.94693254208937,3.480288951393379,0.866968585397829,21.59860610961914,1
219.22315996875477,2.9598238024507464,1.8462648243924713,20.042009353637695,1
218.11476232057504,2.489641328350838,0.6335732698089281,19.983278274536133,1
219.18264068321545,1.9099049200721188,1.7337175623262613,19.818851470947266,1
217.95196888622095,3.676962044001382,3.1521429793838807,22.465662002563477,1
219.03225015121365,2.097680792675361,1.6775224257876118,21.29679298400879,1
218.9615182030624,3.0741140123053348,1.8738091383071644,21.18147087097168,1
218.4449459225743,2.865747772074562,1.674088268967082,20.654470443725582,1
218.14952452801512,2.850776560718802,1.363401391776918,20.61260986328125,1
219.26210725673383,2.8060269588383924,2.369993804739762,21.673250198364254,1
218.4938809732576,2.788446455850928,1.288000232657466,20.162185668945312,1
217.87389980105692,2.4490734207562164,1.9044108650922096,23.12876319885254,1
218.7961405967748,3.82446342548541,0.6137419682174408,20.602678298950195,1
219.03680263819723,3.438534413326567,1.4814422923840669,22.295873641967773,1
219.24164918050792,3.0710049889519344,2.365343509284823,22.0777645111084,1
218.7900356426995,3.203097859813701,1.4852964659368926,22.14381217956543,1
217.53712778413,3.0447730661320525,1.9398355220546608,20.04311180114746,1
217.91506074847024,2.227556841580957,3.117974495165939,19.692352294921875,1
218.6770319685482,3.274242325074298,1.1307558574350485,21.891178131103516,1
218.63626276067137,3.279524781981087,0.3036389238129104,19.62238311767578,1
218.9799957693621,1.822156015620701,1.7417666945983832,21.63272476196289,1
219.6010152162914,2.490552102589631,1.770369493881874,22.33258056640625,1
219.0289631218484,2.908711403781844,1.5975871335974354,20.040687561035156,1
218.9391198294439,2.942083207363772,1.8309517540393312,22.569475173950195,1
217.80200824087632,3.5290411618999595,0.8359925856963187,19.92940902709961,1
219.1839523200657,2.678889859953537,2.3231525664816317,22.83517265319824,1
219.46201228109945,3.1223260046498966,2.2809291111485117,20.93779754638672,1
219.2812444172762,2.0409349831612213,2.1266037239567845,22.54269790649414,1
218.4005729177789,3.663212355293133,3.069670961195324,21.505138397216797,1
219.640375587817,3.1244077857168873,0.8869458418937126,21.48263931274414,1
218.9057638573144,2.2021579982240738,1.5275533756438,21.428062438964844,1
219.70922871111185,2.941050798864879,1.9799358695339315,21.493009567260746,1
218.77088519578416,3.0658488975936375,2.1344148437038375,22.9178409576416,1
219.43517190641884,3.4942145834569307,2.2024509016600953,22.094749450683594,1
217.97801831905963,2.9738280408510596,2.8357429968923173,21.122407913208008,1
218.34399385283265,3.5805761897236383,3.195416018927023,21.091381072998047,1
218.697793715014,2.2570316717007506,0.1817529426432273,18.311115264892575,1
219.57345185235076,3.3190920858598667,1.483175704007872,19.357603073120117,1
218.3081230336588,2.035894217544885,0.7507225696628146,20.797853469848633,1
219.19461422230063,2.261376630400601,0.839619973319336,21.008960723876953,1
218.2062073520047,2.132579715425444,1.6420633437168273,21.239133834838867,1
218.04373082222577,3.583176100113876,2.8229065318899136,21.347841262817383,1
217.79737260139257,2.8651444515926845,0.7778345821725123,20.79474639892578,1
218.46563525612316,1.9398576400718917,2.3381745948021884,22.246074676513672,1
218.45183805486312,3.461219155124177,2.4347737528075597,22.864501953125,1
219.3802758052048,2.566873350025679,3.030097052211197,20.05648422241211,1
218.59539673757791,3.4151587383358115,1.4683330249905104,20.86675453186035,1
218.81591562464783,2.249639190015172,2.168412905497915,20.49008560180664,1
217.56016469667188,2.966180610253635,0.7961800134435766,21.214813232421875,1
219.10380706260835,2.5351623918059225,1.1532627324915663,20.22416877746582,1
218.5012134940015,2.0776663179109955,1.691192061706985,21.8288631439209,1
218.9983491408453,3.6982530504507354,2.483747518912901,19.129135131835938,1
219.06756567408772,2.121183166861853,1.501979101701679,22.094039916992188,1
219.0498434424624,3.2746455095243565,1.2551402053263103,21.511266708374023,1
219.1604311555947,3.4559955238721796,3.8261102148038217,22.793399810791016,1
218.81524309641208,2.539342829883609,0.3052772715881533,16.886730194091797,1
219.0633515621112,2.0897829927482894,3.156552238936908,23.354249954223633,1
218.56540293163633,1.703320268678039,0.760744212696465,20.39016914367676,1
218.25105980303272,2.72121682427145,1.800910687512676,21.637441635131836,1
219.2281864663263,3.119576458451794,1.8009693133485891,19.489423751831055,1
219.31951852226857,2.2172278770951404,2.2261254336128022,21.247840881347656,1
218.19905521706733,1.9796648106813892,0.9291428021063782,22.851716995239254,1
219.11146745857215,3.465661772601764,2.1807808285171055,21.421321868896484,1
218.7728510370928,3.014484319076422,2.482212145816338,22.351470947265625,1
218.9666944504411,3.3888743248157045,2.402597042595114,22.023357391357425,1
217.68273137933792,3.3176250967169914,2.085688764146512,22.873464584350582,1
217.79737260139257,2.8651444515926845,0.7779156109210033,20.79474639892578,1
218.63626276067137,3.279524781981087,0.3036283402810841,19.62238311767578,1
218.77444091690623,1.910392096010486,1.7993156176294172,21.708324432373047,1
218.47310058601084,3.1692706567957876,1.1092612383179723,21.97394371032715,1
218.6972654952951,3.832850432143845,1.4760510618759777,22.232643127441406,1
218.9120254554589,3.5821377199916453,0.8823665630727302,19.082111358642575,1
217.59202422561867,2.8908127520042237,2.313500100995158,20.593027114868164,1
218.2096155730781,1.72603268891636,1.495877215821203,21.383769989013672,1
218.8705682802021,1.83264095793499,2.0103948599129873,20.04366683959961,1
218.20184795345756,2.5367623572547675,1.8952640669731349,23.186336517333984,1
218.01021000000003,3.1429189,2.2438998222351074,21.532400131225582,1
217.91506074847024,2.227556841580957,3.1100871102924272,19.692352294921875,1
218.50964904249295,1.93330390749297,2.514487156855016,22.004070281982425,1
219.25253364192645,3.3127051001731456,2.068964085725296,22.416189193725582,1
218.64039663844176,2.237847304930855,1.3973603784252788,20.30887985229492,1
219.5354342581487,2.332760280585285,2.083720084898016,21.255165100097656,1
219.49692484291344,3.136636914759602,1.9351306955718368,22.023828506469727,1
219.5131153961512,2.4490386209059567,0.6735585209224515,21.234643936157227,1
219.56104000000005,3.1593392,0.4068713784217834,20.255962371826172,1
218.6586375671533,1.646287434603306,0.1355055900079083,16.808244705200195,1
218.5684894773458,1.8512011685150491,1.196145916315524,19.852561950683594,1
218.64959231253073,2.008028063196424,1.5771854324589016,22.117591857910156,1
218.48776591045151,3.6235139928818314,2.6950317089369675,21.85611915588379,1
218.9014808032454,2.7735484652267064,2.665496735839701,20.6602840423584,1
218.0191120672631,3.184801898197346,1.2256092700812389,20.293495178222656,1
218.82312768824113,2.413147801801186,1.2452182344581573,22.785871505737305,1
217.80711591590287,2.4835478589551565,0.5325699639115179,19.399822235107425,1
218.7579301730028,3.3381977832516765,1.4211165189499215,21.926015853881836,1
218.75177990134853,1.732093122145555,1.8415861413533068,22.94075584411621,1
217.99603419224113,2.4631440071814796,1.014152487293515,21.335893630981445,1
218.1765648570442,3.294049355301686,1.2072962573171506,20.836925506591797,1
217.73891215826916,2.5353026384664847,0.3388251244039288,19.729022979736328,1
218.2776854690474,1.6828004092690625,0.3633484949758708,18.346981048583984,1
218.16411512271912,2.448638160435173,1.777024234477402,22.55010986328125,1
219.63608502903088,2.9461676375956434,1.4828980539014065,21.45293426513672,1
217.77245499616885,3.0038048185568953,1.3408666432204872,22.32354736328125,1
218.4745232203883,2.1077238355406624,0.5680137953014637,19.96243667602539,1
218.88987929437155,1.8380071184101148,1.0571856517761913,21.142723083496097,1
218.5461386109374,3.3606452780479095,2.113548944470408,22.597015380859375,1
218.04373082222577,3.583176100113876,2.822309010782754,21.347841262817383,1
219.3802758052048,2.566873350025679,3.0300941396993792,20.05648422241211,1
218.63221539341063,3.842583494271369,3.1590168271434353,20.270736694335938,1
218.83888977370853,3.8010251272125695,0.9062826482450812,19.131122589111328,1
218.37145725062624,2.0473573026006564,0.8581703258260865,22.472795486450195,1
219.5586950641652,2.409771802378147,2.625757594132009,23.43549537658691,1
219.11400799652156,1.7825425472895184,1.3664082841227598,19.936811447143555,1
217.8654273858415,3.5724944257422453,1.5975097129750973,20.865297317504883,1
218.46715697125623,2.744967608762397,1.590979747211253,22.761716842651367,1
219.3800924198946,2.0721884904539216,0.8038879954281616,21.725540161132812,1
218.3399028170876,2.594901473557484,2.054108482940475,20.80060386657715,1
219.62824056699185,3.2244869210439826,1.4845710304612645,21.94597053527832,1
219.35690148520743,3.495855858684586,0.4156441014103438,20.546377182006836,1
218.92919412940935,1.8351036111439971,2.2693600829620393,22.162803649902344,1
218.28870393774284,3.1004152940965706,0.3033032899821257,19.25756072998047,1
218.66878617873013,2.858774795858972,2.5212750544757117,21.646814346313477,1
218.0267333587441,1.940275181753126,2.7741301195928143,20.872587203979492,1
217.91624366281656,2.189695484073658,1.375694500550359,21.899913787841797,1
218.0082533330976,3.385544295168665,1.2032114740788464,20.129255294799805,1
217.9776511346961,3.384437533004467,1.4483227371836638,21.187429428100582,1
219.270538849199,3.319119743065589,1.2307891280790098,21.719242095947266,1
218.54054135513908,2.870518247243784,0.75974184223234,22.680870056152344,1
218.08512933553996,2.4394352840245244,2.2823784782348424,21.886754989624023,1
218.53275563930464,3.238793468887254,2.5013743478401613,22.388856887817383,1
219.1762517690014,3.6794791893745993,2.075575413162636,19.942808151245117,1
218.85410375601631,2.9235944428567913,0.9145199449104652,20.270925521850582,1
218.2447509783761,2.075262572798522,2.304134887068643,23.233999252319336,1
217.8530231135977,3.530896487735371,2.699217106115764,21.994518280029297,1
218.59539673757791,3.4151587383358115,1.4689949046085855,20.86675453186035,1
218.54880886132088,3.1515608798087715,2.327188222294432,22.498580932617188,1
219.65374367348593,2.598108923104238,2.9611904649036793,21.91565322875977,1
219.70133751138437,2.748377152527583,1.8234956848876636,22.186595916748047,1
218.59490935455185,1.7396591517020954,2.875633813458107,21.00703811645508,1
219.13631106865185,3.2124014112550454,2.0953240448672763,23.43860244750977,1
218.48607163648893,1.855428276445085,1.3058260734573954,20.61802673339844,1
218.16665673743796,1.9258951790358885,0.630690524615736,21.451656341552734,1
218.47245426814436,2.4882346069627603,2.432146113957302,20.32207679748535,1
217.71332425319804,2.7472081448153065,1.3319659069712266,21.303621292114254,1
217.59259635328968,2.7349469161252533,2.372019936268829,22.015016555786133,1
217.93108057102916,3.5088830083990694,1.400274078495349,22.65862274169922,1
217.96827569068,2.6124095810837966,1.1857109111006046,19.85301971435547,1
219.41233927971987,2.2008936871882434,2.512222798669203,21.85421371459961,1
218.8588358562876,1.7481364577227338,2.176757235677724,22.18378448486328,1
219.12604882029103,3.352460773416822,2.9836854944873545,22.25892448425293,1
219.20631599752605,3.1474827424353595,2.435165886956962,21.315521240234375,1
218.9942242976518,3.687663637645885,1.8824760947323884,21.1861629486084,1
217.5061069285298,2.829707517705169,2.4529648768060492,21.28697204589844,1
218.3413643762052,2.142352133490097,1.576803852230987,20.85730361938477,1
219.2842964936083,2.0821590272674886,0.9451744669313156,22.249134063720703,1
219.15469219391105,3.1481934002057623,2.34489763742657,23.096696853637695,1
219.1032617073857,3.5088287102487925,2.2017293081462124,21.983592987060547,1
217.8351565835515,1.9980016684440685,1.8473076179297732,21.643035888671875,1
218.1442932666705,1.98548086163698,2.2120371651799697,19.32588005065918,1
218.64072190601877,2.7068641387100603,2.095769930592604,22.466541290283203,1
218.72981441479925,2.8572917916866656,2.106095416675804,22.388547897338867,1
217.85341122937712,2.3632120068518043,1.4575816291930648,22.030302047729492,1
218.2896744610274,2.5511449244139155,2.4311847345363593,22.66156005859375,1
218.21307883742872,2.1765817219707855,2.173011610229832,22.4291934967041,1
218.71511098091713,2.8516843630661795,1.2240558943978153,21.88828468322754,1
218.11476232057504,2.489641328350838,0.6337304021317678,19.983278274536133,1
218.6587146234375,3.2494223823834107,0.6281523530458764,20.078271865844727,1
218.2205230704516,1.9969287511600105,2.648330585566865,22.12149429321289,1
218.81108036669403,3.696208906593561,1.8538930723626903,23.020902633666992,1
218.91544,2.179108,2.149043560028076,17.945476531982422,1
218.8140396821055,2.6493721701368385,0.439486353846458,20.096555709838867,1
218.2835394480871,2.2074865143429263,0.7296186141379157,20.58306312561035,1
218.8052819812499,3.716459797384047,0.747113303969786,20.77179527282715,1
217.88910569922533,1.8978456058649649,1.7959425750126397,22.79642868041992,1
219.57801130353025,3.13507686678673,1.6090229750816945,20.60037612915039,1
219.5898060631137,2.7058206281026154,1.1010862378698572,20.554750442504883,1
218.3384491931676,3.806571462030867,3.5549304420656944,22.004472732543945,1
218.52984909061456,1.6424410310564037,0.5407213936896332,18.85557746887207,1
218.8689778796108,3.4936030704399785,0.2383182157383999,18.843168258666992,1
218.18731199196827,2.623387446999741,1.4599430125750923,22.36273765563965,1
218.57389022292665,2.850798334652672,2.8805303943421885,20.58150100708008,1
218.30268309945677,2.990159846970325,2.1455106220998488,20.323257446289062,1
218.25047970074337,2.6840158826304163,1.6661200874435853,22.01651954650879,1
219.08886560836103,2.6503130281344327,0.9370963162308712,20.00691795349121,1
218.89922000154465,2.957074696447444,2.3582923869316748,20.431806564331055,1
218.1688723704843,3.776975529556112,0.9375707625859656,19.491867065429688,1
218.64657891949145,3.813143580382758,2.141450217650586,21.416269302368164,1
219.72679398974145,2.842753576549439,1.4456603773023151,22.332347869873047,1
219.09367389900703,2.3561888992473135,2.446502560520818,22.843252182006836,1
218.67569855975353,3.851078966412945,2.8586832622886345,21.554819107055664,1
218.8505677328199,3.62363491190239,0.6230707693057516,20.906694412231445,1
219.52967675400396,2.599320532990755,2.6567679445029064,21.474870681762695,1
218.64358476318475,3.2949052120396725,1.4194731986064897,22.613943099975582,1
218.2715078726837,1.926327608432926,0.9423310434829308,21.197067260742188,1
218.74040704280588,3.4750054377689037,2.457542944989592,23.218170166015625,1
219.2653206406792,3.465003612127552,1.9891641080378637,20.36561584472656,1
218.1688723704843,3.776975529556112,0.9375306443348684,19.491867065429688,1
219.06301597364828,2.6839546743233464,1.78335326020036,20.213436126708984,1
218.2387374715104,3.0694195120025567,1.578626105347578,21.652732849121097,1
218.95017520555672,2.4234227098156436,2.155206605030959,21.245792388916016,1
219.39982174215672,2.8769299218633795,1.525166030274152,22.846717834472656,1
217.81242195764983,2.328148420546427,1.465608444631468,21.018585205078125,1
218.0377318586443,2.2845598115913046,3.237167114769961,19.31134605407715,1
218.2096155730781,1.72603268891636,1.495713417707261,21.383769989013672,1
217.52518826311191,2.9695632966209433,2.431287408251562,20.571279525756836,1
218.34706830773996,2.5131424185646676,1.5399536799047435,21.58419609069824,1
218.07282501401335,2.152937518671931,2.286924115866322,19.8292293548584,1
219.0498434424624,3.2746455095243565,1.2550606992896505,21.511266708374023,1
219.5861033941742,2.924152509860902,2.170946906729957,22.654727935791016,1
218.18285360928516,3.0175822313100076,3.414273291264686,21.705360412597656,1
219.44790408229883,3.2264470190992016,0.4345686107470213,19.41925048828125,1
218.86219731439215,2.2100353233459415,1.1296239465734714,22.532976150512695,1
219.16048097666624,3.266950926660664,1.794880908561947,21.316177368164062,1
218.918115656825,2.675925284677894,2.307480230971998,23.735340118408203,1
218.06108244588003,2.148562138025425,0.7492277510770535,20.705154418945312,1
218.2259658030991,2.8848298518906703,0.9550910336031196,19.10099220275879,1
218.36243480868737,3.7044507303445062,0.4090071650723424,19.913373947143555,1
219.1384759163291,2.381657081225399,2.3689611142835862,21.31123733520508,1
218.37857333380896,3.2557635651257373,1.9343461769535697,21.215829849243164,1
219.40805706977625,2.635656874416868,2.4893688803289513,22.17023468017578,1
219.62742182003248,3.16007494841184,2.6021144488565664,19.71159553527832,1
218.50092881591308,2.298908447203745,1.7492071150004609,21.84915351867676,1
219.42915320675817,2.1386388016861293,0.4739213448295852,19.975683212280273,1
218.14751708060336,2.9922571454483373,1.7075164534817209,21.376453399658203,1
218.24795825253983,3.764811112493356,2.3062535382988845,20.04792594909668,1
219.3218899999999,3.3817935,0.4827479422092438,21.08414649963379,1
218.15244221605172,3.1553171227703114,0.6297627456801572,20.6550350189209,1
217.79783219878576,3.4161724921862753,2.079538938483105,20.669780731201172,1
218.06664072530737,2.755533651152538,1.44292758358577,21.30887031555176,1
218.6444656038786,2.97792032043641,2.4210025019998067,20.95005226135254,1
219.218093474216,3.025805394612588,1.2790085335626544,20.188228607177734,1
218.26077879404744,3.751046228542102,0.9500547939432282,21.57410049438477,1
219.5327017273684,2.192440929828881,2.693081712469298,21.106365203857425,1
218.75446866278077,2.4514798735026555,1.8948964615225192,22.16520118713379,1
218.8538194057817,2.9866567766195113,1.6336323821532104,20.174663543701172,1
217.7412498039587,3.47506764983968,2.21273390534166,23.1995849609375,1
219.57847127378085,2.2279869586544683,1.2199856745633584,19.842182159423828,1
218.1404124255249,3.162973437626141,0.3649905598498584,18.968536376953125,1
218.80798941734807,2.0990578013242813,1.0740285669509984,22.791902542114254,1
218.63626276067137,3.279524781981087,0.303605558818992,19.62238311767578,1
219.1429561776907,2.6981101700762458,2.790620855841351,20.310819625854492,1
219.05398165686472,2.619233415667794,2.372318809615823,22.802051544189453,1
218.1190860622967,2.334495233990123,2.273270406962813,21.30788803100586,1
218.07907975433488,3.6764927066852295,1.1169039220873698,20.263492584228516,1
218.9837358572106,2.1410533776107674,3.012747780903871,21.74115562438965,1
218.32003585956852,2.6630274059882466,1.5556213053193568,21.05776596069336,1
218.802611596064,1.8408498091276937,1.802334713316179,22.768638610839844,1
218.67367866729168,1.71229392143755,1.1562777110001452,20.55626678466797,1
218.5080030862782,2.4284292449920546,0.7759442418883175,22.694692611694336,1
217.94778061166332,2.6542715721990775,1.4523949272687555,23.0533390045166,1
218.8572296754533,2.1668052745413355,3.051507692142769,20.130849838256836,1
218.671673192818,2.2131301505740217,0.2858199995988148,22.87804412841797,1
218.57389022292665,2.850798334652672,2.8640765120084812,20.58150100708008,1
219.05398165686472,2.619233415667794,2.371649248292021,22.802051544189453,1
218.37636997213392,3.271036581190027,1.9496557284758804,21.11884307861328,1
219.0492779432914,2.4883558458345236,1.94203039436635,21.387826919555664,1
219.4257945779538,3.4540287310608067,1.0999299776563858,22.11802673339844,1
218.37056093006169,3.0512394066463826,1.4732462430372295,19.941991806030273,1
217.90275291740983,3.4708750176991052,0.9009083155230808,18.6995849609375,1
218.04597266576633,2.4390242246854714,0.7730493869747539,20.799091339111328,1
218.33365543892327,1.7310476196737978,1.725400559798939,18.519752502441406,1
218.89204501220567,2.0596540330715145,1.9312713674206463,20.095170974731445,1
218.79168246162104,2.36624296394723,0.6719632402986347,22.24091911315918,1
218.98075838720132,1.9307025087210792,3.596873299917549,20.549880981445312,1
219.5808334146746,3.229643236065852,0.591245069546442,20.703651428222656,1
219.00665861903903,2.909227703062617,1.4824280264804863,21.914772033691406,1
218.26119243729292,1.8819159917470931,1.0186444711976594,22.46006965637207,1
219.0827755182168,2.1270591578626368,2.165115602413868,20.060028076171875,1
219.47871066235837,2.789688281126752,2.8252683225255555,22.782146453857425,1
218.22792220958777,2.785335683765019,1.9544336389185328,21.510852813720703,1
218.5142032639177,2.950591915839921,2.430504982743415,22.935976028442383,1
218.71103727717545,3.7717700109877943,0.8687878116374002,21.970590591430664,1
218.94722301366855,2.36360986704157,1.9162602273109313,23.482860565185547,1
218.01016296382664,3.1429131801044217,2.240786769047472,21.404621124267575,1
218.87738033549348,2.08946805528347,1.7564348378981964,21.61704444885254,1
218.81546521417957,2.8788117826419306,1.7549186866993454,21.335058212280273,1
218.2989543997586,2.908704686233699,2.7917433238201546,22.715360641479492,1
217.5675997543467,3.0095526792857656,1.4897093229410328,20.974815368652344,1
217.80101626453973,3.152374790477093,1.6605680479093778,20.9437198638916,1
219.60225229063585,3.145670716298448,1.815723337974133,21.23967742919922,1
218.0082533330976,3.385544295168665,1.2030261064667838,20.129255294799805,1
217.5492129842881,2.450765437031135,3.4084056002166485,22.68964958190918,1
219.34544699616205,2.999795809255768,1.5981999175065968,21.881057739257812,1
218.22303803176163,2.719173180604006,4.92182473078166,22.98917007446289,1
218.59118234259577,2.620317170636109,0.0595374069895159,22.81924819946289,2
217.66068671468437,2.5895558987239715,0.9704567116721328,23.678247451782227,2
218.86109285234832,3.3488570856382194,1.131951183134617,23.649757385253903,2
218.7096121146525,2.957512067103548,0.0423083409838529,16.272050857543945,2
218.1509510735162,2.314395500692632,1.4598076271040266,22.598833084106445,2
219.33844044999697,3.221122925417892,0.2880515275445741,18.883060455322266,2
218.97232093218267,2.070582668732277,0.734447372691329,21.743284225463867,2
219.09228961645212,3.650382328626333,0.3426532609943911,19.1308536529541,2
218.8397060724984,3.334083369115947,0.9767825127434708,23.41303825378418,2
217.917617213327,2.709222265283954,1.0461450421638074,22.961584091186523,2
217.59103824845977,3.1825712304182434,0.199705489491922,19.301578521728516,2
218.85118558881953,2.638185284905352,0.4356181679202113,20.19408416748047,2
218.1739238755949,3.751449292697112,1.5983038717870075,23.29081344604492,2
218.07976503066809,3.2900599922286995,0.4620369494948043,19.487455368041992,2
218.34699704731025,3.110083849122129,0.9758130860737082,23.369531631469727,2
218.3923457571471,3.30421098912368,0.1461798504182862,20.03384017944336,2
218.1908244318347,3.0279666488376153,0.2256706373573935,19.528154373168945,2
218.38158249312505,3.687792475707963,0.0282533713598458,18.587608337402344,2
218.10397616887124,1.9905710857973005,1.0338178376198603,22.954795837402344,2
217.59646006430947,2.79156415025534,0.6908049546434644,21.184507369995117,2
219.55411318601656,2.677924300660691,0.6651589667054025,21.330060958862305,2
218.0766538814657,3.4832006938046476,0.2925104028901284,19.765138626098633,2
218.52467402151615,3.0968249524229945,1.109541425555388,22.24696922302246,2
218.74336733218615,1.7473286717029413,0.7338205963244682,21.811084747314453,2
218.42441730583047,1.9840125135273536,1.2916034512228172,23.649677276611328,2
218.4845046998372,3.552617065599173,0.4172884766906454,19.663970947265625,2
217.61682941686183,2.8509156923631944,1.3410649762186306,23.393861770629883,2
218.3651226736154,1.956659191121557,1.002262472022449,23.385208129882812,2
217.9493255763317,3.4904986741378488,0.2304418024398625,18.251480102539062,2
218.65002624373528,1.7883731126158768,0.077461348398509,16.68177604675293,2
217.50491548458965,2.876543321469349,0.9643207556080864,22.588424682617188,2
218.19202194941087,3.4308166477502957,1.5266550796576872,23.880483627319336,2
217.85514505590703,2.4026684166993384,0.305301117848806,19.415260314941406,2
217.59515168205945,2.616953590029287,1.3033029453234468,23.23324203491211,2
219.2329706740551,3.2434096210462835,0.2896868462446721,20.154035568237305,2
218.2796155249192,2.0960775071223927,0.1584315378158362,21.859533309936523,2
219.28582557250724,2.1687432761506606,0.4822845680985614,19.115798950195312,2
218.9848739394612,3.6223137797327234,0.5844596276978626,21.03917121887207,2
218.63617128860955,3.1343944203699534,1.5936358513751063,23.697917938232425,2
218.44322167733569,2.0182025406186237,0.8242764416120228,22.56136131286621,2
218.94071249571223,2.0765980868442457,0.3520318158842626,22.71411895751953,2
218.03278666286448,2.5022467395901917,0.2901556291244498,20.241605758666992,2
218.70792899975984,1.7570929524778014,0.2789957598083226,18.416400909423828,2
219.01318127957663,3.2286411958527155,1.4495348922025324,22.42881202697754,2
218.5307,1.741832,0.7223340272903442,22.270992279052734,2
217.882051665561,2.4250397258660277,0.8996990258814036,21.57977294921875,2
217.9587599739002,2.4571155131146285,1.0595280770820596,23.479084014892575,2
217.79395308525375,3.1337800140193206,0.285182635255179,19.906211853027344,2
218.4660017118168,3.6849225816251137,0.0329572401740953,17.766149520874023,2
217.55681571826796,3.182879652754943,0.6581382076952994,21.28308868408203,2
217.67865416106383,3.171027438447027,0.1534622082004369,17.799053192138672,2
217.7457164978623,3.221065647490566,0.2870833402055759,19.9368953704834,2
218.87100615941748,3.5442283773321357,0.7765010615234118,23.15761375427246,2
219.10377940080272,2.0674820081111527,0.0631871330362525,16.825952529907227,2
219.61639251398552,2.983970307785274,0.1585537055118329,18.10516357421875,2
219.4630199530604,2.402820731223662,0.1919685588501333,19.74932861328125,2
219.0914148202919,3.0757660293105356,0.91939876191695,23.34681510925293,2
218.71222382668296,1.8348817808297428,0.765867535282318,21.989500045776367,2
218.46527887933453,3.775127599988316,0.0277214740170827,18.136201858520508,2
218.74879721956225,1.6760695966583774,1.564454290988332,23.082048416137695,2
218.66659765065933,3.5585777964751486,0.9073236892041794,22.838134765625,2
218.97294658342713,3.474588593700456,0.1921863800373118,19.62057876586914,2
217.96646007044436,2.1858882533890176,1.2886846446113285,22.82141494750977,2
218.92591090062027,3.4286506419480935,0.0058827100789907,18.392078399658203,2
217.72029018716535,3.2689833324679785,0.0316564752058568,14.51364517211914,2
218.37882639494197,1.741664837025927,1.203997966537769,22.90821075439453,2
218.6609714323661,3.606348027315192,0.5266320895818434,20.047868728637695,2
218.42817219068456,3.1789962843745054,0.2144946113799545,18.731962203979492,2
219.01182164522433,2.6282130055665505,0.1581635931561054,17.71034049987793,2
218.16972939471225,2.676449898099214,0.9010689790557588,22.526226043701172,2
218.84630704738152,3.127537509443196,0.0933006626944919,19.05596923828125,2
218.5886373515798,3.5879465594015554,0.0001190729814838,19.02182388305664,2
218.46239857329263,3.850286211632304,0.1468743464724532,22.519790649414062,2
218.80983625084207,2.61760234781226,0.307442149130584,19.35972023010254,2
218.7907083698158,2.824571279573478,0.3982009059562894,19.56410217285156,2
219.18987445113987,3.664951828158919,0.4800936439699656,19.245716094970703,2
219.0462604937114,3.451936061401072,1.236277846660395,23.70080947875977,2
218.41804525343127,3.306476036462562,1.4804042403544,22.42424964904785,2
219.16186867984425,2.996307607089826,1.29230640708261,23.261804580688477,2
218.91762075517215,3.1525246166908985,0.3050454092776398,19.220680236816406,2
218.39026231261812,3.3440666486921757,0.2129439119824078,18.514066696166992,2
219.15982541039648,3.6617781076221423,0.6488050261169112,23.011024475097656,2
218.19018177783465,2.295500988374889,1.1826610324214517,23.514223098754883,2
218.19390820356617,2.5614943918264967,0.1072313620360857,21.999420166015625,2
218.84315034675893,3.411022628418069,0.8798885116534153,22.74350357055664,2
217.97488498601848,3.110077317805655,0.3645622027811758,18.10181427001953,2
217.94589955279872,3.630416674947114,0.9109686715138512,23.03469467163086,2
217.89003647550624,3.0885558992298665,0.7496920898945597,23.527843475341797,2
218.6751855412872,2.8392075521805906,0.9196379293315106,23.400541305541992,2
218.2385860432855,3.056796662319199,0.5378518053644373,19.830434799194336,2
219.24885032313563,2.093007251196984,0.3521024406294735,20.286849975585938,2
219.00584969175105,3.097479713873474,0.4633181351878533,19.26453399658203,2
219.20101599192196,3.4925711311322303,1.1260379567414058,23.635589599609375,2
218.23672754260076,2.7155888357192515,0.3652921244494828,18.69552230834961,2
218.87454883906815,2.5539468432440877,0.4378035691093129,19.51676368713379,2
218.059179648881,3.159212068788523,0.2927630540046584,19.65988540649414,2
219.00699906571333,3.02258550972896,0.2198566273806657,19.298311233520508,2
218.80864266428188,2.032973406661168,0.4185346692703999,23.03355407714844,2
219.26568410514537,2.788193889841228,1.4947623853177392,23.43816566467285,2
218.9905619587251,2.0066597807581945,1.1545261172574,22.72762107849121,2
218.94661685450663,1.791162487161586,1.4013148494660468,23.16149139404297,2
217.96510675042165,2.0263501613745816,0.4557075655230675,19.56768798828125,2
217.97807027907612,2.5188012592350035,0.6093075621448149,21.113187789916992,2
218.52605430596395,1.8866801842688017,0.2773203277704391,20.02120018005371,2
219.3677471448554,1.9926427745623576,0.929351610750238,21.35856819152832,2
218.2665248603533,3.4650762853671955,0.8942138906511298,22.57548141479492,2
218.6466855657939,2.28359244992692,0.0882134564096204,23.542402267456055,2
218.03905414956287,2.900882547048175,1.0729907610370186,23.67817115783691,2
218.09248126830417,2.6792486538677864,0.3681358057098817,19.34303092956543,2
219.1850754753601,3.037138967223601,0.952870047380473,22.689910888671875,2
219.2816122763727,2.3065631127362085,1.0163485625820987,23.118688583374023,2
219.10906046867933,2.49330383410441,1.2083987623678094,22.943918228149418,2
217.9537230364556,1.9739887850183389,0.2228290739140528,19.94179916381836,2
219.4780723462683,3.061107755168747,1.2665191033548746,23.5252685546875,2
219.1625628290839,2.8412472209161006,0.2188235777881895,18.74807357788086,2
219.4417552079945,3.2735517017868165,0.3278411689413937,20.260005950927734,2
218.04618979947745,3.452750153799838,0.181212830345762,19.91391944885254,2
218.65634620211492,3.666729112223899,0.293564713556683,19.499271392822266,2
219.33307261037547,2.986153479524445,1.335431833944618,23.182512283325195,2
218.2893057297251,3.419211877926444,1.111806882319495,23.316923141479492,2
219.40462853896247,3.4549364413097416,1.2176369579643032,23.277687072753903,2
217.70612229880155,2.5210844030472117,0.8536785851169207,22.831098556518555,2
218.27924823357893,2.177777140606458,0.8955468541457344,22.48089599609375,2
218.3300963853023,2.3838018652595094,0.2124878170889283,22.85879898071289,2
218.8565172696286,3.7049521121783697,1.2285452432556725,23.86625099182129,2
218.74469498260012,3.518212044515882,1.4742741930815555,23.369794845581055,2
218.147427608989,3.491076962271397,1.5202461427149148,23.903400421142575,2
218.55440439517497,3.227976247033322,1.448947777225782,23.64806365966797,2
218.79380163250423,3.009388138573895,1.173802960561941,23.576059341430664,2
218.7123679684767,3.506329765444911,1.353473520567885,22.9061336517334,2
219.11139046632448,2.3753052923756104,0.7760493709979559,23.17718505859375,2
217.7014063644683,2.2154448410281873,0.0964200405875272,19.82841110229492,2
218.3977938796181,2.3289505876245373,0.8418266956496182,22.641414642333984,2
219.34350491330517,2.311135844196742,0.744891110690686,22.67439842224121,2
219.04736362587224,3.7062316144059984,0.1357152043898931,20.329383850097656,2
219.5511814509236,3.0282096028045338,0.9955071990757224,22.99237823486328,2
219.10742042644117,3.6790765477733856,0.9792214642929672,23.47370719909668,2
218.8659525460462,2.9254724187269785,1.4061414229074214,23.331567764282227,2
219.22546766424884,3.314310166351759,0.3423291297440534,18.507211685180664,2
218.88021986403768,3.118378501419268,1.264910381534351,23.394515991210938,2
217.49387140280945,2.924394147533824,0.878390533959517,22.85892677307129,2
217.93636668347412,1.9338728230740228,0.8729320192344578,22.730499267578125,2
217.7488481737359,2.319180662785132,0.5091878937013433,22.52014923095703,2
219.3117102381842,3.0847783907542907,0.2876467124764206,20.089365005493164,2
218.05274819063555,2.834555926692668,0.2610010616389059,20.017009735107425,2
217.71835320618112,3.015534134601726,0.3212780847360261,19.691482543945312,2
218.36797786538608,2.4649828842685366,1.2655513296459966,23.03038215637207,2
218.7674535182696,3.1746734008491813,0.2928155737394799,20.903051376342773,2
218.7006853660314,1.7508199519190433,0.9835211239056366,22.559589385986328,2
219.4300019551443,2.6311465820260684,0.8848205410313074,22.57842063903809,2
217.75291274557304,2.642518039754147,0.9775781316011974,22.57113265991211,2
219.11092566420763,2.771052907261281,1.4186237359743108,22.7952823638916,2
218.03349797905457,3.345972327075629,1.130726366339566,23.768722534179688,2
218.90004760708604,3.181930067643363,0.9624838566578002,23.243427276611328,2
218.21027611344363,3.431224669959014,0.1950684157529802,19.80591583251953,2
217.8250107366797,1.9574247124785704,1.504168727575505,23.133731842041016,2
219.4745788533438,2.437535940850416,0.7469311846434462,21.33436584472656,2
218.8542342792377,3.059179964310367,1.205752784671997,23.19719886779785,2
218.6111168173279,2.79569031684907,0.0273672924203503,19.40772247314453,2
218.0358745932682,2.966734216922138,0.9751645981830892,22.30158805847168,2
218.2899065509394,1.7439025785126792,0.2402967457052977,19.244834899902344,2
218.43850767544208,3.435437191440118,0.9489310322189994,22.783748626708984,2
218.13350675862523,3.475671061335706,0.8313810253092359,22.801513671875,2
217.55529536555017,2.720574818133853,0.2973973966137394,19.70218849182129,2
218.1901035173537,2.073935375698489,0.2222499611739901,18.825124740600582,2
217.68894356974192,2.615421800147588,0.2303206310897405,19.980615615844727,2
219.34249279134397,2.71319549875335,1.0055171642841942,22.930564880371097,2
218.18853457832068,2.9187986202391665,0.004973303547744,19.16070556640625,2
219.05937817192668,2.5728938726840935,1.2061274996102835,22.505809783935547,2
218.3846924938672,3.3056938959250504,0.4081445591400702,18.18561363220215,2
217.5668632224861,2.747977798493651,0.1381459792169627,20.08268165588379,2
217.99764527629813,3.669587553638942,0.2303219754684347,20.051166534423828,2
218.32504164616475,2.414442411937013,0.2984699279677132,19.408935546875,2
218.67854591406547,3.41972696468954,0.1939044858124448,20.99932098388672,2
218.3067185674699,2.2039334354075253,1.4396442498137128,24.35607147216797,2
217.87770239575505,1.9124980742350233,1.2704802697178288,23.335134506225582,2
219.1691991775267,2.048388457758193,0.8405507276804528,22.82067489624023,2
218.6483956087141,3.360310573393858,0.940186162262146,23.69813346862793,2
218.02107592811353,2.14452285574872,0.0878360168259641,18.99662399291992,2
218.29145037097325,1.9788939425828496,0.913831098278186,22.564430236816406,2
218.7004160854084,2.004817439867549,0.4503460139634924,20.199766159057617,2
219.0517578427716,1.8333281171915845,0.2899213159896437,18.847654342651367,2
218.6982044754689,3.2721957008625613,1.3968350446186966,23.24816513061523,2
217.9433504277133,2.7715009264343804,0.876240836653644,23.209867477416992,2
218.7130978915031,1.8662000772468776,0.3646140301519341,20.19757652282715,2
217.6507857349123,2.6633963549779853,0.3594860671539443,18.82842445373535,2
218.3115263267865,3.631096183897085,1.2863552854751228,23.065256118774418,2
218.007690582648,1.876778164820136,1.627784117834666,22.36976432800293,2
218.45290788381467,2.4395645070245062,1.2461112540147177,23.23693466186523,2
219.1556190786812,3.4227599705671063,0.1324455127564304,19.724958419799805,2
218.82525649513516,1.6583876590157398,0.2868059687087045,23.56399726867676,2
217.91571398217351,2.100827255358741,0.2596708664685546,19.794597625732425,2
219.0709682722408,2.7881982403574495,0.8989591726399536,22.13456153869629,2
218.9101154462435,2.100263071229334,-0.00050247651562,22.22962951660156,2
218.40946345379933,2.9200029331500437,0.304216421816994,19.648345947265625,2
217.64488153031812,2.583181128692717,0.1514755693280686,20.04462242126465,2
217.78086970060045,2.2827159749672523,0.8724444099858875,22.34443092346191,2
218.68022035824256,3.691905400515647,0.3039951418535753,19.02730369567871,2
218.69598359598467,2.13732274248326,0.2801580493667292,18.876859664916992,2
218.98689586822832,2.086439968905515,0.0941417263533465,19.610021591186523,2
217.98389554985613,3.1470746581409568,0.7801855129375562,22.32481575012207,2
219.1852375225315,3.3739030297991652,0.2875054012823946,18.961341857910156,2
218.9594238390722,3.335268942638108,1.2327252394473145,22.483802795410156,2
218.27679752661757,3.118041850970134,0.1655412512856406,17.95502281188965,2
217.9632154572084,3.4858953090180336,0.2302481459481642,17.657075881958008,2
218.2903723375744,3.0388696802941717,0.4669523427791117,19.0483341217041,2
218.10111953770453,2.5927910228146955,0.3680303548264862,19.427820205688477,2
218.50496358707508,1.7771502105987909,0.7457165633537531,22.6359920501709,2
218.35380689699804,3.7209959371591097,0.943670763903458,23.449434280395508,2
217.65792910726688,2.932528688045961,0.2659822345200757,19.991046905517575,2
218.25992304397528,2.899020166499448,0.9349316385251306,23.00914001464844,2
218.1970772954103,1.811005683866316,0.3375545441852942,21.092491149902344,2
219.54447543628217,3.36456133000404,0.3233008103696115,19.526275634765625,2
218.54252802461113,2.4990754380352813,0.2013159227080442,16.903635025024414,2
218.34622762679183,3.1096649577264124,1.2872297731551654,23.626344680786133,2
219.02705172073289,2.807898363849122,1.3350022875682532,23.566072463989254,2
218.4097422971218,2.180529768250511,1.4826376295456032,23.065704345703125,2
218.2924556987007,2.9957977025016445,0.2042208919372174,20.004629135131836,2
217.69938257463377,2.903425896869126,0.9748009389631948,21.647722244262695,2
218.02200639367368,3.1846309228181124,1.065906524630754,23.111711502075195,2
218.9267686570272,3.0855787709619977,0.3844874088602008,18.96018409729004,2
218.97015049211163,3.645343237131031,0.3986478820121251,23.072471618652344,2
217.83466611986108,2.061059094705654,1.369549620966885,23.68950653076172,2
217.7341035283754,3.231223905034464,0.2666082530668093,19.35923767089844,2
218.7097683117141,3.1411622235851335,0.228760255674036,20.871612548828125,2
218.73225844967573,3.396896822618609,1.3178798201441688,22.77608299255371,2
219.1817553421882,2.427421419010671,1.1600522373614015,24.02629852294922,2
218.59254095007475,3.032275394660017,1.1574435065180104,23.411951065063477,2
218.9138574542158,3.390335445555594,0.8383949465514738,23.315113067626953,2
218.5092592252119,3.343957545315689,0.1467014396574237,19.010900497436523,2
219.1012191196314,2.461779812893193,1.6286633159200523,23.095823287963867,2
218.6537894011699,2.24471661245801,0.3159813350122166,18.654125213623047,2
219.2449237250279,2.1718316557044313,0.6288471155491618,23.366060256958008,2
218.8587217450359,2.000715726612799,0.5814946611917738,21.301185607910156,2
217.86722210258435,1.935926714566391,0.2895654281318987,19.963720321655273,2
219.2382607900235,2.6993754533802323,0.1309041508655552,17.703187942504883,2
218.78084484852755,3.4283094809451153,1.4990306121431372,23.627832412719727,2
219.15218345501447,3.0894199406480265,0.798079077721628,21.653221130371097,2
218.89485033596267,3.0416809105087084,0.4703068494165803,20.517295837402344,2
218.04714201077735,2.4080854355363135,0.9900955723563168,23.25597381591797,2
217.9367471655845,3.1855964781693835,1.1078490765817557,23.393396377563477,2
219.5495207800689,2.4746923740640954,0.4875876801359575,19.63768768310547,2
218.49837360380673,2.026069494324515,1.045578402822982,22.805435180664062,2
219.01182164522433,2.6282130055665505,0.1581532278033754,17.71034049987793,2
218.03132646842153,2.8530795283653285,1.5076724288487102,23.407602310180664,2
218.65158527398765,1.864815891727594,1.1678304390099172,22.72822952270508,2
218.1350335643661,3.186573703601298,0.519500620874166,20.119386672973633,2
217.86177276728188,3.2099995917276685,0.4885144938096832,20.967632293701172,2
218.56842475639536,3.3952540808987193,0.8728714830188431,22.476001739501953,2
218.30149066831095,2.8277211377872,0.940615121862096,23.024999618530273,2
218.01335106402064,3.307529195776503,0.8356433118031598,22.26225471496582,2
217.8395215407666,2.8182561720330264,0.9476556195034508,23.419931411743164,2
217.74697744952437,2.219778660348368,0.7858583746394805,23.125560760498047,2
218.48656058906536,3.656947848817144,1.2431961356360106,23.13106918334961,2
218.78489344642577,2.7287775769861833,1.3036293035538642,22.741941452026367,2
218.48117165948423,2.475619415663895,0.4120443312488629,20.31256103515625,2
218.0568422072156,2.9412462807769546,0.2871149488524167,19.54724884033203,2
219.04236468292785,3.1815360446815464,0.5290296768498863,20.488067626953125,2
218.0171700693678,3.396768507347105,1.0751359998278214,23.37391662597656,2
218.58875092213816,1.7457668168426057,0.3295173996162567,20.359037399291992,2
218.37660313869492,2.788728129457553,0.9880474254355052,23.176050186157227,2
217.62594054150017,3.0581665032509435,0.882231617630654,23.583709716796875,2
218.79517994342527,3.403795872621814,0.9624283463759692,22.78055191040039,2
218.49754482710296,2.264808306208023,0.846437298023009,22.58409309387207,2
219.04420494634945,1.8927504350571511,1.149703979572387,23.301300048828125,2
218.40400416474236,3.416444771707359,0.9443651556859474,23.187761306762695,2
218.769982146769,3.5810823475228952,0.4163542941661264,19.352678298950195,2
219.4189347339566,3.0818255576259097,0.6151876457173766,20.103618621826172,2
218.44457674896077,2.2988605556251422,0.3376169657683617,18.37864875793457,2
219.24712986157505,2.145375419109267,0.2448574104243919,20.02770233154297,2
218.9208988453831,2.524378986794221,0.2241167463855412,19.06993865966797,2
217.91712253160424,2.0803941616927277,0.2615197206731981,20.268882751464844,2
219.33241379952685,2.804392474022896,0.1314170280437032,19.363901138305664,2
218.52484311731283,2.1553190338263755,0.7640840094318561,21.985570907592773,2
217.66401452271987,3.287303373411002,0.2160093491015106,20.34063148498535,2
217.65169791157095,3.085991830600573,0.2082947731509207,19.4033203125,2
218.66279417853175,2.534968217936563,0.3072655616213917,19.200191497802734,2
219.484542278456,2.504103113148137,0.771903293332167,21.800453186035156,2
219.42699679314197,2.280912268050447,0.0054927353529989,18.603588104248047,2
218.2719323537131,2.300105613323253,0.8492296108122467,22.896839141845703,2
218.79468951829557,1.701733013869533,0.3908486116804843,20.380380630493164,2
218.2072783115304,3.7533693613823487,0.1527765287222006,17.55023193359375,2
217.71998752496677,3.1326887936588923,1.2911444677185937,23.5211181640625,2
219.6719024172344,3.005006910414136,0.2224082267814246,19.16385269165039,2
218.96692286781064,2.9736733555057455,0.8875934096864547,22.558536529541016,2
218.49425485093852,3.5469771660395963,1.4092287640679393,23.49472427368164,2
218.5965976855953,3.21936487852283,0.1922105832576201,17.126493453979492,2
217.75294292170304,2.75059754471052,1.2094495568077432,23.32964515686035,2
218.622026068464,3.4933229678361157,0.119299317043039,18.848878860473633,2
218.3550755420955,2.0920491520567537,0.1554579861130124,20.03545570373535,2
218.573145278629,2.6283967376584636,1.051384909297634,23.420917510986328,2
217.8930053764477,3.5775300174025246,0.7629342237396721,21.19771957397461,2
218.58928041671743,2.546690108230107,1.0788879823388122,23.23301887512207,2
218.3780296152121,3.1954732338727356,0.6281693004819217,19.966278076171875,2
217.9827201248885,2.6196040321230223,0.5111627798325272,19.972637176513672,2
219.41508688081328,2.112252868309202,0.7614234848260361,23.38760757446289,2
218.3516436781982,2.7853231817603015,1.1022419007012645,23.543964385986328,2
218.5950289489055,2.96225566164607,0.3393145712964162,20.163583755493164,2
218.8700758190904,3.51394167276747,1.149807346331586,23.376663208007812,2
217.84519062259855,2.8773320471354693,0.8856050960904517,22.75973320007324,2
218.8322299064997,3.3969860149122098,1.0534067213287963,22.57559585571289,2
218.2699426163357,3.518552423107158,0.1477988907064053,20.187225341796875,2
219.60914494614772,2.934708699666615,0.2868552410362397,19.347660064697266,2
218.01258899443795,3.044336213572029,1.1546413975858438,23.1107120513916,2
219.2482461258215,2.2410630055286607,0.2229255745431741,22.89472198486328,2
218.38622550899564,3.341955244586235,1.325078573530451,22.92931365966797,2
219.4002666278327,3.2023988930809333,0.2881897997512077,17.414949417114258,2
219.4397424029376,2.1934090946028135,0.1873313115604474,20.01786994934082,2
218.51522817972017,3.1491043043289744,0.7264648585883244,22.250673294067383,2
219.31697633520912,2.7268845163613937,0.8718170635391441,22.342012405395508,2
218.949421602846,2.3847313192959794,0.2220758476158932,20.019861221313477,2
218.7299602909384,3.0394243631410345,1.5754160783319728,23.034849166870117,2
218.76324152240176,3.1097689712227465,0.3827776828874156,18.887287139892575,2
217.7739004308968,3.1178941108604628,0.798298685552769,23.0216064453125,2
219.3376123090948,2.0637479865497195,0.3052059974080087,19.885629653930664,2
218.70490020557008,2.3060443526923,1.1652842595734214,23.982067108154297,2
219.46639428369295,2.0433509005459123,0.2932354239283964,18.822757720947266,2
219.47754327514735,2.1357578054511115,1.0105001504184383,23.59048080444336,2
219.10341919583655,2.5900523843796575,0.8012227858738903,22.35866355895996,2
218.80844423589335,1.693283071329871,0.2916624629674129,19.47002410888672,2
218.0119317854224,3.0230530289036737,1.1695633209147478,23.28961181640625,2
218.2684978027929,1.894495260895659,1.4791385116564963,22.52974510192871,2
217.8172347585149,2.1688717850037333,0.5249454873803946,20.12232780456543,2
217.88140098490544,2.5218580283800853,0.2238099911952522,19.06903076171875,2
217.9224383565376,2.655684518710899,0.2553152694482116,19.603912353515625,2
218.92400737756043,3.69229073962877,1.0956561292478149,23.333192825317383,2
219.15158915727588,2.7267938378441423,1.3616231514991606,23.369617462158203,2
218.62486017037668,3.6210672181615577,0.3880884840490241,19.062509536743164,2
218.1924260467111,1.9706955573108085,0.1454483701712326,21.85718536376953,2
217.85086102636387,2.2276650467133434,0.4337325188826343,20.756336212158203,2
218.6483956087141,3.360310573393858,0.9401546237449556,23.69813346862793,2
219.3464991043365,3.2291446809778543,1.2561695249117375,22.39848899841309,2
217.72596162498053,3.413942893343248,0.1673264603515278,16.870941162109375,2
218.3650372863095,3.6571873818503136,0.1569709969357009,18.72336196899414,2
218.72395825962892,1.7217515401827577,0.5701690908059514,21.810169219970703,2
217.82861054427295,3.122024671368915,0.414457096865492,20.060331344604492,2
219.27023706597123,1.8938096133230715,0.1181331492744487,18.987586975097656,2
218.09475324600743,1.8472875229509635,1.2320964451896457,23.113231658935547,2
218.7269228963026,2.021828647901772,0.8861393452711797,23.068464279174805,2
218.1914676232201,2.1533965446619208,0.8351389886888065,22.537616729736328,2
218.16968952791828,3.784178546757982,1.1119971795977883,23.30693817138672,2
218.3645812407594,2.592223511310891,0.2236554701036847,19.892837524414062,2
217.6634112860237,2.273676812919506,0.8513710340077334,23.03433609008789,2
217.92403027026052,2.1169867874501023,0.2901867480828764,20.28351593017578,2
219.1434125624002,1.8002666460433938,0.4381811692243598,22.95291328430176,2
218.51594457166647,3.700474801209054,1.024267343844791,22.728775024414062,2
218.3283859447952,2.5287492393570568,0.6123283594582076,21.4681396484375,2
219.12902663613497,3.253467595698247,0.4092553007807443,20.59830093383789,2
218.7103326330549,2.4769205075131673,0.2816269618186804,18.336002349853516,2
218.50626606665884,2.251135059296405,0.7725735192484986,22.5364990234375,2
218.01593732048468,3.6339156095098937,0.2056971098667316,19.94151306152344,2
218.0551411144852,3.424663581024056,0.8343838235627019,22.212736129760746,2
219.1034135923908,2.743772660552503,0.4151330813813574,18.852205276489254,2
217.89644959126548,2.8592932177665205,0.1490689561886013,17.52552032470703,2
218.48354904524297,2.0964072770003805,0.8537246872721451,21.944669723510746,2
217.56152803321012,3.189689242673619,0.2867983956952095,18.59834671020508,2
218.47754797213503,2.8307685741391997,0.1934625518127377,18.207775115966797,2
218.48528266368336,3.0823889980490993,0.9579147845025314,22.719697952270508,2
219.10858875186617,1.7708405414591644,1.3949866896860363,23.979019165039062,2
217.849513964795,2.4298472204241457,0.7728744020593017,22.08367919921875,2
219.27353923304676,3.350855072972193,0.8391628909532195,22.98172950744629,2
219.25859789047655,2.431020597172675,0.1299823104504228,19.10256576538086,2
219.2474659891612,2.0262886882572713,1.0357619662393218,22.646991729736328,2
218.84150780775096,2.475221058058819,0.8904124994644714,23.151683807373047,2
218.20091841806183,3.183353168920935,1.077715972168248,23.26526260375977,2
219.39796666304596,3.3077273311055753,1.575089650532953,23.37010955810547,2
218.43396082836657,2.136929625401317,0.1065940549427651,23.08746337890625,2
218.90428841583744,2.729882305955633,0.4197025811499486,20.16168975830078,2
218.1378453195668,2.178846126127275,0.2002904375194918,22.267927169799805,2
218.43132317912472,3.715825311753664,0.0280134679551168,19.120492935180664,2
218.25498019673944,3.699114173677919,0.2589102775466619,18.658645629882812,2
219.32399035380655,3.0846559376613047,0.2211180493364167,19.208938598632812,2
219.2548006476056,3.0094029881592337,1.1889790440778276,23.574716567993164,2
218.01623697656396,1.8068729815503968,0.2092574977732283,20.163171768188477,2
219.0007511140348,2.5984835221845577,0.8032281258451169,22.70749855041504,2
218.15476341699548,2.8865078523664645,0.1929116887320815,23.078998565673828,2
218.00781806693084,2.5575882419486424,1.179526603564618,23.367769241333008,2
217.5045020077454,3.009847211591256,0.4457073014281025,20.106401443481445,2
218.99468729589043,3.359900353189628,0.8145458291308016,22.520235061645508,2
218.08219596301973,3.193402858234335,0.0268001875104216,19.285110473632812,2
219.0511150928485,2.499318205052755,0.3978608915655008,20.28359031677246,2
218.45961572709444,2.7304126707904577,0.3360288284982808,20.212480545043945,2
217.60377713881843,3.0988495417741846,1.3762285285271214,23.57327651977539,2
218.16401094399092,3.619074024046456,0.1507573650274931,19.013748168945312,2
217.7791353609554,2.109907410673434,0.9733487067506,24.190139770507812,2
217.88372933036223,3.231927078967162,0.6583565530925274,21.30123519897461,2
218.64151235118095,3.192927200393322,0.7899614762651991,20.780906677246097,2
218.45566830330657,2.3225827020820113,1.4416618016193017,23.55751037597656,2
218.0949831820165,1.8541564421036143,1.2217340825956735,23.799713134765625,2
218.9094487555286,3.492734529326588,1.0677916996346986,23.46559715270996,2
217.8905502008382,3.405795362143007,1.058651991073096,22.201234817504883,2
219.2672824417557,2.613086030206643,0.4042470370925694,19.68935775756836,2
218.72977473454188,3.258244147339692,0.8530058778999221,23.2470645904541,2
217.91302834912617,3.341153241113334,0.9251794086606224,23.322431564331055,2
218.5506486170973,1.9568618192479044,1.2952166741219913,23.754560470581055,2
217.73474706438793,3.275332288549027,0.8602766954260785,22.852996826171875,2
217.9302095163183,3.1328938698689,0.146199445501017,19.09866714477539,2
217.70083442541505,2.114227144617743,0.8720386152781506,22.601417541503903,2
219.4337165712667,3.002252833918265,0.8266547109382444,22.21522331237793,2
218.68897859727295,3.7752700661925545,0.8997164510413791,22.02845573425293,2
217.8008087747091,3.5478634570548255,1.4473251499940507,23.917200088500977,2
218.8051563054479,2.3816359996929535,0.2844161391047792,19.714988708496097,2
218.57931772986544,2.4059971707985786,0.2881805725206556,19.92279052734375,2
219.49121714689252,2.6191912502635533,0.7728964016055527,21.144838333129883,2
218.5459328886412,3.595895672920994,0.1921274194333165,18.802322387695312,2
218.55456239242915,3.4407466327051734,0.2941517637393149,20.13932228088379,2
218.5543830434416,3.742528946886917,0.8740006330603868,22.54392433166504,2
218.54961314849777,1.8798350007490243,1.2162470136194383,23.190074920654297,2
217.90216968371567,3.5362779168603145,0.0855091089489033,17.132219314575195,2
218.7355721822257,1.720642495794959,0.1348471127724317,19.087921142578125,2
218.3216634892453,3.1422096831759787,1.372279815109379,23.19598388671875,2
218.5984696718119,3.2028256303523275,0.7967536066507489,21.995258331298828,2
217.6624482610357,2.432594072809497,0.1401261889225447,20.312721252441406,2
218.69399503408223,2.6228214724120615,0.205117144983603,19.47537612915039,2
217.8974332280117,2.270616496653025,0.1512854921779475,19.089204788208008,2
218.09517215090503,2.725667339101589,0.4245741287898015,19.669227600097656,2
218.860335476777,2.8431884543920978,0.134432172275268,18.077926635742188,2
217.79443191795747,2.5307541163577696,0.8740481270736716,22.118173599243164,2
218.46105177682483,3.175253609182778,0.2017574090672388,18.882606506347656,2
218.81344742529132,1.7745246239105972,0.9001315759848129,23.739221572875977,2
218.80890150800371,3.651324533600655,0.7307947035830147,22.617908477783203,2
219.14397141339185,3.024284187346276,0.2199835566869116,20.17224884033203,2
218.24186387094343,2.2070544025372327,0.094805184616271,18.619731903076172,2
217.79946631183088,2.1125489100174013,0.9053332344923196,23.07908058166504,2
218.47830441605964,3.508222439404734,0.2955118753529702,20.21421241760254,2
219.03828794511463,2.9076686728903653,1.4117432030546828,23.328996658325195,2
219.27533437106985,2.265952245756255,0.2636121909428097,22.97580909729004,2
219.56360316166663,2.7352654229337148,0.7880357713030866,22.764883041381836,2
219.59913083730845,2.9008864913654975,1.4917678939703651,23.298141479492188,2
217.7490435709214,3.1459503238394,1.056476198620713,22.938417434692383,2
218.18855817355544,1.7743929985510625,1.499340260011383,23.0614070892334,2
218.67549507863544,2.2185694869447747,1.0832522122296389,22.56410789489746,2
218.3301486657766,2.3787468102819886,0.8936322951397029,23.087404251098633,2
218.45349399418927,1.8069636793253872,0.8069507026105902,22.77627944946289,2
218.29675244105323,3.3786831537028243,0.2933741147551843,18.801633834838867,2
217.96585727883445,2.8501825606019366,1.221279492960769,22.81626319885254,2
218.61773877653076,2.6095521525883085,0.1402340105343032,18.657773971557617,2
219.0313881144774,2.6137874673247516,0.2196822710374054,19.855327606201172,2
218.92271546021803,3.212043033484393,1.1091120650405588,22.69931411743164,2
218.2580147482849,3.191013663739351,0.2881724141686168,18.88757705688477,2
217.76343017259416,2.7753548071988003,0.7337109188137784,23.20170783996582,2
217.83871563555795,3.1208593841349255,0.957491071594886,23.146604537963867,2
219.4979827293924,2.368278028808895,0.2194376283716904,20.14746856689453,2
218.12944455816225,3.4562425897520437,0.107137874224527,23.58945083618164,2
218.85822566045715,2.947133791156153,0.982547843941292,22.387182235717773,2
218.0600350061011,2.866110736250467,0.0859112365520516,17.882226943969727,2
218.23097667632857,3.4675438074293337,0.4951404273761646,20.154064178466797,2
218.0482939539249,2.6938094848897176,0.272766757979873,19.19551658630371,2
219.37825374610208,3.277621995151652,1.25128766270958,23.371257781982425,2
218.4066500807322,2.4270318786659892,0.1288158354629715,17.341951370239258,2
218.4041084019128,3.2414035981664866,0.0295111156971069,16.889522552490234,2
219.12855388827535,1.9367158936059616,0.2739304884836414,19.37095069885254,2
218.90322485536825,2.622051921383343,0.8534724823947204,22.91334342956543,2
218.45192278360136,3.2401285177269914,0.1548850588213987,20.079214096069336,2
217.75563923403317,2.1513455717652055,0.9748314160439924,22.92947006225586,2
219.07308285023672,2.7357177509670403,0.3817587507980268,20.093704223632812,2
219.12510315109964,3.007621133656245,0.9219440865882472,23.44274139404297,2
219.0856775395676,2.4859941488159993,0.7744107084386118,22.913503646850582,2
218.7980049519637,1.8324596067506504,0.1661791470025614,18.917421340942383,2
218.55440439517497,3.227976247033322,1.4490102262805402,23.64806365966797,2
217.5768485960417,3.021300323519531,0.5869465918276302,21.007802963256836,2
218.5287428362776,3.527471141417626,1.301998483215206,22.3026065826416,2
218.1397096201952,2.0068665208348744,0.1370816833560972,18.629863739013672,2
218.83749288866588,2.9152663092503155,1.1788929499968743,23.145933151245117,2
218.5618497051832,1.638797894859258,0.1352101255226949,19.80948829650879,2
218.59812593379849,2.6094722285389502,0.3461213034847887,24.137744903564453,2
218.88157359791347,3.4714308528167583,1.296404158786402,23.260169982910156,2
219.3115856771036,2.5554279374801268,1.4482488949889285,23.00320053100586,2
218.3250733972996,3.2624482899717884,0.3016459424718638,20.164260864257812,2
218.97807062004887,2.2373643649197477,0.3069744221474748,19.3840389251709,2
218.17976608227383,2.6304848844017616,1.4864773751403766,23.653470993041992,2
219.22378344403435,2.4006359162028224,1.0544755645036976,22.16166305541992,2
217.58167028644624,2.280433925570729,0.9463797445378856,22.195133209228516,2
217.82606904820813,3.0934653048633596,0.5258014285151439,19.119962692260746,2
218.5225039712264,2.097261932805958,0.1863652969619308,20.221757888793945,2
217.8628524057121,3.009265839594513,0.0049234740633364,19.039953231811523,2
218.69021759549705,2.622581228548268,0.2187258582305015,18.773181915283203,2
217.641214639746,3.100435068432313,0.2070651840225436,19.006885528564453,2
219.0544925461105,2.2745774931567513,0.4438805922889305,20.22576904296875,2
218.58317708257303,2.54179281637367,0.9598287157902768,23.334224700927734,2
217.74360857438785,3.4715503050142384,,,3
219.10557773983055,3.147806906715517,,,3
219.14069990667463,2.771882530280427,,,3
219.61667266897004,3.1651696251436072,,,3
219.37142861184364,2.7350332027486224,,,3
218.74504791940836,1.999868278971458,,,3
218.74150233073405,2.5039760110660527,,,3
218.32366457529017,3.3684279368420715,,,3
218.50050475287995,3.7277395327953,,,3
218.5224618541553,3.152964359787655,,,3
218.33707416057163,2.5822858138773728,,,3
217.4975926416648,2.852440231260911,,,3
218.712356824148,3.6447232866171446,,,3
218.37227376546323,3.0514632978918814,,,3
218.33459316168225,2.843174217363514,,,3
219.61178520436152,2.654196663106397,,,3
218.8937798663963,3.422082775013962,,,3
218.5433338959145,2.49810055785224,,,3
218.74833777553008,3.260026592559341,,,3
218.8762757123106,2.23650367811551,,,3
218.29194694948688,2.7181749161752458,,,3
218.825930770303,2.2008654933787635,,,3
219.0503593800869,1.8992485812611517,,,3
218.01365756072065,3.116436393712919,,,3
217.90160824488115,3.471597067605225,,,3
219.6349407853047,2.8018431646687105,,,3
218.28458969878656,2.6279911684871697,,,3
218.1151426188597,2.489203248519993,,,3
218.20738502779452,2.2016452674638973,,,3
218.0313000477447,2.323079800777146,,,3
217.61100070585132,2.3165345842590814,,,3
218.68914724135027,3.8119648115158022,,,3
218.31839366104484,2.6786954036876045,,,3
218.1154501550264,2.135078415375731,,,3
218.47396375948503,2.109112974757827,,,3
218.78626157923057,2.2756895478816612,,,3
218.7533989855459,1.8012375967810097,,,3
218.2872663587876,1.6795244596521115,,,3
218.47791547706373,2.9701873035583284,,,3
218.32144638176703,2.6616002396321616,,,3
217.99796282319116,2.184708986182315,,,3
219.19427098839597,3.690775492033308,,,3
219.03910986785075,2.1090905641815367,,,3
218.169106983032,3.7690865473794273,,,3
219.1427110224279,1.8266397032391628,,,3
219.26179724834572,1.9439886588665205,,,3
218.3491523836949,2.025564552495336,,,3
218.59097385127677,3.1254501379969715,,,3
217.80874543963492,2.485139816549617,,,3
218.1561301471814,2.4844885288602945,,,3
219.1271871839204,2.2807779011671165,,,3
218.3021330904717,2.987720609994743,,,3
218.10270351007745,3.630314814535654,,,3
217.818927015174,3.014752399589097,,,3
219.23856121357255,3.2676032290340555,,,3
218.0801564858268,3.679096279522598,,,3
218.4656816894551,2.574555045234221,,,3
218.73185494416015,3.8405349097144983,,,3
217.85871199457992,2.6065371138595443,,,3
217.5601401162384,3.0135090051140283,,,3
219.39978716103212,3.1171406931773684,,,3
218.5674275492411,1.8509484126560212,,,3
219.227558719127,2.8002540021138924,,,3
218.4740605907693,2.639135278700364,,,3
218.47328074809369,3.1683898594533613,,,3
218.6814059716415,3.634705541463561,,,3
218.99311018566624,3.724416799436665,,,3
217.8255220477299,1.9452792121864624,,,3
219.44778805775252,3.2261741848893624,,,3
218.2807399819806,2.951818103264263,,,3
219.2390991719963,1.8928674824692604,,,3
218.8994760312256,3.4680626334627855,,,3
217.9756619969036,2.202009113886323,,,3
217.94227459187707,3.0287685900976338,,,3
218.02539131473057,2.9928714186623795,,,3
218.7417345993161,2.6162556360405325,,,3
217.56185098759576,2.971864439611557,,,3
219.16280201731365,1.9664261516715191,,,3
219.0268866445058,1.989304658553039,,,3
217.6416117372496,3.0971679738707363,,,3
218.183646889862,3.733711232543455,,,3
218.66851862655724,3.778932872334562,,,3
217.970908498429,2.655867123128771,,,3
218.0196446131867,2.4119651369054287,,,3
218.5026922757498,3.7765881024954258,,,3
218.65489030252635,3.476859101134579,,,3
218.3799358429375,2.022213563132159,,,3
218.60219114457445,2.7273174461628367,,,3
219.00557838315987,2.917293451129798,,,3
219.57230347992373,3.3211479751542803,,,3
219.68325281166636,2.7764431256056277,,,3
218.13702025502988,2.988097660021772,,,3
217.96707189082957,2.0964535618586977,,,3
217.48374321746456,2.798853830789524,,,3
218.2185865096345,3.6670433854228497,,,3
218.35856969938663,2.914084700173699,,,3
218.9532002661523,3.6989799823643374,,,3
218.27849501646767,2.205712147555465,,,3
218.53603990407385,1.6551838297958588,,,3
218.7887127522162,3.5901621677710405,,,3
218.58594181850327,2.390533096387403,,,3
218.0783862812824,2.610390897200094,,,3
219.3563896993953,3.4958169021902363,,,3
219.46852362108817,3.462484992351424,,,3
217.84277462838105,2.528526436365466,,,3
218.16094540444516,1.7778801581053107,,,3
219.0006607942934,1.756063914800919,,,3
218.68184020217905,2.076119300043608,,,3
219.41675992626284,2.2963445079394136,,,3
218.37848625471605,3.431016080249975,,,3
219.59813893523645,2.9401313940414258,,,3
218.6888856474069,3.2764178506579755,,,3
218.1316005125084,2.566485923217329,,,3
218.88171444752393,3.76551186186676,,,3
218.81759604474345,2.272737580939999,,,3
219.17554205986204,2.4947134015613925,,,3
218.47657171502712,3.81447379107072,,,3
219.0764063785712,3.139616956285051,,,3
218.72103642429136,1.9894556170351625,,,3
219.5050676959542,2.9227437331927844,,,3
218.529178524644,3.777624515623173,,,3
219.36908381399985,2.276252983914993,,,3
218.65912764973575,1.6467405232259298,,,3
219.08223491777275,2.710516157986844,,,3
219.4059845800636,2.952219612017037,,,3
218.3471412389086,2.355196072600508,,,3
218.57828877888312,2.058407934186282,,,3
218.221350124094,2.0286249311111417,,,3
218.53084915163964,3.7913796747835016,,,3
218.66674352278747,2.2471286413232043,,,3
219.5863734359376,2.5152354682487825,,,3
218.1385342332212,3.748759363962876,,,3
217.87439303760425,3.6115271986533664,,,3
219.32800375696652,3.315545172313688,,,3
217.91475688977795,3.2063166799186567,,,3
217.9034762827889,2.978339828222276,,,3
218.0472397543215,2.4397065435171665,,,3
218.56717499826144,3.844546662446087,,,3
219.2125925072932,2.871327925182721,,,3
217.8645976984544,3.008890439444321,,,3
218.97430036818352,3.3431078946309825,,,3
218.60439272975208,3.650533959693547,,,3
219.29185714950648,2.0669124565152517,,,3
218.2215004377118,3.181524178534294,,,3
218.6128228154823,3.8048081404733214,,,3
218.26618379106685,3.1742317168075367,,,3
218.84050130412632,3.800812025779533,,,3
218.2458620472668,2.6065407148516324,,,3
218.03629742853283,2.295746499241034,,,3
218.266823983988,2.532267842497821,,,3
218.27730102929524,1.8811760099179984,,,3
217.72272371294824,3.196717536872326,,,3
218.2276307653713,2.885590145454914,,,3
217.8007273415216,3.5288535943418085,,,3
218.33078403756625,3.1227854378349686,,,3
219.0490755833007,3.3531097325749037,,,3
218.42674073562395,2.3730293081292166,,,3
219.50816163293797,2.97308597925765,,,3
218.21250655579897,1.9828645075359912,,,3
219.61959310120704,2.3682008708869144,,,3
219.4723400564017,3.2261526134538774,,,3
217.98693278140763,2.587949571516715,,,3
217.69949875712996,2.90594716700411,,,3
218.37601457399143,2.1805655904669528,,,3
218.56569261739793,1.7027932278403424,,,3
218.43437325496663,2.5730569342205727,,,3
217.78797747649813,1.9855485362964471,,,3
218.12529523405792,3.339377846484805,,,3
219.0103354960042,3.3183751959534975,,,3
219.03725238416197,3.7774548714921456,,,3
218.7364733712156,2.4750095630383493,,,3
217.95345967917555,3.405658761215762,,,3
218.7212381178849,2.8270580003719448,,,3
218.00821398478152,3.386392025596358,,,3
217.8498015997065,2.20611812765926,,,3
217.73342330917035,2.187663267106947,,,3
217.62586379980203,2.8041112229916676,,,3
218.3704381789883,3.3248233703864356,,,3
219.4671937009967,3.4268570697044205,,,3
219.4344185983435,2.324463690461399,,,3
218.53018073420472,1.6411581128930477,,,3
218.4687852563488,3.4055500355591164,,,3
219.2023955748206,1.903712311859844,,,3
217.5766086285328,2.8063692200818604,,,3
218.09815734979475,3.7433789543222695,,,3
219.03522869813793,1.8140553179868224,,,3
218.24072487934885,3.6595329620845334,,,3
218.1589970794101,1.973324341148994,,,3
218.13038097559448,1.848265497339454,,,3
219.004297106317,2.5789923808869,,,3
217.8767450835011,3.533654583864729,,,3
218.0432466339262,2.8124856009818004,,,3
218.9304164471008,2.4418082885129104,,,3
218.67526862738293,1.8630804034384432,,,3
218.93446334081577,2.689603526782812,,,3
218.99446743658373,3.536870256460915,,,3
217.71057084792753,2.739400247378114,,,3
219.22041945840817,2.2317209675256153,,,3
218.28875670639192,1.735597422789111,,,3
217.6947302952156,2.5460534843981155,,,3
218.48446188451436,3.759023860505061,,,3
217.9623640178528,3.6700862295744754,,,3
218.13358639270257,2.890781094163642,,,3
218.58364514053585,3.610520499395952,,,3
217.9350200677767,3.657157709329932,,,3
219.53919623724613,2.301956934517832,,,3
218.2277104,1.83575017,,,3
218.39121867,1.79462455,,,3
219.4657488,3.46609933,,,3
218.2171678,1.91893396,,,3
219.0595964,2.28712675,,,3
218.32364711,3.42855461,,,3
219.09142535,2.43108564,,,3
219.09786818,3.54474378,,,3
218.7686966,2.49615286,,,3
217.70314822,3.10690791,,,3
218.60208798,2.56181996,,,3
218.19126061,2.0274814,,,3
217.76780045,2.68541948,,,3
219.49282382,2.92866254,,,3
218.37205285,2.52906552,,,3
217.61172756,3.10929653,,,3
218.56024797,2.21176877,,,3
219.46075664,2.42288367,,,3
218.58855093,2.67088273,,,3
219.0863401,2.69407186,,,3
219.4668825,3.42655988,,,3
218.18581059,2.72176957,,,3
218.07784497,3.33256958,,,3
218.76700112,2.52178603,,,3
218.65342508,2.71468455,,,3
218.59354101,3.54519651,,,3
219.35509086,3.51974712,,,3
219.27582795,2.28006595,,,3
219.05677351,2.26495715,,,3
218.75822538,3.64628114,,,3
218.54623264,2.21771565,,,3
219.07431298,2.59356678,,,3
218.8174475,3.6948852,,,3
218.92192468,3.36475977,,,3
217.86534978,3.25473708,,,3
218.53384497,1.99277552,,,3
218.51303423,3.54816756,,,3
219.26115655,3.16748903,,,3
218.49976516,3.4525638,,,3
218.54825417,3.37972047,,,3
219.13882126,2.62359544,,,3
218.17612858,2.64302322,,,3
217.81930395,2.12720701,,,3
218.41348636,2.12712064,,,3
219.15262671,2.2873249,,,3
219.42017546,2.51421072,,,3
217.51145439,3.01035348,,,3
219.01359244,3.65630909,,,3
219.26723892,3.03465571,,,3
218.95837979,3.69171827,,,3
218.98971334,3.19674816,,,3
218.17046483,3.44141025,,,3
218.26486096,1.80838635,,,3
218.34117405,2.14249832,,,3
218.89917812,2.95716403,,,3
217.82465682,3.32827401,,,3
218.15694638,1.99496369,,,3
219.02153874,3.80151731,,,3
217.8864301,2.58571519,,,3
218.61291997,3.76676401,,,3
218.16100805,1.93185502,,,3
218.3548163,2.36738015,,,3
218.74585877,1.89760543,,,3
218.37910695,2.60278903,,,3
219.29523328,2.53706014,,,3
218.9971229,2.8908884,,,3
218.18477178,2.12626381,,,3
217.54756167,2.97529258,,,3
219.33539275,2.6095073,,,3
217.57213735,2.87826898,,,3
219.22858548,2.46605482,,,3
218.06829161,3.27021165,,,3
218.17395817,2.89704847,,,3
217.90973774,2.84786825,,,3
218.4117153,2.36645018,,,3
219.27130109,2.08648105,,,3
218.51026969,1.72298834,,,3
219.10190692,3.61361381,,,3
219.13331469,2.28803928,,,3
218.12737647,3.11932973,,,3
219.5828818,2.619093,,,3
218.61290486,3.76677966,,,3
218.01455243,1.8715482,,,3
218.03041628,3.27095459,,,3
218.61893215,2.29434843,,,3
219.10904275,2.22587882,,,3
217.92342745,3.20941739,,,3
217.75350801,2.56250914,,,3
219.43714735,2.85643902,,,3
218.77723701,3.54917934,,,3
218.78735484,3.54643395,,,3
217.82483243,3.45060043,,,3
219.06772027,3.18173866,,,3
219.36797548,2.10504741,,,3
219.64247702,2.50347567,,,3
218.64331284,3.69989971,,,3
218.41008727,3.22238057,,,3
218.96734196,3.70777011,,,3
218.61397513,2.59105067,,,3
219.164518,2.92069162,,,3
218.49873704,2.91655603,,,3
218.79687858,2.17828902,,,3
218.1129547,3.24128855,,,3
218.43550517,1.96397997,,,3
217.85068396,2.24027554,,,3
218.16356397,3.29539082,,,3
219.62352901,2.58054947,,,3
218.54554457,3.64643563,,,3
217.83911744,3.31885919,,,3
219.25459197,3.05200697,,,3
217.8618479,3.14892209,,,3
217.8786852,3.15872807,,,3
218.34113834,2.81993293,,,3
219.65049235,2.66740321,,,3
218.08387886,3.02141424,,,3
218.44148881,3.54681192,,,3
218.17669169,2.33797811,,,3
218.29743483,3.23102368,,,3
219.56574755,2.40069871,,,3
218.54853898,1.764121,,,3
218.32057214,1.80904353,,,3
219.05997713,2.07298093,,,3
219.62277177,3.13258171,,,3
218.16261407,2.82847268,,,3
219.61794392,2.42475829,,,3
218.72339411,2.06465861,,,3
218.5092187,3.84143686,,,3
217.87280499,2.95696003,,,3
218.38053605,1.80200862,,,3
218.01530278,2.907803,,,3
217.81234234,2.2873027,,,3
218.00627153,3.54547294,,,3
218.64085901,2.24349279,,,3
218.27482057,2.53292942,,,3
218.30065304,2.0211562,,,3
219.5432345,3.24208644,,,3
219.01067375,2.27014167,,,3
218.30707094,2.75644415,,,3
218.52973551,2.93247389,,,3
218.35016373,1.71366564,,,3
218.84049287,3.66813119,,,3
218.84035779,3.81144387,,,3
217.63401209,2.43744913,,,3
219.63181618,2.75502618,,,3
219.65700209,2.38918676,,,3
217.60815991,2.77989363,,,3
218.75104976,2.62315249,,,3
219.05920994,1.79469058,,,3
218.90460908,1.87447309,,,3
218.36985679,2.54359461,,,3
217.76273104,2.3542493,,,3
217.98638692,3.18675413,,,3
219.70801557,2.56261466,,,3
219.61437399,3.07343717,,,3
218.91532706,1.92238601,,,3
219.23841801,3.6002199,,,3
218.87094798,2.49054122,,,3
218.53181973,2.53866612,,,3
218.71782179,2.60459444,,,3
218.32111335,3.53716682,,,3
217.97986794,2.3062383,,,3
219.46924198,2.32629681,,,3
218.94470536,1.72092982,,,3
217.75319446,2.18814093,,,3
219.50855308,3.21036478,,,3
219.56865257,3.3233232,,,3
218.58718115,1.6464068,,,3
218.21177877,1.98423822,,,3
219.60547723,2.54677416,,,3
217.98832948,2.40706257,,,3
218.97551725,3.21704667,,,3
218.09500883,2.23786016,,,3
219.1306476,2.24125902,,,3
218.09739965,3.25201399,,,3
217.58804053,2.4100288,,,3
218.89779454,2.63029109,,,3
217.79965057,3.18877394,,,3
219.02772631,3.68370394,,,3
218.07051279,2.11589175,,,3
219.31491305,3.51124506,,,3
219.15582038,3.43947483,,,3
217.76755002,2.26903537,,,3
219.26846324,3.27324331,,,3
217.60948258,2.93848566,,,3
219.59230266,2.24829184,,,3
219.18649004,2.33695253,,,3
218.98488861,1.7195897,,,3
218.04798346,1.77936018,,,3
218.67174106,1.96055456,,,3
218.99345333,2.55409193,,,3
219.08254314,1.92218221,,,3
219.01749829,2.56425047,,,3
218.44917026,3.03891457,,,3
218.78341841,3.76115874,,,3
218.83051855,2.39831945,,,3
219.26632153,3.44477621,,,3
218.7893884,3.50935307,,,3
218.96750833,2.73093732,,,3
219.01658854,1.92164339,,,3
219.17103669,1.86570206,,,3
218.03230407,2.61506506,,,3
218.71230391,3.70748917,,,3
217.81073158,2.18477019,,,3
219.28503079,2.35920224,,,3
218.73969735,2.74074744,,,3
218.98554179,2.52970116,,,3
217.83807454,3.02437727,,,3
218.02476258,3.45881523,,,3
218.51712412,2.31354069,,,3
218.98683085,3.59932167,,,3
219.19587486,3.27267022,,,3
219.32520734,3.252186,,,3
218.21271999,2.09551983,,,3
218.31728972,3.21812029,,,3
218.42773478,1.76455197,,,3
217.99474817,3.34274462,,,3
217.60722539,2.30421903,,,3
219.34358164,2.87711233,,,3
219.18152466,3.39062171,,,3
218.31627141,2.06458542,,,3
217.97091168,3.09128204,,,3
218.98288565,1.87754579,,,3
217.79848217,2.29425647,,,3
219.53974937,3.23931344,,,3
218.24843063,2.67305837,,,3
218.57644866,1.94686373,,,3
218.46740096,3.58038131,,,3
218.82523877,3.7133425,,,3
219.10648968,2.24633507,,,3
218.65926295,1.77505,,,3
218.68457298,1.76765596,,,3
219.50290144,2.80770261,,,3
219.31476068,3.54245854,,,3
218.1600444,2.0833008,,,3
218.07834005,2.77032342,,,3
219.17058207,3.36480166,,,3
218.6648452,2.38362509,,,3
219.47751077,2.85421868,,,3
218.10306091,2.04815232,,,3
219.50890318,2.40738423,,,3
219.62140305,3.20637765,,,3
218.92826438,3.19692114,,,3
217.62875386,2.77824607,,,3
219.03400386,2.53125165,,,3
218.2662134,2.75575222,,,3
217.97293775,3.00726617,,,3
219.37134519,2.77142572,,,3
219.40649404,2.98253074,,,3
219.08546325,1.95181088,,,3
218.74518763,3.18940936,,,3
217.62429772,2.22951768,,,3
217.71632305,2.15241318,,,3
218.46231694,3.59573674,,,3
218.00041541,1.90896286,,,3
217.8225477,2.33661608,,,3
218.83128867,3.32966824,,,3
217.99847584,2.73454514,,,3
218.39510382,2.20461871,,,3
219.2412701,3.45324351,,,3
219.20160528,2.35996343,,,3
219.05270737,3.70223041,,,3
218.51148498,2.52429574,,,3
219.47306126,3.20167424,,,3
218.82593409,2.42278974,,,3
218.84920117,2.70565943,,,3
219.65551265,2.62035568,,,3
218.27577387,3.24224711,,,3
218.62118644,1.85114723,,,3
218.12648786,2.78806358,,,3
219.58868689,3.17638389,,,3
218.27101224,2.28868606,,,3
219.48698889,2.33447993,,,3
217.53665836,3.04761141,,,3
219.319972,2.97178523,,,3
