RA,Dec,redshift,rmag,set_id
179.2679578007977,-0.90809189174182,1.5643618266052568,22.9346866607666,1
177.9555833707879,-0.2293239237604285,1.56432301763159,21.42929458618164,1
178.62125623904453,-0.6394341036312012,1.9510110200923816,20.14742088317871,1
179.35652320283432,-1.511405760143023,1.8444474184103068,22.059755325317383,1
179.1268472944673,-0.6008923779608196,1.708972894695922,22.13797950744629,1
178.97547978413394,-1.0613523207286524,1.9707941319395264,18.790817260742188,1
179.29115018573543,-0.1565303166379699,1.0891480182679123,21.20013999938965,1
178.79936278935182,-0.9704645906486756,1.6595630554385008,22.583824157714844,1
177.74907587200053,-0.4722713294637686,1.34093991699018,21.112607955932617,1
179.6549261478484,-0.5222013628669439,1.3172896667916494,22.93257713317871,1
179.2605204060834,-0.7931096370692613,1.2753684452897305,20.4262638092041,1
179.1063389976248,-1.623621484271009,1.5175806325957215,21.52156639099121,1
179.3677723993012,-1.0946318510457242,1.951937595043324,21.793643951416016,1
178.93741378151248,-1.6953260301696154,1.1005856632698876,21.1907901763916,1
179.15796059637754,-1.554586830557824,1.9049595611017456,23.046079635620117,1
178.11449560173554,-0.5168639400174639,1.0593239850323886,20.57054901123047,1
178.11415299024517,-0.2911110976979092,1.946485203278964,21.68208885192871,1
178.27905048006517,-1.7829092966976476,1.496529160616557,19.839282989501953,1
178.7759117126489,-1.2202790290533072,1.555378480457486,19.039581298828125,1
177.72272646975003,-0.7692713856763932,1.9694695412725665,20.267658233642575,1
178.97746020671798,-1.4734969226163082,1.392424119405449,20.53971290588379,1
179.40771573694752,-0.6799557875131542,1.371398628629709,20.731216430664062,1
177.84436054739223,-1.3174482013461226,1.6449372580156336,22.414613723754883,1
179.4532185787221,0.0232746470795936,1.2804758480579,19.890064239501953,1
179.5091468807307,-1.503923249690995,1.9347601705921988,21.92047691345215,1
178.0562588795893,-0.3475883364542761,1.5800996176234583,22.61737632751465,1
179.46249473260667,-0.0760508034400331,1.964438038639724,21.283607482910156,1
179.40771573694752,-0.6799557875131542,1.3704573967675835,20.731216430664062,1
179.1434647827778,-0.9085575982407532,1.0194765075361345,20.40286636352539,1
179.76589455194392,-0.9170312166184568,1.246606395027244,22.36971664428711,1
179.43756659049106,-0.9863074700192016,1.252340273375088,18.77465057373047,1
178.97636196212713,-0.4874362834271438,1.2332638763186516,21.763195037841797,1
179.79566516054274,-0.4734210857408246,1.5112924949119215,21.065017700195312,1
178.56527529210734,-0.9647459816017092,1.7039395223225262,23.036041259765625,1
178.27242107493072,-0.165999396034896,1.3935815540758454,20.499542236328125,1
178.78573859899566,-1.0328762804976752,1.0144394426625776,21.63800048828125,1
178.79936278935182,-0.9704645906486756,1.6573039531955194,22.583824157714844,1
178.81033927110954,-0.6689435241806947,1.35548533409976,21.076061248779297,1
179.7265971348802,-0.3822442621625829,1.2166748113797212,22.7415828704834,1
179.46852559238283,-1.368985765787981,1.2109712253572475,21.589542388916016,1
178.78345912852765,-0.6164456774756996,1.7406453804480844,20.191394805908203,1
179.4216805012357,-0.8661297120871085,1.652361704865644,21.551435470581055,1
178.9250922419077,-1.1936949521770504,1.2028522986507626,19.996917724609375,1
177.94592949327117,-0.3617222573617912,1.8878420140790717,21.540075302124023,1
179.63484290948298,-1.611351662448682,1.359970310503698,21.33099937438965,1
179.6072369266666,-0.7099032134293073,1.552782622118623,18.834667205810547,1
178.78327502242888,-1.297101373994518,1.1672684143551018,23.047435760498047,1
178.1010357296624,-1.392213759247262,1.719550335505816,21.045583724975582,1
178.67380372518798,-1.4138704651183658,1.7622319437154907,20.53039169311523,1
177.8120271757441,-1.2822589654930046,1.3645144678322298,20.955726623535156,1
179.7778077112563,-1.324617466561933,1.94544125708272,19.974000930786133,1
178.47489615118567,-0.8010423260148261,1.6077350869510505,20.275774002075195,1
179.19202222826243,-0.3755824150951534,1.2757837190815289,21.139488220214844,1
179.6549261478484,-0.5222013628669439,1.3172959751757498,22.93257713317871,1
179.4436102752692,-0.4428915402960975,1.8985967326062163,22.21682929992676,1
179.01279806393586,-1.2713783164056232,1.3790842396980418,22.60737037658691,1
178.74079219074332,-0.4162147297099129,1.3580595119646268,22.178730010986328,1
178.36709282416433,-0.9024294330555804,1.6543699179775897,19.902070999145508,1
177.91783868466604,-1.000941480263002,1.0368854305498088,20.954425811767575,1
178.44914133501297,-0.7737615844830662,1.5505382163424597,18.411609649658203,1
179.80373929303897,-1.3278962779046766,1.2858793318513968,22.540077209472656,1
179.52309942006147,-1.556572283880406,1.5602106435126517,22.748226165771484,1
178.76100653998168,-0.4262609696809956,1.0346588217902075,20.798627853393555,1
178.09784742540404,-0.5017411333555216,1.779318197107302,21.373903274536133,1
177.987750650379,-0.2368821465183867,1.6532720200753712,18.672927856445312,1
179.39351336011876,-0.3811372751162402,1.8059036688079049,22.874061584472656,1
179.19202222826243,-0.3755824150951534,1.27602876659451,21.139488220214844,1
179.5019235068156,0.0238822381270046,1.6639142041765338,21.26590919494629,1
179.4606887856615,-0.9746034167701638,1.6694162878615408,22.289344787597656,1
179.24471510142072,-1.0726756150302312,1.6877078706201782,21.46261405944824,1
179.24471510142072,-1.0726756150302312,1.687947660645484,21.46261405944824,1
178.55731270435467,-1.9004584084049896,1.097946694416462,22.295459747314453,1
178.60151538564563,-1.4784242861269965,1.7951294130718425,20.732643127441406,1
178.16881229031367,-1.4604402776772003,1.964286237130333,21.516799926757812,1
179.01279806393586,-1.2713783164056232,1.3783269392686697,22.60737037658691,1
179.83451876278596,-1.189143222456218,1.468435091400747,23.22275733947754,1
179.86604970617202,-1.1801031021493418,1.2102344145430666,21.733877182006836,1
177.79320087132686,-0.5765145476267526,1.622855879334836,20.56736946105957,1
178.08540238560403,-0.5220325621163219,1.159775896133325,21.297496795654297,1
179.79566516054274,-0.4734210857408246,1.5116206235136551,21.065017700195312,1
179.2245472406582,-0.7856642853683298,1.0171916452341154,21.80371856689453,1
178.48382984531986,-0.9663876124050672,1.330180722027212,21.409513473510746,1
178.11595034185368,-0.4147763517707091,1.6081864176957583,21.370506286621097,1
178.00523591597548,-0.2942474490543107,1.943241782294312,22.427637100219727,1
177.9555833707879,-0.2293239237604285,1.5647223225192888,21.42929458618164,1
177.75418774751648,-1.1534404557945896,1.0015271197595808,19.486745834350582,1
179.79812502109544,-0.6198229147445711,1.5478025359186396,22.68546485900879,1
179.79566516054274,-0.4734210857408246,1.51174291024421,21.065017700195312,1
178.46554596322534,-1.9171162722528152,1.6068934567291608,22.529043197631836,1
178.34606971258088,-1.0591174939736752,1.7780592876588677,20.80204963684082,1
178.1185772865608,-0.6507109640980987,1.0065156996841362,20.41885757446289,1
177.97848641785254,-0.9846097605937268,1.9369052849334996,18.7708740234375,1
178.38598783996235,-0.7303279340415584,1.1955778306273992,19.618053436279297,1
178.64375107091612,-0.0317589013422478,1.9927870669604804,22.81643295288086,1
178.51511617933673,-0.8041323631847506,1.709536120390667,20.92615509033203,1
179.31087184537276,-1.2243162592633328,1.117020894087349,20.96073341369629,1
179.71343624191718,-1.209665905620755,1.459484172100539,22.770292282104492,1
178.75730244979883,-0.2188452713981097,1.449468166108308,21.627521514892575,1
178.46213840924037,-0.8359185314860758,1.7790838926511696,21.77452087402344,1
178.17433415411523,-0.5024604861550593,1.7748552677595577,20.33623313903809,1
177.96793778380064,-1.336083933903961,1.408430921522963,21.51047134399414,1
178.12186936326654,-1.5360325054406043,1.2281509575912468,21.79483985900879,1
178.74522210964233,0.1567709286088064,1.4318002249505672,21.17913246154785,1
179.36190318693463,-0.9318323930166142,1.6013395948733506,21.268444061279297,1
179.29115018573543,-0.1565303166379699,1.0899254769551865,21.20013999938965,1
179.44300303448262,-0.5400603284537213,1.8572734218077895,22.984968185424805,1
178.7759117126489,-1.2202790290533072,1.5557034276823385,19.039581298828125,1
178.62125623904453,-0.6394341036312012,1.950610068050135,20.14742088317871,1
178.14522557032717,-1.1162128608077406,1.203009903610563,20.9295597076416,1
177.7052990902436,-0.8636675258542116,1.3537150785430905,19.785186767578125,1
178.148994578524,-0.6345176017172506,1.6353171186341968,21.438003540039062,1
178.80570683124932,-1.17357726102329,1.390352571513972,22.43869400024414,1
178.12031203212408,-0.009895404368097,1.2656946755348,20.623451232910156,1
178.00962990508853,-1.5270003473471827,1.4450453267751242,20.601778030395508,1
179.0022323436553,-1.858349788802212,1.733462034389363,21.258214950561523,1
178.53226593742187,0.1870676783530244,1.6531292000943514,18.76209259033203,1
179.24638733404595,-0.6064017411714363,1.8198393052567488,22.455217361450195,1
179.42609274190528,-0.399831867089741,1.7624381305381274,22.910015106201172,1
178.70945249160687,-1.5784927873413903,1.3275032852912356,22.036436080932617,1
178.8123478505252,-0.6420491310510804,1.1129986694059637,21.64960289001465,1
179.79962970766047,-1.0400679118996734,1.872859146401445,23.016841888427734,1
177.987750650379,-0.2368821465183867,1.6534558791070144,18.672927856445312,1
178.55179426320151,-1.5088196859979188,1.3491119937658311,21.149694442749023,1
179.86434053622528,-0.827033585001162,1.2346900007248502,21.472251892089844,1
179.15092085905616,-0.9376605121208348,1.4741114728234537,21.554481506347656,1
178.148994578524,-0.6345176017172506,1.6345479391500812,21.438003540039062,1
177.74912838139124,-0.8555432026662554,1.631678926619903,21.00153350830078,1
179.32973373931003,-1.4582813772798109,1.312783781996492,19.34091567993164,1
178.93643166886537,-0.010818075077279,1.4287969418156266,21.18149757385254,1
178.11595034185368,-0.4147763517707091,1.609114754810713,21.370506286621097,1
179.03740156946537,-0.6863475910305102,1.6440932664249752,18.768798828125,1
179.4745062027981,-0.3702747868772472,1.7642243755594715,21.580787658691406,1
178.90614080736665,-0.0095527536975204,1.86710402218516,23.50639915466309,1
178.97547978413394,-1.0613523207286524,1.9699083832968864,18.790817260742188,1
179.6913509130789,-0.3715744108190889,1.2680129921134264,22.385208129882812,1
178.7151013155453,-1.6244356074453643,1.3236467376566754,21.195337295532227,1
179.65229915505077,-1.5510793413848774,1.7463805147321316,21.937917709350582,1
178.38598783996235,-0.7303279340415584,1.1948027731782578,19.618053436279297,1
178.984491926111,0.0653174529810686,1.6933560119916025,23.28914451599121,1
178.64792579736343,-0.4874588066001768,1.718856145488426,22.87401580810547,1
178.50993846306545,-0.4485475301331431,1.6605452800249725,22.844654083251953,1
179.14344811065226,-0.908555496229812,1.0195808207186143,20.40286636352539,1
178.76288853321594,-0.4459263790321882,1.0994144768655272,19.937232971191406,1
178.49887437918534,-0.6717016191701288,1.6783753660120957,22.191957473754883,1
179.45321852043713,0.0232750703075437,1.2796520977667745,19.890064239501953,1
179.42316514246485,-1.7461277988679835,1.3671426187632492,20.236591339111328,1
179.57204725551497,-0.9202208081796356,1.8031598564413152,22.529809951782227,1
179.24207290077456,-0.087758418730675,1.801745016987118,22.50837516784668,1
178.90969096567034,-0.220034077398005,1.635400044367398,23.073240280151367,1
179.49260592955025,-0.7600114450646002,1.6924152461973674,20.84197998046875,1
178.12355291736176,-0.6861801250465747,1.7960695567243368,20.18248748779297,1
178.27545149910782,-1.7377137943876173,1.0979178470449809,17.387609481811523,1
179.54355116083207,-0.4323096008690295,1.768332734282395,20.24479866027832,1
178.7214706827695,-1.5892418395770482,1.7821512483175923,19.294143676757812,1
178.35584713343667,-0.4865460586465381,1.0064399269379871,22.28569984436035,1
179.66908822915008,-0.3631554972283433,1.8745605434422792,22.01923370361328,1
179.25327908286735,-1.0625186084902078,1.689584419903821,21.405996322631836,1
178.29744345057765,-1.2872086919988444,1.1045476613153833,21.91082763671875,1
178.0311296804535,-0.3029707641623351,1.295164590386824,22.222999572753903,1
178.2566551047031,-0.1785765159620772,1.0709684806716828,22.401042938232425,1
178.27242107493072,-0.165999396034896,1.3929195789221367,20.499542236328125,1
178.25511802615534,-1.4635318690305414,1.4944185525779108,21.63506317138672,1
178.9651262145164,-1.525898190536767,1.257501481592582,17.56433868408203,1
179.67861770460874,-1.3922483238023733,1.2883885777433737,22.96063995361328,1
179.63484290948298,-1.611351662448682,1.3606777056489825,21.33099937438965,1
179.69473842829595,-1.131268970838937,1.8501758125189496,21.60152816772461,1
178.91996437583828,-1.224661645256784,1.5587218501199305,21.646406173706055,1
178.8719128484902,-1.7712224291796943,1.7404244147839922,22.09144592285156,1
179.01533909702093,-0.7308782266305426,1.2756611665679995,20.997968673706055,1
179.5461519559548,-1.702271297385464,1.6368191429156906,21.33542251586914,1
179.24876082736998,-0.4109584106939414,1.7634795702177328,22.818872451782227,1
179.26607380269846,-0.6112919794057656,1.255053078998975,20.88211250305176,1
179.21640957865225,-0.396092790985547,1.815030558144032,22.50589179992676,1
179.37409573151578,-0.2580553142569998,1.7625031666039952,22.247106552124023,1
178.68354847120884,-0.0124200600653306,1.9539367406402135,20.407882690429688,1
178.10482368264354,-0.4736970211370639,1.7780472973737462,22.663471221923828,1
179.27199900625703,-0.0391687880584815,1.78329373469067,23.351835250854492,1
178.65119671934545,-1.202798086162791,1.2272184484001267,21.437488555908203,1
179.46109311967103,-0.8371980602599124,1.466458323204453,22.0396671295166,1
178.28033498037206,-1.0908651551157116,1.3290693930293274,18.42158317565918,1
178.2713165207442,-1.3052954236374807,1.583338305164307,22.742582321166992,1
179.2583017134336,-1.2350038909280308,1.0577069873023257,19.777868270874023,1
179.48424672837027,-0.8848740560949564,1.6674586327032883,21.848203659057617,1
177.8921270603166,-1.501162076693314,1.6787608245843015,23.775554656982425,1
178.26084393290455,-1.6777689618823328,1.9402771047518816,21.445383071899418,1
178.39154294196825,-0.4472730618266404,1.6708728141892537,22.036731719970703,1
179.32568795997577,-0.8269827501312891,1.0313939496120563,21.28202247619629,1
178.78377613917107,-0.5113497710920067,1.4171150546641147,21.865478515625,1
178.78377613917107,-0.5113497710920067,1.414908953732542,21.865478515625,1
179.17123218145386,-1.120840599532717,1.894798427843685,23.502931594848633,1
177.90501623973134,-0.836996549218603,1.4962459013064957,18.17620086669922,1
179.14344811065226,-0.908555496229812,1.0198639388720083,20.40286636352539,1
179.6436236448499,-0.7118002377270072,1.7057910907796685,22.132326126098633,1
178.76288853321594,-0.4459263790321882,1.0997874689232965,19.937232971191406,1
178.9868741944581,-0.0707322681055134,1.8579157136874016,19.432289123535156,1
178.79682324671256,-1.833906323891336,1.9201740216832692,21.51078224182129,1
179.26064752187426,-0.6103974271429033,1.448169484185372,22.09680557250977,1
179.1693606474929,-0.3042850383444267,1.6689987352376343,23.102495193481445,1
178.9409799188662,0.1737075911060454,1.1231858032181927,20.290422439575195,1
178.12355291736176,-0.6861801250465747,1.796253458212408,20.18248748779297,1
179.14351667925283,-0.7413704443540244,1.445026998320814,21.649599075317383,1
179.54355116083207,-0.4323096008690295,1.7690070489216478,20.24479866027832,1
179.4436102752692,-0.4428915402960975,1.8986870970517695,22.21682929992676,1
178.3382169585842,-0.4250471361799278,1.5181880320327208,19.81163024902344,1
178.267385456512,-0.9279498619860816,1.7816252742637382,22.83963966369629,1
179.37827628267,-0.6795944827148402,1.37278012329911,20.704252243041992,1
178.08866988943464,-1.38253271154169,1.929540041114784,20.751367568969727,1
179.2583017134336,-1.2350038909280308,1.0576872532296089,19.777868270874023,1
179.3743742866141,-0.4303098101184885,1.8014812708979568,22.999258041381836,1
179.86604970617202,-1.1801031021493418,1.210632564927456,21.733877182006836,1
177.79256662626142,-0.4452539730147873,1.4545051939207054,20.96609687805176,1
178.45944965847468,-0.6035261447509408,1.804864168454713,21.35700225830078,1
179.65229915505077,-1.5510793413848774,1.7466179651567062,21.937917709350582,1
179.5344958240655,-0.5159590081255201,1.948861157768682,23.00646591186523,1
179.5791690957962,-0.8536619757089614,1.6927364166943175,21.542266845703125,1
179.51994445049644,-1.572362030995278,1.3585578211833509,21.11297035217285,1
178.2107210109043,-1.6346890652619557,1.818768484123601,22.5169620513916,1
178.33942399450473,-0.5511308417480983,1.3408911631752574,19.30868911743164,1
179.87896938994098,-1.189144476485522,1.0072356403771188,20.28907012939453,1
179.31828463311658,-0.4645510988437952,1.8064315623818084,22.776451110839844,1
178.46595149075108,-0.8724184071878714,1.1578903470860766,21.852170944213867,1
179.5791690957962,-0.8536619757089614,1.6901279630163089,21.542266845703125,1
178.97955818681532,-0.9123214066672414,1.3875763833903396,22.756193161010746,1
179.56945801533797,-0.7493564398339513,1.0532395197370512,21.641342163085938,1
178.45704658924737,-1.5011612812471844,1.3413073600007506,20.71462631225586,1
178.00964076005482,-0.7276514225069266,1.3972122675019,22.595474243164062,1
179.12878935414236,-0.048418193035723,1.682727716918162,20.77305793762207,1
178.13129564223192,-1.211831673474928,1.1203274507935232,20.39165496826172,1
179.56945801533797,-0.7493564398339513,1.0529218282369484,21.641342163085938,1
179.1813476862211,-0.6935765417085176,1.0135220865810113,22.06690216064453,1
179.86434053622528,-0.827033585001162,1.2343862693175485,21.472251892089844,1
179.78785738754033,-1.2816432995087907,1.8572257490408917,20.2780704498291,1
179.24638733404595,-0.6064017411714363,1.8218746081107593,22.455217361450195,1
178.34195757214,-1.1032881029338322,1.8156590864087463,21.98642349243164,1
178.95492772670534,-1.3671045934440007,1.3621267327099988,20.618953704833984,1
178.60590468708222,-0.9512782410008324,1.6222578815161566,21.576099395751953,1
178.98911494980422,-0.5251076760491012,1.968409020715566,22.257476806640625,1
178.84796084397436,-0.387254018642574,1.6865834421614498,21.623884201049805,1
179.7231846501553,-1.2165878550071527,1.328136075283479,19.226490020751953,1
179.0686372666854,0.2091130606337738,1.4132929676341248,21.340526580810547,1
179.32568795997577,-0.8269827501312891,1.0309526254843795,21.28202247619629,1
178.3327805739832,-0.8858166145241735,1.988107619510296,21.343658447265625,1
179.7023639670668,-0.6340602209859919,1.8038990627435785,22.74788475036621,1
179.04355740481475,0.2025351964956199,1.5006768779492334,20.76504135131836,1
178.11449560173554,-0.5168639400174639,1.0595952952204049,20.57054901123047,1
178.2809556624627,0.0826937465630482,1.14843731417298,20.86308860778809,1
179.69368105022824,-0.2790427171248683,1.7114554450220143,21.210918426513672,1
178.76100653998168,-0.4262609696809956,1.0343876985604925,20.798627853393555,1
179.84908337696564,-1.1306346796930171,1.1463248926249991,21.89837646484375,1
178.78795923867418,-0.9443862251011712,1.9648708062909164,20.576217651367188,1
179.47395454757157,-0.939955821823437,1.6646155079854017,21.37204933166504,1
178.96823461539353,0.0574252829478338,1.3995475379526467,21.12076759338379,1
179.42609274190528,-0.399831867089741,1.760452688005208,22.910015106201172,1
178.05914623638586,-0.3855717996517997,1.5830993574717007,20.798072814941406,1
178.04231526649403,-0.5118700387615339,1.0700852461366612,21.514190673828125,1
179.53840097096844,-0.5506937287846456,1.7850672995614192,20.89564323425293,1
178.9409799188662,0.1737075911060454,1.1233035635096622,20.290422439575195,1
179.8334839889855,-0.8356304045255187,1.0664947005816967,22.166439056396484,1
178.98911494980422,-0.5251076760491012,1.968882910934028,22.257476806640625,1
178.26974801369033,-1.3330739183168567,1.2136699401247668,20.201200485229492,1
178.74522210964233,0.1567709286088064,1.430895249536168,21.17913246154785,1
178.08540238560403,-0.5220325621163219,1.1594322929846874,21.297496795654297,1
179.6072369410657,-0.7099033519582466,1.5530467914213166,18.834667205810547,1
178.39987350964748,0.0885866198352403,1.074459933393785,20.555877685546875,1
179.29115018573543,-0.1565303166379699,1.089259139578329,21.20013999938965,1
178.8269047450893,-0.0147648134222439,1.3769274348685958,21.90202522277832,1
178.67380372518798,-1.4138704651183658,1.761527916946685,20.53039169311523,1
179.8227966143776,-0.6761385297398176,1.8793291830292944,22.152021408081055,1
179.43756659049106,-0.9863074700192016,1.2525260034696502,18.77465057373047,1
178.93699471093728,-0.1020398789385576,1.7877575074290952,22.64832878112793,1
178.94296056358206,-1.5271704042953171,1.8760454109097775,20.588510513305664,1
178.34701498974414,-1.8079102234721929,1.437284931243858,22.50910758972168,1
178.07656770763666,-0.7170020691263475,1.5501589260792965,21.521013259887695,1
179.6436236448499,-0.7118002377270072,1.7105150835909997,22.132326126098633,1
179.49260592955025,-0.7600114450646002,1.6935360694807504,20.84197998046875,1
178.95492772670534,-1.3671045934440007,1.3632428860493262,20.618953704833984,1
178.3930074523042,-1.1362965702084151,1.101749994808387,22.080556869506836,1
178.3746424938785,0.0852194901709236,1.8323477325629445,23.32472801208496,1
179.07861984004987,-0.6353142062417976,1.032088465254967,20.884347915649418,1
179.1693606474929,-0.3042850383444267,1.668983798674959,23.102495193481445,1
178.68354847120884,-0.0124200600653306,1.9491993013773523,20.407882690429688,1
179.2245472406582,-0.7856642853683298,1.0163192431525372,21.80371856689453,1
178.25893183861092,-0.5136312031628552,1.7800121048530115,20.683917999267575,1
178.7523952543204,-1.174570767411325,1.741907120872071,21.98686790466309,1
178.35584713343667,-0.4865460586465381,1.0060427332724844,22.28569984436035,1
178.2063372202294,-0.5833142346900242,1.190931147109822,21.568662643432617,1
179.44300303448262,-0.5400603284537213,1.8544438383752533,22.984968185424805,1
178.18672190450616,-0.0686576684893817,1.8660656193705405,19.614112854003903,1
179.43779079371777,-0.9824910213621806,1.0254116154565396,20.90559196472168,1
179.112300019757,-0.4641195520598781,1.5042167632680483,21.457365036010746,1
179.24638733404595,-0.6064017411714363,1.8187558495527263,22.455217361450195,1
179.5019235068156,0.0238822381270046,1.6646637735698844,21.26590919494629,1
179.03740238170602,-0.686347679346234,1.6444684368179576,18.768798828125,1
178.4886183689906,-0.4650094376103051,1.6749064155306597,19.512657165527344,1
178.91144947522233,-1.2908705014731472,1.1598741499014724,19.724933624267575,1
178.07398580152244,-0.8547529323225189,1.2055183469221395,21.635507583618164,1
178.80602187423267,-0.7296742534530389,1.2507363634704198,22.155977249145508,1
178.6452726078866,-1.023923967270365,1.76383394076895,20.438570022583008,1
178.0818919133985,-1.6422486143854829,1.7671853243650038,21.358171463012695,1
178.64499151252036,-0.7482545785720672,1.751391744796121,20.725217819213867,1
179.5520861340604,-0.5107775791801613,1.117486771008188,20.58829116821289,1
177.88109756341646,-0.449048863938888,1.5086767439669293,22.337554931640625,1
178.2063372202294,-0.5833142346900242,1.1903570794953682,21.568662643432617,1
178.1174059481781,-0.0910709273669664,1.4090452362584838,21.952150344848633,1
179.0480290995034,-1.1485395885954033,1.6534242003889743,22.407312393188477,1
179.32333833183418,-0.8078026067619526,1.8149546162884085,22.316404342651367,1
178.96617761914845,-1.1923036224712842,1.8116651449275671,22.535266876220703,1
178.28224380672555,-0.2137186720652865,1.266942399934616,20.737241744995117,1
179.5244025897603,-0.8526608125187088,1.937960874820219,22.407541275024418,1
179.50360356839664,-1.143051972494147,1.7457178766915529,22.78843879699707,1
178.28033498037206,-1.0908651551157116,1.3293823686802355,18.42158317565918,1
179.64223596256264,-0.6981331032031679,1.5821582205843507,21.370424270629883,1
178.97547978413394,-1.0613523207286524,1.9706820840581336,18.790817260742188,1
177.8999994831142,-0.5676542974510538,1.5402358543090569,19.62485122680664,1
179.50360356839664,-1.143051972494147,1.745717695235921,22.78843879699707,1
179.17025520890456,-0.7330713310806479,1.8703005538738493,21.472944259643555,1
179.68443428485088,-0.1831629929374825,1.5175203017495729,22.656538009643555,1
178.53590072598396,-0.3887894640832722,1.5772795820948322,21.594707489013672,1
178.20332748438625,-1.1999801586430543,1.252554844198092,21.13090705871582,1
178.3460667994515,-0.0001661927648671,1.188233866273655,21.924089431762695,1
178.0503702624393,-1.2398824886273243,1.0589685725935305,20.75437355041504,1
178.26817535058686,-1.7790830880405188,2.4917019371725093,21.26642417907715,1
179.64899459532853,-1.4781262407090725,1.3285228649136616,20.64293670654297,1
179.38561664510746,0.0680489989167514,2.7345961194527275,22.94154930114746,1
179.34313011004383,-0.5758686902060335,2.9336573047244907,20.41998863220215,1
178.96617761914845,-1.1923036224712842,1.8120991837888245,22.535266876220703,1
179.36219373120693,-1.388813647542763,2.32266337731475,22.754322052001953,1
178.16243013994736,-0.7684013629185131,1.7615507875488337,18.506309509277344,1
179.55653592445626,-1.0917738218421809,3.3937608401493256,22.787364959716797,1
178.1458044191701,-0.0952039790409152,0.1290868368951059,17.420177459716797,1
178.9089027770008,-0.0188026828305179,2.074184829367574,20.24847984313965,1
179.31247026898754,-0.0518274160219552,2.680937076469073,20.21216583251953,1
178.79814172672346,-0.9746605449661978,0.9709872147306216,21.483428955078125,1
178.92334948349978,-1.8284515010319689,1.5426815625311945,21.93124771118164,1
179.23613201501863,-1.3110194770346837,0.7536291023937706,22.272817611694336,1
178.46763680493112,-0.1369668292280661,3.003122935403583,19.476261138916016,1
179.00816258260207,-1.5993093040618274,2.0124272526170732,21.772533416748047,1
178.2245774504128,-0.5403720204842007,0.9417156262168797,20.02528953552246,1
178.8360081208047,-1.4098648557442404,2.5778368356500208,21.194684982299805,1
178.82513179858876,-0.3877279324658501,0.7885923453802626,21.54684066772461,1
178.3156438862943,-0.4033701196948851,1.3900293714232352,21.563440322875977,1
178.9089027770008,-0.0188026828305179,2.073713162674986,20.24847984313965,1
178.08685992837383,-0.6285292514601177,0.3918084768021188,19.346256256103516,1
178.01775745639048,-1.368322685974816,1.63342009117659,20.422992706298828,1
178.5457620557048,-0.4832648048016491,1.2606505745622727,21.317663192749023,1
178.40850461759584,-0.8630762786774804,2.3014150591008256,20.96980857849121,1
178.3841670749626,-0.7969771647824377,1.5967725271616091,21.80953598022461,1
177.98691702129958,-0.9542813312887988,0.7769197056645744,22.24319648742676,1
177.83222975482633,-0.7319315462655872,2.0214751915810627,21.048561096191406,1
178.56125164297802,-1.40367848084798,1.4184588840941184,22.67557716369629,1
179.61227365835367,-0.1170827260818678,1.8130482309330107,19.19104385375977,1
179.66908822915008,-0.3631554972283433,1.873946613407049,22.01923370361328,1
178.84940644176544,-0.2522413339584708,2.3383229188845305,22.823486328125,1
179.47395454757157,-0.939955821823437,1.6626967919985982,21.37204933166504,1
179.3381431240289,-0.3789310742403284,1.524129430586705,21.33726692199707,1
179.25990748254495,-1.0622719884772298,0.1219864203685176,16.66402244567871,1
179.79802431208594,-1.1203412951929026,2.0661649696697806,20.8400821685791,1
179.37827628267,-0.6795944827148402,1.3729293286646702,20.704252243041992,1
178.5741149758496,-0.5227553517913949,1.6952870045079167,20.609081268310547,1
179.48051449049206,0.036550200660052,0.5012936037322282,20.38919258117676,1
178.93699471093728,-0.1020398789385576,1.7881207593409714,22.64832878112793,1
178.08101946177567,-0.5420622922817404,2.212180209049807,23.0133056640625,1
179.17033128686518,-1.7048232031122263,1.3348934901577845,22.028282165527344,1
178.97636196212713,-0.4874362834271438,1.2345280276753767,21.763195037841797,1
178.267385456512,-0.9279498619860816,1.7869938741293945,22.83963966369629,1
179.50674868971856,-0.4630327053531666,0.6523801629325144,21.432220458984375,1
178.13224686807723,-1.693588272701686,0.9037855500473296,20.158447265625,1
178.81378460130668,-1.186263704548398,1.830175894948334,21.91865921020508,1
179.86026022357578,-0.5146865619525393,0.839707116319333,22.377105712890625,1
178.88087137113325,-0.7558515532244546,2.0795635530610395,23.156089782714844,1
179.71740303583968,-0.4999247421932856,1.8673069365479191,22.44404411315918,1
178.10362122609982,-0.1135578090975045,2.067913493214087,20.95821762084961,1
179.76798302582446,-0.4975607286243375,1.4121809892525052,21.971757888793945,1
179.38649371144132,-1.0881502981823714,2.055365346052311,21.02956771850586,1
179.55018999999993,-0.38062493,2.6098990440368652,19.44609260559082,1
179.00616872429077,-0.9780797702886144,0.919864996593591,19.73252868652344,1
177.72664763266883,-1.066230944023367,1.55320333736742,23.577795028686523,1
178.89536160342453,-1.4474821161706142,2.4303516017500866,21.20498275756836,1
178.97196584175637,-0.3616496940131763,1.7941808149197136,21.93124008178711,1
178.01906246668386,-0.5865107978924332,1.7831042037905969,22.44843482971191,1
178.45559937810438,-1.5062019142615688,2.41406187907021,21.38801383972168,1
179.07861984004987,-0.6353142062417976,1.0319199050591414,20.884347915649418,1
177.68547729447374,-0.7347813729688828,3.0645278709048007,22.830541610717773,1
178.3382169585842,-0.4250471361799278,1.5170942390365267,19.81163024902344,1
179.7265971348802,-0.3822442621625829,1.216013021904515,22.7415828704834,1
179.16268779060374,-0.8132802826588597,2.626130780484989,22.181825637817383,1
178.75194428901708,-0.2796847386243654,0.8905436046431834,22.002901077270508,1
179.24016941488932,-1.1535860978325114,2.204195257120013,20.24121856689453,1
179.03172381500028,-0.2135860357662249,0.947761036729443,21.307384490966797,1
179.72408452246827,-0.8658877390215689,0.8218652403518609,21.899852752685547,1
178.27893852271072,-0.7535690232977931,0.3573712000152559,18.64456367492676,1
178.89540539111883,-0.5237689060671041,0.9555298089011914,19.115673065185547,1
178.2155344979284,-1.368170686853172,1.9295097431405064,21.82261657714844,1
178.9503917716867,-0.3538126121326269,1.4619942656502505,22.468149185180664,1
179.00154180299617,-1.3451902606377315,2.0579639548004955,23.255847930908203,1
177.98264099143745,-0.6020706486543741,0.6578614769756145,19.804462432861328,1
178.9651262145164,-1.525898190536767,1.257620768831423,17.56433868408203,1
179.04985359021092,0.0432522725441466,0.9492354086083556,21.64720344543457,1
178.82477536497905,-1.7385886497722018,3.0034241988396637,20.384559631347656,1
178.4886183689906,-0.4650094376103051,1.6741209953735092,19.512657165527344,1
179.52309942006147,-1.556572283880406,1.5594673779480888,22.748226165771484,1
177.7569205762587,-0.5996362224471393,0.3412117373016178,21.084774017333984,1
178.155842423551,-0.2507522956612745,1.915381933558226,20.151769638061523,1
178.86576985694936,-0.3499175317450053,1.4502723133563464,21.134496688842773,1
178.84675806613598,-1.6190714901825451,1.1689284262550168,20.540740966796875,1
178.77241535125006,-1.67990170794925,0.1325839006430718,22.0128231048584,1
178.3608460865617,-0.7030597849890439,2.15833116212659,20.93140983581543,1
179.35975721219444,-0.2587320421973736,2.3741027341181797,21.54054832458496,1
178.00353034631416,-0.5196180992136732,2.265863766553772,20.49913215637207,1
178.66896870297631,-1.961848533469731,3.274124599535383,22.62030601501465,1
179.44300303448262,-0.5400603284537213,1.8573009776468312,22.984968185424805,1
179.48424672837027,-0.8848740560949564,1.6675969551185,21.848203659057617,1
178.569335820738,-1.5199235620953448,0.9354397106939216,21.299028396606445,1
179.1104875596762,-0.5417285171915366,2.3960836119437703,22.87672996520996,1
179.64924949103167,-1.0801443337353116,2.5366303109124333,23.26458740234375,1
178.3098507639471,-0.2321617490340415,1.3717180097272383,21.496408462524418,1
179.69814807894016,-1.3374148408903372,2.9094630374517116,23.19245719909668,1
179.02372150518198,-0.3073856688014461,1.2075262723886366,20.479747772216797,1
177.75562381410708,-0.5970451347372999,1.7868897540263755,21.497966766357425,1
179.41506589058596,-1.5642272068847578,1.1801720339183492,21.33538818359375,1
177.77279163846802,-1.234912678645421,1.3210103838752767,20.17498016357422,1
178.758737586067,-1.784455422492102,1.8017580126494976,22.335737228393555,1
179.30746393993422,-0.7027776316391728,2.302666678202077,22.26496124267578,1
179.64924949103167,-1.0801443337353116,2.5342267236121248,23.26458740234375,1
178.97659,-0.27307564,1.173967361450195,21.21324920654297,1
178.64047000000005,-1.2309335,3.263488531112671,21.921295166015625,1
179.29296247096704,-1.3399974586206806,2.4150484909455896,22.9746036529541,1
179.06074470534745,-0.9941980604474672,1.6206263712319708,21.373262405395508,1
179.7468174377205,-0.3561816054868345,1.4330347405549628,20.66582298278809,1
178.93215719364488,-1.1491358488433157,1.097747490083946,21.046106338500977,1
179.31828463311658,-0.4645510988437952,1.8035775709773056,22.776451110839844,1
179.1764028516944,-0.6135843210563935,2.996113750397645,21.248626708984375,1
178.4075197003405,-1.1542740815209651,2.324100478268727,20.241411209106445,1
178.60180379531596,-0.6479406138983533,1.2805963834114769,21.192115783691406,1
179.7468174377205,-0.3561816054868345,1.433019170802248,20.66582298278809,1
179.10164855313204,-0.831914358235587,2.3655107173717664,20.669151306152344,1
178.51511617933673,-0.8041323631847506,1.7082677412740557,20.92615509033203,1
178.3098507639471,-0.2321617490340415,1.3718990668867872,21.496408462524418,1
179.11661420389208,-0.0290337656441891,2.256650057179057,23.20641708374023,1
179.1446385243071,-0.0473271090666196,2.008702978776788,21.50358772277832,1
178.10362122609982,-0.1135578090975045,2.0678782209050115,20.95821762084961,1
178.50549126706596,-1.4706760913754058,2.1532835887995674,22.031787872314453,1
179.44785079121084,-0.8776406161457774,2.05514008719907,20.888185501098633,1
178.96828583087452,-1.712203085279381,2.835863519246895,21.925039291381836,1
179.14036325600347,-0.4251559054541867,1.4879459767667624,21.007022857666016,1
179.50620098635284,-0.608786720545026,1.7663364895408409,21.41654586791992,1
178.74626684765198,-1.537975778055158,1.261154802553648,21.50363540649414,1
179.50714499653853,-1.2017083262392818,2.3369265553887737,22.06907081604004,1
177.97848641785254,-0.9846097605937268,1.936639051697845,18.7708740234375,1
178.80271755435328,-0.5076644891699015,2.182365935413858,20.771255493164062,1
177.77024585471216,-0.4509099973775347,2.8456128660946307,20.097232818603516,1
179.04893655577138,-1.91978894119986,2.891775371087536,22.487192153930664,1
179.1336157892848,-0.3692316965931256,0.8707209105412806,22.639816284179688,1
179.30746393993422,-0.7027776316391728,2.3058372116831087,22.26496124267578,1
179.31620835513968,-0.5122263537823063,3.079104493703656,21.645763397216797,1
178.52910119579516,-0.6569483495750372,1.8029492939853808,20.652238845825195,1
178.91323296271057,-1.6335356899732014,1.8756733107492232,21.863759994506836,1
178.84892652443665,-1.6757747384093165,0.8102106505816771,19.792116165161133,1
178.52982251555088,-1.3365894331827048,3.0546653852534744,19.960460662841797,1
177.83167507261248,-0.450233422897731,1.5082395298730278,21.17269515991211,1
179.28569520847225,-0.6275939520074084,0.5432994672600072,19.801830291748047,1
179.8266023030551,-1.2203218440379766,2.0691307124715568,20.013248443603516,1
179.48994318600546,-0.5185300641374895,1.6473032147152904,22.02821159362793,1
179.7719747901708,-0.2976798797823206,1.7079749562880753,21.04539680480957,1
179.47331421153496,-0.4592056817289731,2.0393957903294013,20.38444709777832,1
179.01533909702093,-0.7308782266305426,1.276809108437579,20.997968673706055,1
178.1539767076651,-0.1206264372669232,1.1830916521305843,22.149261474609375,1
178.23148077721123,0.1068915591134331,4.559607509694969,22.10611915588379,1
177.84946623707918,-0.9151821123867452,2.5307107401187117,22.927047729492188,1
179.41744678176337,-0.1457527589301592,2.2449236055556083,21.35324478149414,1
179.56165187804726,-0.5677498647630476,0.7932589788769905,19.25603485107422,1
179.02372165750532,-0.3073853180117992,1.2066403860582893,20.479747772216797,1
179.46249473260667,-0.0760508034400331,1.963281002780774,21.283607482910156,1
178.25893183861092,-0.5136312031628552,1.780294522343386,20.683917999267575,1
179.64899459532853,-1.4781262407090725,1.328888556975215,20.64293670654297,1
178.761449259012,-0.5035297805164183,0.4272135436708615,20.633628845214844,1
179.2364500246532,-1.362350116981932,0.3771558582646186,20.31174087524414,1
178.8810551402577,-1.7699751818248068,3.2512403563259964,18.58064842224121,1
178.59416703647187,-1.861821573965615,2.6673066172630824,22.61192512512207,1
178.73387829095736,-0.8100438904689841,1.2083233200321242,22.894195556640625,1
178.67654917078713,-0.1355296401200982,1.96706748133974,20.786319732666016,1
178.68388579351262,-0.2592052067888294,0.9708802320479925,20.228092193603516,1
178.9821665476241,-0.5620194568636834,0.8632911147252385,21.574485778808594,1
179.37419960005087,-1.151492645588726,0.4711427500901819,19.842973709106445,1
179.72959311352116,-0.9320229606668884,2.0775468189026736,23.317113876342773,1
179.35975721219444,-0.2587320421973736,2.396267547729689,21.54054832458496,1
179.02729028261166,-0.0085413077205469,2.041998545462345,23.554670333862305,1
178.49972236240734,-1.6488920426868776,2.7511442052893167,22.157514572143555,1
178.18672190450616,-0.0686576684893817,1.8660538957289483,19.614112854003903,1
179.18745211746008,-0.0845438456710807,0.4301576206804749,20.26468849182129,1
178.46605791244448,-0.4505285831427443,0.1626903754617648,16.816648483276367,1
179.5223581446903,-1.6755857244679502,1.3105241456761865,21.193771362304688,1
178.8810551402577,-1.7699751818248068,3.250890058289402,18.58064842224121,1
179.31247026898754,-0.0518274160219552,2.681308361576231,20.21216583251953,1
178.51369177665984,-0.8815068138048205,0.7475657625490334,19.588134765625,1
178.65949548613858,-0.7835430138163952,0.9990543787230126,20.339500427246097,1
179.00816258260207,-1.5993093040618274,2.0106470674022208,21.772533416748047,1
179.77182850672736,-0.5593499175862312,1.3725725167923353,19.75347328186035,1
178.67638176925024,-1.5329462193092749,2.7007310480778783,22.30079460144043,1
179.31938610756515,-1.484526094582592,2.310165087177451,21.012908935546875,1
178.07656770763666,-0.7170020691263475,1.5497410061463088,21.521013259887695,1
179.14724382317087,-0.7250802181323578,1.011646137321075,19.182174682617188,1
178.59034999999994,-1.588565,1.186509132385254,21.50289726257324,1
178.75491555736156,-0.0741481482500021,1.962672642545159,22.53085708618164,1
179.0008720820611,-0.4753803136144779,2.556382188190987,21.90654754638672,1
177.94998943454735,-1.0475398892976366,2.6329621351440293,23.294858932495117,1
178.0947922834061,-0.1227556629637338,1.335188676996694,20.561655044555664,1
179.49473566102552,-0.3722500567173167,0.2604244917263974,18.74174118041992,1
177.87210599215723,-0.6748479613707091,2.262691950341676,22.128372192382812,1
179.12864551570803,0.0926168371064532,0.8367734986695508,20.400123596191406,1
178.16884079565912,-0.5012137480781367,0.5527019325260553,19.351675033569336,1
179.10623080375348,-0.9486876341490392,2.569954046165436,22.33181953430176,1
178.6937989865731,-0.863950007137783,0.8152395699875882,21.443958282470703,1
178.96636310680992,-0.1898861112308492,0.5308821537363734,20.43027114868164,1
179.11661420389208,-0.0290337656441891,2.2550347784757987,23.20641708374023,1
179.24876082736998,-0.4109584106939414,1.7648520226127404,22.818872451782227,1
179.14351667925283,-0.7413704443540244,1.4461013638890916,21.649599075317383,1
177.77570835789692,-0.8897027687991844,0.8907900418967473,20.321983337402344,1
178.37212189861398,-0.5813305353093432,0.4507321616812036,19.122400283813477,1
179.01766048989833,0.1492064602578049,1.852016466529064,22.15203094482422,1
178.65949548613858,-0.7835430138163952,0.9991300014823232,20.339500427246097,1
179.35332973336597,-0.0821009145783142,0.2871643297210788,18.137453079223633,1
178.44914133501297,-0.7737615844830662,1.551314189676758,18.411609649658203,1
179.0180766091385,-0.8232609876498365,1.9645474421971252,22.027111053466797,1
178.8879928816945,-0.7207740351984426,0.473477745015989,19.951812744140625,1
178.74428745518537,-0.7303680729683671,1.907389578459738,20.4151668548584,1
179.37179912357388,-0.0520564377989357,2.078556235662814,22.006654739379883,1
179.28225495651688,-0.1870508933161542,0.2476775367674969,19.05078125,1
179.71983087485938,-0.4742777571025561,3.167743696272243,22.348142623901367,1
179.51866204849946,-1.6220556928138894,0.2702488066408383,18.553325653076172,1
179.46109311967103,-0.8371980602599124,1.4659615031964452,22.0396671295166,1
179.2852092422368,-1.3407619016646888,0.8932382142128787,20.766681671142575,1
178.6388944897327,-0.6483003123054011,2.408980995500652,22.191469192504883,1
178.80180436313896,-0.1810935969169778,2.082447920456511,22.844030380249023,1
178.31229897705876,-1.673027209975822,2.2739604623053182,20.00931739807129,1
179.72408452246827,-0.8658877390215689,0.8218992178096615,21.899852752685547,1
178.29033989416527,-1.557533965655646,1.3651223840510691,20.32499885559082,1
179.6672107730933,-1.433070921258864,2.2979924774172815,21.80115127563477,1
179.88531999999998,-0.82092864,0.5573813915252686,21.25337028503418,1
178.88923999999997,-0.51415647,0.883064329624176,20.26620101928711,1
178.86307762525158,-0.535703443043255,0.1334844546386442,18.288206100463867,1
178.81033927110954,-0.6689435241806947,1.3547916095259682,21.076061248779297,1
179.17427772415547,-0.999119716917874,1.781324436836385,23.04654312133789,1
177.89608182316346,-0.2886282084715669,1.1639284487795147,20.787364959716797,1
178.16279003713382,-1.293979068944203,0.8965721741871628,21.05237579345703,1
178.8269139430475,0.0797835725351695,2.578978848453554,22.175642013549805,1
178.26362200608307,-0.919322580346544,1.7939082648867464,21.70008850097656,1
178.04231526649403,-0.5118700387615339,1.0705697092516178,21.514190673828125,1
178.52685021593203,-0.225050849249758,0.9204797708347986,21.983312606811523,1
178.76492496380473,-0.5807223899663148,0.1291060264106947,15.989535331726074,1
178.12177792247925,-0.2726313030625985,1.812709099503892,21.650959014892575,1
179.4478783485721,-1.1542782019913642,0.4287657409648467,20.33116149902344,1
179.38521230714517,-0.2735546007436492,2.21143646574416,22.306076049804688,1
178.4748614110418,-0.9252674818734566,0.6783768394379269,20.827617645263672,1
178.7186274540059,-1.0276451655105272,2.5786018459663387,22.157814025878903,1
179.50584562001325,-0.8047140369833267,1.3278327375433876,22.17011260986328,1
179.27383690936395,0.1547329479767505,3.882495775334611,23.510555267333984,1
179.77718752051953,-1.3195020687393937,0.83201764377328,20.915008544921875,1
179.35862726230764,-0.3646387640694095,3.015857989351876,20.394311904907227,1
179.14197618774185,-0.3598184221049523,0.7401814083051043,19.001766204833984,1
179.35034553918746,-0.6886708364013449,0.4333740192434656,19.814544677734375,1
178.11415299024517,-0.2911110976979092,1.945762188263597,21.68208885192871,1
179.3864373064891,-1.584645396913582,0.4202250839429409,19.75248336791992,1
178.53580457353638,-1.8085753105469968,2.411938518150901,21.105175018310547,1
179.84908337696564,-1.1306346796930171,1.1462811344274733,21.89837646484375,1
179.32051242255395,-0.0124579403248826,0.9476409577419171,21.499771118164062,1
178.53233104866146,-1.1260029740825817,0.9827694711958888,21.26820182800293,1
178.4075197003405,-1.1542740815209651,2.32393486638784,20.241411209106445,1
179.46109311967103,-0.8371980602599124,1.466379303674617,22.0396671295166,1
179.1890075046545,-0.87339509992276,1.824815548983808,22.595598220825195,1
177.97063912546056,-1.5509497189514945,2.1632300008883942,20.530092239379883,1
179.04598313783572,-1.4312343035245705,2.473544301457932,21.18068504333496,1
179.26607380269846,-0.6112919794057656,1.255336037446869,20.88211250305176,1
179.300592881971,-0.7524917024430879,2.695387565839419,22.709569931030273,1
178.08395999999993,-0.088198099,0.4774264097213745,20.287994384765625,1
179.40755305491334,-0.8055342036877823,1.8843419709873712,21.465167999267575,1
179.53840097096844,-0.5506937287846456,1.7835519758009692,20.89564323425293,1
179.6072369266666,-0.7099032134293073,1.553004823314689,18.834667205810547,1
178.1081370192539,-0.193248050410179,0.4494810733606534,20.32512664794922,1
178.72598478731095,-0.9273867495098644,1.4103379309533082,21.593826293945312,1
179.5484149205024,-0.3110275155088193,0.4344353293926389,19.59710121154785,1
178.2288048772862,-1.4508788289232322,2.943354292395596,21.66303062438965,1
178.1670324197431,-0.5091319416087607,0.5545356875497733,19.931854248046875,1
178.09784742540404,-0.5017411333555216,1.7750206139429434,21.373903274536133,1
178.93664819494035,-1.207413102746194,0.785284874175598,20.95652961730957,1
179.68414117667427,-1.2308827908567983,2.201034667197452,22.71471405029297,1
178.8758675261932,-1.4936138534634738,0.7414528908465786,22.01287841796875,1
178.25934797219935,-1.6870056278420595,3.09292177146959,20.883058547973633,1
178.61566117043182,-1.5126431972404335,0.903823350714083,20.40686416625977,1
179.07721201542415,-0.7340359574402808,0.8614151940559711,19.887222290039062,1
178.05268395170174,-0.7623256393009561,1.494489042358136,22.950010299682617,1
178.09725102163085,-0.5183485131286684,0.2583082994614872,19.950420379638672,1
179.07721005766865,-0.7340348564626434,0.8612373995773157,19.887222290039062,1
178.71496032714208,-0.9353915273413296,1.9366226396066597,20.220853805541992,1
178.40111012983755,-0.2386670370607996,0.233436984071694,19.681865692138672,1
178.76462149434727,-1.136748180500662,2.575513679783066,21.4475040435791,1
178.318675508647,-1.3345047535604104,2.4074838182467997,21.28689956665039,1
179.35034553918746,-0.6886708364013449,0.4333249388609775,19.814544677734375,1
178.46031432088407,-0.3073403462178354,0.9887066380800016,19.827192306518555,1
178.47813821356297,-0.8251379804272917,3.068033061056953,21.635986328125,1
179.494701915481,-0.3724724967885844,0.2601515706973075,17.47943115234375,1
179.79802431208594,-1.1203412951929026,2.0641630158131647,20.8400821685791,1
178.6325639372576,0.097577340944627,2.0932936835631204,22.785322189331055,1
178.5043265470706,-1.2475054394088192,1.1011561038039746,22.164419174194336,1
178.29022224252927,-0.9528475802130696,2.5591849166353104,21.878307342529297,1
179.78658017560122,-0.5587172200183342,0.8343293424745842,21.79970359802246,1
179.7356460602822,-0.768437331864127,1.3148515405704464,21.720056533813477,1
178.29860666802932,-1.4417661717113712,1.7278755043073524,22.076337814331055,1
179.26646844639384,-1.255865391726107,0.7176575024130964,21.151254653930664,1
179.49888658875736,-1.2446337264934504,0.786784326189203,21.17263984680176,1
179.4087928582008,-0.6548982843669464,0.9186134797213806,21.017702102661133,1
179.00154180299617,-1.3451902606377315,2.0579258151421436,23.255847930908203,1
179.71388532721517,-0.6268035330253436,0.3961216223449782,19.78447723388672,1
179.65590144999493,-1.3634336657193304,2.442241594422298,21.757404327392575,1
178.2009404215666,-1.7229534153605537,2.269348781901628,22.869674682617188,1
179.03672144511,-0.9112394873248884,2.442319450319621,23.13534164428711,1
179.26732219560313,-1.566382853311379,2.5132452079171426,22.23627662658691,1
178.92496433192238,-0.0920151606296556,0.7937982117917906,21.654617309570312,1
179.2745211600729,0.0016619787578811,2.504180462721872,21.536834716796875,1
179.1890075046545,-0.87339509992276,1.8244851483696003,22.595598220825195,1
179.01766048989833,0.1492064602578049,1.8524207860266015,22.15203094482422,1
178.2390042324373,-1.352003725085844,3.0134206157865404,19.920743942260746,1
178.6588076032887,-1.8387704830949585,0.8818182385975437,20.469655990600582,1
179.7926923321056,-1.1728218094843152,0.9216690904616532,22.03412628173828,1
178.984491926111,0.0653174529810686,1.7057783015609778,23.28914451599121,1
179.0293624772264,-0.2014062058002357,0.642655707633188,20.493242263793945,1
178.75027444302495,-0.1097387415523086,1.6011458774901164,21.06300163269043,1
178.30276659502866,-1.180737459808538,1.3349164208012905,19.91205406188965,1
178.63649612855343,-1.1666506625383932,2.885038420761544,23.04833221435547,1
178.12031203212408,-0.009895404368097,1.2657354310373847,20.623451232910156,1
178.38158224104237,-1.5977321020634574,0.9686879066583952,20.31498336791992,1
178.99809775355772,-1.7018883941628076,1.9859439884479368,22.8622989654541,1
179.04383879979403,-1.8839240831130368,2.009941177454462,20.998111724853516,1
178.23314430372892,-0.7230672484628855,2.883383912000214,20.717201232910156,1
178.47179040978824,-1.1997713398032162,2.308409220747226,22.12016868591309,1
178.7053301769582,-0.3254128503025108,0.3812861001692116,19.589868545532227,1
179.10164855313204,-0.831914358235587,2.3659451667011995,20.669151306152344,1
177.95493548434044,-0.9146802148469276,1.7442551864286682,22.69004249572754,1
179.8578534613517,-1.1173869635739977,0.266261122543199,18.42007064819336,1
178.48382984531986,-0.9663876124050672,1.3292848443525758,21.409513473510746,1
179.08747650282635,-0.3710968571936755,0.2624871292451804,17.922836303710938,2
178.1933532226603,-1.8067743048206435,0.1681599508455624,19.43284797668457,2
178.63968649642314,0.1702488382350124,0.0825214747092044,19.29349136352539,2
179.3729440280237,-1.0124406665821677,0.0957657772024225,19.696409225463867,2
179.66441491560994,-0.8978595239103235,0.7643875195861963,23.048471450805664,2
178.10252866874907,-0.6340415651016004,0.618358945538966,19.90837287902832,2
178.71847104462162,0.2083521207192572,1.052977254467915,23.37018585205078,2
179.30368479747588,-0.5284635660980295,0.9728119738637396,23.391759872436523,2
179.51926397983362,-0.5631836338652347,0.7957253111813585,22.197710037231445,2
178.26944836450068,-0.9192384987850852,0.1263209181537425,19.01231384277344,2
178.08573320956754,-1.6976450386625974,0.6019064907958579,21.39790916442871,2
178.60988498075344,-0.6003838423586157,0.131253115679429,19.995784759521484,2
178.1333468150812,-0.5879940542647358,0.4658290643273921,21.006702423095703,2
178.9576174951807,-1.9375353764707803,0.7688096900444525,22.616933822631836,2
179.53257432401287,-0.40425863095277,0.3179184404445745,19.72584342956543,2
179.06789103090915,-0.51528579003292,0.1689850359466913,20.031064987182617,2
179.20440986290524,-1.570875815711137,0.1735991989887061,19.85440444946289,2
179.52553762696567,-0.2997414927110697,1.1283238870762384,23.496938705444336,2
179.30891165152983,-1.3562961874827046,1.207827042396683,22.788915634155273,2
178.79559381879182,-1.1805886893696829,1.1868000826272371,23.833818435668945,2
179.66399898961978,-1.2369738262203112,0.8198080119941198,22.599201202392575,2
177.7170454928092,-0.7169453587686785,0.8689414549197924,23.025745391845703,2
178.8826108418607,0.1594990675298922,0.0827523582291239,23.804481506347656,2
178.30799985243576,-0.9223477930609684,0.7757781851822229,20.915863037109375,2
179.85403978549328,-1.2098118336650314,0.2662539399554859,19.222400665283203,2
179.01092151107366,-0.2584184859972875,1.58825340226364,23.07290267944336,2
177.76902131343104,-1.2975195979750611,0.870018311088777,22.37054443359375,2
179.3064375304198,-1.2958781618624042,0.7990522213936319,22.615684509277344,2
178.478932114668,-1.276110928383993,0.8675511118933679,21.34191513061523,2
179.58610993912723,-0.5209191601045796,0.483191154035503,19.32965660095215,2
178.9899988915997,-1.3379170107995642,0.1647348231577583,19.308509826660156,2
178.2455416853463,-1.5859533062227138,0.8957473421592843,22.88172721862793,2
178.54804219984132,-0.8417581139195482,1.301347284503995,23.64180374145508,2
178.46932410900104,-0.6166167908130047,0.1055014521602284,18.91328811645508,2
179.63263287706204,-0.1853371571171092,1.4329948805745156,23.17724609375,2
179.06365130598428,-0.0462565252299553,0.8401637003951453,22.53435516357422,2
179.11092555905446,-0.6414893288341105,1.5570222761833288,23.267045974731445,2
179.3651940713876,0.0829085994438595,0.1267986927316213,18.98669815063477,2
178.796906692202,-0.8843950026174395,0.8137885819159221,22.99649429321289,2
179.61993235820051,-1.5923204347932758,0.3533039546597439,20.342681884765625,2
178.42054116055488,-0.1219071144864539,0.2359695489127576,19.96953010559082,2
179.05261559111594,-0.1512916808171933,0.6635223703631103,22.85985565185547,2
178.22432714967604,-0.9059192237996682,0.1894616185391546,17.471473693847656,2
179.54607209442258,-0.9655502091118776,0.132296895163307,18.975814819335938,2
179.58273513191293,-1.1276550753546473,0.0190233901883814,19.040433883666992,2
179.25506732676598,-0.6274620312256176,0.8416721183479563,22.759441375732425,2
179.44507146958085,-0.6577568663209541,0.5420224624530966,20.468225479125977,2
178.5859274880533,-0.9672436218082334,0.3438095924715195,18.74919891357422,2
178.70452913025449,-1.8435975136583584,0.8405759909193848,21.608482360839844,2
178.47730957851286,-1.0199368628871648,0.2898485152460714,19.271827697753903,2
178.8903066435013,-0.7614949212174491,0.339913047698137,18.878324508666992,2
179.90292862593898,-1.0640884886719264,0.1731298017078337,19.44307327270508,2
177.71241255951512,-0.6372581452286955,1.2434348774932265,22.62005615234375,2
178.19421252813768,-1.308647421192038,0.896836246038337,22.53789710998535,2
179.18252791909777,-0.6803131096819824,0.2228846689730826,18.21041488647461,2
178.82083672932873,-0.4080452790159216,0.960108643570038,23.162166595458984,2
179.83631803720263,-0.9806308377629428,0.8939927074284975,23.55474090576172,2
179.3949442488045,-1.111162796602635,0.3329605388649259,20.32117080688477,2
178.33146805476733,-0.0166258052482333,1.1536715354444638,23.204545974731445,2
179.04041476250853,-0.3601221346942503,0.2572564280447184,19.41175651550293,2
179.53881412220068,-1.0144532135005369,0.1309520780524596,18.82665252685547,2
179.77132163883113,-1.3455731749480424,0.0805986047061453,17.587413787841797,2
179.73662084920656,-0.6307192579888996,1.121373514525582,22.438512802124023,2
178.7474934024212,-0.4096748584047355,0.2276168195832907,19.6457576751709,2
179.87625577219356,-0.6051026721699981,0.3491133058585329,19.362884521484375,2
178.67322938791088,-0.1639397882833841,0.5333487939991141,19.32164764404297,2
178.71433144010388,0.0037320369634226,1.6141731538226685,23.339536666870117,2
178.10041806351433,-1.3685607447907766,0.1344164299546283,20.39520835876465,2
178.29216724308546,0.0413827186007322,0.2822021048021349,19.46835708618164,2
179.49926319888678,-0.8192641771734105,1.1454899166449235,21.79016876220703,2
178.4484841762201,-0.4418911623905543,0.2922715849210106,18.75574111938477,2
178.70007813227454,-0.479566571027655,1.0350792492544296,23.383434295654297,2
179.32907261651704,0.1361841389361164,1.2969999001880737,22.732133865356445,2
178.54267443001757,-0.1552381500531947,0.3352182283765214,18.589874267578125,2
178.23787696741988,-1.566105212682093,0.1371345407980881,19.584957122802734,2
178.3232252269866,-0.3340825643661055,0.08072221683232,18.708419799804688,2
179.85620043677855,-0.9063493976384271,1.1167675003235094,23.658252716064453,2
179.76518289359348,-0.6354764309243128,0.1637167786840352,18.189720153808594,2
179.15285334924312,0.0508374106909069,0.2469325768142722,19.13522720336914,2
178.08109591834176,-0.5986711192582087,0.8918115169731023,22.877532958984375,2
179.47386045571326,-1.24621064575381,0.7855078104424347,21.97131729125977,2
178.0821114963482,-0.091160257152929,1.066322549033096,23.805683135986328,2
178.52257205174018,-0.7513646060579603,1.1972629231503726,22.621131896972656,2
179.72841167324555,-1.122219124671384,0.9876461613405608,22.814781188964844,2
179.66331547527926,-0.4831787780881206,0.0841619588014369,16.56488037109375,2
178.64364932737624,-1.3554084681869178,0.4271934764217427,19.31231689453125,2
178.86367200102262,-0.6138768947660534,1.0025330628677205,22.82782554626465,2
179.7223995408985,-1.4926838603347723,0.0521295696909933,18.56845474243164,2
178.3007195828147,-1.5588730547330132,0.1367181342818383,18.37229347229004,2
177.83447758191613,-0.5698147559667625,0.2578247211228953,19.430810928344727,2
179.4565650100239,-0.4967031724865974,0.999406208749111,24.007049560546875,2
178.6072016057143,-1.9033044409242008,0.3868926166317103,19.509952545166016,2
178.75671221439282,-0.6014998268601818,0.6660766157110409,21.412986755371097,2
178.61262685549067,-0.704352671944606,0.6442141980485078,21.253355026245117,2
179.1353544004347,-0.1643677685517218,0.5331994026355477,19.82761001586914,2
177.8215805916366,-0.9499092251813585,0.1064709309292234,17.288827896118164,2
178.78387265481516,-0.733141112265695,0.310909003675716,18.783504486083984,2
178.91767455864425,-0.5405641633688015,0.0806302827965199,18.383987426757812,2
179.5102748095776,-0.0807118657995831,0.256616862947712,19.697845458984375,2
178.808266246034,-0.3897215290915228,0.8638173618071753,22.46588897705078,2
178.6136268626223,-0.6450280450214,0.9621145022231667,23.444190979003903,2
179.09552543862648,2.262764773957157e-05,0.3446708194900483,19.69658470153809,2
179.8233816008971,-1.2542436518895606,0.1132973661565009,17.170198440551758,2
178.02249670514715,-1.4464167749471328,0.3376832453959902,19.64344596862793,2
178.94824044909765,-0.8242688250766895,0.3890851838518595,19.085241317749023,2
178.68174113426733,-1.0491817131310504,0.1515686200824873,20.162782669067383,2
177.794057425533,-1.2513693565790542,0.103700805458663,23.70903968811035,2
179.30081729472715,0.1263509582858622,0.1289293982801743,19.540630340576172,2
179.5735359247472,-0.0659259050198313,0.1089857703698074,20.36158561706543,2
179.55609240710135,-1.465308252862067,0.1874909236669441,18.326889038085938,2
179.3256035031486,-0.5088568894277377,0.997920952801288,23.005590438842773,2
178.53474075608565,-0.8777643079336673,1.1275704389907408,22.78597640991211,2
178.9234984138876,-0.8804524112128765,0.9832579350724768,22.997915267944336,2
179.76001572025493,-0.5500602618870435,0.8500219900441407,22.60397720336914,2
178.47305269672046,-1.5180747927769214,1.1312381596098018,23.026456832885746,2
178.6966019364924,-1.65212316933048,0.3022539926512035,18.764892578125,2
179.58269271078166,-0.4345740898423148,0.1249151633807619,17.017627716064453,2
178.13688938031686,-1.6412852649927696,0.3106607481788269,18.14514541625977,2
178.83440861510235,-0.4873836824638925,0.1514101077897233,18.63186264038086,2
178.34589389611529,-0.3214938132609659,1.4694408176445022,23.05410385131836,2
178.74072056113417,-0.2183147424011518,0.4272287848412854,20.026193618774418,2
179.3702519369889,-0.929745542535352,0.0778485149557246,20.656021118164062,2
179.64819771166938,-1.2681321953289373,0.0289149728690381,20.10997009277344,2
179.44340887744667,-1.461294266805104,0.9604450798118596,22.70755958557129,2
179.4681664284696,-1.012637040106048,0.2514831956229171,20.121606826782227,2
179.4960668184064,-0.6591535555384411,0.1899981510135012,18.85166931152344,2
179.3820744198312,-0.8382453454261743,0.4115916469878063,19.97174072265625,2
178.8768099316668,0.0449032799835616,1.0282959413911,22.74101829528809,2
179.5841121306118,-0.2409037724652442,0.0965185005526481,19.644325256347656,2
179.0247309263936,-0.178501679648438,0.2574879217101175,19.149620056152344,2
178.5254622359381,-0.2232430536042431,0.9204163086221808,22.7961368560791,2
179.41266300379218,-1.203961185102417,1.5623923533029966,22.523679733276367,2
179.31878228635983,-1.0982879901349498,0.6021983583600872,21.481727600097656,2
179.5563748800827,-0.3362107828354443,1.2162627415888376,23.04412841796875,2
178.54215650418308,-0.9627762535335936,0.1636586154910039,18.1618595123291,2
178.20795097480575,-0.2483977508969897,1.0687933408112968,23.097627639770508,2
179.8176172290002,-0.5913929919877462,0.0819367171788999,20.180923461914062,2
179.00163652965952,-0.2396727175302451,0.10882171845648,19.107990264892575,2
179.38595552417692,-0.9736928406305784,0.8133198333896013,22.739391326904297,2
178.3745513568212,-0.7844663558645434,0.751197510090498,21.98070526123047,2
179.59919190670306,-1.5729734022246242,0.3538195875177159,19.82879066467285,2
178.56280967422944,-0.6188901007608336,0.3110971884079521,20.15775680541992,2
179.5715925780702,-1.421836490564366,0.900862918860016,22.79361915588379,2
179.30005183968626,-1.1729119340973244,0.6027824593675982,21.048118591308594,2
179.01694896192294,-0.8826351203171444,0.2323383833216802,19.780364990234375,2
178.97160799377204,0.0861909723846144,0.2626897999153875,19.172378540039062,2
178.7775249152104,-0.5073993972550158,0.1946590504651748,19.112022399902344,2
179.78842175466846,-0.9502036343409443,0.8519415449314676,21.847625732421875,2
179.67295683556347,-1.5333024473393295,0.330119029815521,19.925350189208984,2
178.04713470846653,-1.274642967738924,0.8940440034771627,22.97633934020996,2
178.80085101940875,-1.4691274651573234,0.9337688546494454,23.04322052001953,2
178.64844037523153,-0.4724544186312315,1.0675945336106871,22.477521896362305,2
178.5241463117034,-0.6461603158719922,1.5705974911083718,23.308115005493164,2
179.38149552214455,-1.6815035898205,1.2216367397054753,23.40213966369629,2
179.4209698876831,-0.3346125952840321,1.0286846472073343,23.077224731445312,2
178.92970199777898,-0.0478900394772583,0.2472223002694585,20.30010414123535,2
178.71479764370247,-0.780871829517232,0.8084229011246465,22.84501266479492,2
178.59821271513906,-0.08451013637854,0.250510253398113,18.84045791625977,2
179.22838085260852,-1.245003667519371,0.3706798163794539,20.250425338745117,2
178.96094988349955,-0.052372442489702,0.1583888662955181,20.23981475830078,2
179.0365161589897,-0.7207290297890291,0.1063251099775488,18.488903045654297,2
179.16491500489573,-0.4968002363598768,1.017028000605788,22.446205139160156,2
179.39055853316995,-0.4751794649303919,1.0161218066902709,23.21445655822754,2
177.82636635256384,-1.001975485267232,0.2431931002426333,20.074277877807617,2
178.51604660507266,-0.5012292232101249,1.0446285290520556,22.77743911743164,2
177.7710694399433,-0.5529265944715471,0.8537342144743636,22.933427810668945,2
178.93737557626002,-0.6881810331298216,1.5483538947590492,23.952167510986328,2
179.52487544051772,-0.8200200521635552,0.1447409830396198,18.36723518371582,2
179.1907702110214,-0.902285764399817,0.9325129276903048,22.58621406555176,2
178.3781530900571,-0.7136091472185632,1.5799210713791416,23.106210708618164,2
178.73058270402944,-1.1808948291246566,0.1069068508928925,17.951602935791016,2
179.353276018196,-0.117526470939349,1.4596099135587175,24.138086318969727,2
178.24867382870542,-0.6952474777148733,0.2703546364685699,19.535892486572266,2
178.68025757898718,-0.4145566471218008,0.977385546799001,23.817485809326172,2
178.26311063775194,-0.7090249441248997,0.9314999161514615,23.151430130004883,2
178.9075194753405,-0.2792742531783875,1.2714450965623565,22.834693908691406,2
179.758445008036,-0.505513874544748,0.8143370073952828,22.328779220581055,2
179.64529372127208,-1.1447357971892609,0.1300854379670249,18.385574340820312,2
179.16500438941927,0.1068636280179955,0.7896658951507393,22.82456970214844,2
179.22970378401882,-0.9685353245860912,1.4554843229359322,22.646150588989254,2
178.6944005261681,-0.3332294606224411,0.6153564512943464,20.432497024536133,2
179.29700776092108,-0.0733445261965359,0.2472573412652677,23.38236427307129,2
179.50172844760277,-1.0760977574755566,1.0141728198740334,22.91747283935547,2
179.24550824372653,-0.6795338351968724,0.6889046887121406,20.8736515045166,2
178.2585747253791,-0.7075907584111537,1.2552385445180907,23.793933868408203,2
178.1557714587195,-0.5846138625243564,0.4376788253604056,18.922536849975582,2
179.32667124534112,-1.6439828436234991,0.4216815186313234,19.779953002929688,2
179.6396545607962,-0.7044927647755337,0.5453564728373194,19.84395980834961,2
178.4983159814462,0.2110494457054648,0.2978075788948639,19.689050674438477,2
179.1085939368844,-0.1331439463805875,0.527299092370191,20.807861328125,2
178.13572819567057,-0.0138247427816524,0.9564114152902092,22.50473976135254,2
179.03268432419634,-0.6124811641379317,0.1063947995209618,19.658788681030273,2
179.3923645741785,-0.5475437166563474,0.2630616549181209,20.022979736328125,2
178.3713006928986,-0.3216855677522013,1.289240310919701,23.19214630126953,2
178.16826265502775,-0.9306470454205582,0.0514228088741859,19.70313262939453,2
178.99772730672916,-0.8499587309011833,1.0662929690875826,22.52861595153809,2
179.1283783726298,0.0585524128645397,0.106683679587072,18.63962173461914,2
178.67910485851334,-0.4999501227839143,0.4565087936540711,19.50735664367676,2
178.51490538534875,0.1144068687493226,0.9585428401386334,22.57257080078125,2
178.82971094298395,-1.0319772524959985,0.2568037682883147,19.646625518798828,2
178.88821151645982,-0.0788284811775523,0.8386345231915058,22.816076278686523,2
179.67413897626918,-0.8378903074071546,0.2677643895038028,19.625146865844727,2
179.74762441870797,-0.3100011754524968,1.0184948912729532,23.62856674194336,2
178.51046814243955,-1.3017631718149123,0.5498842112957437,20.401145935058594,2
178.79586881100923,-0.8477470481965466,0.1798218474503776,18.140247344970703,2
178.08531311051635,-0.5117840341610108,1.554250017502666,22.76336097717285,2
178.20584032833904,-0.3718289228089831,1.3714006426948118,23.349271774291992,2
179.6277474098163,-0.8701386755866338,0.3533466181971481,20.22789764404297,2
179.15815170864613,-0.0873884813185259,0.1092909646993647,16.947952270507812,2
177.91616844762626,-0.3088592649905647,0.9562896682174667,23.172117233276367,2
177.92585669447905,-0.1568124876669394,0.6692571685739392,20.25338363647461,2
178.81300491662273,-0.2687348124665792,0.3109795335359173,20.1402530670166,2
178.1586296899805,-1.224326993675556,0.2849162007557615,18.478504180908203,2
179.57404591558708,-0.7820413549888052,0.1464734557683855,19.6667423248291,2
179.7529712923929,-0.9508562069820312,0.9607034587053496,23.77259063720703,2
178.1665686841199,-0.4796478839073512,0.707075716413076,22.38555335998535,2
179.37595644545004,-0.076977765051326,0.8146494191901706,23.60190200805664,2
179.54627395374314,-1.6327480036008335,1.4262350720028545,23.024133682250977,2
179.1794617353681,-1.8283195815702051,0.3087747759065951,18.7723331451416,2
178.22086394065747,-1.8183209276964043,0.8310194360646622,21.788959503173828,2
178.97876072824167,-1.6033536618220197,0.0642347650925083,15.253149032592772,2
178.38567,-1.5965911,0.4674069285392761,20.988258361816406,2
178.69364393516383,0.1672534586469111,0.3234700357852982,22.901763916015625,2
179.08079217527649,-1.3313111818124257,0.9056676783769908,22.518465042114254,2
179.4200228131691,-1.411965918762709,1.0392872148899703,22.98758888244629,2
179.19678069923808,-0.5511499220479192,0.3472543518322765,20.197370529174805,2
178.58476531019147,-0.3148834453645847,0.1389837700678823,20.13028907775879,2
178.45045859471583,0.2002705609696519,0.2910641006484017,18.31431579589844,2
179.7174794440164,-0.7204651937131913,0.3807176530118817,18.68866539001465,2
178.75836359426285,-1.1593630297823263,1.0120296751526396,22.8654842376709,2
179.3665451170621,-0.0057495560827902,0.2501157220629044,19.63627052307129,2
178.59251342740603,-0.0684098516091661,0.1258601011108755,21.1757755279541,2
179.25797401702837,-0.5668206793433357,0.8121136197796787,22.737499237060547,2
177.98702415062104,-1.2954304006683082,0.7072223184517796,20.5111083984375,2
178.5314100396839,-0.4671758547383165,0.1926626153760655,20.18857765197754,2
178.80109704023457,-0.6259320162283729,0.2618493933289041,18.662004470825195,2
178.17124403184525,-1.6297223490088508,0.2241777526084546,19.55064582824707,2
179.24428120064502,-1.0289803793261074,0.9277662922619232,23.468721389770508,2
179.08240107513294,-0.0850156812872547,0.8283342467691771,22.856624603271484,2
179.15713076917658,-1.0240776343383369,1.4918402580669354,23.873836517333984,2
179.73570143141217,-0.9616453982577512,0.4058806737848499,19.494647979736328,2
179.00052171201983,0.1402818189922642,0.0651071354766266,18.819204330444336,2
179.60012374610946,-0.1505225449910103,0.1652888226663324,17.63905143737793,2
178.83495743323218,-1.7944895141704564,0.4106316292513143,19.39047622680664,2
178.81421061107284,-0.6555199694264635,0.1638708051125233,18.175050735473633,2
179.4826023154963,-1.319599111208389,1.5926788672867644,23.54646873474121,2
178.52225713826903,-1.2030340501282677,0.8973373688425301,21.847410202026367,2
178.52919407292632,-1.3234490740893003,0.2255157884518529,17.956893920898438,2
177.71719611864398,-1.01287648284982,0.2280604395173713,19.234352111816406,2
179.61577660277823,-0.9605959643754902,1.142434511087945,23.266042709350582,2
179.84779728072243,-1.2378966337044823,0.1935968081990062,17.17940330505371,2
179.28652011837082,-0.6969186721445885,0.1415321259741348,20.78683280944824,2
178.4332245132669,-0.2699993107485968,0.9630389557649098,22.53409767150879,2
179.51391990662742,-0.018712288276852,0.8458111785142384,22.876380920410156,2
179.00203988874523,-0.6852889031216637,0.1312151145563556,19.72785758972168,2
179.47989207073468,-1.0534802381991384,0.7546266009959522,22.18158531188965,2
178.61654028193897,-1.2234683758823055,0.3068727049989212,18.761905670166016,2
179.36485214185126,-1.3846435116922091,0.1720740945856633,18.50625991821289,2
178.9029845993522,-0.7708435350733654,0.3386953983640507,20.128978729248047,2
178.09280689241518,-0.5603211916391898,0.3371092240601867,19.886552810668945,2
179.16599687269584,-1.2059572467838928,0.4069327362824215,19.890478134155273,2
178.88211104817282,-0.3839236365822749,0.3394109453186828,19.7934627532959,2
178.15198730073507,-1.5825137098330009,0.5491846727589189,19.872255325317383,2
178.48239025514573,-1.3047095356718512,0.2243028181919123,18.60762596130371,2
179.61914552928215,-1.280884948036101,1.6297705246552296,23.50621032714844,2
178.09634186739396,-0.6703585651302004,0.1210717290067183,16.96097755432129,2
178.30121514226914,-1.3441778942641534,0.28625397780142,19.211769104003903,2
179.27638328602723,-0.9865567567372096,0.0768018036055563,19.48070526123047,2
178.85406866521882,0.1632457604168221,0.5715862458722851,21.883689880371097,2
179.1853888418949,-1.0631438097676806,0.0765881447713842,19.233150482177734,2
179.52195803563794,-0.270826739471332,0.2521425102992151,20.00893783569336,2
179.29643017395625,-1.3823658459551669,0.267736631450907,22.455585479736328,2
179.81818930364864,-0.446029086251093,0.6964648084284601,20.760330200195312,2
178.31759470235775,-1.5999150342539217,0.8929400946936257,23.529775619506836,2
179.82394398918152,-0.431570725704994,0.0943126876761348,18.72212791442871,2
178.5109672584562,-0.8160899399299412,0.7686363776118504,23.71297264099121,2
178.00478997015787,-1.463414512705009,0.0806565539605639,18.607345581054688,2
178.26519380470376,-0.2307323960975657,0.6037241910911375,19.860122680664062,2
178.0567700331027,-0.6006737203237962,0.8716138436993639,21.33551788330078,2
179.7550029810701,-0.9044019178901974,1.5412814259745873,23.2095947265625,2
179.36387770819815,0.0324101568798114,1.030247192992661,23.462677001953125,2
178.612922531045,-1.6872342145988048,0.2800418366469536,19.979049682617188,2
179.132182857346,-1.8850430540296264,0.0890226110307922,15.925495147705078,2
179.40756137749952,-0.1021342523548842,0.126690179539733,18.134822845458984,2
179.04947954319158,-1.5474267945821776,1.2173604595329364,23.53086853027344,2
179.27453214694566,-0.7013335239199441,0.956276691813161,23.02054214477539,2
178.04093637790464,-0.7651114860761297,1.1146634451719684,23.164745330810547,2
178.62589036027995,-0.7852969124239214,0.7319596171613556,21.680849075317383,2
179.76758605261008,-1.0758976406572418,0.251266792268591,23.310379028320312,2
178.62833587986597,-1.0222985843746344,0.934336590415336,23.510643005371097,2
179.16378988703818,-0.366995197470926,0.5353635683546114,20.052135467529297,2
179.778444590926,-1.202200977954211,1.3240250314018809,23.367761611938477,2
179.23018326961974,-1.3012011479082228,0.4634685416604285,19.896644592285156,2
179.2591223105931,-0.3238707177621863,0.2228893741904632,18.941051483154297,2
178.684601114259,-0.6299675931085076,0.9381231380975078,22.834800720214844,2
178.20715393460912,-0.9931181490187976,0.1319037680028938,19.340656280517575,2
178.84136846003577,-1.176470414277293,0.810873820499497,23.48659324645996,2
178.47337982616418,-0.3082902965539581,0.7924210165477504,22.259458541870117,2
178.077758862042,-0.6093335116627167,1.0429587688985174,23.149057388305664,2
178.88902960848256,-0.6400740438553505,0.813643697585034,22.299089431762695,2
179.5193738055088,-1.5594839777092948,0.8240601266326866,23.15296745300293,2
179.0895490147448,-0.1825493429541377,0.9739344674916388,22.80010223388672,2
179.2688949862871,-1.481011581018099,1.140461453613598,22.75103759765625,2
179.71173380132734,-1.2378165345175327,1.4229241231518803,23.47091293334961,2
178.92491142222673,0.0558894802203059,0.7886705934920435,22.250938415527344,2
179.47044240137166,-1.1462418536147307,0.3325398723534871,19.514293670654297,2
179.02769990266188,-0.5317363304658588,1.2346196667665936,23.123123168945312,2
178.20921549358246,-0.2960015877402382,0.4675757200187041,18.565837860107425,2
179.61747384896728,-0.1040049958754632,0.2487854391759333,19.38235092163086,2
179.74499973804825,-1.0402703663105564,0.8224761716521496,22.917089462280273,2
179.41284633415725,-1.150371849556522,0.4297423050564347,22.661542892456055,2
178.9099460378144,-0.4529491147993485,0.1634194257505203,17.28319549560547,2
178.2690518808441,0.1166067055103589,0.273615476925601,21.7698974609375,2
179.46585226356518,-0.8893231944887119,0.912396446254768,21.933446884155273,2
179.5666263907871,-0.1074736199820657,1.4212662586362392,22.71950340270996,2
179.0867125286708,-0.9085321668350772,0.5545560748443561,20.071823120117188,2
178.54754305187976,-1.5872702141395727,0.7749257831625956,21.361555099487305,2
178.89481038090375,-0.5415362493721668,0.8825713789890464,22.438152313232425,2
179.85620043677855,-0.9063493976384271,1.1167047064862958,23.658252716064453,2
179.0870606529619,0.000302415312208,0.3442326003951958,19.171497344970703,2
179.51413277737018,-0.3701915292684237,0.830364720564741,21.24705696105957,2
178.53839830524512,0.1124748913410381,0.4732268010883309,22.579729080200195,2
178.04650902767855,-1.441138053711678,0.1639570372187943,18.90110969543457,2
178.6862654989665,-0.4403668384264176,1.6406859168928083,23.07145118713379,2
179.15083435409633,-0.5407464004130448,0.9380512378105744,23.5543212890625,2
178.5913048809009,0.0993212596127442,1.4024707028029908,23.38147735595703,2
179.5790741349138,-1.4010084457676124,0.7957005596748334,21.820688247680664,2
178.15490248540445,-0.6117166687119895,0.3198407614907988,19.614990234375,2
178.75327054320942,-0.6788303807586326,0.3101095264715829,18.480335235595703,2
178.49533002350634,-0.9325185089549756,0.5543156945975464,20.776350021362305,2
178.21771887827907,-0.134561108896725,0.7997457534132322,23.04286766052246,2
179.75085343318506,-0.5955287579955769,0.9469954122845292,23.083906173706055,2
178.88606911562198,-0.2335214938870044,0.292049842652185,19.764833450317383,2
179.1331104060726,-1.4144420588266842,0.7997990693206442,22.0909366607666,2
178.62011068484512,-0.1584538161156299,1.10264401377042,23.044679641723633,2
179.36295875166772,0.0123838827382699,0.2500889047950224,18.711017608642575,2
179.17481312617963,-0.103027947844619,0.1278749344075067,19.07085418701172,2
179.57955038656422,-1.385337605722715,1.0701947308266515,22.83466911315918,2
179.1272741141113,-1.6097883747248465,0.272793998486305,19.81932830810547,2
178.39839734129424,-1.5323209517662733,0.7896390150880439,22.69491195678711,2
178.74000071525418,-0.5899241883952583,0.1318665706570554,19.34600067138672,2
178.78122928575135,0.0627244811450512,1.602213224561229,23.44220542907715,2
178.30753325052086,-1.781121862664096,0.1316903737442134,16.920909881591797,2
179.07796427823706,-1.4824597922603142,1.3826818614455336,23.6184024810791,2
178.24371330880706,-0.2608140020737007,0.1610090332061906,19.1199951171875,2
177.75136175318536,-0.7147443374408329,0.1367163562371343,18.957521438598633,2
179.20440986290524,-1.570875815711137,0.1735994692523652,19.85440444946289,2
179.47485462750006,-0.2695220785042992,1.216059643441156,22.758211135864254,2
179.84601163673838,-1.078196825541177,0.1309612456707123,18.91777992248535,2
178.922002687722,-1.520791831173168,0.2321502938932538,19.53225898742676,2
177.92596812214222,-0.9226849120761488,0.1359481319862456,16.41452407836914,2
179.6478365174274,-0.5840426291023572,1.3124868485294254,22.941814422607425,2
178.01780559067925,-0.8762165852645586,0.2854342044336311,19.520362854003903,2
178.89903720436556,-0.7488663697842884,1.1399783514081394,22.48004150390625,2
179.44928104897906,-0.4109180030516133,1.2116045594220024,23.34223747253418,2
179.27464047255478,-1.6931151602910255,1.3322649394057862,23.3826961517334,2
179.61025553649392,-0.7439859095217676,0.8138918485451873,22.765941619873047,2
179.6540658464635,-0.6264426684632138,0.7958532502703903,22.10536193847656,2
179.18049861384657,-0.6086695445805677,1.0171152730646915,21.874168395996097,2
178.55845201832224,-0.1181720787145924,0.2582115227828545,20.179567337036133,2
178.05153262749252,-1.0662533581760043,0.1881451889467683,19.64228248596191,2
178.56925392621173,-0.258390710870733,0.9774767032590248,23.663162231445312,2
179.52760483654248,-1.384969250082738,0.2295871369571838,20.005077362060547,2
178.19070460472705,-0.1740303893295858,1.327080666172729,23.71621322631836,2
178.38803150575467,-0.4075861132371989,1.3934807522791282,23.12186813354492,2
179.09388458600787,-0.4979605905001412,0.6471538113571499,22.790607452392575,2
179.27580208073272,-0.1404014905289564,0.8671709475097329,22.93117332458496,2
178.02544604734297,-0.5376410179802874,0.2295664031743776,19.759136199951172,2
179.77422684095887,-0.7024307073493952,0.986019755115547,22.2725772857666,2
179.25016208500753,-1.1254757479402688,0.1303981824034483,19.31249237060547,2
178.86860699512945,-0.3777935159276405,0.1315979340448473,20.31915855407715,2
179.03164438905335,-1.1141896483077005,0.1846421331554655,23.014883041381836,2
178.7396025749334,-1.214527714048094,0.090457383132176,22.68844413757324,2
179.7391328276744,-1.1610826978437765,0.0772363503184713,21.769046783447266,2
178.71282346119983,-1.1790945791678815,0.2819083393941955,18.664867401123047,2
179.6626714853781,-0.3205373326192514,0.8107721437921037,22.298206329345703,2
178.75265859923138,-0.1225779956386057,0.436265279375747,20.449941635131836,2
178.9500082283374,-1.3446569888049682,1.0156524178556658,22.714420318603516,2
178.47690151171724,-0.1039611951690658,0.20571381835231,19.462005615234375,2
179.16302698288453,-0.8549821638177372,0.1685321409459014,19.978670120239254,2
179.76134976697517,-1.0993222047271145,0.8302173950644598,22.615114212036133,2
178.06603058351894,-1.2825886501352333,0.2679491832585018,19.062957763671875,2
179.4795063270418,-0.8005321644487847,0.1421230728590048,20.19515609741211,2
179.88727804706568,-0.6450514638669795,0.1210543004617373,18.00713348388672,2
177.73041419895722,-1.1048124687355674,0.2427855108484929,18.437793731689453,2
178.52572576147648,-1.777816373743114,0.8784716877247546,22.87272834777832,2
179.47267023998108,-1.491922268219767,0.4067179540960514,19.98333740234375,2
178.9567025118349,-0.928751503928796,0.2770976728586773,19.355239868164062,2
179.10333086494518,-0.4465810649294575,1.204170233321305,23.549373626708984,2
179.67260398612802,-1.057946921426283,0.8205203924638222,21.65627098083496,2
178.48179137565248,-0.8458774862214761,0.7480457165454925,22.249732971191406,2
179.7373212775949,-0.773793314161833,1.2582412127409408,23.67534828186035,2
178.9600830814516,0.204267890226733,1.0556491435320736,23.19558334350586,2
178.24148477741787,-0.007734695504375,1.0483789399056072,22.40279960632324,2
179.38687004978414,-0.4299090869117687,0.2496120683990502,19.476783752441406,2
178.59539854672877,-0.7370222383823383,0.2275905483469217,19.32282066345215,2
179.55974723325545,-0.9965183348904636,0.1311623021811082,20.249679565429688,2
179.0256821139056,-1.7275320428555196,0.4234302502644528,19.48136329650879,2
177.80838598384054,-1.3759548034011089,1.5570121523752094,23.11614418029785,2
179.60764566099508,-0.3219683911084402,0.939087204600338,23.663719177246097,2
178.65545297453116,-1.047084654212658,0.1366910461966091,20.12251663208008,2
179.21805691047945,-0.2332261205610762,0.2534526112437438,19.88538360595703,2
178.2598993286799,0.1319926586344912,0.0765181824893025,18.16744613647461,2
178.73860707289015,-0.8213015045636003,0.1769354653507797,19.40192222595215,2
178.64917771159062,-0.7869843311731689,1.3327770684021392,23.56874084472656,2
179.77233739238838,-0.7309938145763913,0.8020880799717884,22.216108322143555,2
179.2318409842388,-1.6177626253653252,1.5040716061149726,23.533708572387695,2
178.9469196801087,-0.0222905682867596,1.3574173934561466,23.34315490722656,2
179.59720193538456,-0.1124915186236108,0.5532241761169492,20.825639724731445,2
179.34467507266538,-1.0970469212610252,0.8279569184312728,22.29127311706543,2
178.15384735476806,-0.6063843951847159,0.8907241505368434,23.019758224487305,2
178.656207083956,-0.1297537227785476,0.860926674756976,22.097047805786133,2
178.43950496491664,-0.8936256334657512,0.5885703431570279,20.91409492492676,2
178.67394558722688,-1.869695598760535,0.4111087655749271,20.113475799560547,2
179.23417687742537,0.0920009935338837,0.2287656219316672,19.683788299560547,2
179.26371857940327,-0.1903965598457493,0.8674733328046705,22.68091583251953,2
179.27287643476794,-1.2380304604160666,0.7837901946587966,22.903640747070312,2
179.3805663873511,-1.0379084756070445,1.019456049474482,23.21552085876465,2
178.7804634789442,-0.4267306956237717,1.3238746560482135,22.79826545715332,2
178.45276249826276,-1.843057922405792,0.2872135439310556,18.541534423828125,2
178.32653284166258,-0.1001002279443027,1.221754789106018,23.30219268798828,2
178.13545612255268,-0.0282253090995032,0.9514571847252496,23.569013595581055,2
179.05785611510726,-0.2253589266017662,0.110724565244161,19.235002517700195,2
178.56376480128708,-1.2308883673505615,0.2879153070564426,19.25527000427246,2
178.56394358319045,-1.0125972922571844,0.9058470164443644,22.52058219909668,2
179.42312030894263,-0.0797422042937825,0.1268659419840837,20.892202377319336,2
178.01374378509635,-0.4852279619526816,0.9893303903921038,23.13120460510254,2
179.381297815893,-1.0321562365203414,0.3797130121334385,19.54544258117676,2
179.31243497247556,-1.0045008644080131,0.3642994051062895,19.989192962646484,2
178.77568982210545,-0.1132510060880795,0.3822060641569385,19.17136001586914,2
179.6857743300928,-0.9021994447922028,0.4090582127537208,20.186206817626953,2
177.70040540100445,-0.7815110336283386,1.490829462389595,23.35346221923828,2
177.75171825484406,-0.5637934123205661,1.0971025640691392,22.583282470703125,2
179.5522995521199,-0.910556387927996,0.6696824858600796,20.757999420166016,2
178.61952077668684,-0.1066971138498015,1.0528027639976745,23.82506942749023,2
178.97606563622378,-0.2809329010613006,1.0137411221862975,22.934587478637695,2
178.47897977062837,-0.2518462597144695,0.1226137019628035,20.239137649536133,2
178.86794046752755,-1.7136094093893095,1.026232116675848,23.192916870117188,2
178.47338537530035,-0.4628534985818831,0.1799949244599202,19.059057235717773,2
178.32851690883254,-0.0115838599439505,0.9354984761302264,22.72219467163086,2
179.83565532764555,-0.7330343565209007,1.304513641628458,23.008296966552734,2
178.03540529384384,-0.5051414870943309,1.1891918753468844,22.991596221923828,2
178.41742999999997,-1.0503735,0.5515504479408264,21.591136932373047,2
178.21572171689206,-0.3676910526081322,0.2395788430813011,20.088842391967773,2
179.10495913394703,-0.30721786093533,1.0996404816619898,22.009790420532227,2
178.6593723636189,-1.56240816957742,1.3771216376098392,22.694353103637695,2
179.40888917216006,-0.8654442338786561,0.1325186929196098,18.532026290893555,2
178.14774631974905,-0.7948476744714967,1.228693214150458,22.68857765197754,2
178.371086801472,-0.3178422664235533,0.1620643182990183,18.956090927124023,2
178.77467004733066,-0.075618513611886,0.8061321231840123,23.31091690063477,2
178.72995264488276,-1.0643800975039874,0.3157202149411311,22.76655960083008,2
179.07634764670166,-1.345325062245152,0.1750027768115526,18.32523727416992,2
179.2931684401952,-1.4320651373464266,0.1858246619000398,19.949142456054688,2
178.22229860414205,-1.1209766944680566,0.268638993996531,19.963830947875977,2
179.57585210354898,-0.2431138326070095,1.0986329820485463,23.38508415222168,2
179.15889268987658,-0.1790441112852261,0.1328376502980802,22.390480041503903,2
178.12044276853436,-0.4475374033620589,1.623631014321019,23.56277656555176,2
178.43357606082813,-1.1637795636106991,0.1267398909191081,19.77204704284668,2
179.1119507428295,-1.1575769164312568,0.8287005048342517,21.64897918701172,2
179.10601842041353,-0.2660572068145561,0.861108382792562,22.689895629882812,2
179.63999157110544,-0.1900479962447678,0.8371916611956435,22.266098022460938,2
179.46807912221976,-0.8971555242292903,1.1555374522497186,22.987030029296875,2
178.99734201615644,-0.1281396257946387,0.9477081864973812,22.173187255859375,2
179.32501384178383,-1.360211850984543,0.1707875055572578,18.784984588623047,2
179.7171172554751,-1.1803133556982084,1.1267796123467786,23.321746826171875,2
179.24091297360243,-1.3882894332564524,0.4154018554407273,20.034854888916016,2
178.253043611292,-0.6408929665888651,0.2445312809963652,20.219905853271484,2
178.88151462164956,-0.8611604758883766,1.004734879922028,22.77483558654785,2
179.71601043883663,-0.7920673690955974,0.1424931540284796,19.890501022338867,2
179.14296250252087,-1.5550768342828762,0.174055767370554,20.180015563964844,2
178.78126726159672,0.2497112323831372,0.867828064158787,22.543806076049805,2
178.73398123158498,-1.7760962971354632,0.9747626060690658,22.871078491210938,2
178.09842607401706,-0.4895020482645258,1.4133417305362008,23.07158470153809,2
178.80979694707537,-1.0019354518942465,0.0938580180383963,19.032180786132812,2
178.76202266975287,-1.181195558061916,0.4092081988580873,20.26331329345703,2
178.63985338987106,0.1364576200865665,1.1376582345706687,23.219816207885746,2
178.78888590110006,-0.4641706118516387,1.2780418254486123,22.90971946716309,2
178.785049315553,-1.0129556415501568,0.1868413083152263,18.814311981201172,2
179.20393257054985,-1.2795100667919,0.9289329679165714,22.041034698486328,2
178.1920988048194,-1.5436977509637115,0.3033154848117304,19.29380798339844,2
178.55868745945855,-1.8417276990594,,,3
178.61447342523843,-1.5142275658712103,,,3
179.71851731989503,-1.01432918210103,,,3
178.1561691919046,-0.2511195627545412,,,3
179.77885658665525,-1.3207278767142951,,,3
178.46439039930658,-0.4512490421950147,,,3
179.16968448711316,-1.768166367689606,,,3
178.08593735577426,-0.6462321697586038,,,3
178.8009785032687,-1.3948655397987728,,,3
178.28283439672526,-1.0909819015925752,,,3
178.23882637843053,-0.0084464978983296,,,3
179.66967153645476,-1.0687952442119746,,,3
179.14414864765902,-0.7430681953672205,,,3
178.3915640247247,-0.0221578497169898,,,3
178.7251357194409,-1.4545882634443723,,,3
179.20668132513103,-0.5770632549404864,,,3
178.50047483078762,-0.545111792024675,,,3
179.41845451907292,-1.1661112375470075,,,3
178.7432445158492,0.1605132513388878,,,3
179.7590085932929,-1.429528527396785,,,3
178.26374284459766,-0.1799857012197876,,,3
178.27425866973755,-0.1679396115407748,,,3
178.95134518250603,0.211272927673955,,,3
178.30314802581503,-1.2178723862855982,,,3
179.48621413704163,-0.6689643885999355,,,3
178.42899216476894,-0.1996655855314572,,,3
178.30238826255126,-1.703662995925366,,,3
178.44171244859444,-0.6185761451009383,,,3
179.63882812063957,-0.457473529015784,,,3
179.4184833442353,-1.2173442503379006,,,3
178.75370968132418,-0.5562762368254167,,,3
178.7719854885547,-1.9602931543117277,,,3
178.7763061247396,-0.6229846926737689,,,3
179.59720052595102,-0.3367587960823864,,,3
177.7177640867955,-1.0709161191411316,,,3
178.9123222926497,-1.599097908996584,,,3
178.56314511861603,-1.2161826214714055,,,3
179.11734273231042,-0.4191740639501714,,,3
178.6601782482684,-1.9419335196652665,,,3
179.24404906438528,-1.0241814392411823,,,3
179.46287006107465,-0.4670767062976311,,,3
179.14059756145386,-0.36087423261491,,,3
179.62338081640763,-1.1061746192273605,,,3
179.0347123043335,-0.3367440092433751,,,3
178.95893365883464,0.0292092768472352,,,3
178.88619849650442,-0.7189580211422478,,,3
178.99699167370082,-1.906102069772315,,,3
177.72350619310455,-0.6152579160821159,,,3
179.05304835940834,-0.2376613952233806,,,3
179.02233175753548,-0.7948791003448333,,,3
178.44162620691006,-0.17358037691355,,,3
177.86228984629545,-0.2899154212558132,,,3
178.3170462277746,-0.4007820072683464,,,3
178.3841369835774,-0.7329676027524444,,,3
179.4959560943379,-0.3728326232777141,,,3
178.5485645875045,-1.7428658766920455,,,3
179.0430989962387,-0.8255650868755903,,,3
178.05896270379196,-0.7066918471063646,,,3
178.74734537228488,-1.439847197453756,,,3
178.44362300067854,-1.4304191541600673,,,3
179.25054677186114,-1.6684369627361622,,,3
178.37483347271643,-1.7311441998559596,,,3
177.75651273261678,-1.0153533846811875,,,3
179.88495871121123,-0.8235457463825019,,,3
179.3501173210912,-0.6882287751899473,,,3
177.9325522854302,-1.4248070077526327,,,3
179.27888787454194,-0.9696105910169732,,,3
178.12933067434477,-1.097408511088637,,,3
179.43280825676746,-0.9906126759255346,,,3
177.90566483730117,-0.8368217516576415,,,3
178.16724337138942,-0.5042072841181879,,,3
178.16186754411046,-0.77002366898381,,,3
178.9145590551753,-1.5640184904915306,,,3
178.58505599426647,-0.5004796705767036,,,3
178.0355358991987,-0.7906768940303102,,,3
178.55960639119235,-1.9000373218578597,,,3
177.9835683844689,-0.6034476351014944,,,3
179.21107731426085,-0.2112283580723507,,,3
178.86586035065338,0.2662934848423507,,,3
178.36697761272055,-0.4859282065956637,,,3
178.93333641945398,-0.3033652577768889,,,3
179.70998144099462,-1.2202465454060445,,,3
179.08348763116925,-0.2055913840194646,,,3
179.05107929327087,-1.88641269155662,,,3
178.62043949768008,-0.5958223214105713,,,3
179.62011744155387,-0.2783315715806176,,,3
179.6829119883592,-0.8839913045434419,,,3
178.83196930261053,-0.4805541338928952,,,3
179.67620610704722,-0.8324953164020458,,,3
178.5497661348033,-1.509821221567611,,,3
178.89018943544045,-0.5143319939507514,,,3
178.77276088018604,-1.2192474836679896,,,3
178.5468998255162,-0.4633417158342718,,,3
178.72616061573157,-0.2505640225905188,,,3
178.1585458112778,-0.5482362439526707,,,3
179.55902405349596,-0.8072280610217892,,,3
179.71887424791126,-0.7641755540245053,,,3
178.4626417173695,-0.5304830530963258,,,3
178.3398399806956,-0.5526739830164602,,,3
178.3635718491218,-1.7750277678553408,,,3
178.49515689945645,-1.5748762409259065,,,3
178.75220697811008,-1.558769799177635,,,3
179.40778551247362,-0.6559633693415009,,,3
179.60888407909297,-1.4321281805148622,,,3
178.10692869799846,-1.6195384187194295,,,3
178.9367255371993,-1.7939520946343124,,,3
179.76900626456725,-1.4182388604546756,,,3
179.21806032597317,-1.722453347350773,,,3
178.5352328967229,-0.0923620257011603,,,3
179.00716706336084,-0.9789930509023316,,,3
179.7158614276805,-0.6196399086538562,,,3
178.09874823793098,-0.0380126031706862,,,3
177.98727068299132,-0.2360366814420507,,,3
178.225097357899,0.028180838012186,,,3
179.7698448998148,-0.8597376003607329,,,3
178.892396550007,-1.2377654690835391,,,3
178.99856599824284,-0.452108638192635,,,3
178.7669853228618,-1.8452491112655496,,,3
178.45611085800184,-1.5013786753070757,,,3
178.9864439019863,-1.6920291265124567,,,3
179.3731765275872,-1.1553093237492993,,,3
178.2834464075895,-1.1218430321595396,,,3
178.48845528918494,-1.3069832223155475,,,3
179.09192000384635,-0.776224391784635,,,3
179.55116347405402,-1.579182310974972,,,3
179.55174812702114,-0.5099862556568694,,,3
179.037545894213,-0.9815413029083466,,,3
178.88348352183866,-0.3464996344452095,,,3
179.48292684227903,0.0356605549159853,,,3
179.7905579950202,-1.173326923675141,,,3
178.91853341763343,-0.4640503448060701,,,3
177.94916698080337,-0.9821979889149476,,,3
179.41842912095024,-0.1478363869221329,,,3
178.86135433710203,-0.1229662499447193,,,3
178.36511254134044,-0.900853729141684,,,3
178.4540701530893,-1.425506366273489,,,3
178.7974276184239,-0.4132010033935049,,,3
178.22379995808026,-0.5430893928095891,,,3
179.73841452775855,-1.136734945537875,,,3
178.26427700646002,-1.3068060679217477,,,3
179.75152921796314,-0.2669241071553319,,,3
178.431856911185,-1.6935493906549683,,,3
178.3722641053563,-1.4477343231049788,,,3
179.28028243476828,-1.701659724646659,,,3
178.79809113924293,-0.4472587691765715,,,3
178.51912371949828,-0.1696039891229249,,,3
178.08228836845907,-1.6437731403671425,,,3
178.70340738072954,-0.3246984007393334,,,3
178.0651226949697,-0.8984790225092515,,,3
177.9667299870431,-0.7007760048774878,,,3
179.2248985163775,-0.618067414507305,,,3
178.08543221221234,-0.0873270072021912,,,3
178.39596291174672,0.0932396020479625,,,3
178.4870402817567,-0.381412664586663,,,3
178.2774547052987,-0.7523595561306895,,,3
178.10703871839883,-1.127283459975399,,,3
177.79045696,-0.68445839,,,3
179.81261361,-1.2851551,,,3
179.49706317,-1.40602671,,,3
179.80330463,-0.42351404,,,3
178.41656794,-1.74034179,,,3
179.50550827,-0.59523219,,,3
179.47960269,-0.89592499,,,3
178.09392585,-0.10548883,,,3
178.34163542,-0.68155703,,,3
177.81386318,-1.03743263,,,3
179.6260307,-0.13343315,,,3
178.35887305,-1.58278464,,,3
179.05316188,-0.96504904,,,3
178.21871831,-1.19900006,,,3
179.1799064,-1.00958602,,,3
177.83086446,-0.53607065,,,3
178.36030566,-0.31170935,,,3
178.48170338,-0.98193875,,,3
178.30875177,0.01878614,,,3
179.39690443,-0.32783613,,,3
179.76534173,-0.61221275,,,3
179.79248477,-1.36770643,,,3
178.63239296,0.17501564,,,3
178.25141637,-0.14858219,,,3
179.38319905,-0.52367126,,,3
178.7535124,-1.89673548,,,3
178.33481948,-1.68598022,,,3
178.95515205,-1.62790108,,,3
179.26053212,-0.79310386,,,3
179.52998378,-1.18816916,,,3
177.76891609,-0.73462156,,,3
178.39530477,-1.85644366,,,3
178.13995711,-1.26568212,,,3
179.00555902,-0.5453426,,,3
178.1004446,-0.19045022,,,3
177.75040097,-0.74363614,,,3
178.6369264,-0.14109969,,,3
179.66051321,-0.77302068,,,3
178.31329242,-1.40319226,,,3
178.84081317,-0.5685992,,,3
178.79298041,0.24742862,,,3
178.10754988,-1.66630786,,,3
179.25823591,-1.23504325,,,3
179.27522079,-1.62882437,,,3
178.91204903,-0.11505054,,,3
179.86516263,-0.95840521,,,3
178.90584585,-1.8547742,,,3
178.77128452,-0.81114836,,,3
179.35957011,-0.1779398,,,3
177.94304599,-0.55390922,,,3
179.30761159,-0.70262133,,,3
179.29115168,-1.00700201,,,3
179.68281928,-1.16128134,,,3
179.69163099,-0.75322839,,,3
178.87470882,0.06010733,,,3
178.59499686,-1.84496253,,,3
178.51869134,-0.0825204,,,3
179.57868012,-1.23641014,,,3
178.96520212,-1.21947772,,,3
178.20477515,-1.68792159,,,3
178.9512243,-1.00450984,,,3
179.03947116,-0.96271431,,,3
178.04361189,-1.24024283,,,3
179.40777405,-0.2321794,,,3
179.67227302,-0.16063558,,,3
179.50638451,-0.60867209,,,3
178.77372974,-1.26536123,,,3
178.20355129,-1.49150994,,,3
178.85176051,-0.7545562,,,3
179.01888944,0.22040304,,,3
179.29556512,0.12304511,,,3
178.03397213,-0.88912351,,,3
179.16858857,-0.22022631,,,3
179.21181879,-1.08371815,,,3
178.90448932,-0.2164524,,,3
179.55615405,-1.4656375,,,3
177.87855788,-0.86034158,,,3
178.04239665,-0.36173075,,,3
178.34184333,-1.65453839,,,3
178.45636887,0.21215222,,,3
179.40039317,-0.80453462,,,3
178.39007046,-1.6518326,,,3
178.29201531,-0.91046885,,,3
178.93357166,-0.84838581,,,3
178.12728269,-0.84412877,,,3
179.1505171,-1.63319824,,,3
179.25376222,-1.56769628,,,3
178.49181798,-0.87671539,,,3
179.53688524,-1.54029249,,,3
178.72748201,-0.25117764,,,3
178.03331055,-0.51576295,,,3
179.75201264,-0.77811739,,,3
178.69599623,-0.05428973,,,3
178.53593201,-1.80838925,,,3
179.74075967,-1.23579388,,,3
179.02668874,-0.01474007,,,3
179.39110138,-0.63312902,,,3
179.57523662,-0.08606873,,,3
179.49683123,-0.28859437,,,3
178.55758239,-1.05454251,,,3
179.06611906,-0.31363265,,,3
178.35541016,-1.83813549,,,3
178.98856801,-0.26248381,,,3
178.90742595,-1.72716182,,,3
179.41024026,-1.40303071,,,3
178.99635499,-1.69661569,,,3
178.48164418,-0.31812899,,,3
177.91509973,-0.94715236,,,3
179.53021021,-0.2025329,,,3
179.53951194,-0.97746309,,,3
179.21989138,-0.2522524,,,3
178.22543898,-1.22183437,,,3
178.05239559,-0.77477287,,,3
179.17793397,-1.2452265,,,3
178.60028619,-1.68385656,,,3
178.19919328,-0.99837918,,,3
179.12170662,-0.53329189,,,3
179.43416286,-1.15420546,,,3
179.23766615,-0.55696167,,,3
179.41781708,-0.01170814,,,3
178.94602155,-0.19362573,,,3
179.82946974,-0.49634913,,,3
177.81234816,-1.04985761,,,3
178.36393784,-0.69641137,,,3
178.17256222,-0.60455769,,,3
177.93074399,-0.41193963,,,3
178.25639163,-0.93701051,,,3
178.40632816,-0.96803761,,,3
178.64491149,-0.77236583,,,3
179.6324211,-1.49969786,,,3
178.55641725,-1.45907241,,,3
178.72205158,-1.54091637,,,3
179.04849685,-0.68384412,,,3
179.68217006,-0.73948673,,,3
178.49385016,-1.94048199,,,3
178.29444495,-1.40046221,,,3
179.77862203,-1.06364539,,,3
178.85606988,-0.22495387,,,3
177.85958206,-0.36127211,,,3
179.21841328,-1.52106544,,,3
177.85187574,-1.04083761,,,3
178.10110237,-1.39237499,,,3
179.0236764,-0.78176647,,,3
178.42919556,-1.66625723,,,3
177.70706006,-0.94456174,,,3
179.89949794,-0.73863666,,,3
177.75087615,-0.93206296,,,3
179.23635078,0.15919888,,,3
178.12993068,-0.57441041,,,3
178.86570581,-0.48786518,,,3
178.85406356,-1.33118585,,,3
178.8986513,-1.52621685,,,3
178.76032947,-0.38904158,,,3
179.51987306,-1.66062983,,,3
179.56610309,-1.63835001,,,3
179.293331,-0.46209945,,,3
178.15977212,-1.12120649,,,3
179.31030877,-0.41585911,,,3
179.2691856,0.14127308,,,3
178.8872725,-1.93913681,,,3
179.2665226,-1.33923138,,,3
178.99266537,-0.23339948,,,3
178.65930537,0.21653423,,,3
179.14340008,-0.7413247,,,3
178.17518443,-0.54060417,,,3
179.3783298,-0.67949797,,,3
179.10269762,-0.71233282,,,3
178.9277693,-1.29170533,,,3
179.47943085,-0.97159534,,,3
178.36503152,-1.7437356,,,3
179.15255243,-1.72718324,,,3
179.13475061,-1.24634428,,,3
177.75464365,-0.60252062,,,3
179.21652137,-0.39619126,,,3
179.31471354,-0.56570159,,,3
179.21562752,-1.00943378,,,3
179.78943691,-1.00086535,,,3
178.75013688,-0.10961298,,,3
179.70118406,-0.93440974,,,3
179.2435032,-1.08424902,,,3
179.20093373,-0.24321158,,,3
177.71665284,-1.11018164,,,3
178.14289762,-0.60504298,,,3
179.31567981,-1.70507337,,,3
179.5516894,-1.18010077,,,3
177.69997765,-1.0648047,,,3
178.90183255,0.15627578,,,3
179.69129578,-1.04003792,,,3
177.96036457,-0.8396294,,,3
178.51721035,-1.60760105,,,3
178.31811193,-1.00046155,,,3
177.96807114,-1.46235145,,,3
178.53241871,-1.12593201,,,3
179.77450298,-0.87014925,,,3
177.85748906,-1.07810084,,,3
178.01903863,-1.59375931,,,3
177.72764882,-1.15492657,,,3
178.74996562,-1.82406223,,,3
178.66022744,-0.19771737,,,3
178.73950064,-0.11170368,,,3
178.01688853,-1.22307605,,,3
178.15256081,-1.4935162,,,3
179.88964563,-0.74917617,,,3
179.48454586,-0.25362064,,,3
179.48180833,-1.12573653,,,3
179.19663019,-1.38640583,,,3
179.35404378,-1.16011094,,,3
177.74613104,-0.81383313,,,3
178.0884711,-0.62669354,,,3
178.7285773,-1.76221697,,,3
179.70101157,-0.95475899,,,3
178.4603414,-0.30731882,,,3
179.11692176,-0.47449928,,,3
178.89324641,-1.97847984,,,3
178.56676337,-0.70924225,,,3
179.26974034,-1.30787769,,,3
178.41045891,-1.79029015,,,3
178.54656,-1.4626517,,,3
179.58798326,-0.22545678,,,3
178.07909158,-0.98475988,,,3
179.23904042,-0.9625568,,,3
179.12614925,-1.29355374,,,3
178.50940221,-0.48519905,,,3
178.13596952,-1.53383711,,,3
179.66392344,-0.77119106,,,3
178.29297627,-0.91430977,,,3
179.53496218,-0.98245008,,,3
178.09907482,-0.15153729,,,3
179.65816029,-0.83073834,,,3
179.08092885,0.12293613,,,3
178.72633968,-0.25434951,,,3
178.93720304,-0.15999921,,,3
178.63387638,-0.17127349,,,3
178.35966279,-1.60470802,,,3
179.20717618,-0.3697681,,,3
177.74666748,-0.6940205,,,3
177.8295401,-1.11835904,,,3
178.48291025,-1.34607836,,,3
178.68528598,-0.75425499,,,3
178.40620388,-1.10932073,,,3
178.46946284,-1.61289769,,,3
179.36637422,-1.1101353,,,3
179.58095273,-0.92040009,,,3
178.90430071,-1.32683164,,,3
179.19941182,0.04679182,,,3
179.83527064,-1.18960238,,,3
179.6740332,-0.99786395,,,3
179.1837373,-0.76571064,,,3
179.45504046,-0.68594951,,,3
178.83220327,-1.65326103,,,3
178.84461878,-0.1676019,,,3
178.05606099,-0.96817527,,,3
179.05621785,-1.25417716,,,3
178.60305681,0.04900451,,,3
179.3286367,-1.359959,,,3
178.9074532,-0.35007351,,,3
178.47893555,0.17362813,,,3
179.7347607,-0.69672042,,,3
179.56308651,-0.9807172,,,3
179.39636968,-1.39591091,,,3
178.57133742,0.00139752,,,3
178.93668349,-0.65407148,,,3
177.8542971,-0.39181525,,,3
178.80689169,-0.11732372,,,3
177.93443443,-0.2257208,,,3
179.35327777,-1.37481386,,,3
179.09061785,-0.77318029,,,3
178.28226151,-1.73995309,,,3
179.12679317,-0.60080378,,,3
177.80353703,-1.18909946,,,3
179.69847288,-1.3802226,,,3
178.71946153,-0.94186699,,,3
178.40161949,-0.08402049,,,3
177.98379472,-0.21072741,,,3
178.48726657,-0.52957444,,,3
178.45089008,-0.21756873,,,3
179.08727216,-0.8449892,,,3
178.08294117,-0.88265568,,,3
179.51806856,-1.62650089,,,3
178.00219904,-1.29772947,,,3
178.48703728,-1.39597501,,,3
179.86896209,-0.78199468,,,3
179.66751872,-0.25067682,,,3
178.13766801,-1.59335256,,,3
177.95971475,-0.13558797,,,3
178.73435468,-1.11728217,,,3
178.93881082,-1.2121088,,,3
178.24877365,-1.42025863,,,3
179.01941689,-0.30235916,,,3
178.32024087,-1.40794908,,,3
178.73390286,-0.71446795,,,3
177.82439457,-0.67372296,,,3
179.64801238,-1.34368523,,,3
179.25205462,-0.27827071,,,3
179.84905946,-0.46871267,,,3
178.70723074,-0.71351445,,,3
179.82914596,-0.79799294,,,3
179.24835153,-1.80321891,,,3
179.33668881,0.05038026,,,3
178.66945256,0.19894052,,,3
177.99238005,-1.58815297,,,3
178.35772201,-0.44496099,,,3
177.9354841,-0.92651911,,,3
177.84410372,-1.31738772,,,3
179.18394833,-0.95445456,,,3
178.60473378,-0.37907276,,,3
178.74085963,-1.23616266,,,3
178.84813468,-1.94324107,,,3
177.99135407,-0.91607732,,,3
179.83753982,-0.66819675,,,3
177.9975338,-0.72688062,,,3
178.47125002,-0.63503309,,,3
178.09838867,-1.35165005,,,3
179.31822804,-1.62629263,,,3
177.73399343,-0.74344148,,,3
178.47005649,-1.64837059,,,3
178.86384903,0.25412987,,,3
178.51731088,-0.88492966,,,3
179.82542231,-0.57316789,,,3
178.60200075,-0.1088671,,,3
179.00465201,0.08139366,,,3
178.68895795,-1.60334113,,,3
179.51129142,-1.65816183,,,3
179.25733477,-0.34100428,,,3
