RA,Dec,redshift,rmag,set_id
137.75569000497873,-1.1968921297280646,1.6350277586225226,21.18892288208008,1
137.57023762906752,-0.9059000401835408,1.0423590763972417,20.24462890625,1
136.87217326469766,-0.3006887195415124,1.3600061068398417,20.017166137695312,1
137.49581999999998,-0.55527307,1.83895206451416,18.64259910583496,1
137.71687897026186,-0.8750772861312602,1.7335900911504871,20.92012596130371,1
137.1437601661393,-1.042192303699199,1.402449279577422,20.513656616210938,1
137.49580000000003,-0.555263,1.8289835453033447,18.07411766052246,1
137.5731931910298,-0.4495872770395951,1.0689807755551528,20.41342544555664,1
137.35004116712278,0.0364207288826417,1.8746124716000037,16.536579132080078,1
137.22761689606833,-0.8851955687452641,1.31165454112554,21.22174835205078,1
136.90549502038834,-0.5693922864182522,1.0179213825690812,20.243511199951172,1
137.10564196592492,-0.4717847602326617,1.4833544392398748,19.98189353942871,1
136.95776341693943,-0.217892786768559,1.2066869778574534,20.719654083251953,1
137.1580118037532,-1.195610994168952,1.0065730548147265,19.07512855529785,1
137.4958172302214,-0.5552735874502662,1.834932024595161,17.81523895263672,1
136.82153,0.14623306,1.215453028678894,19.703500747680664,1
137.42348687424618,-0.9659996904255512,1.0714640227323806,20.363664627075195,1
136.95691198431788,-0.3825929042416962,1.2410723326837094,20.635454177856445,1
137.4996853401848,-0.3558347183906305,1.272354291771174,19.87373924255371,1
137.14369999999997,-1.0422003,1.4036654233932495,20.509601593017575,1
137.4832562421927,0.0028692049076145,1.4433708297492482,20.563016891479492,1
136.82153138771838,0.1462339736566004,1.2141624706002887,18.87838363647461,1
137.60045619962253,-0.4665169580558339,1.4268683977451408,19.34947967529297,1
136.44029,-1.5383632,1.6156738996505735,20.57736015319824,1
136.2218668817412,-0.2407170519738113,1.6782282938944355,19.107759475708008,1
137.08288,-0.6643671,1.0986536741256714,21.950899124145508,1
136.5959476123166,-0.6983408996642831,1.1840102417313594,18.90091896057129,1
136.55439240327289,-1.1450189971284217,1.0518423632374212,19.54242706298828,1
136.9613119898965,-0.5770817982441805,1.4330865432259632,21.32091522216797,1
137.09538255702606,-0.722806150894988,1.8408960546614788,20.692909240722656,1
137.38479745266832,-0.4850683409249047,1.56602617165313,21.321678161621097,1
136.3638760872087,-1.3706390907607942,1.5473321614507094,20.471458435058594,1
137.52325371266323,-0.9891515119675648,1.289322513426095,20.989227294921875,1
137.4958172302214,-0.5552735874502662,1.83511076621956,17.81523895263672,1
136.35025481249085,-0.634276556050023,1.7573206775096324,18.500469207763672,1
135.99106504737338,-0.8120636159441149,1.4060168820986925,19.934436798095703,1
136.30157664911016,-0.0281868652565469,1.7816771229747863,21.056198120117188,1
137.44031764639584,-0.9181300792925,1.1249683266560575,19.482593536376953,1
137.38480000000004,-0.4850696,1.5555486679077148,22.146699905395508,1
137.1209225072887,-1.064546889763741,1.3685988613975804,21.781673431396484,1
136.77884835605312,-0.3109381962395838,1.9558716546930424,20.12333869934082,1
137.08288378650352,-0.6643677169853371,1.0968435264379257,21.121417999267575,1
137.6703342899985,-0.4515197167800058,1.0643079507730424,20.878488540649418,1
137.35408503280297,-0.1902674904800463,1.5971629898652278,21.02084732055664,1
136.64853559895343,-0.0766404120361227,1.1039031309795808,19.012229919433594,1
137.42349000000002,-0.96599837,1.0721889734268188,21.192800521850582,1
137.2892115101352,-0.4526935391436391,1.1729576793235288,19.909910202026367,1
137.79451580931504,-0.9158177256009096,1.5806069484196654,20.033262252807617,1
137.28921000000005,-0.4526932,1.1723847389221191,20.73579978942871,1
136.47111459856714,-0.1259532131930432,1.5803599412518223,19.728181838989254,1
136.30528499706938,-0.4640683348808294,1.9008901654068096,19.587448120117188,1
137.0016497738279,0.0383396658709272,1.1543819118702223,20.321739196777344,1
137.15015850132093,-0.2051009490864658,1.217517266195896,20.370695114135746,1
136.58882593582535,-0.6478905106833637,1.6865679380019112,20.33304786682129,1
137.1011591440092,-0.1217617686295207,1.20184811241027,19.685256958007812,1
137.57024,-0.90590046,1.0412458181381226,21.075199127197266,1
136.36386,-1.3706087,1.544582486152649,20.536949157714844,1
136.8748846904783,-0.8319748750194276,1.5166609829884738,21.205530166625977,1
136.77885000000003,-0.31093678,1.96358060836792,20.953699111938477,1
136.9095356482682,-0.8717927080301032,1.0732178457095949,21.42772674560547,1
136.8560026486573,-1.0953771254327536,1.1909631716018467,21.957069396972656,1
137.87231865680025,-1.155696205165231,1.9425003834312955,22.874513626098633,1
137.5727585745502,-1.0290919695128782,1.877769834078892,20.8931941986084,1
136.22742386719025,-1.13005883165879,1.8291391502743517,20.474624633789062,1
137.57276000000002,-1.0290916,1.8623571395874023,21.725000381469727,1
136.1439823350775,-0.8917137182300284,1.5144018068240044,20.74930191040039,1
136.36639200448832,-1.2674807548077396,1.5287515078037863,22.248300552368164,1
137.26960470665594,-1.383540360900711,1.919137644367936,22.703678131103516,1
136.26546498199428,-1.837662501566536,1.9117024551566597,22.510154724121097,1
136.59481377090088,-0.0825897168594747,1.7886939663190728,21.99544906616211,1
136.4310055604606,-1.517207804579804,1.9205693234536312,22.488950729370117,1
136.1655974390588,-0.1377926172330726,1.7604024555468998,22.63302421569824,1
136.5783347041954,-1.421546588779805,1.558735977884632,20.965744018554688,1
136.2665399303323,-0.9558345137886126,1.508287319929106,21.840564727783203,1
137.02876526150678,0.097666367247874,1.8683443660167849,21.815073013305664,1
137.47938189009193,-1.6108005930484048,1.0225532286790806,18.868572235107425,1
137.1093682175041,-1.80662104737862,1.063068811024799,19.724071502685547,1
137.55399282801693,-1.8337064068698432,1.1907050889898478,21.912517547607425,1
137.87497549219424,-1.4558118776429196,1.3112065823918404,21.71929931640625,1
136.30212885227877,-0.9777499700368166,1.6531755055941053,23.455371856689453,1
137.84570972306022,-0.960840552437448,1.5929977184125317,23.23913192749023,1
137.2034102380463,-0.594196359333606,1.3642229994349084,19.839584350585938,1
137.78317126888905,-1.01692325679397,1.2956367913976887,22.55433654785156,1
137.21557576422822,-1.7087551585693923,1.8392882582385504,22.073863983154297,1
136.2760981326697,-1.4990716434218438,1.7544017566081669,22.283376693725582,1
136.93586512262266,-1.731782216304588,1.1200012766828398,19.91089630126953,1
137.02859317842837,-1.4931552621248712,1.81358386567465,21.91060447692871,1
137.1067636788585,-1.261114923081006,1.5342640973636203,21.50752639770508,1
137.44713000000002,-0.4470814,1.2012182474136353,22.152099609375,1
136.4977043208817,-1.0055630442949048,1.3285371073994154,21.9912166595459,1
136.87235428258867,-0.7630472166402515,1.293013675744139,22.800874710083008,1
136.12031356041518,-1.0985501730090244,1.1922305466728482,20.18787002563477,1
137.80450587142013,-1.398635167026358,1.7651423289227264,22.428184509277344,1
137.34637148612512,0.0344674538809711,1.888939384029892,20.49538803100586,1
137.2006772176435,-1.2825661054529558,1.0056222312500982,19.1416015625,1
136.48791377781697,-1.962039010058677,1.6844737205697953,22.124183654785156,1
137.2494716289595,-1.635247902216643,1.9301756445040887,22.7121639251709,1
137.1258905420428,-1.8681262225415125,1.0313010317181366,20.80837631225586,1
136.839340249927,-0.6921353641549604,1.12524365628393,20.08329200744629,1
136.8741134513365,-1.7463224325933753,1.8876914930404136,22.12837028503418,1
136.36704129932423,-1.8633858208153853,1.557470343693114,22.33981704711914,1
136.21419734198116,-0.9615799819769528,1.3328555153396606,21.24475860595703,1
136.79373036630395,0.0557681334610203,1.2996923211533364,20.415451049804688,1
137.42066254764188,-1.0325408555884266,1.937067817528896,22.731889724731445,1
136.13513757950912,-1.369560610109996,1.0881845676510944,20.993900299072266,1
136.54998138307474,-0.3049012157990743,1.5723036220584587,22.12737464904785,1
137.7348,-1.2111894,1.586010456085205,21.048500061035156,1
136.63611494866734,-1.1943297491320246,1.9898522651318056,20.172826766967773,1
136.83967469511785,-1.0499769189873114,1.8656707809522368,22.64840316772461,1
136.5588156631665,-0.5342030825576704,1.6371177828705898,22.536649703979492,1
136.06179447049752,-1.2106120989693547,1.950094483928654,19.840499877929688,1
136.49488606326676,-2.0075583658060707,1.901386892721318,20.79277229309082,1
136.3335273815739,-1.8460448112481531,1.554073304830862,21.72740936279297,1
137.15810996002324,0.0977854160634623,1.0635590379472026,22.18248748779297,1
136.4828036532805,-0.9783504631572923,1.5688892534281456,19.936887741088867,1
136.77003253323963,-0.9875978259791552,1.629110756765854,22.667037963867188,1
136.36215696641884,-1.8118357236353193,1.3129117283967768,22.38846206665039,1
136.60099364518007,-1.095704056868379,1.5131811612561703,20.588773727416992,1
136.82785630437397,-1.5096519586740291,1.1444303130054103,20.82337188720703,1
137.68698524490242,-0.8216637366519781,1.7716204728276108,21.62063980102539,1
135.87453210309474,-1.0372629676226273,1.8877854642151604,21.62382125854492,1
137.57249575744552,-1.4318734713829744,1.9826648397668245,22.461904525756836,1
135.8098140045683,-0.7163469876979297,1.6109641027820727,21.494693756103516,1
137.71769944325106,-0.3952080970877461,1.7979094209566686,22.25081443786621,1
138.0048692872685,-1.1605971342881247,1.2937646673563792,21.24960708618164,1
137.77481923299422,-1.630928313144282,1.2051296531094011,19.154417037963867,1
136.52007082408778,-0.5739118977331416,1.3335033952746265,20.919340133666992,1
136.66109020027952,-0.9745311884392844,1.7848458017512143,21.966222763061523,1
137.58702366235556,-0.9033379673139862,1.868877677641492,23.391361236572266,1
137.4140918368325,-0.2491548314274357,1.5285386675509285,19.571123123168945,1
137.9002934787884,-1.3553018204684149,1.2619994746618683,21.47971534729004,1
137.37025412155043,-1.7153305783800552,1.1921733395334055,21.463632583618164,1
136.67234485703898,0.1362658430493679,1.5680881009807035,21.119121551513672,1
137.66095804128952,-0.3660074621666613,1.954304351543956,22.508995056152344,1
136.87832655149327,-1.0967353335563876,1.8382455688034705,22.30726432800293,1
136.2528377233571,-1.583215884794155,1.7523803629760657,21.716304779052734,1
137.50059907623668,-1.602959401662728,1.9169260405048285,21.448928833007812,1
136.9662119972564,-0.5049750085869728,1.8508869564666648,21.745777130126953,1
137.65705000000003,-0.4694678,1.225497841835022,22.078699111938477,1
137.33315,-0.36090409,1.2407883405685425,19.82699966430664,1
136.79614405759807,-0.4715552247005716,1.726501504333302,23.05880355834961,1
136.2631085012912,-0.3779111122282766,1.7888307353017363,21.56881332397461,1
136.92933574262375,-0.9541794645232724,1.9456141782525351,22.702301025390625,1
136.54653833193723,-1.825348957980352,1.7429098449472091,21.685651779174805,1
136.45298083027177,-1.595145316233744,1.3860982385425429,21.371252059936523,1
137.2923019952812,-0.5197397142999286,1.8029783063854183,23.02059555053711,1
136.29654428254378,-0.7676803182337354,1.6065687683145635,21.081764221191406,1
136.00029555522366,-1.217742352315517,1.1794439420419691,22.63523292541504,1
137.32348652050302,-0.2251893663566069,1.8990958218121063,20.705097198486328,1
138.0142932375725,-0.9237763190403272,1.0127667878219115,21.012374877929688,1
137.55504153547295,-0.3965860443557265,1.7013949095623055,23.205272674560547,1
137.09318450485034,-0.5021835221055333,1.6515172086253451,23.160808563232425,1
137.10235315641887,-1.7050515791957983,1.1940197182628551,21.40993309020996,1
137.2907244704895,-0.1575267942783376,1.5927908787865386,21.744844436645508,1
137.776078212827,-0.5847993396462638,1.2949998209525897,20.732250213623047,1
136.50580056462243,-0.5589991121829972,1.573004360192297,21.63327407836914,1
137.0336532526454,-0.8626421602276071,1.85475134577114,22.603973388671875,1
136.323679686893,-0.9037761683690716,1.5124920851177686,22.558664321899418,1
136.74345930165055,-1.7859885593034406,1.2555921027292,20.885583877563477,1
137.85904640035596,-1.1474458869390642,1.2084475852432457,22.255878448486328,1
136.63780470127287,-0.7002947023644537,1.4513583287721707,19.575489044189453,1
137.23590692471066,-0.3592678841957294,1.90931674170766,20.744279861450195,1
137.1517294798187,-1.061345122680646,1.8369587345606104,20.58391571044922,1
136.66318004113555,-0.4237311563718777,1.0544245293179135,21.24345970153809,1
137.0931938796267,-1.4124320734704965,1.7074251929046762,22.26056671142578,1
137.133542158065,-0.2944911319544946,1.686002478001119,17.69027328491211,1
136.45437635582084,-0.5339189212933927,1.7054675536496091,22.554349899291992,1
136.24563244194664,-1.0401226489430042,1.5126271158502789,19.483489990234375,1
136.61851711523613,-0.2264804832887701,1.2300932813805687,22.186328887939453,1
136.9345377005134,-0.457313572897022,1.8431128651775728,23.208324432373047,1
136.37055923863633,-0.8972163340376931,1.175550883292611,21.76228904724121,1
136.35885683847516,-1.694677063866236,1.2020890681842415,21.449932098388672,1
137.23801576034376,-1.7752163228544775,1.4458631387277996,22.823469161987305,1
136.92298423874453,-0.0461271553695703,1.2099885164962327,22.16597557067871,1
137.01910440057338,-0.4945113540159156,1.843414729124468,22.092161178588867,1
137.2243713977325,-1.8275537588310404,1.7334504757950564,21.37042808532715,1
137.08965592751375,-0.5369893863974564,1.848105342060176,22.75759506225586,1
137.07366076414854,-0.102218197302379,1.107330665972267,22.946897506713867,1
136.78176544507795,-1.0193829812932942,1.1027132084006237,19.16994285583496,1
137.24959071386942,-1.4954039985615115,1.2257803249730348,21.510478973388672,1
136.1958529703415,-1.8019527783130516,1.8878597427039177,20.658401489257812,1
137.02835217424447,-1.378621346786899,1.160073101834062,20.990873336791992,1
136.24429895991372,-0.6599215464256658,1.771663121777464,23.345191955566406,1
136.60695357376736,-0.6778285260096002,1.509875517755184,21.102703094482425,1
136.69428186012243,-0.3439548961653613,1.315886370990738,21.21488571166992,1
137.71038064077848,-1.485372245864418,1.9507209028116828,20.98710823059082,1
136.96468450922185,-1.5174597914857142,1.8424455210678592,23.310991287231445,1
137.00751000000002,-1.5979003,1.6418933868408203,20.972000122070312,1
137.8621830293222,-1.2599401014809102,1.6491456276666443,20.343780517578125,1
135.9539788906867,-1.4074677550569468,1.825899306885041,21.819976806640625,1
137.87479297916948,-1.3891046253624386,1.8930231164444768,20.76023292541504,1
136.84970891585942,-1.3725488961565693,1.161959263241661,20.720056533813477,1
137.03485455290345,-1.4056112438223034,1.6917797243882369,20.081506729125977,1
136.22366061858418,-1.0343960565899837,1.2019474932833647,20.232215881347656,1
136.55153859514655,-0.6696182545957042,1.5732937041266195,22.36014747619629,1
136.59678062947987,-0.9517681459396818,1.464024988454198,20.162569046020508,1
137.5244806132438,-1.0321515085802977,1.9315826863226753,20.58840560913086,1
137.38231774489705,0.0264662571522656,1.766659863778245,21.32221412658691,1
137.10757916158897,-0.7283640557451165,1.2045857907327058,21.0115909576416,1
137.22284676475982,-0.7539753493684872,1.8471660786644175,21.456104278564453,1
137.05721443500178,-1.447249658662987,1.7595682417491851,22.48647689819336,1
137.38090027849944,-0.7357429104680185,1.632884430550278,21.49532127380371,1
136.4480049203403,-1.517150520573222,1.1786125802681624,20.64111328125,1
137.06614441441332,-0.3578472314910366,1.305496940284613,22.389421463012695,1
136.3543593539569,-1.2414350633574445,1.5034109122753816,20.80960464477539,1
137.85673207774556,-1.2933911662346858,1.4743716856783955,21.27435874938965,1
136.0623888136139,-1.3344982734417778,1.391028445749455,21.204904556274418,1
137.3434035461311,-1.3091696538338982,1.188734690583788,20.83751678466797,1
136.35604685213374,-1.3275379401586371,1.5488030420530368,21.14305877685547,1
137.49913730185102,-1.256239627591712,1.7984159004430744,22.68878746032715,1
136.64807297511834,-0.887742450824541,1.9673119673604984,22.28674697875977,1
136.57193,-0.67375084,1.655216932296753,20.492244720458984,1
136.9786220177661,-1.9042101483692944,1.7942540580361446,21.681941986083984,1
136.62620951136486,-0.9303066498562363,1.119717943193558,19.750980377197266,1
136.83522748895186,-1.8603742578622051,1.7481643571864578,18.367189407348633,1
137.34939930019732,0.002036936656865,1.3582392014560198,21.572690963745117,1
137.68934564519392,-0.1915680075042755,1.1024198973518082,21.804105758666992,1
137.23505580402738,-0.3743491754940647,1.2066888618008411,21.83826446533203,1
137.59577798047886,-0.1535970820325564,1.544132412068044,23.00722312927246,1
137.43108402858832,-0.7658021783600643,1.704261298290146,22.75356101989746,1
136.69945815026597,0.029173198209469,1.4674303144894505,22.020723342895508,1
137.6533472377339,-0.4340468048850099,1.5870560024205769,23.19496726989746,1
135.9723234558925,-1.2488171607073066,1.8286038083839984,17.328922271728516,1
136.12490429243238,-1.4324198910103465,1.5801090403896445,20.821306228637695,1
136.47000342082328,-1.1534215545978312,1.2096835106445472,21.12253761291504,1
136.00247661415304,-1.4130485509200363,1.5950200500471503,22.51215362548828,1
137.4482658517471,-0.9368608086375688,1.0225796322886893,20.319656372070312,1
137.3590461408428,-0.440856284610824,1.4862813849018732,21.857574462890625,1
136.76457720287547,0.0479657592833532,1.4495865922555966,21.88896942138672,1
136.68646971866198,-0.5771967496191359,1.9927689254554055,22.68390655517578,1
136.68818043485714,-0.4333043672768037,1.2830277139541797,22.637723922729492,1
135.9508173396619,-0.3591567485553864,1.0314945878277255,20.05279541015625,1
136.8565588944393,-0.2245897411489795,1.8270294684012989,22.13545799255371,1
137.0505042491273,-0.2572286936297141,1.2210192508987314,21.33583641052246,1
137.70861517036815,-1.6670743462525517,1.695030809498668,22.089176177978516,1
136.23946770090407,-1.1307935733652104,1.8209967427203533,21.825843811035156,1
136.4350513620465,-1.3044169027810104,1.9968728346362896,22.556243896484375,1
136.5752901923761,-1.282080529680956,1.5011250522688706,20.91481590270996,1
135.9505577664949,-0.48720588821723,1.3755614390875075,22.257999420166016,1
137.37381698861236,-0.7885527478566053,1.962820032738016,22.3638916015625,1
136.61308985632272,-1.1533039950726771,1.8993244133526963,22.373703002929688,1
137.88270548566612,-0.4563443718681771,1.750594156706018,21.522912979125977,1
137.49302208783388,-1.4350895833668695,1.6793539850671266,20.400711059570312,1
136.75937471268804,-0.5757284321877884,1.362343483659466,22.003137588500977,1
136.5719441353641,-0.673753981199724,1.674958560762539,20.66115379333496,1
136.4511619520876,-0.6400301175214803,1.4020838848831565,22.487733840942383,1
136.630438357822,-0.958487397954326,1.2737536735843369,21.09123992919922,1
137.4541406119546,-0.4154316285593548,1.7444300829745314,22.56903839111328,1
136.53029253865182,-1.8395831698470968,1.3372280820633164,20.02629852294922,1
136.64263,-0.7513993,1.1825876235961914,22.093599319458008,1
135.97498114629806,-1.125267013552904,1.4333826384206,20.65519905090332,1
137.54927261593974,-0.3482491926236158,1.8358444092559023,19.970293045043945,1
136.3049241035146,-1.602369305648303,1.6059910186441115,22.096511840820312,1
137.75882734627925,-1.5620893369423587,1.2137477971534378,20.245824813842773,1
137.5122303432507,-0.5203874537349663,1.642515731590489,21.898517608642575,1
137.4399104286984,-0.3558883673428845,1.3382231682436656,21.68425178527832,1
136.5791295440034,-1.0630388336019174,1.6148010188886588,20.909208297729492,1
137.51914159750197,-1.3808008987472082,1.687616880224739,21.85620880126953,1
136.90318492064335,-0.0951612916840911,1.115335416791848,21.785747528076172,1
136.02581978335016,-0.8754586435080052,1.0395443310902388,21.80254554748535,1
137.57734,-1.6811946,1.0148330926895142,22.01650047302246,1
137.4335612518083,-0.7614240224272111,1.7149257801724682,22.862350463867188,1
136.27656590862193,-1.5159906874107134,1.328718452746832,19.717737197875977,1
137.13789793263572,-0.398718364851925,1.7368921685648198,20.540267944335938,1
137.3628606232339,-0.5930634880848139,1.0033158475831143,22.561182022094727,1
135.78352393718745,-0.9962695612005844,1.7810467708030393,21.664661407470703,1
136.26992591257886,-1.486493980818603,1.4962638927114424,21.430978775024418,1
136.03661700293253,-1.251908195175914,1.5313013021649666,21.89619255065918,1
136.4878,-0.67855322,1.0237196683883667,21.675933837890625,1
136.36470631564777,-1.3752237762601591,1.5785525047319664,21.646883010864254,1
137.36572757860773,-0.1699892808038156,1.7280630495488352,22.74794578552246,1
136.52727239223654,-1.0748240723430074,1.5060521951772696,22.091711044311523,1
137.00750731704912,-1.597897985485791,1.6453010866155695,20.1466064453125,1
136.9580746035946,-1.049713965495191,1.0757926935046114,20.599037170410156,1
137.56386575448124,-0.1551503006245628,1.456447994657341,20.13524627685547,1
137.58567210288754,-1.8226882181445376,1.3386406177221468,19.543333053588867,1
137.07050435015012,-1.2235357454884066,1.7170797524030128,21.6527099609375,1
135.88609333108926,-0.5506827351423689,1.5014479479998593,22.305309295654297,1
137.4251284261158,-0.9479410999826732,1.0617218772177388,22.062885284423828,1
136.1730687393795,-1.8129117639825336,1.7325456894374138,21.427658081054688,1
137.65733054319853,-0.8975711118660196,1.635667538264472,21.070571899414062,1
136.03087657220675,-0.3832693314867768,1.169625425961892,20.41727638244629,1
135.90384140646717,-1.1041255220816304,1.8892271457393095,21.67647171020508,1
136.42821523080357,-0.7180080467697053,1.4366315909930212,22.43412399291992,1
137.27059695761153,-0.1629197972028576,1.1136108939544842,22.05522918701172,1
136.9519648784041,-1.6565871219975234,1.671470367942677,20.404781341552734,1
136.82523840150884,-1.571758514199462,1.5058436081122986,22.04195022583008,1
136.48230999999998,-0.9976898,1.1682065725326538,21.87649917602539,1
136.22805298050972,-1.7176233074981315,1.5708383034577085,20.91121482849121,1
137.47938189009193,-1.6108005930484048,1.0219966768725952,18.868572235107425,1
136.24082149677812,-0.8590912434162725,1.914081469868289,21.04156494140625,1
137.72057956106124,-1.1651875560879332,1.7367135740471302,23.726673126220703,1
136.2721849262167,-1.5243016459789225,1.036137437812939,22.52773094177246,1
137.78134,-1.2462851,1.1707993745803833,22.08009910583496,1
137.05613485511367,-1.303969999173045,1.1221737709983572,22.175743103027344,1
136.62838858261674,-1.9720599103862504,1.8948562770894652,18.27368927001953,1
136.6969945919526,-1.929707990236756,1.6407135411714049,22.850000381469727,1
137.88647456867977,-1.0798215485916136,1.823106494332811,20.922466278076172,1
137.49053000000004,-0.4069638,1.4360020160675049,21.532899856567383,1
136.93079482982498,-0.9310777249145424,1.202596544385656,21.662614822387695,1
136.4654027871941,-1.3846828959411577,1.1807403386383508,20.280364990234375,1
136.66626297453212,-0.9772396688151812,1.8011836411039002,19.675922393798828,1
137.80527796493325,-1.329013415178612,1.202595186400284,21.85390281677246,1
136.85632423394225,-0.0013317628316993,1.0402499033703272,21.237409591674805,1
137.53573,-0.5110821,1.503996729850769,21.489999771118164,1
137.16257615474998,-1.718597054948411,1.1913226723741144,21.431772232055664,1
137.26887452631345,-0.0429401221061087,1.7693721673862006,20.30482292175293,1
136.04750649520454,-1.2578972841411735,1.8148864399298723,22.991121292114254,1
137.02912218314896,-1.7922156600407628,1.8045440846509704,21.375877380371097,1
136.91850103068865,-1.1136374189995637,1.713947050663979,22.27430534362793,1
137.57999999397262,-1.2979172329678632,1.5473282893326692,21.667808532714844,1
136.71890118730744,-1.7521160814475225,1.281563483783637,21.97854804992676,1
137.89600766675693,-1.2301377584716355,1.7780801116752036,22.513492584228516,1
135.8518657161678,-0.6745506199527443,1.6018748985506588,19.31263732910156,1
138.00999264180635,-1.0585863015801946,1.89564501604627,22.9765682220459,1
136.76988278123252,-0.2427050456090614,1.126703538825648,22.584550857543945,1
136.38100299292347,-0.662999895138017,1.200716242410879,20.855409622192383,1
137.29884338434331,-0.8587519441861698,1.0685200029288198,19.50356101989746,1
136.60867461576953,-0.3706442052009276,1.301060665424909,20.9683837890625,1
136.2255268579716,-0.8542296326781861,1.7855142357247915,22.92746353149414,1
136.66255630567915,-1.0814549356231231,0.724189824823946,19.617679595947266,1
137.26459999999997,-0.99136762,2.4414803981781006,20.62342071533203,1
136.9689991140088,-0.5174844064615794,0.2003434761549787,17.510334014892578,1
136.94490660186665,-0.3157108958378343,2.4916855287840822,18.827587127685547,1
137.34731595631447,-1.366702286094483,0.7765670523529912,19.10600471496582,1
136.42699112937123,-0.6305501126394168,0.977343501035906,18.678163528442383,1
136.07218893954715,-0.4675771259150339,0.5001263762879083,18.927330017089844,1
136.4368973568774,-1.664903763797242,0.3181326498266447,19.08062744140625,1
137.71636999999998,-0.46266624,2.228142738342285,20.324785232543945,1
137.45304,-0.083481317,0.6287255883216858,21.911699295043945,1
137.46892000000005,-1.6889349,2.907977819442749,19.68866920471191,1
137.70769,-0.2278043,0.9797630310058594,20.66860008239746,1
136.94491,-0.31571063,2.5000874996185303,19.656999588012695,1
136.9765422349527,-1.1665880761964842,2.6200294590452065,20.07815742492676,1
137.4170431749351,-0.2359216819082103,2.111375561377539,18.58745002746582,1
137.36915220815973,-1.1986632940985142,0.8175308550525292,21.231935501098633,1
136.65215278364752,-1.5989440396730643,3.4662421239600287,20.1529598236084,1
136.4646418748725,-1.352538337346917,2.12583377932283,20.459081649780273,1
137.30170280120046,0.0393985870776028,0.294076453752604,17.91599464416504,1
136.91856734289044,-1.2809052206229137,0.7376758313076963,20.55908966064453,1
136.35082552713206,-0.4795973188328336,2.3409866844381706,21.277101516723633,1
137.7239905248027,-0.3647494565950865,2.219280451414505,21.22919464111328,1
135.98680000000002,-1.1539981,0.2284782975912094,20.55769920349121,1
136.23308187559934,-1.539594927059958,0.6248001096291261,19.94937515258789,1
137.71639451597264,-0.4626661236555306,2.225945800680991,20.400712966918945,1
136.52575750292198,0.028801426989531,2.7828193139996618,19.129409790039062,1
137.6431963152003,-0.8404430782591791,0.8953319159104769,20.150707244873047,1
136.94490660186665,-0.3157108958378343,2.489092065074294,18.827587127685547,1
137.98422,-0.8612212,0.5705490112304688,21.197999954223633,1
136.99181,-0.2465736,0.5158976912498474,20.648500442504883,1
136.48544717974988,-1.3101255441212634,2.5189297486771336,19.876428604125977,1
136.67755528194454,-0.1537851893115821,2.6960204390335956,19.227449417114254,1
137.25337000000002,-0.67267293,2.2348263263702393,19.35197639465332,1
137.75049215664177,-0.7709433805968904,0.7732528060867282,20.094968795776367,1
137.64471000000003,-0.6629933,0.8944413065910339,21.91670036315918,1
136.54182336785743,-0.7648515200352245,0.2230608027792469,16.71950912475586,1
135.96203291472352,-1.1892724246995034,2.813712057956446,19.41704559326172,1
137.98423000000005,-0.86121643,0.5703369975090027,20.0356388092041,1
137.40843,-0.46488,0.4101625084877014,21.216899871826172,1
136.95711970977794,-0.114367340011171,0.9055071318718616,21.16099739074707,1
137.70768569113352,-0.2278043285400768,0.9796832803667104,19.842710494995117,1
136.74370589224483,-1.1113706983774343,2.5388147531546177,20.311870574951172,1
136.7111946949586,-1.34321732521275,2.0879981740769566,20.89937973022461,1
136.02959999999996,-0.3417948,0.2999725043773651,21.186199188232425,1
136.09622888759662,-1.5844834078743522,0.4043651992631519,18.716136932373047,1
136.521450267426,0.0479206991521275,0.2004323266937029,18.467437744140625,1
136.74372,-1.1113804,2.5412237644195557,20.371185302734375,1
137.5797232136701,-0.5389612942221377,2.2948513174034937,19.94395637512207,1
136.26206805763482,-0.6702133677353561,0.775539257941476,19.57248878479004,1
137.1606872302562,0.0412590642158526,0.8642043210324839,19.783559799194336,1
137.2682835246682,-0.1627333986203237,0.3111899423106444,18.911211013793945,1
136.71630320448622,-0.5633840820917666,0.3995313338783163,20.45112037658691,1
136.78452164943766,-1.1050340848464268,2.241068854535619,22.15666961669922,1
136.9032082704453,-0.1662631475654093,0.9276068625599247,18.524627685546875,1
137.41704,-0.23592152,2.118036985397339,19.411699295043945,1
137.57973000000004,-0.53893151,2.292534351348877,20.390380859375,1
137.6447094272556,-0.6629937301840737,0.8943894872047328,21.08907699584961,1
136.3990732073212,-0.6777274553194771,0.7941818564242843,20.58133888244629,1
137.48187128282132,-0.3184080850676684,0.8332081616969803,21.51347923278809,1
136.2496916582039,-0.7019185177345458,0.282556485980044,18.535255432128903,1
136.91857,-1.2809003,0.7374474406242371,21.388999938964844,1
137.05076627696636,-0.6715812219829789,2.3061669348399865,19.9962100982666,1
136.5842784279091,-0.5043738609814811,0.9799297225491982,20.645755767822266,1
136.96666207036844,-1.2796520175855524,0.7260961835652322,19.353412628173828,1
137.25337966553494,-0.6726908124417206,2.2454829380378527,19.340576171875,1
136.7163,-0.5633841,0.399224191904068,21.281099319458008,1
136.4545616590529,-0.3948490850334958,2.0409899818326425,19.850940704345703,1
136.07218893954715,-0.4675771259150339,0.5002169626950635,18.927330017089844,1
136.7527229939724,-0.8982104221149078,2.749723961509015,19.51234245300293,1
137.26459999999997,-0.99136762,2.4404313564300537,20.62342071533203,1
135.8953355946908,-1.1138628771193126,0.6205538277402793,21.218515396118164,1
136.91856,-1.2808985,0.737204909324646,20.88796615600586,1
136.66255999999998,-1.0814455,0.7239739298820496,19.98468017578125,1
137.75049,-0.77094279,0.7726672291755676,20.921199798583984,1
137.7449011376579,-0.9716103496294596,2.1045957718127632,21.10279083251953,1
136.82469017154818,-1.648281803372913,0.4877876900320073,21.421167373657227,1
137.30169999999998,0.039392261,0.2940666973590851,19.92539978027344,1
136.91175203596563,0.1152925492103624,2.328917302441325,22.980804443359375,1
137.6180315367518,-1.3981691572439716,0.8226446896929706,22.058969497680664,1
135.83794999999998,-0.9860687,0.7771626114845276,22.662500381469727,1
136.1367739129018,-0.6030252931582446,0.8085438232803054,22.77996826171875,1
136.80406165019906,-0.0462494662953299,0.4473659261612152,19.97945785522461,1
137.68820674068337,-0.1980870586808344,1.1978388033550114,21.353429794311523,1
136.9655804879724,-0.5382085036157568,1.8429168885131435,21.829917907714844,1
136.3951866251,-1.4856310254187184,1.8164574365124524,23.605073928833008,1
137.40350664151245,-0.0138168144664361,0.1705970902926421,18.000572204589844,1
136.80365015055327,-0.2283143701514307,3.2215596882298647,23.03525161743164,1
136.306880951534,-0.2710361909279593,1.1012325552114666,20.53314781188965,1
136.7863027633181,0.0050846348268065,2.165829965652636,22.33641815185547,1
136.43750555767082,-1.9331303769512445,1.7902397790850917,20.866466522216797,1
137.67423790531438,-0.7721938342369152,0.8946512767843192,21.240718841552734,1
137.54548999999997,-0.12391207,0.5665780305862427,21.547746658325195,1
136.72797803551313,-1.2804311412924827,2.089569723580963,22.928850173950195,1
136.74486226948665,-1.1828167406424888,1.199310798238962,22.310468673706055,1
137.50873162768968,-0.2766887467295945,2.1421760777860257,19.448705673217773,1
136.29003955553944,-1.2872557451702304,2.133219116039494,21.776166915893555,1
136.69849,-1.0738435,0.4595801830291748,20.748743057250977,1
137.46097216566167,-1.288812744651431,0.3961570264533657,19.386308670043945,1
135.88088397859843,-0.5037044965679683,1.526069275727134,22.642202377319336,1
136.83344675316778,-1.3069843565935677,1.097908295374862,22.472339630126953,1
136.30645605118195,-1.4154204635615626,2.75342301692911,20.27404403686523,1
136.6195138659699,-1.0149124808351837,2.862455274146972,21.619770050048828,1
136.19921481985605,-1.7740108500892406,2.32609781288698,21.960004806518555,1
137.19490574725512,-1.900294189110784,1.947941043182401,22.31050682067871,1
136.33516324399267,-1.0083266513275635,1.9592748604230776,20.10486221313477,1
138.00257861274434,-1.084896086330956,3.620384720114928,21.459449768066406,1
137.11126037714664,-2.0530536163466686,2.3935302864762256,22.225238800048828,1
136.10402527528092,-0.6683281535779501,0.7749553337458523,22.73955726623535,1
136.8980712762871,-0.0957145300071849,2.506738357831857,21.074438095092773,1
137.56164191517647,-0.1992661637082242,2.2326282236670023,22.359691619873047,1
137.00980203563648,-0.8543902023609607,3.5541860710529547,22.18153381347656,1
137.2463185515047,-0.1890657892268724,0.7959226974844008,20.262292861938477,1
136.32665001341914,-1.9221801468922437,1.882886473987904,20.07972717285156,1
135.79050642670455,-1.1020709303719485,0.7276235484473736,21.313461303710938,1
137.3754960022165,-1.3763350098648617,2.203400635443134,22.034242630004883,1
137.18745568942987,-0.0611674313896782,2.2407958537951216,20.739452362060547,1
136.38468214407214,-1.439844291625907,1.5110300980563465,22.396100997924805,1
136.06600058825936,-1.459548444628756,1.8440829731294168,21.518280029296875,1
136.45827718304133,-1.1873100624661146,1.661408739198282,21.831052780151367,1
136.28917669275685,-1.5189125113347055,2.033839251265533,19.413951873779297,1
137.45741275449444,-1.8578368280292927,2.1319814540319837,23.210025787353516,1
137.57733697586968,-1.681194949527,1.0158990097643423,21.00641632080078,1
137.33011887632657,-0.1184102981529449,3.850894821219288,21.5931339263916,1
135.96618891137751,-0.7668562621023146,1.8338073676040103,21.75282096862793,1
137.2513470677412,-1.1701843186875454,2.7082036252801527,21.325450897216797,1
137.78004562983688,-1.573575603075931,2.1142536199378887,21.16924476623535,1
137.37513346341353,-1.0443838113827482,0.5106298224289421,19.37523078918457,1
137.66665,-0.26473751,1.2073508501052856,20.636499404907227,1
137.2146628376448,0.0280286516374028,2.08929425131077,22.421222686767575,1
137.41278,-1.2033217,0.5222464203834534,20.58679962158203,1
136.44211083542885,-1.3878063705343109,1.1469633537724873,20.876802444458008,1
137.40957216646862,-1.1893848384350134,1.72532618815534,22.383859634399418,1
137.26081963953132,-1.0240553214771495,2.8846183716192004,21.39700698852539,1
137.05574107623534,-0.212509330543649,2.374404584727393,21.02681350708008,1
136.8111523881307,-1.638536878919999,2.69895368956077,21.334199905395508,1
136.58086746930337,-1.1071648955999978,2.1209900221028457,22.838321685791016,1
135.99980302783456,-1.444119297303985,0.4458796651895977,20.501903533935547,1
136.53651000000002,-1.5177161,0.8012689352035522,21.6299991607666,1
136.62543624751206,-0.1533779299050581,1.0386815588232696,20.20478248596191,1
137.55608949143397,-1.0286753948714462,3.757467854977917,22.52853012084961,1
136.6776084269998,-1.0845663202687088,1.0169879880660548,21.03424835205078,1
136.4109363124299,-1.4695122218280725,2.611759835823055,22.661861419677734,1
135.9098282379564,-1.4395888363963805,2.298009802671675,21.781709671020508,1
136.05474622505048,-1.0493242672507497,0.8858350724161279,19.19021987915039,1
136.37951518704986,-0.2898264501648336,0.991877151458224,21.584402084350582,1
137.32284330050322,-1.7957743000243698,1.8507001860906096,22.45307159423828,1
136.9328017468107,-1.8367280225372,2.8209333957629004,22.55545425415039,1
136.6149115467934,-0.9640466151007968,2.2343666943429437,22.69250869750977,1
137.33774689214886,-1.7275637156526122,0.7881339531530599,20.53267478942871,1
137.82399216585875,-0.5640104526123552,2.4621914383254877,19.866165161132812,1
136.85944592645606,-1.4233740492741864,2.550839308920438,20.869550704956055,1
136.43737442442702,-1.903163928111683,3.2847205695150095,20.89727783203125,1
136.40352880309663,-1.6732368940043074,1.6302668762057242,22.078855514526367,1
137.58054560313104,-1.3763174904631383,2.4172347631938984,21.46022605895996,1
135.88953125794802,-1.4245521106642294,1.5658268745064734,21.511594772338867,1
137.59372685864474,-1.0076182017797688,0.3450015623591403,19.52566719055176,1
136.31377071983673,-0.1289254075717678,2.4009056151454837,20.66198348999023,1
137.64478409047064,-1.2038264714463445,1.0462791693541378,21.7833309173584,1
137.07814782291987,-0.8256936297995663,2.7157181048060215,23.72685813903809,1
136.9528931332293,-1.6369232331600303,1.1564833869157365,20.822378158569336,1
136.13009371291452,-0.1499161430175053,1.430403909415994,22.857654571533203,1
137.6983491367548,-0.4806831151949211,2.048778943165769,22.10669708251953,1
137.52845582571695,-0.8750789459369717,0.4081162650394563,20.72529983520508,1
137.487132863405,-1.2652939210371184,2.2754074079730873,22.659648895263672,1
136.64263,-0.7513993,-0.0043654097244143,22.093599319458008,1
137.47556615964652,-0.3561996143829745,2.3626440948917904,22.78959274291992,1
137.2010916803623,-1.3725818096235538,2.792349637878899,22.190927505493164,1
137.69258800005233,-1.3530447437257067,0.8976194241646097,21.63614845275879,1
136.5807269523375,-1.410808886816628,0.8874117929410741,20.940176010131836,1
137.7111095636457,-1.646545363592633,1.3948383110189044,22.245153427124023,1
137.38836603558968,-0.6053152530565132,3.689621613507428,21.468175888061523,1
136.72434451913142,-1.6295901299179172,1.4881016892376024,21.555295944213867,1
136.3185380190775,-1.8951267012016024,2.033331279999583,22.466632843017575,1
137.31597999999997,-1.2755773,0.3469612002372741,19.7539005279541,1
137.94197371915843,-1.0684412876310727,2.7360111388808193,22.731199264526367,1
137.31597999999997,-1.2755773,0.3465130627155304,19.7539005279541,1
136.43821734254365,0.016322784399892,2.3353618384875237,22.084869384765625,1
137.46097216566167,-1.288812744651431,0.3962453895434417,19.386308670043945,1
137.31719576160523,-0.5987360792947627,3.304887426603877,20.66083717346191,1
137.6991807737211,-1.6095827959343698,2.5232184245020273,19.732450485229492,1
136.48041354010235,-0.7488400410648587,1.224037779067615,21.742416381835938,1
136.26826934572009,-1.5080070046101326,2.7013605304035457,22.28232192993164,1
137.6013871345054,-0.5149500932131462,1.073774408169143,22.85662269592285,1
137.1575214089383,-0.6045949391591813,1.9101668216745633,22.157133102416992,1
137.67424,-0.7721943,0.8937659859657288,22.215499877929688,1
137.59835443380763,-0.6237228845012132,1.8873397964009075,21.123783111572266,1
136.6107821210279,-1.9402162641683256,3.2750042066522416,21.217164993286133,1
137.73520902683822,-1.6379226690330262,0.8960959814710221,20.954904556274418,1
137.41711865660105,-1.4927290209252653,1.6766651460513946,22.32776641845703,1
137.30055861462142,-1.3124168988007971,1.3905240414454378,21.023683547973633,1
136.99556562258135,-0.0691008541857455,2.255141945396429,21.04589080810547,1
137.00404662147255,-1.281608306599929,0.2603499564709962,19.218063354492188,1
136.65270067546578,-1.8308445453421032,1.5740136877387845,22.44556999206543,1
136.2978646632178,-1.645605746287803,2.0249914783348024,21.965003967285156,1
137.33254450229077,-1.3066303809617326,1.0808115475376434,20.914138793945312,1
137.63969843102288,-1.0027676352245376,2.11190946255357,22.926206588745117,1
137.59859094045498,-0.507615509042229,1.646462661920916,22.076086044311523,1
136.95837,-1.2523076,2.1009514331817627,20.771099090576172,1
136.07023615672682,-1.627240467661499,0.5372205300216649,21.691255569458008,1
136.90918036771333,-2.0532758320537328,2.00342655838095,21.947927474975582,1
136.25341399923892,-0.2885843635488926,1.867206590210368,22.64416122436523,1
137.02340972783705,-0.3717448983470917,1.8437675567021077,20.34883499145508,1
136.10540837130333,-0.6506434209449762,1.2305729501884046,21.58802032470703,1
136.50479,-1.069843,3.319460868835449,20.529491424560547,1
136.84186892749435,0.0924346095530384,3.363109914459935,19.58984375,1
136.70988560402034,-1.7227380265674344,2.1577104584755773,22.11413192749023,1
137.74691411354607,-0.6037170090140018,1.2703967929814883,19.84299087524414,1
136.50735272260485,-0.2552771331019846,1.7703096767517517,19.893217086791992,1
136.74309711009371,-1.5634664723939893,2.1181692267479515,22.318662643432617,1
137.52262336643662,-0.1592865776593749,1.4527541339619163,20.426103591918945,1
137.9514049534509,-0.6311007389843257,2.4087828205026183,20.21784782409668,1
136.58105259243135,-1.705811615249344,2.733393874560527,20.558757781982425,1
137.0336188813511,-1.8899044387374735,0.8952178530008904,20.972972869873047,1
136.3943969585701,-0.909012545024177,2.811780957201765,20.638526916503903,1
137.3729831644637,-1.2357919652169571,1.6807543469108386,21.46887588500977,1
137.0911685896013,-1.1661686982348038,0.9547460532072264,21.4448184967041,1
137.0818063462391,-2.0673988466301867,2.2945515166191823,22.546077728271484,1
137.44738386898055,-1.5977626078980025,1.9743854590950425,21.46137237548828,1
137.4269906413817,-1.2718264089624396,1.276027163607112,22.54786491394043,1
137.8706522323659,-0.4842761796068143,1.820932244317338,22.99018669128418,1
136.88034789853668,-2.024200662855643,2.2580205692010566,21.943986892700195,1
136.75377000000003,-1.4038425,0.7655347585678101,22.30970001220703,1
136.2474526048406,-1.5546938891185682,3.343739819533313,22.06838035583496,1
136.08012030896802,-1.2907794026368755,1.319072234511862,20.53376007080078,1
136.7503093254591,-0.7627411186822993,2.4769440168464465,23.016788482666016,1
136.44786777822023,-1.743590826342149,2.498697276973834,21.326454162597656,1
136.9646281471688,-1.657321611923561,2.0808867395918824,23.01836395263672,1
137.28974819766438,-1.6449159046223467,2.1696174798226866,22.253549575805664,1
137.30655213435156,-0.2416810834641856,2.104445195617752,22.932472229003903,1
137.40596168976958,-0.6106697361110798,3.0880906204545826,21.84021759033203,1
137.36238570366936,-1.8230067835721144,2.0553134456643956,22.19947624206543,1
136.4720073816123,-1.1860653521578792,1.218556208640012,19.07284927368164,1
136.06489128440984,-0.4667221682261318,0.38161678124613,19.42669677734375,1
136.86673824981918,-0.8393689986204569,1.225164110635835,21.528764724731445,1
136.32823086406904,-0.0981308420080421,1.0049563053714274,22.375062942504883,1
136.6513168520366,-1.990945918899261,2.765339361506225,22.248992919921875,1
136.94368023351328,0.0089688965059357,1.3000906167360302,22.407407760620117,1
136.99769551665372,-0.4809072425484368,1.8409095715041828,22.443052291870117,1
137.964888421886,-0.7352638885080628,2.3754670757840386,20.360727310180664,1
136.15456031220836,-0.8643104667507441,2.469843833203877,21.55831527709961,1
137.6570711704715,-0.6478440334621834,0.8762249486998852,21.80097770690918,1
137.74551581935486,-0.657473558655085,1.2507959144066254,20.997947692871097,1
137.39133296956564,-1.0472268350876868,0.3862253724486689,18.603954315185547,1
136.27980377609055,-0.1219572033029045,1.658576515920195,22.217117309570312,1
137.47693753778256,-1.3318290606094034,0.8043440542082521,19.12865447998047,1
136.3211426969416,-0.6991015487671404,0.2477245663630191,19.897859573364254,1
136.38826135896713,-1.7457020068594469,0.3198642100205486,19.376808166503903,1
137.92399198393613,-0.5898179942671605,1.106028205018874,20.34763526916504,1
136.9950174846159,-0.6605711014263291,2.3822802944022,23.67572784423828,1
136.43484803149613,-1.331737255703358,1.744538170746473,20.17867088317871,1
136.45354885078436,-1.1527539288998394,2.241571752069986,22.76427459716797,1
136.84282701816463,-0.0632746276147799,2.0846858171459903,21.21969985961914,1
135.93376018285807,-1.4235679060264677,0.6096625126316877,20.23194694519043,1
136.2188418508124,-0.5068006479031598,1.698311560080456,21.891258239746097,1
136.47519681999452,-1.7292683581830826,0.4499854139462174,20.32579231262207,1
136.70455074771303,-1.787229067000643,4.1324624341267215,21.29132843017578,1
137.53827300268998,-0.640455840491531,1.642164266200816,22.38830947875977,1
136.1712929337995,-1.263673046704637,2.1422155185348832,21.742626190185547,1
136.6106549725454,-1.164833255144755,1.5013949579395354,18.24942970275879,1
136.61300714206453,-1.9595141092172124,0.6324896634192134,21.190744400024418,1
137.57733660318573,-1.3376290294636275,1.2039506302078344,21.344446182250977,1
136.85024063219618,-0.2205950117606026,2.0434719052057515,20.720457077026367,1
137.7291591867966,-0.9547324009063176,2.125392677488275,21.194011688232425,1
137.78665335844508,-0.4053856148064627,1.1046695487129876,22.131263732910156,1
137.1802980390236,-1.5078662179326563,0.8305383552099956,20.151765823364254,1
137.4479174616436,-1.6136753080387949,0.7965220090789593,20.898616790771484,1
137.13609740203177,-0.1405872444766955,0.7443595056471783,21.95487403869629,1
137.7147315071387,-0.1973707239401081,2.9030247033759644,22.573318481445312,1
136.85840329766663,-1.7328636971042588,2.103692369534069,19.329252243041992,1
137.84440186227323,-1.1254199152785884,1.5841488266495842,21.011249542236328,1
136.84795242710538,-2.083305182193974,2.2508396913919504,20.93517303466797,1
137.6733183387884,-1.2680690379565236,1.8632695896478335,21.515525817871097,1
136.10222319458572,-0.593345742165819,0.1855214742459838,19.80504608154297,1
136.3941557270399,-0.4702792682968476,0.7055410456074791,21.423622131347656,1
136.87848128202884,-1.1213314574716684,2.6030516546873574,23.06617546081543,1
137.44016,-1.0505654,0.3867121040821075,20.769899368286133,1
137.71632246252227,-1.5195873725184772,1.1817626484688637,21.615169525146484,1
136.74628822386902,-0.793361055355187,2.4784748458106596,21.686965942382812,1
137.73479510255643,-1.2111860914805317,1.5855030487667536,20.218652725219727,1
136.94377370220846,0.005551917288884,1.3200557132424589,21.416521072387695,1
135.81765984843184,-0.7105203883739961,2.6545314837403136,22.99931907653809,1
136.97955079254854,-0.6197266761717493,1.015436539454,22.070688247680664,1
137.11552,-0.7170972,0.3599816858768463,22.10950088500977,1
136.34071710136672,-1.6673502152375497,2.267977624594494,20.776859283447266,1
137.39912876462336,-0.8682594162036247,0.2176351450823163,19.395347595214844,1
136.72479437824057,-1.615891792341073,0.4864299672428332,19.38024139404297,1
136.81094714675098,-0.9254511302605208,2.0430199890461145,22.599590301513672,1
137.28126201785827,-0.1536789842706352,1.1564998085211828,21.32334899902344,1
137.65671455394977,-0.6751189928327863,2.7273180531352885,22.492074966430664,1
136.32992328690906,-0.3232303724434,1.7665921814540566,20.922775268554688,1
136.32782738156274,-1.7699029674910176,0.6191188973375396,22.509361267089844,1
137.15862000000004,-1.4582888,0.4607054889202118,21.096261978149418,1
137.77607999999998,-0.5847993,1.2955018281936646,21.55970001220703,1
136.59762021889068,-1.7703097266210843,2.7339384389683934,21.785680770874023,1
136.86287520554652,-1.8028440179434184,2.212405375247906,20.75678253173828,1
137.45855,-1.2034169,4.751811981201172,22.031721115112305,1
136.01141614722692,-0.7273325831950548,1.5090070290143938,21.766557693481445,1
135.79920226131765,-0.9281365724951808,1.428032862471304,22.052698135375977,1
136.43772565206987,-1.8077793600637055,2.2254959156074032,21.97161293029785,1
136.52295769371025,-0.975494289717453,1.567944759469419,22.14508819580078,1
136.80446414445782,-1.2512546518236547,0.2919505761934841,19.56346893310547,1
136.84972667001315,0.051054178988968,2.629620442266524,20.13018798828125,1
136.04773343547473,-1.4793075171614378,0.7469271726295016,22.060121536254883,1
136.80553754752663,-0.5181690381785863,2.5075682481597146,23.500444412231445,1
136.41197629502835,-0.733386555704795,1.8090077494711951,20.46328353881836,1
137.0261130429132,-1.9519747315278293,2.2478655713713738,21.564464569091797,1
137.49932381589838,-1.7687923863889985,1.4719284713050689,21.402240753173828,1
136.9560576062583,-0.9080583473911136,1.237650735517951,22.04682731628418,1
136.71994588607552,-1.7098622542743072,1.6485066038703011,21.68950653076172,1
136.17373827100243,-0.6533410586798469,2.6436453624339196,22.58500289916992,1
137.25824355428398,-0.4137384382003071,2.1295569713849565,23.106201171875,1
136.54552816902364,-1.823260728174425,0.3630145671624959,19.698326110839844,1
137.9102703745947,-1.1788811517780924,1.6365925173884852,21.83240509033203,1
136.72713393545382,-1.341974337042819,1.4850006469231611,20.4333438873291,1
136.43260250839995,-0.8816255671804367,1.9459762114792631,22.53537940979004,1
137.73104999999998,-1.6093326,0.6072511076927185,22.11009979248047,1
136.89803,-1.6837731,0.7639855146408081,22.31010055541992,1
136.9174950716103,-1.2938866047618596,0.948558614319236,20.422290802001953,1
136.57767130160838,-1.3255665643687102,1.5609136838000488,22.476377487182617,1
136.54750947164575,-1.8010999440044286,2.1133103851347435,22.59259033203125,1
137.1085154487534,0.0381289314450267,0.3146211702366294,19.560361862182617,2
136.2613824051187,-1.3716208206867078,0.0399594897535938,18.514259338378903,2
136.84367819917668,-1.1563163531869678,0.4508432456013822,20.056127548217773,2
136.42575046466814,-0.0151692515413748,1.4061540584061687,22.581506729125977,2
137.3638161129025,-0.2167817992167111,0.2191438248389436,18.56188583374023,2
136.53929890688596,-0.0399077601113125,0.2334802726798875,18.77753448486328,2
136.61636669296124,0.1340578731100955,0.3140339201029829,20.009052276611328,2
136.49352405424355,-0.3320906041269084,0.3133018660162706,19.457332611083984,2
137.54332102400508,-1.424165539140576,0.2875596513732362,19.600357055664062,2
136.98111087214795,-1.7084311911359051,1.0127129256332583,22.96520614624023,2
137.29338153557185,-0.9909305721614756,0.3213728420736567,19.59409523010254,2
136.56049301202046,-2.015378106940686,1.040165377212513,23.014005661010746,2
136.9780128783891,-1.7022753199230656,0.9687815461374658,22.810205459594727,2
137.18312084415714,-0.8596853973757289,0.6016935097866126,20.828575134277344,2
137.57562320199978,-1.683811646719458,0.910879600082252,23.832286834716797,2
136.39320515809283,-0.1718623296684085,0.0991468492002956,19.33968162536621,2
136.83192607322655,-0.3631894252297057,0.2616663748426606,19.536643981933594,2
136.4512669429161,-1.4022867451346408,0.7866574508217887,22.389949798583984,2
136.85301421480932,-0.1930912300740717,0.2815065783375192,19.57025146484375,2
137.03810834746386,-0.638863382417393,0.2982101359776477,19.170684814453125,2
137.42970271421743,-0.1371888128913057,0.7836376574589243,21.714807510375977,2
137.59800490542554,-1.8081070875630376,0.1706676443925073,19.00208854675293,2
136.24635171171107,-1.5876222711081778,1.0306213830197544,22.609466552734375,2
136.16284706350527,-0.7342811188236049,0.2817374376527345,19.530059814453125,2
136.18985480507376,-0.991047555106604,0.4261153762855464,18.64068603515625,2
136.75621114521954,-1.978804969624872,1.3156603613546878,23.781932830810547,2
136.50303776183543,-1.5551516613195602,0.0949372665561596,16.401248931884766,2
136.0839649270177,-0.8541606718817721,0.3870822500634517,22.87482261657715,2
136.73560201172967,-0.9849155238685928,1.342432617099838,23.152610778808594,2
136.56399689098632,-0.4479200860783915,1.437546933058863,23.072057723999023,2
136.83103999373782,0.0119171354634135,0.3000918815987023,19.872495651245117,2
136.7891754445164,-1.9224916839182036,0.4297781772171819,20.07752227783203,2
137.08641332147027,-1.271459539319684,0.9353248549389456,22.996564865112305,2
137.24868082355144,-1.2785931320821855,0.2529991484887529,18.350297927856445,2
137.73880526505332,-0.5109917319364081,0.2128977996228648,19.34589576721191,2
136.96317559406586,-1.2449433440464928,0.2011550074837727,20.100557327270508,2
137.79472968258884,-1.207738880962441,0.4663371101759271,19.019176483154297,2
137.5511445673096,-0.3133972455439733,0.2127799108597832,19.878875732421875,2
136.79936027828674,-0.2708784255521703,0.2011186947654526,19.755931854248047,2
136.29341,-1.4022685,0.5265671014785767,21.410093307495117,2
136.7912286571322,0.0037747221083634,0.9880081973943142,22.99231719970703,2
137.50344590995763,-0.8275665172609117,0.8189289785805524,23.254045486450195,2
136.6333418394753,-1.4231161906127667,1.3500568603989986,23.62693977355957,2
136.52589988566825,-0.3628215038902084,0.8146305602920881,22.890214920043945,2
136.5075794700953,0.003806458644868,1.6052102439589755,23.17593002319336,2
137.54980455843275,-0.6589111683907222,1.498803908347946,23.237991333007812,2
136.19055738394212,-1.724227798844863,0.3216268299545916,19.908668518066406,2
137.08837696669343,-1.2555251275597152,0.1296126211935272,20.67375946044922,2
137.2080797064654,-1.6298585712702802,0.6719554762556502,21.827465057373047,2
136.81605932746544,0.137156368724744,1.0556379735740309,22.489988327026367,2
136.8396769775511,-1.7964818392041937,0.1583983503001963,19.524810791015625,2
136.14403908457706,-0.8237226399744232,0.1453086864621211,20.15298080444336,2
136.49196429021876,-0.954684743786015,0.7748318927533986,21.13537979125977,2
137.20138913217778,-0.1210426192873524,1.200093124466883,21.63785743713379,2
136.95037370766266,-0.4391958944561524,0.2158407195046411,23.381723403930664,2
136.03439764270342,-0.5523780722101105,1.2823556538395389,23.6322021484375,2
137.11127546353413,-0.7251994782574693,0.216849881121847,19.59713554382324,2
136.25629779262968,-1.5202052422487506,0.3163323021499893,19.632328033447266,2
137.65945553932755,-0.3570225320900749,0.7998136867859481,22.40074348449707,2
136.2357373326932,-1.471014757034614,0.9448649836940586,24.10454559326172,2
137.62332092700854,-0.288489269279402,0.5578485718310986,20.622085571289062,2
136.2620117377357,-1.5626300193517737,0.2233832066754214,19.42957878112793,2
136.41635791039465,-1.8674487906113155,0.3923418954153816,19.71678924560547,2
137.59788794317348,-1.5865851970806444,1.3607458532061103,24.074039459228516,2
137.5308756229162,-0.8878565446033578,0.7954326323983008,22.20442771911621,2
135.9685769622854,-0.7006959340349187,0.0618352603859681,20.199312210083008,2
136.21684399629314,-0.205650521491859,1.0735648512127005,23.86429214477539,2
137.673908589571,-0.7657181585007687,0.8945870788343985,22.936676025390625,2
136.80230326819364,-1.0220788716842717,0.3888272842287772,19.08853530883789,2
137.66941067706867,-0.7457742603360104,0.520961066769063,19.497217178344727,2
137.6931321827975,-1.0273090107241485,1.044664988683009,23.05862045288086,2
137.79472364095218,-1.6391618522384246,0.3796616606258967,19.239404678344727,2
136.27446657274405,-1.1243250862518803,0.7317858907868294,23.402502059936523,2
137.67099517273974,-0.9520626715369932,0.3813064329169224,18.937965393066406,2
136.3387075211757,-0.4111413245432932,0.8352244633729491,23.243730545043945,2
137.16956,-0.56871157,0.5148020386695862,21.687705993652344,2
136.980532892502,-1.1994385218291093,0.201387570330743,19.130760192871097,2
136.52954796960668,0.0057556370109512,0.3148726689003261,19.784452438354492,2
136.80185861897365,-0.0754560033541377,0.8100992012183594,22.80170440673828,2
137.55648990127938,-0.1537273865004715,1.262615801069697,22.972145080566406,2
137.32443820789675,-0.0568166364751322,1.4527916800389962,23.083337783813477,2
136.98130270782357,-1.8129937291923273,1.3510984867692188,23.351072311401367,2
136.5699307555623,-0.5653697365857496,1.4387820143941694,23.034133911132812,2
137.03585779904125,-1.331923417541276,0.9344443736881276,21.722705841064453,2
136.99478831131051,-1.749791868877251,1.0021912848244536,22.432838439941406,2
137.51315544183976,-1.3936249372624303,1.49629137873113,23.571062088012695,2
136.96696511959726,-0.6068132515145502,0.3116740884162065,18.744455337524418,2
135.90223247816533,-0.9945211895669104,1.087363474285225,23.37671661376953,2
136.0415149099044,-1.1808504354218643,1.1931387473429047,23.62463760375977,2
136.80069847034724,-0.9690844329049466,0.7910332215840999,20.81285095214844,2
135.9420869268248,-1.2302801324222672,0.6142277109766529,21.18299674987793,2
136.917469703302,-1.1350622804436172,0.3118011561017269,19.149471282958984,2
136.9116423760727,-0.4129639177310508,0.3087280607362525,19.561559677124023,2
137.2470322961288,-1.985045950968094,0.1581092890287128,19.23663330078125,2
136.8073030928693,-0.8751025804524988,0.127957867012796,19.35489845275879,2
137.42048869648505,-0.0486641451920679,0.3079840081089647,19.46526336669922,2
136.33588861923113,-0.0166834844135723,0.8571932082123844,23.583595275878903,2
136.42586114815447,-1.3141137956127882,0.6734884922779216,21.217248916625977,2
136.22527251254166,-0.0889516608021411,1.0997869662420414,22.43674087524414,2
137.18462420728207,-0.290896751635271,0.7791750528107578,21.456409454345703,2
137.75743298377225,-0.8193546735565698,0.9105258912114124,22.773935317993164,2
136.768834229327,-0.7426098959419247,0.8996454410991681,23.04287338256836,2
137.46704155726093,-1.0622665232495212,1.357093057134825,23.296188354492188,2
136.23898429818223,-0.4924330932736278,0.7774042157511468,22.604732513427734,2
137.56150311823632,-0.1164279918066301,0.8890659532758526,22.282976150512695,2
136.70497716090614,-1.9866158907109688,1.2959993821291145,23.344690322875977,2
136.51186561788128,0.0142330365464557,0.1987529686330146,18.667991638183594,2
136.43315949167362,-0.2430957521944376,1.0976021473874906,23.39110565185547,2
137.89779377135125,-0.8087409440683148,0.5790465116241608,20.604612350463867,2
136.26658081318476,-1.4428756664656002,0.2045601999372635,18.740089416503903,2
135.8273323246436,-1.2312914543935534,1.4100491364114391,24.220195770263672,2
137.55572632290557,-0.3938515726239392,0.764824162296459,22.06079864501953,2
136.42736012561497,-0.8914793071476859,0.7918978940021787,23.53463554382324,2
136.3535380731779,-1.3926078438484957,0.2702804840754699,19.096532821655273,2
136.35472043464742,-1.4789145955207217,0.0697598211596626,18.485443115234375,2
136.42724999999996,-0.58387024,0.5683320760726929,20.941020965576172,2
136.7775861184227,-1.6960411366298125,0.1190090375607205,19.079750061035156,2
136.66411225581638,-0.6617188071943447,0.8589497461307712,23.411231994628903,2
136.50595999999996,-1.9044686,0.4490785896778106,20.93988609313965,2
137.21400519605334,-1.524264885233298,0.3634284743029728,19.709489822387695,2
136.84716367527494,-1.20265501974928,0.2926802128492313,17.815757751464844,2
137.3441028496868,-1.4538823838383217,0.1710613600394728,18.898326873779297,2
137.0177994703619,0.1229054298453325,1.558933661565444,23.46196937561035,2
135.99763136255393,-0.5411633861439794,1.396786512348711,22.856586456298828,2
136.7256360577727,-0.0229628838921557,0.1996261660521128,21.004777908325195,2
137.03036094752426,-0.7585914564000953,1.205785510995206,23.32848739624023,2
136.77706463584263,-0.4645123943309003,0.199822780226383,19.075942993164062,2
137.28675239308737,-1.483301350892747,0.2547995298666057,19.58759117126465,2
136.86415652680952,-0.0542205937294762,0.0775229468168876,19.384559631347656,2
137.33760720226496,-0.9212394888382628,1.424380645692474,23.294986724853516,2
136.36935974573464,0.0011579479125206,0.5925900409660657,20.329187393188477,2
136.7351494360899,-0.0869890043352606,0.2013517606464726,18.73802375793457,2
136.4829608871411,-1.3918975520416246,0.7853927181727041,21.59316635131836,2
136.77865943546334,-0.3175681906489238,0.2209779765997739,18.13962173461914,2
135.8925190119055,-0.6208966164670195,0.5205759451537114,19.326568603515625,2
137.23295749388785,-0.0114592828281786,0.5313054093946766,20.72632598876953,2
136.5622717488106,-1.0544002788060876,0.4162034211709026,20.540359497070312,2
136.5827136585979,-1.2909008178465136,0.3862198286471364,19.682050704956055,2
137.25111724495997,-0.2438537630259888,1.213664476873118,23.277902603149418,2
136.46801257523308,0.0474035421364117,1.4991915158250828,22.595796585083008,2
137.79422009491293,-0.4920745438619955,0.8247778586155691,23.089235305786133,2
137.44179511852712,-0.9014139983949854,0.810622700963009,22.959651947021484,2
137.39796175374912,-1.889236466696892,1.3866661948829162,24.09195327758789,2
136.3913370746303,-1.4818754392590845,0.8822671503189758,23.070356369018555,2
136.57327813469905,-1.7932965806733567,0.5701329212293605,20.460494995117188,2
137.19249414065635,-1.9452610196737712,1.0053769094635645,23.24823570251465,2
136.51558919394898,-1.9352517723888152,1.3187327469092267,23.0684814453125,2
137.0186140909321,-1.667634161129563,0.3641557179482731,19.80083465576172,2
136.0173879337786,-1.536805990379426,0.3148245977822282,19.9307918548584,2
136.1863486285488,-1.4600934582759215,0.8446232033205623,22.448833465576172,2
136.9731357216653,-0.9982522004739997,1.2393602343901904,22.834829330444336,2
137.32675232757188,-1.7123319364490377,0.2970234710493624,19.65655517578125,2
135.80656668385276,-0.9416077391995152,0.0931685516588672,19.271650314331055,2
136.5361127861495,-0.9054657469565202,0.8579244193095371,23.262304306030273,2
136.3067932026591,-1.1332379801239372,0.4526367074555336,20.104469299316406,2
136.6298174003959,-1.5735748308199216,0.3306805138167172,19.13832092285156,2
136.31320167024828,-1.2081682276481611,0.2006608186823675,18.253786087036133,2
136.53961300281688,-1.8781727640145656,0.4685824226832623,18.928070068359375,2
136.59031588566427,-1.8763510324667496,0.9418648637093284,23.10124397277832,2
136.1834884326044,-1.5000079929615144,0.8337793808889751,22.476072311401367,2
138.01967836158713,-0.8759652460783429,1.2567443886623442,21.702516555786133,2
137.49422000000004,-1.6194971,0.5108816623687744,20.828407287597656,2
136.2645678338584,-0.823563235579253,1.0463080402006104,23.38683700561523,2
136.22727364543084,-0.659648303943721,0.2342662206585879,19.431726455688477,2
136.48429487689984,-0.7322472019657292,0.8260463156907435,21.94347381591797,2
136.50527882236298,-0.4262765424760893,0.2979515487674585,17.959989547729492,2
137.94684355708463,-0.7275899820922647,0.2115276239849695,21.91329765319824,2
137.30475314165994,-1.4428726902042657,0.5276769466240706,20.637609481811523,2
136.4966433031799,-0.4654917067942768,0.2827542365417171,18.650711059570312,2
136.75540533522667,-0.614933560366272,0.452607094997639,18.827892303466797,2
136.8297624649388,-1.993559386731232,0.3251816226477769,19.03479385375977,2
136.31640286727185,-1.244115852805307,0.2695000702727884,18.817033767700195,2
137.0836507647686,-0.3934649977372755,1.417901054232366,22.078031539916992,2
137.68105082972824,-0.7974277802598285,0.0543856343797981,19.104650497436523,2
136.2139887495951,-1.2153515325024622,1.5410200232166136,22.765113830566406,2
137.89438095686597,-0.5943106897395012,0.3595178409848337,19.265949249267575,2
137.6685607819661,-0.2345953888479828,0.9981650571185816,22.9153995513916,2
137.61447414784232,-1.2141137719508006,0.9744709405422702,22.821882247924805,2
136.840760423429,-0.0139249570583072,0.8161069616984353,22.76934051513672,2
136.51694842443197,-1.4264924567305997,0.1283856933176619,17.57207489013672,2
136.82622078861436,0.1424970085022119,1.5691844980865723,22.862836837768555,2
136.24738493344148,-1.052401121261915,1.2689955358019451,23.476581573486328,2
137.5036339195346,-0.1442363142867741,0.7927399640855597,21.923139572143555,2
137.32677143254747,-1.251749150928684,0.3881018677876225,18.70016098022461,2
137.11909378941874,-1.5531228415412714,1.0119811448629026,23.027467727661133,2
136.675343081634,-1.5571824499373343,1.1652006807351032,23.331315994262695,2
136.71782182125008,-0.1154200004631943,0.2394983470354052,19.06772232055664,2
137.36748754707654,-1.944630761127116,1.2031844912804206,22.882633209228516,2
136.9172202358988,-1.7302449878701538,1.4920210555544775,23.52299118041992,2
137.0506623159313,-0.994512757026443,0.8179102698193792,22.976551055908203,2
137.01375304635016,-1.8559576452623563,0.1554557439113415,20.55377769470215,2
137.0336992500293,-1.3724957782868112,0.9337106384838848,22.540456771850582,2
137.67191990922404,-1.5871528169471252,0.8017658264411774,21.89689064025879,2
137.4654800085128,-1.817245458592944,0.3947325577280364,19.93250274658203,2
136.31956683097087,-1.2621259691353597,1.200335864583811,23.946107864379883,2
136.92055149331694,-1.3315569936031115,1.1968011797780669,23.183950424194336,2
137.54746483403636,-0.5043563960646013,0.9699104241415596,23.897890090942383,2
137.2336790773118,-1.13562529334231,0.1992788749372233,17.69776153564453,2
137.57556315262036,-0.3109766875891995,0.5729673906956354,23.287120819091797,2
137.27837114512647,-1.3424628049749656,1.4731145833573709,23.711042404174805,2
136.95900492227926,-0.2708889207482436,1.1713277214172566,23.65216064453125,2
136.4236563179733,-0.1905160171403283,0.9002152444155823,22.883684158325195,2
136.22011763570964,-1.5260150052320425,0.1288783028963216,24.7994327545166,2
137.92142485047165,-0.6386097172483288,0.6042696773925642,20.68014907836914,2
137.80610344789275,-0.476603501701889,0.2951198974119775,19.496803283691406,2
136.95243038812805,-0.0772785375573756,0.7984314395925627,23.248973846435547,2
137.34804330795794,-0.6872469409348908,0.7859588927370753,22.349071502685547,2
136.2235529929916,-0.2774376623789197,1.240090843507817,23.058725357055664,2
136.27842153748762,-1.847963972969313,1.532671196974175,23.364532470703125,2
137.388333040558,-0.8199809224427953,0.8674252268422693,23.006994247436523,2
137.4842944489833,-1.8010098813475477,0.6520380396140967,21.463550567626953,2
136.30471137858447,-1.8075405908247604,0.9573806691454856,22.77755355834961,2
136.71917588825227,-0.6128754016006337,1.010485076504766,23.71350860595703,2
135.8861891210553,-0.4878267577675496,1.2919788835865194,23.10116195678711,2
137.577992475677,-1.5856799062966922,0.7951862359472569,23.50063705444336,2
136.61226461892434,0.1146417606180025,0.991079743899017,22.224857330322266,2
136.98546894354925,-1.1396787651407745,1.6223267173687392,18.7388858795166,2
137.14774335836265,-1.799521665572457,0.1570275966365451,18.161151885986328,2
137.73757999999998,-0.59796319,0.4823963642120361,21.517261505126953,2
136.982564164531,-1.5334108313545562,0.7908577381933966,22.524368286132812,2
137.4551521514147,-1.3029262435251463,1.0047485110870933,22.7772159576416,2
137.2646956493088,-0.9885454332989586,1.540681962023902,23.440034866333008,2
136.13941,-0.86544364,0.6339966058731079,21.53487968444824,2
136.18559542655845,-0.4113082437588941,0.1728989215579955,18.598718643188477,2
137.44735881451803,-1.2741877833046826,0.31629345622419,19.8817138671875,2
137.213227784493,-0.7402748833834625,0.8431470909425473,22.294668197631836,2
137.67889909723266,-0.5698622479875427,0.3236522195827417,19.49115753173828,2
137.6820075957858,-0.6277470444455058,0.3855017896215748,19.25494384765625,2
136.75906009896656,-1.0395847970635494,0.2618711051204153,19.752410888671875,2
137.3813444169272,-1.4224497196147872,0.9534264568688204,23.545589447021484,2
137.2775636789853,-0.8282382677094299,0.8132561541617029,22.65647315979004,2
137.50533297532166,-1.89451771196483,0.8315987597154574,23.40790557861328,2
135.98905040374416,-0.5383964895759291,0.776999687524947,21.428956985473633,2
137.2631047180866,-1.6248996379813518,0.1272909085134568,20.230934143066406,2
137.68965743023494,-0.60611888448168,1.4407887244681683,23.39479637145996,2
137.38436119195586,-1.0790956019215432,0.8172438094923398,21.643306732177734,2
137.67060525351107,-1.563295449353568,0.8969407390187489,22.378355026245117,2
136.89491169451088,-1.04733098432499,1.0350752680349968,22.682708740234375,2
136.95102077042583,-1.346303394935119,1.5455733904875095,23.306711196899418,2
136.23353058898775,-1.522374445026175,0.2954633515558149,19.918724060058594,2
137.13826281550897,-0.1468168718309031,1.276295126937728,22.455209732055664,2
137.55160510829762,-1.8547375791229668,1.0931428098670992,22.94154930114746,2
136.59078046235288,-0.1405477554474655,0.7473323112434122,21.825448989868164,2
137.76933122275295,-0.5940083998764112,1.2930996114334483,22.776700973510746,2
136.8123615813291,-0.7523989517692597,0.0580703101835342,23.40129280090332,2
136.10766896962951,-1.5470933593181542,0.2682523395773688,19.667293548583984,2
136.98383666723905,-1.7445688983986,0.9654112341141634,22.851953506469727,2
136.42695065138676,-0.642904526042607,0.2833707850932609,19.210378646850582,2
137.3840201389341,-1.6011054539558744,1.271107041105164,23.752302169799805,2
136.18311517189505,-0.5489810047471373,0.7963986376302554,21.21811866760254,2
137.37397378650422,0.0037508487645359,1.0254369864318111,23.06745719909668,2
137.42765025590396,-1.3525184618317982,1.0034388224745343,22.93932723999023,2
136.12024145650764,-1.6542284776537737,1.376478656470848,23.067167282104492,2
136.89429928604525,-1.5366114873520806,0.1548130904515947,19.744001388549805,2
137.34907605975172,-0.1871856366094413,0.3037533379041778,19.69204330444336,2
136.8830154127867,-1.3455733179514129,1.3579311325839003,23.16764259338379,2
136.92881288539448,-1.167500989887669,0.8824313110936276,23.323999404907227,2
137.65523746612357,-1.6895629548294917,0.232318006145729,23.321197509765625,2
136.52544374414137,-0.8176728938404655,0.9889695123626534,22.68402671813965,2
135.92681157582706,-1.2347804090373549,0.3011030697394988,19.735408782958984,2
136.8935455768004,-0.5922171771262408,1.3188684421280876,23.649524688720703,2
137.17706680916004,-0.9683067196088068,1.2974048962991855,23.374523162841797,2
137.85595212347118,-1.2121887388355794,0.1074781469519546,17.662385940551758,2
136.0507253638385,-1.233423593584874,0.3042117086155814,18.836503982543945,2
137.10672091336622,-0.8966091586371526,1.08368757847428,23.51327133178711,2
136.43201983502652,-1.5542473613471894,0.2061317510713386,20.11005401611328,2
136.201562141964,-0.3914739229234725,0.3883310663462716,21.218765258789062,2
137.57205696954307,-0.0892457396857018,0.280442305523694,18.803394317626953,2
137.17232233337137,-1.7854430577966944,1.166318961470429,22.1903133392334,2
137.783949083124,-1.2551975682822665,0.5699175800410266,20.117435455322266,2
136.12563646733966,-0.2092363911420645,1.4299381289608433,23.574796676635746,2
136.28057662285056,-0.1750047626435932,0.4938306621582085,19.70695686340332,2
137.82102277254256,-1.2092414235832856,0.2172111360228978,23.189905166625977,2
136.98116125926433,-0.3350139989504381,0.3090954228616505,19.794836044311523,2
136.410458254717,-1.6310127765064688,0.4853332030748369,19.996871948242188,2
136.53822408941446,-1.210606033930677,0.7016721189678237,21.789133071899418,2
137.39525187990495,-0.135908009538147,1.1255750182070177,23.062335968017575,2
137.98158984342325,-0.7321629574491596,0.5299748650164327,18.774429321289062,2
137.393871564145,-1.889663944566239,0.3337314400192684,18.817646026611328,2
136.89081060441612,-1.31027234359943,1.1219865128058184,21.756853103637695,2
136.6711860293257,0.0293143264716077,0.2093231849576141,19.1900691986084,2
136.22153973926316,-0.990569629141404,1.2136529796646225,22.931093215942383,2
136.85697,-0.0077910112,0.3153526484966278,21.31920051574707,2
136.8009140536714,-1.4755856354810415,0.0697547667320604,15.792177200317385,2
136.89685779550115,-1.5620625333342226,0.8915106055149982,21.940414428710938,2
137.56352800799928,-1.155180909864603,1.1900599075768563,22.88939094543457,2
136.65295491488052,-1.1168644599677986,0.3868606555846855,19.599950790405273,2
136.9002193180635,-1.2070252145283271,0.087907620366927,20.627063751220703,2
137.4188164508129,-1.1966773217461115,0.849861046912504,22.52114486694336,2
136.56545634586791,-1.4701116720933394,1.365363423503034,22.315406799316406,2
135.91744216250262,-0.472048484157458,0.0702411816893464,17.836700439453125,2
137.560117364617,-0.1807998814926012,0.7290170198489369,23.308656692504883,2
137.00885885789884,-0.6723220407652523,0.769716916249062,22.63910865783691,2
137.55255620243042,-1.6262655278846585,0.2009177802364276,18.59147071838379,2
137.06149669515892,-1.4322871713288725,0.1588744518348448,17.511890411376953,2
136.5130628788664,0.0749953845947969,0.629899145323477,20.55104637145996,2
137.70770146999865,-0.9663301667147288,1.290315339587785,22.445890426635746,2
137.3502739948374,-1.5214154407728917,0.6705419516249045,22.95568084716797,2
136.74464191810665,-1.1853248543287986,1.1989384956103062,23.502988815307617,2
136.89663255736397,-0.5933085939227558,0.1607268378027363,23.3887996673584,2
137.27075381421767,-0.527904327391931,0.7947789682532117,22.358110427856445,2
136.84481992437634,-1.1400505446112223,0.3242222944180898,19.4635009765625,2
136.25862229140148,-0.5062591482595672,0.3174111089623674,20.893999099731445,2
137.16477655278462,-0.06175522141653,0.6659302034366891,20.63446617126465,2
137.63519565768573,-1.761091434265105,1.396785724136382,23.11695098876953,2
136.24911690628554,-1.486088623429941,1.3404228535748826,22.74432373046875,2
136.36072129147323,-0.2930914888866903,0.8619958333176316,22.67942237854004,2
137.22510895357811,-0.5784300822003869,0.2366348976433825,19.30950164794922,2
136.85074548533933,0.1415217773106541,0.1761598634934421,19.680755615234375,2
137.19295358524838,-1.217723853517918,0.3163534609811503,18.7426815032959,2
137.5110932727955,-1.4873084070919669,1.0597593967794583,23.42218780517578,2
136.8238437741818,-1.100711220462715,0.3880435348784937,19.573320388793945,2
136.19385928586073,-1.14582861393044,0.1611539987514997,17.41225814819336,2
136.07149847438905,-0.6274325408474932,0.3811720243793108,19.52428817749023,2
137.02376533237913,-1.7811286439811902,0.0400052103581983,16.01616668701172,2
137.03362776665188,0.0206795527959866,1.0913594399070137,23.03629493713379,2
136.3703669638168,-1.9135480947151675,1.118164007923936,21.781314849853516,2
137.72241417386533,-0.4846982987899945,0.0484376888920985,22.30826187133789,2
137.90206648798792,-0.5470215574195932,0.40977167090051,19.696609497070312,2
136.7258003574528,-0.0156010884083767,1.06496114664895,23.70804214477539,2
137.56804482515122,-0.3655343007618975,1.4494262736762824,23.46211624145508,2
137.25248453364415,-0.70013516879803,0.2997909034796003,19.752870559692383,2
136.1981634752351,-1.2568838017311144,0.2703043542558389,19.425262451171875,2
136.8494041434407,-0.4289164731541975,0.2208842569535804,17.665359497070312,2
137.57300740811766,-0.7034140548998914,0.7707936925414587,21.134033203125,2
137.27039609678053,-0.6561689177870642,1.1378846908082003,23.245004653930664,2
137.1120939826629,-0.8703477172586755,0.3003719670140045,19.996883392333984,2
136.34429036836636,-1.1157107550565517,0.1996812757850639,19.86486434936523,2
136.8392450326312,-0.6707172179404048,0.0939418444567359,20.803613662719727,2
136.26482897921187,-1.4602205155323331,0.2306848648100296,23.892683029174805,2
137.58398765788095,-1.0832424975932875,1.0503370642003027,22.290102005004883,2
137.00006308117148,-0.0859558770939724,0.2380030378547115,18.613494873046875,2
137.16128504515956,0.0662605072378816,0.6662750102583685,20.52534866333008,2
136.32055000000005,-0.9900452,0.5671605467796326,21.728412628173828,2
137.00960099723406,-2.043176166862342,1.2136208505755814,23.62477684020996,2
136.74745894612164,-2.0229513227592157,0.8206706861204528,23.308837890625,2
136.77631435481916,-0.0369504909606206,1.2007541054766924,23.06918716430664,2
135.97328803677178,-0.7789120507651546,0.1920047461500467,20.070331573486328,2
137.65313228842243,-0.2753733381989867,0.3095772301533573,19.218284606933594,2
137.25944980849818,-0.0807053236305382,0.6796843656410365,23.790393829345703,2
137.124784568247,-0.6888526312427292,0.3317621696187428,19.980499267578125,2
137.29129045171385,-0.2330095039360865,1.1718189136026735,22.720121383666992,2
136.12889184918066,-1.6306339380803916,0.7861942132223049,21.783267974853516,2
136.39034488447206,-0.5298854794822178,0.6329347261395989,20.93999481201172,2
136.85204094204977,-1.246844088995875,1.0873833446484358,23.806612014770508,2
136.5445581119595,-0.8230365148204261,0.4443779900390286,19.13225555419922,2
136.4188434043099,-0.2186791645568088,0.1523684123123711,19.886672973632812,2
136.80085246719077,-0.8313806039560594,0.7532321453273368,22.943117141723633,2
136.31807833098355,-0.425632906215799,0.2195081013365878,20.128639221191406,2
136.4261536706591,-0.5780645753105776,0.4388412571875583,20.202539443969727,2
136.99402503253248,-0.2158246977571946,1.6177161442450505,22.82489776611328,2
137.3058106024887,-1.5516144490108572,0.2196677740150552,19.225078582763672,2
136.8140653499358,-1.7714807992688075,0.957904245943744,23.234806060791016,2
136.45830181631482,-0.4727218290532737,0.4520571088351072,19.860816955566406,2
136.01621196518903,-0.8278085331208279,0.2970243949258003,19.59677505493164,2
136.2938420790246,-0.7923806661092115,0.9381407526843658,23.15589141845703,2
137.94948122884426,-1.007642610394876,0.7877502411298828,21.778339385986328,2
137.27077958263084,-1.4927581550966982,0.2494759200565832,18.210073471069336,2
136.80317777245654,-0.9808507904570892,1.0675691595191168,23.944583892822266,2
137.52657983681317,-0.2220178655862934,0.2946159938974237,18.645248413085938,2
137.035367730425,-1.5985003137853877,0.3244680652465291,19.138792037963867,2
136.43035169560747,-0.2692684332469777,0.2103924153109242,19.362409591674805,2
136.69541499397647,-0.0358411877735226,0.6322374476441895,21.27414321899414,2
137.9077929436051,-1.287416924686285,0.904097431745934,22.37596321105957,2
137.19170390471487,-0.4114074029202511,0.309732971917043,19.23883056640625,2
137.3912390648972,-1.1497978769262691,0.8149305188599791,22.03969955444336,2
137.26558851415857,-0.6888765320577988,0.2985909511333974,19.72435760498047,2
136.4119192147816,-0.9503876311627848,1.204386363980782,22.746326446533203,2
136.8330206000301,-1.721932642179691,0.8904343693817242,22.61186408996582,2
137.0657217157243,-1.672470228894701,0.1663639277078023,16.098600387573242,2
136.5477394074873,-0.1746926508088006,0.2386435004432922,17.81123924255371,2
137.29819943284576,-0.6919872057980533,1.417279023469563,23.032955169677734,2
137.65919030710626,-1.2423664499089513,0.2872196650207379,18.818479537963867,2
137.50893663971178,-1.7448978793230163,0.9676620556268992,22.33854103088379,2
137.6855103078215,-1.2192831911050248,1.132038229003934,23.319271087646484,2
136.66498862628015,-1.3128536418584968,0.9955404736858212,23.296836853027344,2
136.4869605197066,-1.3312757167307283,0.8360997057298248,21.894878387451172,2
136.36323849978237,0.0027201382801438,1.433982791154729,23.113346099853516,2
137.21632999999997,-0.4313714,0.6237478852272034,21.823312759399418,2
136.67864614437073,-1.3704592065220211,0.1016613486573195,23.17291831970215,2
136.53638338156156,-1.90494927426371,1.0213246389136876,23.609893798828125,2
136.73860977940691,-1.0667603512441828,1.1947145971410809,23.881797790527344,2
136.57533383882475,-0.415179384052903,0.1717952095828792,17.254772186279297,2
137.32185011348923,-0.5267231477939086,0.2950690553058291,20.101362228393555,2
137.09494,-1.6314052,0.6491819620132446,21.558725357055664,2
136.37488501774416,-1.2663877042699232,0.0967745001291375,17.419227600097656,2
135.88844211934455,-0.8596276474977529,0.7756487099024231,20.88309097290039,2
137.0707325416988,-0.2088900470484906,0.2220853375874671,19.974117279052734,2
136.30184268554737,-0.9233228869369524,0.9443893403647944,23.44359016418457,2
137.17569147395275,-0.8988873468525089,0.6019568489013399,20.170265197753903,2
137.64489966456438,-1.571654873573524,0.6869352671702355,22.282529830932617,2
136.2653912036534,-1.4307775465355193,0.9025582796823332,22.580963134765625,2
137.6931173913071,-1.0910173697986134,0.2481686265965254,19.676513671875,2
136.49494082531658,-1.134471413544777,0.7682499486806513,22.69147300720215,2
137.54361093505915,-1.096828589602857,0.1629575201097828,19.45384979248047,2
137.4011150939105,-1.2602095692868298,0.8256000548736221,23.037277221679688,2
135.7871375265781,-0.820302451766912,0.6092885183167533,20.45278549194336,2
136.9078572415652,-1.212665897605328,0.784972265686051,22.33774757385254,2
137.18730310957196,-0.5876684661035099,1.5929098837562348,23.457672119140625,2
137.7762362806342,-1.1066338883665778,0.4705219091833976,19.53795623779297,2
138.0053276497172,-0.8983698551548748,0.1519188653196237,19.771732330322266,2
137.5708354625846,-0.5695008143418856,1.4336289167140872,23.19745445251465,2
137.6592035742615,-0.6500030591592338,1.1226472864931138,24.08655166625977,2
136.54978979195914,0.0075224241211986,0.2612371406553031,23.01710319519043,2
136.9534993174107,-0.4106101998440805,1.4416008817020587,23.334537506103516,2
136.08468070654197,-1.3788183720800975,0.2556780589322966,19.190248489379883,2
136.49806106746124,-1.9933870794043216,0.1550253676257059,19.2633056640625,2
137.19717930511192,-0.3077876548901209,1.1964872983151364,23.229032516479492,2
137.1232541764508,-1.170886750970078,0.9399108724218564,22.543102264404297,2
136.84607331841218,-1.835018163492804,0.9622816537547052,23.907072067260746,2
137.41762091276243,-0.2619579533486192,0.7874564484760133,22.80827522277832,2
137.79813,-1.1590112,0.4688091576099396,21.488950729370117,2
137.4305134195136,-0.1589700982738495,0.7835330897800243,22.330995559692383,2
137.94093921264093,-1.3455775417839029,1.2535357467989834,22.307392120361328,2
136.95393353536895,0.0779269965106077,0.4787978513005345,19.700454711914062,2
137.9214980882961,-1.4048388827312053,0.2641339954940336,20.06122589111328,2
136.11893226388338,-0.2187656891396183,0.1950711039990401,17.616430282592773,2
135.99631983257876,-0.2940222699670517,0.2990187111012777,19.635290145874023,2
136.58972514164165,-0.0678464268207646,1.2847539764436295,22.779762268066406,2
136.9563096197158,-0.7276852408992462,1.4305002145906212,23.7971248626709,2
137.36321700309924,-0.2680043856136854,0.66275246707992,23.223291397094727,2
137.27077118285575,-1.1234177775516891,0.2616886270241254,23.763093948364254,2
135.9984203566716,-0.7654756507145589,0.7222792197764835,21.527477264404297,2
136.6325863285459,-0.4168046973140389,0.7684820273964268,23.350095748901367,2
136.28260053285652,-0.1178039007927778,0.2766843443634694,19.273210525512695,2
137.70060207975524,-0.5897708204215497,0.5211760256057701,19.98452377319336,2
137.979858904921,-0.7747965126481788,0.9798398604611008,21.979143142700195,2
135.97643491083775,-0.5467645618002336,1.1668127041805751,22.892606735229492,2
136.18813999999998,-0.69246451,0.4684759676456451,20.71999740600586,2
137.50679800315928,-0.3813775395621961,0.6485008412568397,20.87567138671875,2
136.51719368258318,-0.6498387756560402,0.869433106404309,22.559581756591797,2
136.59376547567973,-0.0197169837605046,0.1644265762840331,18.788524627685547,2
135.87996662152207,-0.89868537045743,1.658043535821759,23.330995559692383,2
137.23091235286492,-1.3892461091439463,0.981761232886878,23.097000122070312,2
137.77721088953288,-0.7619784721060886,0.7075005910977724,23.49169921875,2
136.52182167719693,-1.639585466263022,0.042632850438006,17.09214973449707,2
136.13044905190415,-1.3223030863868257,1.6018100224250718,23.371835708618164,2
137.7282117172951,-0.5656257202368568,1.5893555762942468,23.564979553222656,2
137.29913999999997,-0.16289199,0.6614255309104919,22.010488510131836,2
136.73757596521517,0.001782338759147,1.4506230506553728,23.4276065826416,2
136.6029383878209,-1.2774013840372096,0.5089857560001034,19.995574951171875,2
137.53158230213683,-1.2066818377077495,1.0880283767898151,23.008310317993164,2
136.86402696944864,-1.4416929076898428,0.269870888366554,18.17020034790039,2
136.60618363669116,-1.18337973152709,0.6419345487428423,21.19005012512207,2
136.970054488523,-0.1412735262939361,1.4382764682090332,21.877967834472656,2
137.67269243789866,-1.2501066523527942,0.0993804386293307,23.560901641845703,2
136.61397999999997,-0.3538915,0.2793652713298797,20.61750030517578,2
136.66698630985886,-1.1921280490906132,0.2843475184911528,19.773176193237305,2
137.54812283908825,-1.160414066237235,1.129956554701143,21.497379302978516,2
136.8678361255676,-0.1251702464232713,0.8970720791800042,22.821063995361328,2
136.0682676873404,-0.2300357214425048,0.3142330234269394,19.554908752441406,2
137.42381787189794,-1.3552116522744742,0.614993366514563,20.939350128173828,2
136.92333637498598,-1.2785156282155337,0.7195871363250499,21.308265686035156,2
136.57311298596636,-0.2231883114168143,0.3151769740008886,19.080869674682617,2
137.73326531589083,-1.677997095792828,0.1359710906904619,19.992197036743164,2
136.96954420704452,-0.8790738214340882,0.7368473512369708,21.523746490478516,2
136.52860597948907,-0.0512217481776836,0.8027962480498307,22.61185073852539,2
136.5184096209787,-0.949123027078178,0.199218056639487,18.093185424804688,2
137.01111441068406,-2.039023665755072,1.1524059523045491,22.97650146484375,2
136.5438122795003,-1.6268797416364242,1.425953630845604,23.408231735229492,2
136.7324558104229,0.0791472018423458,1.5157027660404845,23.76704978942871,2
137.8047802402443,-0.6255333545768279,0.0877201881070958,18.32352066040039,2
136.48472580697936,-1.9205565313688688,0.9317780539329596,22.685075759887695,2
136.59363287506113,0.108488501674071,0.2767578021938748,19.876968383789062,2
137.8877595611163,-1.4150755018108423,1.008363753579378,23.001235961914062,2
137.5876401131054,-1.7691377736647995,0.825410314882224,22.10548973083496,2
136.87341046188743,-1.538763773387824,1.2110468475619824,23.370746612548828,2
136.57575158260877,-0.1010675156660635,0.1323999359702024,17.998775482177734,2
136.4536691058931,-0.9358071859151984,0.6530844869303291,21.087451934814453,2
135.96220580175074,-1.3641794641579923,0.4448877365579794,19.589393615722656,2
136.58009993373005,-0.7272579909615113,0.394935130560561,19.482337951660156,2
137.16592156732807,-0.7654718783188719,4.669913195387256e-05,19.01322555541992,2
137.2065389323608,-1.495611931452701,0.3855074824388025,19.455808639526367,2
136.84302652553578,0.0929430031496092,0.2760842952915434,19.336441040039062,2
136.00034644253716,-0.5550146387140283,0.6703978316425967,21.39108085632324,2
136.40479945989478,-0.7624763014076074,0.6728664986486259,21.65613174438477,2
136.00232166844847,-0.499834412568052,0.0882536496483953,23.177507400512695,2
136.4634272311749,-1.8080315035951051,0.962315359608356,23.356592178344727,2
137.29962,-0.1292402,0.4546687304973602,21.245100021362305,2
137.60362899219632,-1.6806656625539222,0.3767301107522513,19.930805206298828,2
137.4764655790571,-1.332970576360073,,,3
138.00881723461643,-1.1570216250163123,,,3
136.24387883850392,-1.6762904026865904,,,3
137.31077131421202,-0.1992853640537301,,,3
136.26226721490127,-0.5026760571542087,,,3
136.58216545110722,-1.7658607065714482,,,3
137.4858714732633,-0.0750839641228725,,,3
137.3153349651693,-1.27409936589557,,,3
137.5869442203608,-1.82337150516164,,,3
137.0876002024017,-0.5392322307325852,,,3
136.9192676768213,-1.9597565350606945,,,3
137.51858395920036,-1.38130666096902,,,3
136.65030340815983,-0.7827518773934332,,,3
137.64290531091336,-0.8415826852204092,,,3
136.0420463688282,-0.3434376150357571,,,3
136.9693724567167,-0.5160097262207974,,,3
137.83277496919587,-0.9361446687484264,,,3
136.00483872506106,-1.2708817510028612,,,3
137.42552057655502,-0.945539683163898,,,3
137.04778905063898,-0.4998226950571774,,,3
137.92416766472553,-0.5906909514753883,,,3
137.14593352819787,0.0990022193147411,,,3
137.3171685669271,-1.0141365831806348,,,3
136.42729865380343,-0.630795008864067,,,3
136.61441618571718,-0.9878766197284224,,,3
136.91955680450152,-1.6061992072109126,,,3
136.26215017795795,-0.6685616679259744,,,3
137.92837259200434,-0.6296319940795186,,,3
137.49128799624782,-0.4062856973908466,,,3
135.85984985906097,-0.9271010319413664,,,3
136.83045787953006,-1.6113018668429753,,,3
136.85067659726025,-0.0057541804410029,,,3
136.66086353557662,-1.233240968767248,,,3
136.4346314565396,-1.666921158905134,,,3
136.23800067050215,-1.8227834842265576,,,3
137.4177170883478,-0.2367161266221111,,,3
137.86819222225614,-0.8285622526197229,,,3
136.3354990485946,-1.1393386401048002,,,3
136.0599305832458,-1.3884492326553992,,,3
137.0339574505062,-0.8659103536894854,,,3
135.96628931194178,-0.8973331383910603,,,3
136.17628853718486,-1.4346639937249932,,,3
136.3858151844508,-0.4706579504150127,,,3
136.45393796984789,-0.0752399142540249,,,3
137.08584438192906,-1.8141149504945835,,,3
137.66634411361383,-0.5504174353210324,,,3
136.84011915387708,-0.8914731334643827,,,3
136.07252970654045,-0.4667560820576403,,,3
137.14270561541036,-1.0998801269727927,,,3
136.5299408003977,-1.837167200472769,,,3
136.39174291401136,-1.463192903532573,,,3
136.8080658957619,-1.2501774175758051,,,3
137.89919304605556,-0.918343789592018,,,3
136.44094703159828,-1.5395688179527192,,,3
136.25053048618685,-1.551101082741353,,,3
136.52123749215266,0.0527283816448442,,,3
136.94113754170965,0.0023633407560898,,,3
136.6712315752611,-0.2298131738690694,,,3
136.25126459266895,-0.6950789057361058,,,3
136.44343846609098,-1.3871595684775526,,,3
136.34509857854812,-1.6601021288101905,,,3
137.21969150857268,-0.25405658173562,,,3
137.63587738466782,-0.2770709269665732,,,3
136.9854434893703,-1.1379029384693455,,,3
136.4560320605814,-0.3964469707508156,,,3
137.53545221809875,-0.5108435188328235,,,3
136.5438948864422,-0.765752379068239,,,3
136.6491938748251,-0.0764160510478961,,,3
136.4702984158177,-1.1864706029341794,,,3
136.47180136400812,-0.1242042522388771,,,3
137.3022350016926,-1.542274765618003,,,3
136.83792596636624,-0.6937813450287397,,,3
137.46647713373477,-1.9302884637969715,,,3
137.17798567481302,-0.0557174926406779,,,3
137.8744010361091,-1.3901290381727798,,,3
137.70816226590784,-0.2286981685697453,,,3
137.59941250884,-0.9463097120914468,,,3
136.55720364837833,-1.5465391656762555,,,3
137.2043644039181,-0.5933856377516964,,,3
137.35454181774602,-0.0323494530053341,,,3
137.10263444287682,-1.7030021793810055,,,3
137.35813254421393,-0.1994191820347265,,,3
137.30125769763157,0.0409355987009585,,,3
136.7820308746287,-1.021308518450792,,,3
136.78181207442924,-0.03506587260689,,,3
137.41731869823457,-0.9664748719779576,,,3
136.2635087181152,-0.8483995808799438,,,3
136.66657119490938,-0.9769906384519368,,,3
136.7207945760827,-2.0010780693709345,,,3
136.19470389291567,-1.3952546423981291,,,3
136.82152949861668,0.1452815409744021,,,3
136.80501956853362,-0.049672181374655,,,3
136.06815004942916,-1.62723713846495,,,3
137.4832871461163,-0.3178365864632229,,,3
137.5735993724834,-0.5912847879757698,,,3
136.30894405603732,-1.416285696239009,,,3
136.90257516439942,-0.1650252883829003,,,3
137.3436760070954,-1.364919362813193,,,3
136.89924517281463,-1.1327890693025215,,,3
136.39898154011252,-0.4876565130845614,,,3
136.24468966033044,-1.6613087797099046,,,3
136.85987730697556,-1.197971453078711,,,3
137.41154255700286,-1.1977244834144465,,,3
137.4960049107655,-1.7693795154484735,,,3
136.80542921544733,-0.5690618424344871,,,3
136.38038481690725,-0.5256463666314733,,,3
137.30021544755786,-1.314278032892687,,,3
137.15025568441322,-0.2071628781508853,,,3
136.23293770962135,-0.5775475368457093,,,3
136.81436429029594,-1.332114074444948,,,3
137.9841651732297,-0.861963754183873,,,3
137.1102767743789,-1.2614423561784789,,,3
137.5662710688797,-1.306918425920691,,,3
135.97420129942347,-1.0170495022065604,,,3
136.06886115606895,-1.518926527855302,,,3
137.1313142977954,-1.0440857368496317,,,3
137.89638922201607,-0.8660008443845625,,,3
135.92062083990265,-1.2787419378784692,,,3
137.2913792242602,-0.8228043580515453,,,3
137.49632504633198,-0.5536831819062745,,,3
136.23008249566251,-0.4091449387112063,,,3
137.77335114101285,-1.6305085819791287,,,3
137.39079940489944,-1.7095139557071708,,,3
137.33213599623906,-0.3611112112030386,,,3
135.98655256496875,-1.1526816450902275,,,3
136.12732974,-1.59145169,,,3
136.53633784,-0.27377953,,,3
136.42664931,-0.16180103,,,3
137.39972132,-0.8540714,,,3
137.12891109,-1.93173731,,,3
136.99374793,-1.65455235,,,3
136.61228564,0.03661787,,,3
136.34206878,-0.37745414,,,3
136.91352955,-1.85687703,,,3
136.56507427,-0.90144103,,,3
137.64436685,-0.52841801,,,3
137.50123856,-0.12093807,,,3
136.4581449,-0.55000223,,,3
136.55332147,-0.46062148,,,3
136.33613971,-0.99240808,,,3
136.6381927,-1.29855969,,,3
136.31366452,-0.12859776,,,3
136.50031156,-1.45488153,,,3
136.1626293,-0.64461987,,,3
136.40456501,-1.32943316,,,3
136.1904476,-0.19133901,,,3
136.73877895,-0.16073735,,,3
137.72006693,-1.21423383,,,3
137.42549559,-0.95292513,,,3
137.70605508,-1.68052649,,,3
137.47371431,-0.39557744,,,3
137.30599069,0.02135939,,,3
136.29351064,-0.19901561,,,3
136.87326212,0.11377127,,,3
136.23789192,-1.55631328,,,3
136.66435816,-0.39520599,,,3
137.26498441,-1.38938676,,,3
137.93025371,-1.17111783,,,3
136.22793744,-0.48072627,,,3
136.55011637,-1.40391796,,,3
136.68729383,0.01348223,,,3
136.27194304,-0.39012218,,,3
137.58306899,-0.3469069,,,3
136.27198899,-1.01370814,,,3
135.8942335,-1.39409003,,,3
136.21383808,-1.62008089,,,3
136.37725697,0.03718264,,,3
137.40241383,0.00164286,,,3
136.47706485,-0.9927297,,,3
136.49196054,-1.60138606,,,3
136.82067373,-1.40312564,,,3
137.03032577,-1.28708423,,,3
136.45611866,-1.5765676,,,3
136.29583323,-0.79374137,,,3
137.52915095,-0.89764246,,,3
137.80569382,-1.24023291,,,3
136.80985758,-1.48286663,,,3
137.50727969,-0.52523998,,,3
137.73760455,-0.329279,,,3
136.86378231,-0.81750793,,,3
136.93723951,-1.49519521,,,3
136.78842946,-0.04501524,,,3
135.82430468,-1.10043786,,,3
137.18980809,-1.54681701,,,3
137.23970713,-1.90960847,,,3
137.19489175,-0.5968198,,,3
137.11902973,-1.30853094,,,3
137.125643,-0.45126057,,,3
136.86668104,-0.8947193,,,3
136.93661561,-0.4967246,,,3
136.99125019,-1.12842214,,,3
137.63278605,-1.73053627,,,3
137.4639743,-1.20439106,,,3
137.21180795,-0.61650833,,,3
137.42972265,-1.27278615,,,3
136.2136625,-0.09805506,,,3
136.90476583,-1.10019531,,,3
136.26363677,-0.16014528,,,3
137.97778311,-0.67228967,,,3
137.12086746,-1.8531839,,,3
137.20289644,-1.71264777,,,3
137.34970232,-1.61181248,,,3
136.40985718,-1.5973121,,,3
137.22172436,-1.95015989,,,3
137.45132577,-1.93623307,,,3
136.60877982,-1.16490937,,,3
137.4668008,-1.36631896,,,3
137.41665206,-0.97151261,,,3
136.49399272,-1.22793849,,,3
137.74515258,-1.62614727,,,3
137.9116788,-0.85332147,,,3
137.44144719,-0.1536823,,,3
137.35574336,-0.6598025,,,3
137.45516473,-1.49509538,,,3
136.92717098,-1.96454412,,,3
137.63702195,-0.14500285,,,3
136.40554147,-0.43853416,,,3
136.94761089,-0.38980203,,,3
137.30683295,-0.07135921,,,3
137.48439482,-0.17246521,,,3
137.21315391,-0.04335343,,,3
137.86765723,-0.97877219,,,3
137.75999429,-0.50141988,,,3
137.52211634,-0.20606869,,,3
137.17399953,-1.36724273,,,3
137.98390425,-0.73407401,,,3
137.90858665,-0.5197325,,,3
137.45636733,-0.17685017,,,3
135.97336888,-0.98221014,,,3
136.927631,-0.39050988,,,3
137.24691543,-1.53450062,,,3
136.81203043,-0.5874598,,,3
136.05796178,-1.46452234,,,3
137.24812905,0.02053429,,,3
137.24846737,-1.16715312,,,3
136.10179268,-1.12055969,,,3
137.59524105,-1.14115766,,,3
137.39401537,-0.86541749,,,3
136.06999152,-1.16726019,,,3
136.70983459,-0.49461102,,,3
137.39764971,-1.44373162,,,3
136.70217803,-1.55175547,,,3
136.44559134,-0.84057864,,,3
136.35555714,-0.73544802,,,3
136.6845983,-0.58851008,,,3
136.7079548,-1.92419929,,,3
136.53750387,-0.77378747,,,3
137.19418681,-0.55993716,,,3
136.05649852,-0.50768793,,,3
137.29270442,-1.94116463,,,3
137.56391055,-0.52010924,,,3
136.76410923,-1.12634285,,,3
137.4453773,-0.85549148,,,3
137.70983979,-0.47354378,,,3
136.61279559,-1.03300395,,,3
136.33342521,-1.92587734,,,3
137.24455731,-0.35821576,,,3
135.82571461,-1.18656155,,,3
136.59657435,-1.5802141,,,3
135.84189262,-0.87912491,,,3
137.04772552,-1.49971111,,,3
137.1602444,-0.7211279,,,3
136.90040621,-0.92740769,,,3
136.80837865,-0.50273243,,,3
135.93086102,-1.28250496,,,3
136.09701892,-0.3072897,,,3
136.54683821,-0.43866667,,,3
137.01886344,-0.77719535,,,3
135.89795744,-1.34601045,,,3
136.33126482,-1.73434631,,,3
136.2448104,-0.6918398,,,3
136.28172813,-1.79773778,,,3
137.33265338,-0.32460951,,,3
136.88349424,-0.59938725,,,3
137.61680456,-0.77762659,,,3
136.66361052,-1.73675859,,,3
137.71684582,-0.87494292,,,3
136.00866997,-1.34527266,,,3
136.42295309,-1.37445516,,,3
137.20021751,-1.13178551,,,3
137.59852707,-0.8822712,,,3
136.13452181,-0.16323804,,,3
137.30174316,-1.04030679,,,3
135.83979113,-1.33281443,,,3
137.53225964,-1.75331296,,,3
136.65336852,-0.34981588,,,3
137.63014176,-0.18398487,,,3
137.04598578,-0.26304857,,,3
136.9280725,-0.97782771,,,3
137.18178443,-1.89646253,,,3
137.58345645,-1.46100279,,,3
136.70550514,-0.80515046,,,3
136.33347656,-1.84577153,,,3
136.72894396,-1.49419244,,,3
136.87273828,-0.19213919,,,3
137.92766946,-1.28553083,,,3
136.2057641,-0.62855873,,,3
137.2278113,-1.06702687,,,3
136.12107983,-0.26790996,,,3
137.17782061,-0.776023,,,3
136.62571127,-1.73794033,,,3
137.84555154,-0.96077454,,,3
136.30376833,-1.69105431,,,3
137.45853996,-0.2981689,,,3
137.50319437,-0.82963611,,,3
135.95246805,-0.50200642,,,3
136.76522905,-0.65115429,,,3
137.33777977,-0.91667543,,,3
136.20742409,-1.23410981,,,3
136.36132858,-1.05873631,,,3
137.256475,-0.860979,,,3
136.07707821,-0.79187569,,,3
137.35731929,-1.76276861,,,3
136.94886094,-1.55820166,,,3
136.34933774,-1.24509207,,,3
137.45320088,-0.67041185,,,3
136.58815827,0.05675505,,,3
136.4456867,-0.53736953,,,3
137.62618009,-1.63818957,,,3
137.02154651,-0.77180194,,,3
137.53873609,-1.56437075,,,3
137.25090329,-1.5661197,,,3
136.8849355,-0.67542793,,,3
136.89054562,-0.94854585,,,3
136.12419578,-0.78060126,,,3
136.31933058,-0.45919168,,,3
137.64460985,-0.3093998,,,3
136.0896306,-0.96070348,,,3
136.89479337,0.11683717,,,3
135.85337556,-0.74343509,,,3
136.16523676,-1.4483352,,,3
136.64200756,-1.4371816,,,3
136.15752752,-1.1261905,,,3
136.16574446,-1.16617285,,,3
136.36977636,-0.39395976,,,3
136.27989045,-0.12184062,,,3
137.67607307,-0.50246949,,,3
136.74986347,-0.54170519,,,3
136.44084841,-0.86158174,,,3
136.60628333,-0.73631722,,,3
137.41688962,-0.304809,,,3
136.35237379,-0.44803025,,,3
136.88478136,-0.56756422,,,3
136.73285252,-1.91723535,,,3
135.98668042,-1.05089827,,,3
136.35144737,-1.4337891,,,3
136.78067047,-0.48524623,,,3
136.49049299,-0.48740437,,,3
137.58841972,-1.36646387,,,3
136.34902477,-0.03144084,,,3
137.11224964,-0.21519636,,,3
136.90843287,-0.05705323,,,3
136.31086706,-0.84081463,,,3
136.84989435,-1.10601613,,,3
136.89452873,-1.62138059,,,3
136.43590697,-1.4436701,,,3
137.41073904,-1.19882191,,,3
137.52581874,-1.25433393,,,3
136.15115378,-0.38370125,,,3
136.1946815,-0.76421786,,,3
136.62727983,-0.26059093,,,3
137.3926782,-0.03239983,,,3
137.00272292,-0.02448063,,,3
137.33534104,-1.74932471,,,3
137.09502531,-0.72298561,,,3
137.58576796,-1.09195474,,,3
136.93034266,-0.98294104,,,3
136.09319859,-1.49224344,,,3
135.99917187,-0.89812182,,,3
136.99661591,-1.77549483,,,3
137.1468578,-0.71814192,,,3
137.3852302,-0.19692064,,,3
136.52466505,-1.32722779,,,3
137.23546922,-1.71691415,,,3
137.16744697,-1.07779895,,,3
136.69620816,-1.92829362,,,3
137.34826366,-1.63820935,,,3
136.90535245,-1.08007703,,,3
137.28919879,-0.45266313,,,3
137.2216596,0.02971377,,,3
136.66554347,-1.72545939,,,3
136.63693263,0.11650262,,,3
135.91715197,-0.58027696,,,3
136.23349022,-1.27779703,,,3
137.1872761,-0.71697146,,,3
136.24455315,-0.93975157,,,3
137.86795038,-1.30338431,,,3
137.66758043,-0.80302428,,,3
135.83800966,-0.98604943,,,3
136.68137386,-0.80745232,,,3
137.21077109,-1.55369897,,,3
136.78688663,-1.5510914,,,3
136.26622559,-0.62688537,,,3
137.48443865,-0.78625743,,,3
136.13171657,-1.76252794,,,3
137.64328294,-0.82521177,,,3
137.06175917,-0.32323792,,,3
137.3159832,-1.27558727,,,3
136.33122114,-1.36611658,,,3
137.26293252,-0.09063297,,,3
137.1929194,-1.23987044,,,3
136.90293158,-1.37481209,,,3
136.99500064,-0.13425391,,,3
136.22672443,-0.96332848,,,3
136.69252066,-0.10784041,,,3
136.90425826,-0.36515904,,,3
137.193717,-0.57758644,,,3
135.89214977,-1.13034159,,,3
137.58287486,-0.47854532,,,3
137.6037039,-1.2636349,,,3
137.69701057,-0.4070441,,,3
136.78900667,-1.78884801,,,3
136.38459754,-0.79679255,,,3
137.7070812,-0.74062217,,,3
135.81895312,-0.91190723,,,3
136.38678784,-1.35246125,,,3
137.04949352,-1.32158282,,,3
137.72427615,-0.36519513,,,3
137.0379417,-0.82242233,,,3
137.10287183,-1.29630483,,,3
136.39757964,-1.51688292,,,3
137.56019244,-0.54534908,,,3
136.49317221,-1.84342328,,,3
136.14758034,-0.34023083,,,3
136.10556214,-1.7481867,,,3
137.35408732,-0.52744234,,,3
137.21974018,0.11387967,,,3
136.35788371,-0.43636617,,,3
137.98208416,-1.18317169,,,3
137.06636323,-1.08398929,,,3
137.14009208,-1.23879876,,,3
136.27909578,-1.61179037,,,3
137.57266321,-0.11683184,,,3
136.15656001,-1.08270803,,,3
136.42909526,-1.51536285,,,3
136.42876926,-1.97712882,,,3
136.63896738,-1.05956678,,,3
136.92482356,-0.32106557,,,3
136.24307863,-0.27719563,,,3
136.38754238,-1.36512042,,,3
136.61014466,0.11989717,,,3
137.214489,-0.95262036,,,3
136.52518262,-0.54225531,,,3
137.05127216,-0.18525731,,,3
136.23984058,-1.13070269,,,3
136.70933763,-1.64708181,,,3
136.55865607,-1.41101505,,,3
137.31638168,-0.01247894,,,3
137.28584387,-0.78612863,,,3
136.88383856,-0.77520824,,,3
137.02021156,-0.92215413,,,3
136.48363477,-0.39752418,,,3
137.91268924,-0.67903252,,,3
136.28595286,-1.33793008,,,3
136.34307343,-0.50478988,,,3
137.72652599,-0.58652571,,,3
136.46793537,-1.83369568,,,3
136.23693079,-0.23184217,,,3
136.94416451,-1.5888372,,,3
137.83231092,-1.56887457,,,3
136.50267636,-0.49075622,,,3
137.46996878,-1.48651494,,,3
137.92005944,-0.53860255,,,3
136.86873924,-0.71923876,,,3
135.82387419,-0.75114264,,,3
136.0301578,-1.44600133,,,3
136.97383655,-1.57662444,,,3
136.50999817,-0.80123327,,,3
137.0527947,-0.77427545,,,3
136.23471767,-0.09535587,,,3
136.64457427,-0.10611479,,,3
136.00020499,-0.49088824,,,3
136.23777714,-1.46482739,,,3
137.91557826,-1.07185912,,,3
137.29341587,-1.54082188,,,3
136.11486281,-1.00362303,,,3
137.70183063,-1.20432062,,,3
136.95289687,-1.63696041,,,3
137.2191578,-1.37236169,,,3
136.69762991,-1.9637537,,,3
