RA,Dec,redshift,rmag,set_id
184.27199152803783,-1.0664332704120718,1.8312712846686603,23.181007385253903,1
183.0294601932384,-1.667979505321302,1.7060461495756174,21.52988052368164,1
184.33778062745725,-1.0409558776825758,1.556091234065398,20.74161148071289,1
183.18036580758667,-1.215938149229396,1.892277084124743,20.227611541748047,1
183.1578106782852,-0.0695545083485873,1.1427557851554966,21.45480155944824,1
183.64201180541255,-0.3958494546382143,1.1854242511155375,21.04780960083008,1
182.69360397800543,-0.4392465572672648,1.621330180107008,20.94051170349121,1
182.7223693612294,-0.5945680371316847,1.4834361219808758,21.520286560058594,1
183.84187491969527,-0.8958320545061542,1.7690389614738784,22.691301345825195,1
182.30751797092736,-0.9200055166783752,1.132040011852954,19.9404296875,1
183.86787383990443,-0.4064961290517725,1.9964207942021457,21.682458877563477,1
183.8007529424053,-0.5200889575417522,1.570462583927176,18.429584503173828,1
182.61603005788243,-0.9706261053852804,1.863429677381385,23.059192657470703,1
184.40268006851645,-0.6384212291297148,1.8988887994394148,21.59469985961914,1
182.4048040590288,-0.2663527799175543,1.2932631508723078,20.733013153076172,1
184.01356878520215,-1.077097901821828,1.507312314948885,21.47789764404297,1
184.2342444489437,-0.6730297701227235,1.9573559239644296,20.491565704345703,1
184.0389291840629,-1.153761563771735,1.4358875186124027,21.987396240234375,1
183.19196184536744,0.3072034419250758,1.8425309921221784,22.18974494934082,1
183.87962009544285,-0.509767092753718,1.0978191756728837,20.373119354248047,1
182.8585311908937,0.0912318780740615,1.5641984693784927,21.425830841064453,1
182.46474054997856,-1.4283284501492577,1.4613767341358936,21.29779624938965,1
183.55412552602397,0.1608745581942718,1.413275145381181,20.19339370727539,1
182.99581940366755,-0.4208866735504255,1.0690905111266034,22.163387298583984,1
184.2342444489437,-0.6730297701227235,1.9574813814740863,20.491565704345703,1
183.5900269712512,-0.6617834723071206,1.6012806311782386,21.99498748779297,1
182.65980064963372,-1.0196674016863352,1.580685198782843,21.576662063598633,1
182.71384562992424,-0.430595223174712,1.942041103484539,21.27305603027344,1
183.44892372856353,-0.5128136458161178,1.977179123336133,22.006366729736328,1
183.4412249030395,0.0273858018055944,1.833387898387873,22.838367462158203,1
182.63638333358165,-1.285386586187547,1.353337119910305,20.107023239135746,1
183.32631110354237,-1.076876194738766,1.5531761509334234,23.449970245361328,1
183.89456483330113,-0.8564165505608448,1.0354653560771403,20.19888687133789,1
183.9496237494899,-1.6058904996294356,1.675598142427658,22.75934410095215,1
183.41902507179597,-1.4123427369657338,1.3047307439063844,20.08867645263672,1
182.64702967227728,-0.5398787617451254,1.755918668313552,20.01786231994629,1
182.37177728760852,-1.1204233725466286,1.7952754044030457,20.40711975097656,1
183.58627648967385,-1.1703876725302638,1.52066805740154,22.6558895111084,1
183.9507247212557,0.1172050653877685,1.6728070939608126,23.045822143554688,1
182.37063589650307,-0.1517566962422993,1.3735847744923,21.884532928466797,1
183.12700871093065,-1.0198401493369085,1.886557072523752,22.96626663208008,1
182.446816339438,-1.2427398011784492,1.5382472182904263,22.333171844482425,1
182.19371326647092,-0.5846581275707134,1.4564832588729983,21.05882453918457,1
183.5044192757605,-0.7665440576717901,1.8362848829723597,22.63268280029297,1
183.66506076514827,0.0098131505026117,1.4525811677064502,21.917280197143555,1
182.74633524092408,-0.0260483414466032,1.132468652791384,21.134933471679688,1
184.02643580852907,-0.8648796850118757,1.8886415164636885,22.580791473388672,1
183.0592334456482,-0.4950154819250651,1.681135864321398,22.213592529296875,1
183.11849980842237,-0.8863327779672361,1.4125560035354958,19.938222885131836,1
184.4151472901564,-0.7953431475249293,1.3905079027894012,22.2370548248291,1
182.7294246782041,-0.6313725892403276,1.9613730024279004,21.683311462402344,1
183.67261762454208,-0.027188254624091,1.044483795420216,18.72751235961914,1
182.5966451486917,-0.3179380822843996,1.8312859168043856,23.414247512817383,1
183.11849980842237,-0.8863327779672361,1.4126450476475907,19.938222885131836,1
184.14487783483452,-0.7044777027044407,1.729781149101134,22.784996032714844,1
183.62062555083995,-0.6715639110964269,1.911532563021268,20.926424026489254,1
182.21573263370823,-0.5599078353404228,1.7589132013618995,19.35152244567871,1
182.20854027017052,-0.766270814913685,1.8613357172809124,21.636714935302734,1
182.75609742825893,-0.7297439733285794,1.1998347662886626,22.05564308166504,1
184.16011772841784,-1.1928495202706255,1.5581944883574057,21.914196014404297,1
183.8992401553124,-0.7394186238267577,1.126235247154734,19.143451690673828,1
182.38307574207428,-0.974644910203202,1.0998342515930364,21.719404220581055,1
182.66219554230275,-0.5870598938944603,1.463772432180996,22.20526695251465,1
182.38822180899308,-1.0681857637933725,1.784860114087098,22.29829978942871,1
183.06258881812545,-0.9720507922759084,1.8290216122562537,20.428064346313477,1
183.44158193015392,-0.2484799903225005,1.996680532954096,20.051437377929688,1
183.0950546734331,-0.0558019627641914,1.049869158895415,20.404634475708008,1
182.60518430242152,-0.924460632888718,1.85603687790176,21.11309051513672,1
182.52117410215988,-0.6858827327740673,1.9032861917539703,18.8962459564209,1
182.51695163004464,-0.5836080405531973,1.1924902311717054,21.008487701416016,1
183.17939402107743,-0.5064082585268221,1.45901771690928,21.397720336914062,1
183.09035622447055,-1.0005336778180325,1.844475656023006,21.89373016357422,1
182.34388561680103,-0.3663162862422544,1.270699432379489,21.229829788208008,1
183.02619922585785,-0.4116432736462305,1.7427639438809277,21.83485412597656,1
184.1144491288823,-0.9307984672716116,1.6972950998338403,20.726158142089844,1
184.2072293698465,-0.4695664026438516,1.3219106257968227,18.859155654907227,1
183.387022390752,-0.9065328908041778,1.807683792397126,22.03042984008789,1
183.67510363986543,-1.2535240729056516,1.4039858073048306,21.575281143188477,1
183.5587811679899,0.1292252412988724,1.812369762130322,23.343984603881836,1
183.8007529424053,-0.5200889575417522,1.571250805726067,18.429584503173828,1
182.78806896052436,-1.197103761696892,1.0370117529041591,20.967226028442383,1
184.32798183153437,-0.628762536651319,1.6325417627573124,22.237653732299805,1
182.81650204284125,0.086288731575513,1.0499857914399624,21.63068389892578,1
183.3834455504194,-1.0988286171746904,1.6794434717871514,22.778738021850582,1
182.45816470824988,-0.8819797936039753,1.8590366003890184,19.773740768432617,1
184.07446588834628,-1.248690421475137,1.4126561603820045,21.97261428833008,1
183.18818657396105,-0.8047971764367936,1.9483067692924965,20.366355895996097,1
183.02040186478385,-0.957573500411898,1.8887642616841736,20.83219337463379,1
184.0332439819684,-1.1388300650123944,1.4339493075118617,20.811201095581055,1
182.31206994834648,-1.238564359970314,1.4198778098277225,20.955156326293945,1
183.80598573435265,-0.7684039999144064,1.2493995061341887,21.683515548706055,1
182.9528281722997,-0.5347920087301024,1.4142820286563729,21.20870780944824,1
183.8566101311803,-0.982685863336274,1.5868510912449014,22.49674415588379,1
183.4786792783902,0.2263044701655084,1.7652817416161408,21.77608871459961,1
182.55841185015456,-0.6480611943610656,1.3558546150748252,21.52151107788086,1
183.12911335731337,0.0806200155169407,1.201613834389261,22.862314224243164,1
182.3759993157108,-1.2061079297434454,1.9708510300203177,22.094913482666016,1
182.45468184172137,-0.7804592446234141,1.1939370242671123,21.944311141967773,1
183.8566101311803,-0.982685863336274,1.5855805352527947,22.49674415588379,1
183.5895424352356,0.220266985696502,1.3279563493521949,19.114147186279297,1
183.99329007130876,-1.1969872383239808,1.7108325105328894,22.44901657104492,1
183.48811676778377,-1.21788076518133,1.445185299070436,22.639636993408203,1
182.81564487570932,-0.0167630737391957,1.1967242214799685,19.921831130981445,1
182.44672561049433,-1.3485984355025054,1.7779680191102103,23.63613510131836,1
182.6508255748937,-0.9935709977387822,1.862499239004368,22.525022506713867,1
183.3325628414513,0.3296622913027277,1.8153412256470185,22.717144012451172,1
184.21559620040017,-0.9508903681424792,1.1152984792736491,20.42686462402344,1
183.8007529424053,-0.5200889575417522,1.571304074037173,18.429584503173828,1
183.784104141373,-0.0757922658280468,1.9983085057884336,22.861509323120117,1
182.4471241146777,-0.4978506098628529,1.694994772716939,20.560205459594727,1
183.24194734845364,0.2322130888529695,1.0083958414690208,19.04048728942871,1
183.93027432524687,-0.548933529129867,1.9835838824750984,23.018306732177734,1
183.4308395224827,-0.6920733339501078,1.83692182115633,23.091472625732425,1
184.08291392395512,-0.4668067048357256,1.3018746536584065,22.081666946411133,1
183.9708635981463,-0.1696007478249862,1.8108875692539017,22.280885696411133,1
182.4862481165271,-0.1787355139167627,1.4970732210848314,20.704681396484375,1
182.54833300713645,-1.5651629573387722,1.8914733344488064,22.24283218383789,1
182.8822331961644,-0.7196624175737822,1.406066446538055,21.599546432495117,1
183.6417784061992,-1.363108965756494,1.551259319877642,21.482925415039062,1
183.7080766221887,-1.0400793819331793,1.535352960692795,22.924760818481445,1
182.83821263504876,-0.8646258988650871,1.837403315812702,21.875347137451172,1
183.49335429603696,-0.0803250639991746,1.8266066427412972,19.39432907104492,1
183.10338931468505,0.0740630490188658,1.7491252876355177,18.46429443359375,1
182.96502045836556,0.0593949200389915,1.8521061804475984,19.917499542236328,1
183.585629940372,-1.660432262989301,1.579358097867236,22.962003707885746,1
182.9811693784316,-0.1374605994845341,1.1627072429299397,21.87994384765625,1
184.20378174869143,-0.5717306968404416,1.415858817877371,22.331850051879883,1
184.18687717283856,-1.3478817376271717,1.8546382261140653,21.24098777770996,1
183.5379119666054,-0.4057146296137242,1.6047727193455084,20.604894638061523,1
182.91464056643173,-0.0571185411080384,1.494702515711327,19.89019012451172,1
182.4471241146777,-0.4978506098628529,1.6962065288995,20.560205459594727,1
182.8800981626268,-0.3859800884072327,1.832845104708116,21.746870040893555,1
182.45218173791625,-0.6238715334266833,1.524693622688448,22.318099975585938,1
182.75461429653157,-0.6738800281246078,1.2387092334541028,19.631046295166016,1
183.87837546516457,-1.3598524659433693,1.0642202090909936,22.36031723022461,1
183.32651354017648,-0.0281916676293799,1.8526650719773232,21.017162322998047,1
182.65980064963372,-1.0196674016863352,1.5813936483600382,21.576662063598633,1
184.2072293698465,-0.4695664026438516,1.3218641151812685,18.859155654907227,1
183.24194734845364,0.2322130888529695,1.0083987040818696,19.04048728942871,1
182.5262291962245,-0.9895163514476534,1.1390114788208798,20.239988327026367,1
183.1544239782707,-1.6383198148957892,1.5740803913759915,22.66214370727539,1
182.63089224581364,-1.439443394105787,1.5044087193462266,19.944580078125,1
183.38664277370935,-0.7436726429108403,1.1092318464799589,20.506898880004883,1
184.20233299967023,-0.3960554763668749,1.4147639426465088,21.159040451049805,1
183.63141924355352,-1.6259225048448331,1.5559327245249477,21.528329849243164,1
182.4883096544687,-0.3838854105457916,1.8565307925859929,19.687536239624023,1
182.5057864356139,-0.5787652940477905,1.8285454113996016,21.37896156311035,1
183.0294601932384,-1.667979505321302,1.7069135688303638,21.52988052368164,1
184.06230797578544,-0.5493846574366166,1.600075662827465,21.861827850341797,1
183.2809042105573,-1.019078600211275,1.448534212461011,20.341482162475582,1
183.1544512300739,-1.6936722806943547,1.741152490399446,21.684072494506836,1
184.14182193815944,-1.372189689083401,1.221972543540254,20.380590438842773,1
183.84877215665483,-0.961957421710822,1.7384130341933104,22.88130760192871,1
182.41187526330617,-0.9619492913627375,1.885983607961528,19.59458351135254,1
184.40218888923863,-0.7781134425018241,1.0662408718731289,21.534677505493164,1
183.02040186478385,-0.957573500411898,1.889065386168824,20.83219337463379,1
183.1310081438889,-1.5661707325680765,1.851459532272426,21.517786026000977,1
182.69360397800543,-0.4392465572672648,1.6208812448970995,20.94051170349121,1
183.9702227559927,-1.3351763275669728,1.1115503659486348,21.090925216674805,1
182.44033184269895,-1.2622770956369866,1.6490075009875522,22.69958114624023,1
182.89566628389008,-0.4615402281938738,1.776331625067396,20.852067947387695,1
183.58627648967385,-1.1703876725302638,1.517397563908056,22.6558895111084,1
183.3325628414513,0.3296622913027277,1.812024178156638,22.717144012451172,1
183.3283643072584,-0.3080718008619726,1.214442420395509,21.62600898742676,1
184.0073653002438,-1.378368443573789,1.318896064162733,21.53976249694824,1
183.695293393415,0.0933972871254919,1.894870267866084,21.85368537902832,1
182.53783236473583,-0.8221075619528092,1.901354309103617,20.95522689819336,1
182.4653433347632,-0.3138761865194829,1.777737760392195,22.24779510498047,1
183.03582111841692,0.2830670327679271,1.5669818500901076,19.147974014282227,1
182.6421296429347,-0.638732093310022,1.391491154696309,21.529420852661133,1
183.407038932072,-1.3814426727100595,1.8892083493176344,22.289405822753903,1
183.2293799593722,-0.2656842699344668,1.530137973762126,21.51788330078125,1
183.53117697627772,0.0624723300208013,1.7268001180102717,22.600177764892575,1
182.9443962182881,-0.4508151053689611,1.1396776228480467,22.239856719970703,1
182.72787091555375,-0.99800770111284,1.349547013541717,21.583240509033203,1
183.4547658985768,-1.3663028148034475,1.9966340152072484,22.34872055053711,1
183.09927048643272,-0.0342128198014247,1.1474561010805882,21.951622009277344,1
184.14729923733853,-0.449022702505094,1.822827523327176,19.8858642578125,1
183.4259280652759,-1.3842181039735657,1.724955508364035,23.68515396118164,1
183.58070875310088,-1.3975761055380396,1.9805239390502904,23.218475341796875,1
183.619112460674,-1.2580514182104288,1.0117847624581813,21.405025482177734,1
184.1713038720518,-0.1621267342789127,1.4892962669321956,21.937076568603516,1
182.96587067255803,-1.3808117518779417,1.8891681800373243,21.42987823486328,1
182.61859867696344,-0.9677918893070876,1.863116684394773,20.94577980041504,1
184.38201889266531,-0.6146896368833417,1.7117064706184968,23.009458541870117,1
183.5023836299377,-0.9019564050357828,1.8760879280166116,21.69919776916504,1
183.1780628068313,-0.310033090666487,1.9459200760964932,21.44630241394043,1
183.68726419606085,-1.4318127233439522,1.2895623754699643,20.04942512512207,1
183.4840776692706,0.2273869839817525,1.364318925195278,22.34716033935547,1
184.33004791995825,-0.4168002797596214,1.7892811250245175,22.32010269165039,1
184.2473508155634,-1.3558705837794574,1.3861238330236978,22.24631690979004,1
183.359711498012,-0.9640945006021476,1.0562420140828803,21.880237579345703,1
182.86981646697433,-0.3201115857425575,1.4271036572911444,19.76593017578125,1
183.3014438755618,-1.1922109518773671,1.1596021589704142,23.0028076171875,1
183.4694346895945,-1.1961108966781773,1.54542748963253,20.58124542236328,1
184.33004791995825,-0.4168002797596214,1.7878823637176624,22.32010269165039,1
182.81159211015415,0.2395220632421246,1.6423917886551829,22.647708892822266,1
182.8801816444352,-0.0724954861622855,1.8255231527341664,20.34659767150879,1
183.57648729020855,-1.5372644156913768,1.5086482844707805,22.09410285949707,1
182.5903063977367,-1.2671167019933245,1.4879533506153826,23.368267059326172,1
183.1718134024604,-0.2359863954574462,1.946514099946679,22.050024032592773,1
183.3365642811903,-0.208382434346381,1.2547607218579286,20.671323776245117,1
184.2165124075805,-0.3394806898795131,1.6946039356667293,21.208356857299805,1
183.59221304619385,-1.409780602645431,1.007187845915034,19.46159553527832,1
184.08119260635505,-0.3468957881597936,1.4690879755297477,21.791120529174805,1
184.12682466534883,-0.9888556493939517,1.882267054469973,23.0426025390625,1
182.56110082375335,0.0304370535287451,1.5614750106775372,20.341222763061523,1
182.9129054178723,0.161302355995324,1.5767737288621242,21.886247634887695,1
183.5033741473057,-1.0762892012348668,1.1606892446386627,22.63755989074707,1
182.93336116511068,0.0293373223554139,1.7268292760159365,22.22024154663086,1
182.74136948702716,0.0416822210152757,1.5284891020330151,19.928878784179688,1
183.81317444873883,-1.001494676987319,1.5485827775419003,20.59726905822754,1
182.59309677021295,-1.216984814727801,1.494676774404683,21.930870056152344,1
183.9672745046679,-0.8466214985077826,1.6239613042799488,21.76963806152344,1
183.2459950196615,-0.1466031125410299,1.476197069758456,20.581945419311523,1
182.68681910994124,-0.5406244959253612,1.9030825099571853,22.066802978515625,1
182.71086866417693,-1.49290884670733,1.3592313807689214,21.12872314453125,1
183.9371771096285,-0.3438460538159311,1.5746060317103263,22.601356506347656,1
182.38822180899308,-1.0681857637933725,1.7826615972451552,22.29829978942871,1
183.53284267526865,-0.5106591377347638,1.7403602703369527,22.238571166992188,1
183.67261762454208,-0.027188254624091,1.043016103000606,18.72751235961914,1
184.1713038720518,-0.1621267342789127,1.4895347643124663,21.937076568603516,1
183.0119241875554,-1.3654338225101597,1.6614723306235513,22.344507217407227,1
183.50072003324593,-1.097092803074912,1.478128886520027,21.49919319152832,1
182.6421296429347,-0.638732093310022,1.3907096700896004,21.529420852661133,1
183.38664277370935,-0.7436726429108403,1.1095479269282231,20.506898880004883,1
183.3347190806308,0.2926031647488288,1.3993212043832208,21.644792556762695,1
182.72483476651925,-0.3304711754544276,1.015480726126576,22.632890701293945,1
182.61097081169177,-1.455152072924726,1.463005857078552,21.367340087890625,1
183.80598573435265,-0.7684039999144064,1.2492597366824716,21.683515548706055,1
183.10078813552644,-1.4219336148691293,1.111445220913633,19.62747383117676,1
182.64732608156083,-1.496410772399118,1.621877915671641,21.630098342895508,1
182.54719673217508,-0.352694165179935,1.332117556385594,19.063568115234375,1
183.42156862915687,-0.277973430978225,1.4159688034867814,22.680633544921875,1
182.59727519888395,-1.207193707573839,1.1019853420758243,21.714933395385746,1
182.32427164244143,-0.7223915463642331,1.4102363143008283,19.515735626220703,1
182.63638333358165,-1.285386586187547,1.3530689263754856,20.107023239135746,1
182.30751797092736,-0.9200055166783752,1.1323655939506718,19.9404296875,1
183.1544512300739,-1.6936722806943547,1.7418512106941637,21.684072494506836,1
182.60831670819408,-0.8690523503376374,1.3622562650904506,21.948314666748047,1
182.93898320936063,-0.0418973245746614,1.8925373146529068,20.153221130371097,1
183.5403137878078,-1.2742275282045905,1.9700537901609845,22.790056228637695,1
184.3162027425796,-0.6242693453986146,1.563358601269082,22.44011688232422,1
182.8370483993084,-0.4296885582366537,1.4148358402469834,22.719379425048828,1
183.75662755000465,-0.8805595949685259,1.5075677411703243,20.067506790161133,1
182.54719673217508,-0.352694165179935,1.3326135582722305,19.063568115234375,1
183.74375431836685,-0.6963590098812751,1.9045331178658735,20.941242218017575,1
184.1378407867478,-0.5284668893892194,1.4476167686012895,22.618099212646484,1
183.48251398395715,-0.4844911681162711,1.011944158365388,20.30579376220703,1
182.3518166504159,-0.46504482087684,1.2888222050136775,21.691904067993164,1
183.55412552602397,0.1608745581942718,1.41285560975964,20.19339370727539,1
182.4544176994336,-0.8842301702890606,1.3955785923477528,21.00362777709961,1
182.33385627509088,-1.1267037317905924,1.7987516816283382,22.024417877197266,1
183.9963199605452,-1.1160414219701498,1.7985880251998183,23.23773765563965,1
182.925668539224,-0.0252121576267942,1.8342342457744285,20.2709903717041,1
184.2181107495302,-0.3407493994804872,1.6509606041780998,21.08587074279785,1
183.0612006057187,-0.1985541894444329,1.2982107139020411,20.561704635620117,1
183.7516582225048,-0.1315009869955199,1.8082486300621512,21.027664184570312,1
183.96655,-0.66188705,1.251871109008789,21.065773010253903,1
183.0131493977419,0.0934957035668134,1.8252222544405343,20.820959091186523,1
183.2431373350591,-0.2155094116619565,1.144389597589211,21.006450653076172,1
184.14182193815944,-1.372189689083401,1.2214292064127397,20.380590438842773,1
183.03301528509832,-0.854286115978093,1.511247114254563,19.845674514770508,1
182.52926862613683,-0.6892974648667625,1.135076802928521,22.126882553100582,1
182.65426506179352,-0.8680608095901455,1.3582979347448767,20.225419998168945,1
182.7593236219796,-1.3752729611387813,1.0365038883514268,20.22195816040039,1
182.42314318891275,-0.5973411082052912,1.3968278310544568,20.20608139038086,1
183.02528695922035,-0.8754190073938832,1.5549299697444707,22.41899681091309,1
184.18687717283856,-1.3478817376271717,1.85264053690049,21.24098777770996,1
183.1050873896586,-1.391165523716121,1.5127738606372707,22.836599349975582,1
183.68709885863987,-1.273440127123132,1.7139999378812596,20.058414459228516,1
184.3618740691991,-0.7231838398502661,1.0416765507107468,18.363391876220703,1
183.3603130073858,0.0799090439294232,1.9278583886078235,21.640602111816406,1
183.42938575274047,-1.55011987384392,1.6164069733417965,20.867551803588867,1
183.0612006057187,-0.1985541894444329,1.297411421145776,20.561704635620117,1
184.1653274390978,-0.4973034100225615,1.3718462054045253,19.638866424560547,1
183.86157432677632,-1.1167824204484835,1.7531595394755577,22.4196720123291,1
182.75461429653157,-0.6738800281246078,1.2376404953223654,19.631046295166016,1
184.037344042884,-0.6796129773671028,1.2096522755545676,21.759685516357425,1
182.60831670819408,-0.8690523503376374,1.3603445525629885,21.948314666748047,1
183.8252303800075,-1.2870986063298735,1.5776253494654473,21.18242835998535,1
182.45468184172137,-0.7804592446234141,1.192889379847588,21.944311141967773,1
182.5654112429785,-1.5295983530917736,1.7776918178922392,20.79290008544922,1
183.01749704843297,-1.108430755607502,1.801537929687004,21.302757263183594,1
183.8418305453506,0.138675050341452,1.3166981203170305,19.224285125732425,1
183.79401600888883,0.1907739855724451,1.822029178626197,22.049869537353516,1
182.8768714537106,-0.1558418945595544,1.0903102892013457,22.25233459472656,1
183.1310081438889,-1.5661707325680765,1.85329104528839,21.517786026000977,1
183.9672745046679,-0.8466214985077826,1.6239964700270544,21.76963806152344,1
183.80248066679383,-1.062779431506124,1.3197113025504053,21.16162872314453,1
183.0131493977419,0.0934957035668134,1.824903221338135,20.820959091186523,1
183.5033741473057,-1.0762892012348668,1.1603413652271768,22.63755989074707,1
182.9616332405362,-0.9340500990648086,1.522068976635127,20.939329147338867,1
182.59309677021295,-1.216984814727801,1.4938778606353695,21.930870056152344,1
183.21136810525323,-1.366297631617659,1.2979139431109656,20.843976974487305,1
184.1653274390978,-0.4973034100225615,1.372496343986624,19.638866424560547,1
183.34014648385164,-1.5043165978805808,1.3438831916298333,21.062604904174805,1
184.12488353109768,-1.2685332548352928,1.2170623601851358,22.00955390930176,1
183.5470632753535,-0.8937824836002699,1.148600184768222,19.360336303710938,1
183.2949547157756,-1.437823394943868,1.81693609985844,19.37691307067871,1
183.09927048643272,-0.0342128198014247,1.1476605641743551,21.951622009277344,1
183.86669899883705,-1.0079616954796926,1.434409732728906,21.102718353271484,1
183.2809042105573,-1.019078600211275,1.448537814160509,20.341482162475582,1
182.97249045488036,-1.103997746596973,1.6925627200674835,21.703205108642575,1
182.49039871675615,-1.3204028825355962,1.714902974274772,22.29569435119629,1
183.18818657396105,-0.8047971764367936,1.9462776200914251,20.366355895996097,1
182.21573263370823,-0.5599078353404228,1.7588917458181554,19.35152244567871,1
182.52117410215988,-0.6858827327740673,1.9023735518433256,18.8962459564209,1
183.86335592381764,-0.6108755672286451,1.137604771997625,20.92884826660156,1
183.9424998893671,-0.7391320761292721,1.6074911354523669,20.87778091430664,1
182.65426506179352,-0.8680608095901455,1.3584844138404155,20.225419998168945,1
182.86131749579496,-1.0243220886375295,1.7016434274357115,19.47796630859375,1
182.29366824157125,-1.1966676386972872,1.4078509473183405,22.392364501953125,1
182.57460293393785,-0.9370364404836286,1.4612366328094717,22.027605056762695,1
183.3291391111156,-0.7934390995978986,1.7742236307110455,22.622631072998047,1
183.7104845142873,0.1788709426405327,1.0920784752932056,21.026355743408203,1
183.60412422254305,-0.2920932108073436,1.646602897439944,22.9254150390625,1
182.5262291962245,-0.9895163514476534,1.139005292092374,20.239988327026367,1
182.8169614312383,-1.5695523127887163,1.4611187731424318,20.23139381408691,1
183.63425625725392,-1.1826503032729152,1.5295657105174545,20.887062072753903,1
183.37137160957724,-0.3170289856718884,2.650055885554883,20.750244140625,1
183.44805450949715,0.0250092902801612,0.9614448690279266,17.465740203857422,1
183.78797114618217,-1.3783976756102445,0.5188532822909456,21.662221908569336,1
182.21402077301465,-0.7924007916179664,1.1493043703577914,22.47846794128418,1
183.5900269712512,-0.6617834723071206,1.5973058222371406,21.99498748779297,1
182.78763648756552,-0.0016025255632957,0.9474531267141232,23.040098190307617,1
182.77653962826375,-1.411917921803448,2.0959444399198266,23.146812438964844,1
183.83444525804637,-0.5383270607797811,2.883160999381513,20.133487701416016,1
184.01289948874384,-0.9696251337612076,1.4825341369909353,21.20733070373535,1
182.8292694021852,-0.3270504315396946,2.3805449753753605,20.83288192749023,1
183.60629091221844,-0.8438375226225922,1.6560827182110065,20.99445152282715,1
183.3883504146623,-1.5391002242035148,0.1979558270841802,18.3557071685791,1
183.213262420898,-0.8946651504634917,2.4786978726627753,20.03275680541992,1
183.34014648385164,-1.5043165978805808,1.343716975838774,21.062604904174805,1
182.42723917464417,-0.2767619530646891,3.157003840181219,21.61463737487793,1
183.33361727292848,-1.078868812376378,0.3834800530200266,20.074169158935547,1
183.0734419343718,-0.9221897346048312,1.1207142435866295,22.389568328857425,1
184.36870364932264,-1.0048577556607052,0.7878355076426935,21.216121673583984,1
182.82499713931955,-1.3145325463662003,2.3944685906350585,20.417526245117188,1
183.2105044729555,-1.3656118292109292,2.3015978657055283,20.414447784423828,1
182.877766651178,0.1408775951390672,0.9453683057438864,20.204326629638672,1
182.5478258100726,-1.2383121984628958,3.165252336569647,20.9031925201416,1
183.8988608047551,-0.7108590342426322,1.1640855282316942,21.771812438964844,1
183.7374728635186,0.1903391593729581,1.1597133153274204,20.72687530517578,1
182.98223452470543,-1.7891210557769397,1.836254624932977,23.23787498474121,1
183.82311464844588,0.1802184190531247,1.8426622406345712,21.938322067260746,1
182.41139984604092,-1.016986538307604,2.262237598634073,22.73580551147461,1
182.95811051644992,-1.5430092299434004,2.819802730364186,21.873292922973633,1
183.49314746106973,-1.3099960062777307,1.5204140637524024,20.10076141357422,1
182.8801816444352,-0.0724954861622855,1.8264419996052088,20.34659767150879,1
182.4219288248797,-0.8909845026683842,1.474896541444332,21.293943405151367,1
183.79851926355184,-0.7375493187341844,1.906485846802563,22.283138275146484,1
183.17939402107743,-0.5064082585268221,1.4588348042645465,21.397720336914062,1
183.48811676778377,-1.21788076518133,1.4475320384271697,22.639636993408203,1
183.1942925074933,0.2616659665180563,2.6351355669038585,20.858078002929688,1
182.95732360700188,-0.9730785521576504,1.0740322884916638,22.30118179321289,1
183.46636125779855,-0.4949109310643192,2.5384738392896824,23.257402420043945,1
183.19103910703117,-0.1324998744253094,2.0388043047638185,18.665891647338867,1
182.44033184269895,-1.2622770956369866,1.6485939076063367,22.69958114624023,1
183.10338931468505,0.0740630490188658,1.7501061865701966,18.46429443359375,1
183.63698,-0.20379935,3.5733821392059326,20.303192138671875,1
182.72787091555375,-0.99800770111284,1.3497216965641807,21.583240509033203,1
182.8631312012291,-0.5011443968740393,2.392541108102921,22.98297882080078,1
183.3247427716374,-0.6664944157687053,0.4296035218225554,19.76423454284668,1
182.94813461493553,-0.0106920242391089,1.2461738209675424,21.35209846496582,1
183.28877616618124,-1.180648850270588,2.278293687185951,22.89034652709961,1
182.76979805323035,-0.2865971320803097,2.3342719607087536,23.171485900878903,1
182.78806896052436,-1.197103761696892,1.036364458909368,20.967226028442383,1
183.5044192757605,-0.7665440576717901,1.834941586616181,22.63268280029297,1
182.67402440967493,-0.8775324228517672,1.8884965321714609,22.097883224487305,1
183.5668099095371,-0.8693663360307152,2.5428438886978393,20.618791580200195,1
184.0392204583515,-0.0190735718625139,2.3273752291226284,23.409761428833008,1
183.88557056958584,-1.443602556478377,1.2230378324875877,19.99855613708496,1
182.50238826550913,-1.4718995950432832,0.9022156568102488,21.37883758544922,1
182.55273221790335,-0.4857134324429668,1.195624902550199,20.780805587768555,1
182.68149366415233,-0.6520268692152625,0.3337072397391449,19.095638275146484,1
183.56018763355485,-1.075917445482971,0.4619866136102898,20.519481658935547,1
183.10147384136636,-1.8795557757390793,0.4296171984711652,18.366870880126953,1
183.8409060992658,-0.6703535286084099,2.0029022193224892,21.48984146118164,1
183.29341219708095,-1.018494878704263,2.5040307412794034,20.909902572631836,1
182.8291903567278,-1.2881837955088709,2.910454610995412,22.427831649780273,1
183.55583524777435,-0.1312909536303965,1.8339728627216936,20.336894989013672,1
182.4862481165271,-0.1787355139167627,1.4970505211142633,20.704681396484375,1
183.91874836150637,-0.5760367313418153,0.7579096972794951,20.110107421875,1
183.79843804388904,0.1229234396765335,2.556674584716576,22.86824607849121,1
182.90024224752764,-1.1465737860627463,0.935331969248008,22.51075553894043,1
183.4963617763133,0.2921102769606853,2.9998399049984106,22.59642791748047,1
184.1856611939145,-1.115142761353922,3.7167716077797537,21.052019119262695,1
183.71708820708992,-0.986933121779472,1.5997858425901532,21.363290786743164,1
183.39085331313092,-0.331633950847166,1.065948345399078,20.63081932067871,1
183.1051205223338,0.3127849655488355,2.1928408592680033,22.143726348876953,1
183.1319763248583,-1.2780188155269263,2.834994370228999,23.00852394104004,1
182.85242059272557,-0.6800099813718564,2.1857653605597096,20.679443359375,1
183.49630301254803,-1.014933770562442,0.9326056424627196,22.517898559570312,1
183.8032194370907,-1.218258970280484,0.6598153719225935,19.971773147583008,1
183.44720536052583,-0.5332826787493259,0.9930506485430728,19.43113136291504,1
184.29898790431812,-1.0624976854934671,2.065829479605111,23.452068328857425,1
183.4091113444556,0.116761949116475,0.246794744340157,18.27185440063477,1
183.69156553393873,-0.7722938409580091,1.8465588134352748,21.671310424804688,1
183.12911335731337,0.0806200155169407,1.2015946779617848,22.862314224243164,1
182.9624491514711,-0.3190629900308125,2.2870478091573077,21.3743839263916,1
183.13791355717456,-1.577852999175957,2.82716891746975,22.39409446716309,1
183.71672856776024,-0.0858014011189322,0.9410770341312212,19.425947189331055,1
182.8628418350069,-0.4305943819522482,0.1817052610112089,18.793994903564453,1
182.76551063676752,-0.2085533477944305,1.748648624588236,22.67436408996582,1
183.82911390752017,-1.2790231226680098,2.113264262640317,22.289365768432617,1
183.49314746106973,-1.3099960062777307,1.520741138346583,20.10076141357422,1
183.53624897780355,-0.9682201165614084,0.5845654642264942,20.951648712158203,1
182.7193194768017,0.0389421402928169,1.3129003971838282,19.97393798828125,1
182.90024224752764,-1.1465737860627463,0.9353845715259104,22.51075553894043,1
183.8007529424053,-0.5200889575417522,1.5711932326646183,18.429584503173828,1
184.01289948874384,-0.9696251337612076,1.480416396723011,21.20733070373535,1
182.42550130706596,-1.1030900669945962,2.241033652671822,20.53531265258789,1
183.43370592493227,-0.1561319227173728,1.7491314306758694,22.473257064819336,1
182.5127753168983,-0.6240552834399606,1.4012006493333116,21.15106201171875,1
182.82224349025395,-0.7759368772497522,1.4877640076876937,21.107955932617188,1
183.2886661537388,-1.4589161709970204,2.1368724012100686,20.25571632385254,1
182.9938198816131,-0.3429350031052999,1.7259037350212798,20.605255126953125,1
184.03728998333057,-0.869304129694997,1.9011948645419652,22.93475914001465,1
182.76947036055049,-1.5834597892845004,0.4465739750831423,19.84240341186523,1
183.58306499241183,-0.5462546975837764,2.39377825106098,21.774951934814453,1
182.83437200381684,-0.0602887849071006,1.6740258060589668,20.624643325805664,1
183.3513478712042,-0.842268689337463,2.3371237021524047,21.46481704711914,1
184.01401502712855,-0.213044174743787,0.4180408304276343,20.68825340270996,1
183.773779172468,-0.9858712184748412,0.8940894133317823,22.572904586791992,1
183.00370362954752,-0.3847403578170262,1.5132131979319892,22.009662628173828,1
183.86322513655696,0.10561696738521,1.5582598032672954,22.894062042236328,1
182.9287666982333,-1.7786442724815932,3.2245587861957916,19.74181747436523,1
182.84462204848217,-1.4003059996316207,0.6042255532911278,21.089136123657227,1
183.6594618589217,-0.1249599172025,1.2570027905826977,22.302244186401367,1
183.61588999517463,-1.6126901638491524,2.0864302962136203,21.0012264251709,1
183.1051205223338,0.3127849655488355,2.1919847532636307,22.143726348876953,1
183.9974209600792,-0.1379478577381869,1.5340527536805515,22.930639266967773,1
182.86283968702688,-0.4305934271589786,0.1816705496530841,18.793994903564453,1
184.0795341495505,-0.9940689893182192,1.4082276909317504,21.450782775878903,1
182.6283585384354,-1.2839039976423916,3.686349910684751,21.209184646606445,1
182.5478258100726,-1.2383121984628958,3.165277197033317,20.9031925201416,1
184.17819308902463,-1.3275792051805946,1.2205433817954223,19.17937660217285,1
183.5895424352356,0.220266985696502,1.328514753126094,19.114147186279297,1
184.0152422085201,-0.8786289084575194,2.606598487759209,20.967754364013672,1
183.37542422746472,0.3282857378512142,1.1815455201071088,21.10715675354004,1
182.6308824537438,-0.7979876534168024,0.6266627596237685,20.554424285888672,1
183.2835790650219,0.0576782114183792,0.962895513050916,21.731834411621097,1
184.15444293710948,-0.3778129178894957,0.1575332184257545,15.89328384399414,1
182.29559670304403,-0.8388878023911739,2.5416504020285045,23.4789981842041,1
182.62717579463165,-1.6324872407408582,0.7368720648164432,21.15082740783691,1
183.8901416726532,-1.1286788545296835,2.1016959856860966,23.609962463378903,1
183.44805450949715,0.0250092902801612,0.9614902819938888,17.465740203857422,1
183.66130464700288,-1.5534891298718447,3.208474129532215,20.19935607910156,1
183.6267873801613,0.1540234591646779,2.6075734608109724,19.92370223999023,1
183.28551234649208,0.2231599977857655,2.586406371741495,23.404504776000977,1
182.5127753168983,-0.6240552834399606,1.40030178599216,21.15106201171875,1
183.49708124725692,-0.3334439605491538,0.6025839805211266,20.69318962097168,1
184.0461992009816,-0.6564264169860966,2.3286511934847836,20.274219512939453,1
183.35965343518816,-0.8040521156829811,1.1552761926210824,19.560956954956055,1
182.5981802745891,-1.4240392176627965,2.669718667434943,22.256397247314453,1
182.40254272702816,-1.0853089636489723,1.6269857264452103,22.700563430786133,1
183.13012618426907,-1.1112646322202775,0.8083062568485847,21.54872703552246,1
183.67272838225512,-1.3793383032182838,3.1911965798431368,21.605844497680664,1
182.70509621704255,-0.077057924466664,2.010921877401946,21.537607192993164,1
183.7516582225048,-0.1315009869955199,1.807458029754868,21.027664184570312,1
183.65881417476183,-0.8607907626305329,2.670018744928697,21.45949935913086,1
183.213262420898,-0.8946651504634917,2.4787399338224154,20.03275680541992,1
183.087915791934,-0.0508488427766964,2.032148601434516,20.92868995666504,1
183.06878644080064,-0.1483943917027642,1.5377331265441592,21.349130630493164,1
183.62455280917743,-0.742774895490271,0.8416350878617572,20.933855056762695,1
183.2105044729555,-1.3656118292109292,2.300378640642788,20.414447784423828,1
182.88239744067545,-1.3005405988315817,0.7011904187683091,20.8590087890625,1
183.44820447373556,-0.5758627976710935,2.318245627754852,21.368255615234375,1
182.7152653638455,-0.9474807997439564,2.189990179385924,22.125408172607425,1
182.63723579256484,-0.5793511568965707,0.9808261449908424,19.590051651000977,1
183.4472909119225,0.0525811837151995,1.284575575205005,22.219459533691406,1
183.00949056708103,-1.2055814429131826,2.5720619806681344,22.8470458984375,1
182.4115826979262,-1.138539831100678,2.514319446112422,21.986759185791016,1
183.16123442043417,-1.2014991955296928,1.814202945891455,21.294769287109375,1
183.60781131584892,-0.2133247648823063,2.300784317012767,21.135480880737305,1
183.49724238721748,0.1348214719626822,0.7778685902401307,20.005645751953125,1
183.13413117486337,-0.050903622427997,3.1631485397889283,20.919740676879883,1
183.34207366619455,0.0163022365575383,2.6413206922405523,22.67655372619629,1
183.39848746800345,-0.1063091167381728,0.9224363203637342,21.518341064453125,1
182.66219554230275,-0.5870598938944603,1.4823470480230705,22.20526695251465,1
183.040971180062,-0.6460405347387456,0.2091963539157713,19.348045349121097,1
183.83186408103225,-0.9868193685251786,2.0734177555414983,21.355222702026367,1
184.24829148967743,-0.9808629194566189,2.2597142359916784,22.99481201171875,1
184.41443227419632,-0.8456768674529728,2.8159791222285104,23.68584251403809,1
183.10147384136636,-1.8795557757390793,0.4296717385678121,18.366870880126953,1
182.97249045488036,-1.103997746596973,1.694843545113694,21.703205108642575,1
183.5850928983656,0.0310358502122549,1.0789247571880871,20.773584365844727,1
183.3219330828815,-0.690334062405978,0.7549591411659852,20.14789581298828,1
182.80130414639805,-0.8929042234596251,0.2985977923643896,19.260650634765625,1
183.3834455504194,-1.0988286171746904,1.6779463076512389,22.778738021850582,1
183.2570765458028,-1.2996307253609685,2.161964948966242,22.42362594604492,1
183.68386473187303,-0.8122025653856054,2.5471613805643245,20.893909454345703,1
183.0469153625877,-1.6507992213376022,1.8413879875558044,22.924789428710938,1
184.18075700014273,-0.1537324481742611,2.196277536466694,23.67283821105957,1
183.6594090091931,-1.66460646650627,3.2240539192391036,20.773096084594727,1
182.25494206472655,-0.6476086888164088,2.286234274859469,20.76802635192871,1
182.44154003457652,-0.9627559517902856,1.9913425974111305,20.030960083007812,1
183.32977749004976,0.2677345382298883,1.3098392329206654,22.508445739746097,1
183.03301528509832,-0.854286115978093,1.5107748818235016,19.845674514770508,1
183.3401288166725,0.1572891658541443,0.7796193446377221,20.253150939941406,1
184.32798183153437,-0.628762536651319,1.631660866986129,22.237653732299805,1
183.359036271666,-1.2931469445457682,2.027237806366089,20.61599349975586,1
182.82719782817077,-0.3190544497409043,2.370264661855447,22.8531436920166,1
183.14103906004223,-0.0238942949823833,2.1153695238416765,21.483034133911133,1
183.37137160957724,-0.3170289856718884,2.6506437182426636,20.750244140625,1
183.51060035625144,-1.7278389296251857,2.088211183500545,19.950241088867188,1
183.42738917825156,0.0967766286217975,1.0045037646177255,20.82605361938477,1
183.12478704744095,-1.5303197027753934,0.647035001678246,19.560712814331055,1
183.58070875310088,-1.3975761055380396,1.983044282490016,23.218475341796875,1
183.60412422254305,-0.2920932108073436,1.6593910812762898,22.9254150390625,1
183.55583524777435,-0.1312909536303965,1.8339231039241473,20.336894989013672,1
183.0275370764961,-1.040290366307552,0.6830730275625252,20.166542053222656,1
183.35724471206737,-0.674430907131841,1.7577310079994066,23.162431716918945,1
183.9575036915625,-0.3917866072140121,0.7236954062212148,20.88136863708496,1
182.94929194203485,-1.3142130468907276,0.6455974267496212,20.973398208618164,1
182.671990175757,-0.4751895640131038,0.9102047895586836,21.591588973999023,1
183.97244911141448,-1.3571560257873527,2.543732000543934,21.698291778564453,1
183.11287293479833,-0.3330340245258747,2.013643871411582,22.77374267578125,1
183.26780590335497,-1.377732809769294,1.5576954532726783,22.3055477142334,1
183.60360637108377,-0.4494175587608834,1.602005478538027,22.958890914916992,1
183.97527408075348,0.0383990104906369,0.9759306849713932,22.069164276123047,1
183.50958854726144,-0.3817265706537097,0.9453341598239622,22.34079933166504,1
183.9496237494899,-1.6058904996294356,1.6780913053809168,22.75934410095215,1
182.7206402132828,-0.8466438561618254,0.3948281074806943,20.179473876953125,1
183.185435854771,-0.9614603174609032,0.936101393021684,18.517967224121097,1
183.62323770025495,-0.0255734598815834,2.6796130581170954,22.65221786499023,1
182.54051992964077,-0.2193040539850234,2.419003005500705,22.99169921875,1
184.22263540272465,-1.1769469605894542,1.2613729354772536,21.767101287841797,1
183.40917301926663,-0.7565061745463356,2.99769219740364,23.415597915649418,1
183.5850928983656,0.0310358502122549,1.0783459423690205,20.773584365844727,1
182.7882215496033,-0.6984429481429041,0.4047958494740206,19.664531707763672,1
183.80248066679383,-1.062779431506124,1.3199670071647085,21.16162872314453,1
183.86157432677632,-1.1167824204484835,1.7547251065870828,22.4196720123291,1
183.73150855713305,-0.3698806186972254,2.130696694494024,23.634464263916016,1
183.070200271816,-1.3539728189073783,0.7522596692931041,19.81751251220703,1
184.07925408849903,-0.6223744145399791,0.8146613816248596,21.894683837890625,1
183.71708820708992,-0.986933121779472,1.596756141764535,21.363290786743164,1
184.20417810067505,-0.4145442882716929,0.9207458712534276,21.32796287536621,1
183.63831562577556,-0.8337994819568578,2.099270950047307,22.527925491333008,1
182.72483476651925,-0.3304711754544276,1.0165458043303983,22.632890701293945,1
184.2548104421128,-0.5874902725040425,1.446620746273712,21.866382598876953,1
183.68722511069876,-1.4594571745036555,2.06155501414841,21.50811004638672,1
183.02528695922035,-0.8754190073938832,1.5637544819672946,22.41899681091309,1
182.8167128420658,-0.1729058197503037,1.214800184552771,21.06342887878418,1
182.4514148855316,-0.2343661532714608,2.3588281983175015,21.24038314819336,1
183.42988589062912,-1.045626316732061,3.378502623148032,22.11589241027832,1
183.22084758961336,-1.4887863191450117,2.3474171949518157,22.910900115966797,1
182.5094435257976,-0.9966014768637792,1.891398083779229,22.02094078063965,1
182.93851429052847,-0.2012589508068573,2.5600650848273445,23.190195083618164,1
182.72370433841095,-0.7717709344648821,2.1302873507242284,20.707746505737305,1
182.6308824537438,-0.7979876534168024,0.6266803977506531,20.554424285888672,1
183.81317444873883,-1.001494676987319,1.550228528507349,20.59726905822754,1
183.54756195343913,-0.6013698842617967,2.693850595156652,21.43617820739746,1
183.9486631052697,-0.5362288319633861,0.9753608946230404,22.33091163635254,1
182.82224349025395,-0.7759368772497522,1.4898779107803424,21.107955932617188,1
183.34661988173215,-1.035050095991006,0.7089530218425516,21.558738708496097,1
182.63878889764575,-1.2987827081380527,0.5436692854920195,19.765764236450195,1
184.00726129501336,-1.0407122591660996,0.4016198745895875,18.986034393310547,1
182.72026362826017,-1.4188507930864678,0.5687676458887597,20.878171920776367,1
183.09433883402983,-0.0666200293725133,1.2483946293071857,22.39538192749023,1
183.1919222210355,-1.1448639923778368,3.183688512289213,21.334077835083008,1
182.93701553287565,-0.92138251244596,2.731388863386155,23.23488998413086,1
183.30938045582224,0.2901630598928421,2.700764837410351,21.81148910522461,1
183.05563013060868,-0.5533021838430359,2.2692607280766732,22.739273071289062,1
184.20417810067505,-0.4145442882716929,0.9207494634429768,21.32796287536621,1
183.185435854771,-0.9614603174609032,0.9361310537369222,18.517967224121097,1
183.14103906004223,-0.0238942949823833,2.115303144123857,21.483034133911133,1
184.1645537939154,-1.017035370457566,1.5614979996196716,21.36753845214844,1
183.359036271666,-1.2931469445457682,2.028167658300561,20.61599349975586,1
182.48030882300435,-0.4998903595136294,2.277122445285477,20.7193546295166,1
183.88949175977697,-0.9776155983855336,2.8816812943682777,21.91581916809082,1
182.5402410589957,-0.1387232977640954,2.205943768736431,21.64598274230957,1
183.35757627254628,-0.6873559853660307,1.3445777364412328,20.09650421142578,1
182.8524190057508,-0.680012624363748,2.1856483398894526,20.679443359375,1
183.98055476712923,-1.621542855782247,1.3573951438223928,20.515409469604492,1
182.6673428458927,-0.0543277648518857,0.3018478527110351,19.01646423339844,1
182.8189773392784,-0.7525461921348202,2.8915293483805624,20.360034942626953,1
182.92134628525943,-1.0804472172904354,2.2838622206723853,22.753318786621097,1
183.387022390752,-0.9065328908041778,1.8078144974721284,22.03042984008789,1
183.3603130073858,0.0799090439294232,1.928671983205772,21.640602111816406,1
183.65252181135384,-1.6220352298543448,1.559648038274167,21.28130149841309,1
182.84871820747685,-0.7438996547344215,1.4918695314959394,21.294321060180664,1
183.84426553584208,-1.2589834149324577,2.1091629908653413,22.66339874267578,1
184.0809163608315,-1.0589421612292735,0.4584982760999024,20.673494338989254,1
183.30850334212184,-0.7000935704315159,3.0163032148626576,21.942440032958984,1
183.28357812535353,-0.1095444885394409,2.397428501060113,22.12503433227539,1
183.9507247212557,0.1172050653877685,1.6722355102126636,23.045822143554688,1
182.79479065785216,0.0166287934446485,1.4202235747676375,22.869796752929688,1
184.04333378603596,-1.2675473735481957,1.3801165296400126,22.40959358215332,1
183.9899324060189,-0.1220919919704604,0.9879986951856612,18.789758682250977,1
183.86205411289893,-1.401081749912595,3.1108931572800045,20.727392196655273,1
182.8834685506379,-0.7058554667359788,0.6955041354355354,20.293548583984375,1
182.43308415153504,-0.2189358535789601,1.4258869255403537,20.67025375366211,1
183.1660721439544,0.1439408719260863,1.7954755738602377,21.82670783996582,1
182.89277827886053,-0.5747160002641899,2.554334733845419,21.27778053283691,1
182.4544176994336,-0.8842301702890606,1.3963874715411706,21.00362777709961,1
183.8705978840535,-1.3576798569289896,1.4375016748578957,22.252826690673828,1
183.44639056793596,-0.210492921418064,1.4145363652912752,20.773357391357425,1
182.3759993157108,-1.2061079297434454,1.9704773207313544,22.094913482666016,1
184.01503614461896,-0.5419650501326753,1.8489057711574637,21.578941345214844,1
182.6317460284433,-1.520731677960868,0.6577266990641619,19.316442489624023,1
182.89636371554008,-0.9206766664950408,0.4048050843508806,19.259740829467773,1
184.2181107495302,-0.3407493994804872,1.6495104617739278,21.08587074279785,1
182.8974607134681,-1.2611367631874784,0.4392853127740929,20.00598526000977,1
182.68275398477337,-0.4755475958657592,2.2567109560696084,20.98094367980957,1
183.69120239633563,-0.7596106898469369,0.8440355426972976,21.93704605102539,1
182.88708743584024,-1.0294692229944988,1.0649068438070484,20.02567672729492,1
182.66621364700296,-1.6268101712619705,2.420882595079487,22.990219116210938,1
182.7538113384339,-0.3955433222543392,0.5069983284986058,21.465560913085938,1
182.3801094599397,-0.6051085789043309,2.448066649887292,22.576086044311523,1
183.19837457235428,-0.0285099092323595,1.2850271379090417,19.203022003173828,1
182.37683863204137,-1.3638819086074272,2.4224059919257237,23.02741241455078,1
182.7519345812743,-0.1889925555094612,2.9256178042358956,20.100990295410156,1
183.30453646603735,-0.160274751872888,1.3029477662020046,22.457521438598633,1
182.69477455175348,-0.6243304638116379,0.7247419298933339,21.236730575561523,1
183.24396254401847,-0.3462234842799312,2.517585980571989,23.49412727355957,1
182.7882215496033,-0.6984429481429041,0.4049251265660984,19.664531707763672,1
184.00567301223043,0.0805866674746882,0.6755571388545237,21.103008270263672,1
183.79851926355184,-0.7375493187341844,1.9054877772042331,22.283138275146484,1
183.4085357787559,0.2439404825077013,2.716422409789366,21.72040557861328,1
183.41788269577864,0.0097425577054904,0.8140701553987449,20.44489097595215,1
183.78672867990343,-1.4475792338459603,1.5096106994879688,19.305099487304688,1
182.76799672311617,-0.4880480037682393,1.0837571030787858,22.20688247680664,1
183.2293799593722,-0.2656842699344668,1.5288744612045286,21.51788330078125,1
182.70059878954245,-0.3985587931048468,0.9093224231197744,21.09912109375,1
183.432350870283,-1.0007090823572076,0.3282221550392279,19.28076171875,1
183.76427479312056,-0.4713942321698863,2.0333166717358875,20.832759857177734,1
183.9974209600792,-0.1379478577381869,1.5342929376055583,22.930639266967773,1
182.72392795396937,-0.5748965295988252,2.212704007995296,23.526012420654297,1
183.58215458008297,0.0487870110347185,1.4290516153290145,22.596067428588867,1
183.09728149675144,-0.8376166250318504,1.1474357516301164,18.60603904724121,1
183.9184312558432,-0.9833126748858564,0.7839033210828732,21.532760620117188,1
183.25529282160875,-1.3492193390238487,1.3603540757352817,22.838054656982425,1
183.04219899849923,-0.7082548169355715,2.031168578846641,22.497777938842773,1
183.06818136808667,0.2225385904990732,2.0861599912389632,21.67377281188965,1
183.4254823894748,-0.6470243640294759,0.797293923360123,20.21094512939453,1
183.7618832063236,-0.8123699725066778,1.41239512712399,21.265140533447266,1
182.89636371554008,-0.9206766664950408,0.4047464956504056,19.259740829467773,1
184.12123884007713,-0.1718718038583038,2.500966969898486,23.100830078125,1
184.29118576556107,-1.231142912054524,0.2915467742526098,19.374042510986328,2
182.4104630777791,-0.801546256841391,0.9320544977758312,22.93596839904785,2
183.78258303612756,-0.8428048296893442,1.1429411736197868,21.494768142700195,2
182.6638987138291,-0.8809232565593021,0.6283212915603712,21.855627059936523,2
182.288776714242,-0.7186587959182825,0.1824040558916017,20.09043884277344,2
183.08121265458632,-1.0420750567016916,0.287072438752178,19.53538703918457,2
183.4755178629063,-1.7050952623794615,0.4244677786627515,20.889667510986328,2
182.56062321406037,-0.1596010042314184,0.2550446501767275,18.94327163696289,2
183.77546971877803,-0.3474828710461289,0.8415828397160479,23.200031280517575,2
182.67475620131532,-1.3845508476429988,0.9524091577551614,23.09086227416992,2
182.80614007638965,-1.0015908395047028,0.7188876476307066,22.023910522460938,2
183.772041453185,-0.9912128990433988,1.020529055625793,23.321632385253903,2
183.42792633343095,-1.2101385985064756,0.9768323520735166,23.46276092529297,2
183.63313547630685,-1.358928697673908,0.8377334928464572,21.635648727416992,2
184.2279571169739,-1.0374945943448763,0.7249843577018982,22.765132904052734,2
183.5952867916222,-1.3050869763182469,1.1393175592408409,22.29732894897461,2
184.0114665895738,-0.7281987632162554,1.2059183916691067,22.295989990234375,2
183.3111329056935,-1.2064233879936042,1.1985323167567,23.919113159179688,2
182.4135222556256,-0.5432894442512479,0.809236750470122,22.875732421875,2
184.14729923733853,-0.449022702505094,1.498928397348857,19.8858642578125,2
183.0823721675933,-0.8823265081241309,0.6145211850320413,19.860095977783203,2
183.61952925827632,0.2706055813612372,0.0889102928685024,22.381242752075195,2
184.12486695102007,-0.1756413367758144,1.5465088335043675,23.317453384399418,2
183.55866109715095,-0.1596594073633931,0.4787875761234184,20.27840232849121,2
182.87089433446388,-0.7901207674649546,0.9972617653748655,22.278310775756836,2
183.01841890102165,-1.406954242965194,1.404989446059448,23.14953994750977,2
183.01434801475105,-1.3465431893476876,1.1921336737336954,23.74367904663086,2
183.0244214868823,0.3107629173640431,1.041354667208327,22.997331619262695,2
182.37821483192465,-0.4470039107613888,1.3948671453660022,22.761425018310547,2
184.0521288093684,-1.3340066733396096,0.8437943987134889,22.97918128967285,2
184.0491584100281,-1.210938556510753,0.845718513013465,23.192058563232425,2
184.0190278444012,-1.3855756269006905,1.3919286386308627,23.39960670471191,2
182.33905228080403,-0.6672246878569281,0.775167540112875,23.575517654418945,2
182.32080321,-0.49984701,0.5273707939672434,20.00802230834961,2
182.9759184848076,-1.1677243763153988,0.2034922628854965,19.045555114746097,2
183.40520865490387,-1.3373680014101466,0.3386627216886951,19.999725341796875,2
182.26623179682645,-0.4822601099260074,0.8593560258747841,22.321054458618164,2
183.0948499909747,-0.3386130866253902,0.3829549788658659,20.26824378967285,2
182.9400683917128,-0.3809324657790455,0.2189314315912933,19.379718780517575,2
182.81620550824027,-0.219354476203893,0.1158653209436629,20.339279174804688,2
183.6738539105745,-1.4680841890376073,0.1977461973685592,19.241432189941406,2
184.22371490040163,-0.2020764106848766,0.4159118538129208,20.131731033325195,2
183.36513088699684,-1.06783132745931,0.4249548098196367,22.361501693725582,2
183.30986856321007,0.1000273100231189,0.1222657740875953,23.072153091430664,2
182.52145148918115,-0.8389654385169643,0.201802728268963,23.387163162231445,2
184.03316296555363,-0.8611205537987964,0.6973037815685097,21.395193099975582,2
182.91240735025428,-1.4955974321575167,0.2019772396435429,17.285213470458984,2
182.37633175520793,-1.2401553446043254,0.8674632382272025,22.55585289001465,2
183.2048971190068,-0.8541310131401955,1.353862075560045,22.91237449645996,2
182.7368671115569,-0.6367145160876498,0.3031138839762227,19.35504913330078,2
183.51034874082208,-1.676967425701615,0.671180303279118,20.770612716674805,2
183.34781908953835,-0.8098344361501852,1.0719216054438598,22.817781448364254,2
184.2700235942121,-0.310582537351274,0.2760421500673613,19.164077758789062,2
184.07053887920955,-0.3677042379564104,0.1561875368680414,20.042882919311523,2
183.7613292354199,0.000782216791281,0.0887274442052403,18.799192428588867,2
184.1582061826811,-1.1065807617503072,1.0237356480898985,23.1351261138916,2
182.98302871185444,-0.3564519645788134,1.342958281533892,23.425243377685547,2
183.81293114610136,-0.2138837265184923,0.7103020294815283,22.069181442260746,2
182.79109378991265,0.05791286215898,1.1521215159992793,23.111337661743164,2
183.28224189497448,-1.0221701799527716,0.3945124506577875,19.846237182617188,2
183.4292808359931,-0.7435908410966094,0.8970477156439379,23.404220581054688,2
183.4686034779417,-0.0464121767410193,1.5475697463969342,22.24476432800293,2
183.32309611699284,-0.0607368089808012,0.4541190862944772,19.668777465820312,2
183.3908222942883,-0.9040590261527904,0.6197535806856415,21.907007217407227,2
183.91525298246503,-1.1291182790683063,0.0751596087939195,17.90496063232422,2
182.8771106452188,-0.4879818113112042,0.0956398874208921,17.802433013916016,2
183.9484962777118,-1.242195898694335,0.26914983661927,20.31515884399414,2
182.73688954838943,-0.2899158090511399,0.4035443710505071,20.24717712402344,2
183.60261764179057,-0.5843492944317011,0.2500916698721116,18.93337059020996,2
182.31043925904095,-1.0445467666993271,0.6813940912060116,20.701656341552734,2
182.4015884683254,-1.251161145989541,0.8332506868641858,23.59591293334961,2
183.7076222704464,-1.5016091280042427,0.6277557832863001,20.983154296875,2
182.89971181752856,-0.0740145555658878,0.0903952885257465,18.663610458374023,2
183.19164393425,0.3113823233694657,0.6221188353914283,21.558095932006836,2
183.12185081305873,0.2425754508235719,0.9292586683903896,23.534103393554688,2
184.13592700293853,-0.77739223422867,0.252475822611481,19.192935943603516,2
183.9311325109646,-1.3028002342280065,0.1227952050502711,20.44641876220703,2
183.6926055813893,-0.3022318317385635,1.3402530364833305,22.377901077270508,2
183.78818657555348,-1.030579433768203,0.8840386115270268,22.61515235900879,2
183.34021287778887,-1.2829470715897486,1.005154063685246,22.4475040435791,2
183.85661251148792,-0.7005733691472323,0.3484610339277045,19.259809494018555,2
183.41961036219075,0.2107935065538696,0.9564969986113,22.65363311767578,2
183.94603663014857,0.0624773028648097,0.2508358229226314,18.983978271484375,2
183.7833716502301,0.2442590150612334,0.7719512749495345,22.85275650024414,2
183.0043372274745,-0.9516015517686645,0.6332658149147271,21.213911056518555,2
183.3359073758149,-0.4486289438516162,1.4437865745117149,23.257041931152344,2
182.5188040721721,-0.2959581611027906,0.3797031189317186,23.3145694732666,2
182.48967601862492,-1.5375666388397071,0.2836016042717461,19.990345001220703,2
183.6227966379485,-0.4976500080303712,1.4189049046527993,22.944507598876953,2
183.58347265791176,-0.9292657060191194,0.0840101099373597,19.88886070251465,2
184.28964598601792,-0.243978040505997,0.3230022037260313,19.69825553894043,2
183.55313973766923,-1.2003687268011494,0.838488656052658,22.212717056274418,2
183.92117983367223,-1.1729272815128695,0.0850734771915028,23.00442123413086,2
182.94041023440053,-1.3993889085485185,1.109994755838152,22.628929138183594,2
184.1386848580746,-0.7369832643371217,1.4643899498652533,23.34840965270996,2
183.76562455374008,-0.4858497691292162,1.4284846791414354,22.684120178222656,2
183.4253649755302,-0.0619393926775744,0.2259842748111758,19.818199157714844,2
182.5467237010457,-0.8365337758813722,1.6534909571121772,19.659603118896484,2
182.54156410590736,-1.275088447490735,0.4428190159283802,19.869306564331055,2
182.66292968924003,-1.4169589234843127,0.7675636590833365,21.925762176513672,2
182.4634844342309,-1.2497747962550714,0.8053254282575018,22.47311019897461,2
182.62305389803623,-0.0125684647868471,0.2579459547341282,19.83063507080078,2
183.43504123854183,-1.154162407227057,0.1073009623357353,19.968563079833984,2
183.84297277003247,-0.1797543531095174,0.9930440738223264,23.86186981201172,2
183.48069611403832,-1.1531234843437337,0.6266703097691538,21.058759689331055,2
184.13375068077673,-0.2205867796856483,0.8537958775863869,21.84773063659668,2
183.09428697393167,-1.195753667867486,0.5631631867916693,20.027305603027344,2
183.55579059825536,-1.4184344397443347,0.9207572197265058,22.71849250793457,2
183.05908325235228,0.3266874248640092,0.2186159201794028,19.55472183227539,2
183.6255005386672,0.2720505110900572,0.4308949715199238,19.745670318603516,2
183.28154993900617,-1.3239512780361875,0.4325568711930472,20.090282440185547,2
184.39616,-0.76707917,0.4352141916751861,21.27327537536621,2
182.8392429267097,-0.3516550886329309,0.3205609935650411,19.86644744873047,2
184.05902195381503,-0.9351100494700836,1.284986411233268,23.370725631713867,2
183.69801779028327,-0.1149026694092572,1.1192703021988004,23.35711669921875,2
184.22645268314776,-0.2356306499599857,0.3214108765925985,19.296762466430664,2
182.91522657285745,-1.3172466333748196,0.8740139009202402,22.114015579223633,2
184.01512092730124,-1.273478066493897,1.328547870560671,23.767845153808594,2
184.06472488936592,-0.7347080057487195,0.3689474245187906,20.69501495361328,2
182.99491117704173,-0.4006889615268806,0.4357001777402153,21.286909103393555,2
183.5267920757865,-1.76219549431052,0.813225155720015,22.531633377075195,2
183.18794503832535,-0.8807496039735713,0.0733190605106089,19.28665542602539,2
182.40118096573335,-0.4408113505696778,0.2063692431057364,20.22662353515625,2
184.04530289718568,-0.2572544796698727,1.1458654975409832,22.191049575805664,2
183.88382607150317,0.08357453220391,1.1056650572029436,22.77959632873535,2
182.52986694337653,-1.051960165343773,0.6633873823294723,21.492046356201172,2
183.73235020393471,-0.5980737227453907,1.157996739025078,23.504985809326172,2
183.5155932107676,-0.9793234801663048,1.0797886946009552,24.10089111328125,2
183.6881367140964,-0.4827901897735492,0.3833904466763717,18.524921417236328,2
184.09462798970537,-0.7754558649968559,0.3843238055431498,19.73172378540039,2
183.4614379791099,-0.3561338726818961,0.8648618946940684,21.690670013427734,2
183.22494671562575,0.0701576325436158,0.9616878546083568,22.7520751953125,2
184.07575437141932,-0.609966595420849,0.1210262508558364,16.716020584106445,2
182.5982779538066,-0.3339377610081552,0.9197436066562132,22.4375,2
182.67603238982633,-0.3712650502264003,0.3066074918068869,20.045101165771484,2
182.31554651181116,-0.8688101884548303,0.7173181060159248,22.392004013061523,2
182.51124702370225,-0.5680786410296387,1.2390784883546435,22.32411003112793,2
182.4340541758853,-0.7286937984773166,0.8059668728655166,21.546716690063477,2
182.6480728447088,-1.4834585160911835,0.1043797501958141,17.49680519104004,2
184.10393561181212,-0.0069404951812582,1.216429583955685,23.423105239868164,2
182.60568592112048,-0.951517559937712,0.6774208018647713,21.03362274169922,2
184.1677082076932,-1.3949728954145562,0.287453694786535,19.6888370513916,2
183.19333706441984,-0.7484309885139359,0.7452117633914636,23.52411460876465,2
182.79270065624092,-1.0826846282591311,0.9181569136365552,22.10161781311035,2
184.18045694004496,-0.768860628560292,0.3502894499511339,20.001293182373047,2
183.03106764997796,-0.1564210688583963,1.213458925272467,23.051454544067383,2
184.35555429850936,-0.9766507584070668,0.7230509943369529,21.65352439880371,2
182.49974923410983,-0.2536707643569614,0.2745953492047936,19.66986846923828,2
183.07723257278096,-0.0459293985360251,1.472020950737866,23.22538948059082,2
182.46408082094896,-0.3622322140514324,1.025638962644401,22.953039169311523,2
183.184430752653,-0.5895147187825701,0.2212316828495006,18.41790771484375,2
182.6431210386009,-0.9586123868000108,0.8115160995454164,22.586090087890625,2
182.854001529173,-0.2721242206425593,0.0734136437194108,18.252838134765625,2
182.5891864565241,-0.3042118393806658,0.4240000965503492,20.274738311767575,2
182.59356730065792,-0.3585381498351426,0.1285181670464397,22.39816665649414,2
182.8279179234723,-1.0637327045779923,0.3374361535644248,19.939918518066406,2
183.18042949832352,0.2001905117773554,1.6282814503658027,22.533029556274418,2
183.14785880046023,-1.1597399310284593,1.1979763202123443,23.42146873474121,2
182.34047711150777,-0.2509447605461052,0.3313715628962222,19.45969009399414,2
182.7416958901466,-1.4523713474498008,0.101951918740748,18.56010627746582,2
183.9891298800112,-0.1051982130075824,0.7955181052302751,23.02353858947754,2
182.92718934245855,-0.0718539258505409,0.7767171623457737,22.494407653808594,2
182.90671721011543,-0.3888820696605028,1.011707448566249,23.803937911987305,2
183.5499207335,-0.7062312656417701,0.2884041347583549,20.431163787841797,2
183.80600520935224,-1.443754154113832,0.8174677944758251,23.365068435668945,2
183.53806069049529,-1.2956112715547374,0.6759869122779724,20.39447021484375,2
182.91013058842785,-0.1556530688593434,0.320313845814726,19.07330322265625,2
183.40828022810996,-0.6148388175050109,1.1545678045359569,23.111011505126953,2
182.90228465670464,-0.6119992916958257,0.7556929342292916,21.89620780944824,2
183.0635522338642,-1.5761697315473686,0.2789973917707957,19.924137115478516,2
183.52190011941775,-0.6161040098932147,1.4171207334501998,23.195207595825195,2
182.5616758922053,-0.8714155254603075,0.190163158564522,19.906070709228516,2
183.68121555077036,0.0310936835901992,1.5606762405644738,22.99414825439453,2
183.33041582976423,-0.8552635069081644,0.4346445071880758,19.244121551513672,2
183.1787067645269,-0.4995183713803183,1.3128553469806512,22.757429122924805,2
183.7417575630454,-0.981425612645788,0.0822861379271031,20.065208435058594,2
182.37435440888947,-0.3995452486498442,0.5748418907818375,20.194480895996097,2
182.4802612772828,-0.8311591712145313,0.700627797389443,21.55209732055664,2
183.79442794301525,-0.6015874633304795,1.0173902881204533,23.21042251586914,2
183.1759143867161,-1.0091332300682616,0.7717260961965016,21.522218704223633,2
182.21991982055368,-0.4815813289506359,0.7025456650738179,21.423179626464844,2
182.7296410086749,0.0823659492793955,0.9483954663942452,23.25152015686035,2
182.55305173564923,-0.2003651439763855,1.16469403697884,21.936817169189453,2
183.4648554492958,-0.7920942779059765,0.6198190051958117,20.123388290405273,2
184.00032097071715,-0.3910222853367301,0.5308958375455289,21.785961151123047,2
184.21627198462383,-0.60876615862636,1.2825155908883124,23.18857765197754,2
184.0628346870599,-0.7229257759162061,0.5801084162155151,20.70408058166504,2
182.7928111396583,-0.7813838093377614,0.974042517221552,22.770092010498047,2
183.20441556295663,-0.5909090969423887,1.196022455925692,22.998615264892575,2
183.5167844802672,-1.3236298504801984,0.2878089577797161,19.479969024658203,2
183.9750564228624,-0.015787916570249,0.0795839822022883,19.838489532470703,2
183.53899275547556,-1.110483663946917,1.2840217789215878,22.643356323242188,2
182.93699658828612,0.0807977311322764,0.2331665925295964,22.962980270385746,2
183.40281383824848,-0.3956268827037709,0.0208428352570018,20.938861846923828,2
183.82887282631216,-1.3012143163625207,0.6731924921302199,21.97808837890625,2
183.66173519431928,-1.2044571800482171,0.6899974140881461,22.37477684020996,2
182.52467072215805,-0.2378021119970627,0.0978555180460227,23.449386596679688,2
183.1765894521934,-0.90460988719323,1.070572859456355,22.93924140930176,2
182.88802704741528,-1.0333951807675137,1.3592276409309432,22.81648826599121,2
183.4723517269232,-1.1921274119449528,0.2526833212456358,23.401809692382812,2
182.39217087827413,-0.5359405617104946,0.2713401577259137,19.685028076171875,2
182.4649910530038,-1.4032932502116189,0.2251112287899566,17.286659240722656,2
182.9884300409605,-1.5410635864874125,0.2861285746952253,19.388643264770508,2
182.3882422465013,-0.7785252458611788,0.3417301063886372,19.145408630371097,2
184.32139946423055,-0.6943026203661838,0.4001631518308525,18.335594177246097,2
184.02498578685692,-0.6097971183865273,0.1975979444355833,19.30876350402832,2
182.6115585156477,-1.6162951230380591,0.2907994334599646,18.895795822143555,2
183.9411156313431,-1.2799261796961243,0.4155056336422191,20.825429916381836,2
183.4405696441761,-0.4689476117454039,0.4657662366488309,20.30508804321289,2
184.1691581771937,-0.4803395769164195,0.9046701147942308,22.695899963378903,2
182.99268902724808,-0.2442925576390373,0.2733314168738922,19.19136619567871,2
184.10969897603135,-0.6695536357340608,1.5534252221002491,22.485042572021484,2
183.50124068751185,-1.0834238572272226,0.3937627070055498,19.623592376708984,2
182.7663355989659,-0.7409486898725777,0.2832220356314066,20.00110244750977,2
184.09207984494265,-0.1004603209128183,0.2753036295582417,19.17285919189453,2
183.8090459103496,-0.8487778464821659,0.8003898801946955,23.261035919189453,2
183.03287269473387,-1.6994216455042717,1.1849053833638576,23.27912712097168,2
182.37756892362367,-1.0017548305767183,1.1803741608189209,22.70380973815918,2
183.47399550414252,-1.2314174007238743,0.0819521795542608,15.965180397033691,2
184.2364458720942,-0.9369523032675426,1.5592506510460606,22.29839324951172,2
183.6992854115847,-1.1268619146573322,1.111825477631091,22.830997467041016,2
184.15120095554323,-0.1066618272294405,0.4966506846619739,23.215667724609375,2
182.7857136758388,-0.3499788665711075,0.0989795404078134,19.440710067749023,2
182.6561676328863,-0.4068956884875654,1.257536749277187,21.425067901611328,2
184.10761239731653,-0.4737746310278597,1.5835340301407896,23.01246452331543,2
183.01346411118277,-1.4671617497983376,1.0914994130520648,23.7169246673584,2
182.55205655075923,0.0222905794592538,0.5483363241412488,21.44325065612793,2
183.6389588238106,-1.2255511572351705,1.321071480500419,22.566856384277344,2
182.64206673280503,-1.4012593035083047,0.8870516572067758,23.64798355102539,2
183.94112461529073,-0.951970378111916,1.3224368810450764,23.06559944152832,2
182.33717005468503,-1.0974034434290694,0.6807489375179006,21.25261688232422,2
182.55267902904689,-0.9433020747855758,0.0955142490955512,22.77487564086914,2
182.60995131177128,-0.9203158637140566,0.1906460191108616,18.111026763916016,2
182.31923008916633,-1.2554924504843197,0.5753086780827944,20.512195587158203,2
183.205026704306,-0.7800391178502131,0.1271402014106021,19.002273559570312,2
184.31374119528567,-0.6716565889871352,0.7912274657697185,22.2873592376709,2
182.61959728742696,-0.7505863795815767,0.9107625236161664,22.64994239807129,2
182.80614007638965,-1.0015908395047028,0.7186085123802797,22.023910522460938,2
184.1403768163653,-0.2722884664757579,1.1147638837750218,22.753877639770508,2
182.96294705836945,0.2324383803009698,0.2896649589639199,20.003639221191406,2
183.85626047132885,-0.5610997590811202,0.9723920855804254,22.88959503173828,2
182.32224731920567,-0.7288393273337437,0.301175799085318,20.043846130371097,2
183.27477,-0.68139637,0.5073253512382507,21.03919219970703,2
183.501676048696,-0.2560617364622909,0.1792011523316419,19.334611892700195,2
183.25558182794492,-1.6505838033228095,1.2049130074149903,22.74565315246582,2
183.25290208672288,-0.0439048557729665,1.190562189686101,23.142871856689453,2
182.9723748205242,-1.4921557501703482,0.3356433088401712,18.165531158447266,2
183.60053295249344,-1.0891406159174015,1.586593544147807,23.554962158203125,2
182.77750546932904,-0.0272074639001903,0.351345100426674,22.99207878112793,2
183.11059669476873,-0.6325321500861677,1.2280707200481644,23.16576385498047,2
182.33795979998445,-1.1143377432253034,0.3621800940415287,19.794477462768555,2
184.3289691480004,-0.3482444313664301,0.3956914870897035,20.054046630859375,2
184.11113123037867,-0.4044252597918809,0.3683620187069298,22.78241539001465,2
184.35467340648927,-0.9668969953289565,0.9370916670367846,22.65922164916992,2
184.06539343469,-0.3763702893480368,0.8520679518043544,23.31520652770996,2
184.1410525096973,-0.5022109269401275,0.9039459027529946,22.83100700378418,2
182.87026138651177,-0.2960945261487719,1.4322961722344945,22.58221435546875,2
183.56844205185837,-0.2258901550350506,0.2506252982111955,21.26507568359375,2
183.84731547816423,-1.655239826295622,0.8407462706776337,22.742595672607425,2
184.31728431833125,-1.2153339582423897,0.0799236197721551,18.700706481933594,2
183.223188981102,-1.511556664343188,0.2529902086286725,18.759212493896484,2
184.37150381087557,-0.6849939394634195,0.1187281463958167,18.30457305908203,2
182.7840935635207,0.0345728237756838,1.199116774348281,22.295318603515625,2
182.98696756777176,-0.2719890630051574,0.3489588434288919,18.95058250427246,2
183.20974832595417,-0.2042005901602519,1.1858012076336777,23.604656219482425,2
183.6116030949539,-1.0102939539038482,0.3268463623214795,19.588045120239254,2
182.46855984367625,-1.1544915584759592,0.8757308048142088,22.935291290283203,2
183.9356086382256,-1.002932878776956,0.116621676383325,17.844158172607422,2
183.4872122611291,-1.3196757440869764,0.168841440769738,18.785907745361328,2
182.6952694853912,-0.5743406223042233,0.659164871632982,21.629167556762695,2
182.8850414298383,-0.71137816679706,0.957273712612862,22.84981155395508,2
183.8794867476753,-0.3648257522808999,1.1782118201281182,23.343482971191406,2
183.10963144298904,-0.7117638830875228,0.2516063635733335,19.48741149902344,2
182.519023680934,-0.8711404921347993,0.4608260184585965,19.528656005859375,2
183.38038922800652,-1.612084432959192,0.2528117542373113,20.293920516967773,2
183.25667345940224,-0.3547375718752757,0.9678848699920438,23.65407943725586,2
183.70354738142095,-0.3910722303729189,1.4453516646394755,23.794628143310547,2
183.61157629597056,0.1189181351556953,0.471932355299937,20.01187515258789,2
182.89749120762104,-1.288378289299979,0.2933975903708228,18.80984115600586,2
182.88092389591336,-1.1885560070265453,0.5859566038388615,20.03583717346191,2
183.67843855951753,-1.7050892721249329,0.4932089939668886,20.026378631591797,2
183.9777189533886,-1.2119500967599186,0.86742499537336,22.678855895996097,2
183.4780787242754,-0.9582693783205308,0.7594770748689755,21.297840118408203,2
184.03229759604213,-0.7180989948894831,0.1974589371128997,20.27149200439453,2
183.10902068942045,-1.5934301198541116,0.809332556783745,21.907878875732425,2
182.98578111500117,-1.2274583489445157,0.5142628816596424,19.771881103515625,2
183.98322276140897,-1.4335473411570236,0.1233828460858822,18.25737953186035,2
182.52779944270327,-0.948230893606544,0.9603054738511548,22.19440460205078,2
183.43562587787903,0.0087399443662344,1.1587141529646423,22.70301628112793,2
183.27346542345433,-0.6392528793643704,1.1984059419413449,22.447895050048828,2
182.84879548246457,-1.3320030259821802,0.5164767800750559,20.747888565063477,2
182.75279979038527,-1.0997319850877365,0.9211567357931756,21.332029342651367,2
182.8099493778454,-0.0676506538145159,0.2310270512997025,19.725238800048828,2
183.0170025910569,-0.6327614292833693,1.293516569974836,24.048656463623047,2
183.2035056242346,-1.4556884710749285,0.676169410258774,21.606698989868164,2
182.3855365757515,-0.8490619222780448,0.5061508662440443,20.026601791381836,2
184.00960380311,-0.1753472701462082,0.3174798466689342,19.38492202758789,2
183.21230254999884,-1.57774081352062,0.2017567348377623,19.80065536499023,2
183.99396981014883,-0.7324990118511865,0.5829519501307827,20.614320755004883,2
184.26239280923903,-0.5943496791981586,1.2830885674136527,22.47162437438965,2
183.90825425714883,-0.886357838522105,1.431353669969275,22.036664962768555,2
182.70249879248604,0.1629374810727911,1.3168671852030456,22.278541564941406,2
182.5919984019649,-0.3931221430814812,0.2153018204965415,18.954296112060547,2
183.3471761272518,-1.7596383947394338,0.8006740313942147,22.671724319458008,2
183.9837516094753,-0.836111887809945,0.8445213462322484,23.503963470458984,2
182.93833318453045,-0.7536702248163201,0.7794726440669159,22.572620391845703,2
183.1148365201581,-1.061947713648269,0.6316200848319304,20.897642135620117,2
183.3727073080773,-0.3147645955212256,0.1176225686715683,18.92253875732422,2
182.9721512059136,0.2600031525217885,0.1132929788368862,23.057811737060547,2
184.20329682941227,-0.5637833483598287,0.8202290867371455,22.551687240600582,2
184.20708100572455,-0.2960655409729081,0.8541721076181837,21.564794540405273,2
183.07772991232537,0.0891437103217695,0.1832002715102782,20.14299201965332,2
183.87136590056755,-0.9155701156944072,0.990319395369677,23.430641174316406,2
183.5412715730643,0.1030893140068823,0.2513137935298372,18.910247802734375,2
183.5195762097584,-1.236505919331245,0.2783757496870583,19.71852684020996,2
183.96074979160105,-0.1964980759800559,0.2773067028916549,18.87509536743164,2
183.53234954031123,-0.7217677121998542,1.3078611960323976,23.232681274414062,2
183.22551168850083,-1.81772548092099,0.8955023817407964,22.59354782104492,2
183.83872830264363,-0.5675127446928275,0.2008444169875622,18.949859619140625,2
183.42288828051207,-0.4979083584914595,0.81560368643585,22.00844955444336,2
182.7759788979223,-0.0180385907604744,0.6868221911994051,21.083438873291016,2
182.46729590177551,-0.9958954068840544,1.5712927105174417,22.793119430541992,2
182.62791808464425,-0.6908724551286869,1.473428254062607,23.257457733154297,2
184.04207601458197,-0.0457046167661714,0.2721465227980327,20.04387664794922,2
183.6074166661687,-0.6225376850627792,0.3473852076883173,19.44627571105957,2
182.93786361339195,0.0382201827127632,0.946872875377052,23.079076766967773,2
183.04501807801816,-0.3190963976920136,0.921076117050429,23.60075569152832,2
183.7828742112439,-0.029191496419331,0.942577561938734,22.853988647460938,2
183.85916001079292,-0.2406862672614816,0.1835380725374941,19.576072692871097,2
182.44317760152856,-1.2963214858281578,0.5066086880748634,19.18951416015625,2
183.79820782255388,-1.0656540568412096,0.3905357588299141,19.51353645324707,2
184.0307052061161,-0.6229802125068505,1.5464465988096971,22.552223205566406,2
183.84349044142996,-0.7609429852533659,0.1216009056903265,18.319278717041016,2
182.793450701046,0.0769263516470235,1.012579995387528,23.141401290893555,2
183.3379928623708,-0.0863800235408757,0.7917847556347218,21.590652465820312,2
182.93891972306452,-0.6505174790267293,0.4759149147415122,22.583003997802734,2
183.1129558944254,0.0042545390374339,0.3634258494998735,23.143415451049805,2
184.214194864866,-0.2652151761691393,0.2013566188243767,19.321842193603516,2
182.414780366073,-0.845129148143154,1.0991873323638184,22.805986404418945,2
182.71643211428753,-0.0914064040920944,0.8052597434714488,21.56346321105957,2
183.75304390886697,0.1617502633679034,0.2504570989385183,19.057811737060547,2
182.67261828501785,0.1228021054123993,0.976865430863262,22.409629821777344,2
183.43821784554916,-1.3103205895015506,0.204088227420512,20.05527687072754,2
183.35054397457347,-0.6131687001753802,0.6811633356527057,21.218311309814453,2
183.8575721064584,-0.8857945701228875,1.4626519401717215,23.328289031982425,2
184.20472253088928,-0.1397407629217292,1.3244002157987833,23.432382583618164,2
183.557205446786,-1.8041525644815464,0.2167205410821265,18.831100463867188,2
183.2372799627658,-0.5416990610744883,1.395437714095295,23.89794921875,2
183.049074519701,-0.4621184745188895,0.91416224209568,22.365734100341797,2
183.9083129973222,-0.4542915553034254,0.3253970937739985,19.576274871826172,2
182.8049078837585,-0.4610739127728785,1.0211206843916931,22.98906517028809,2
182.69587136950628,-0.8905586926816194,0.1806770004925592,19.4720516204834,2
184.12749264423803,-0.3115953686976728,0.1700425604970803,17.671527862548828,2
182.99614317073664,-0.4366191077183363,0.9311219294645812,21.916887283325195,2
182.96178949254255,0.0013208690200238,0.6869542147908461,20.845458984375,2
183.09358117677303,-1.593683297451885,0.2786602062791906,19.842144012451172,2
184.21056532768952,-0.1530276896130505,0.0878445642098455,19.328882217407227,2
182.8415680183656,-0.1415537622352313,0.049869015062721,20.086366653442383,2
184.38126796362064,-0.8624088861500804,1.3842641124491275,23.22987174987793,2
184.12524634377095,-0.92699253456613,0.7494604377314049,23.02155303955078,2
183.2140353354934,-1.432147406546476,0.4026108177961141,20.101272583007812,2
182.40575556787215,-1.202369322599302,0.1297029587240475,19.416370391845703,2
184.34928945717925,-0.5550717576997573,0.2758617119322712,20.345144271850582,2
183.1668477963,-1.1354402377713646,1.525813740610886,23.647518157958984,2
183.83773877162483,-0.4366969939769357,0.2008491304501328,19.71288299560547,2
183.97855532692057,-0.9525632168776856,0.1210518476833579,18.758623123168945,2
183.16152824398725,-0.6471109368269798,0.2226447087214378,19.89895820617676,2
184.391968620264,-0.7093144871597634,0.2902611152022772,23.206560134887695,2
183.37234977459445,-0.3970632130524309,1.053301890349187,22.87249755859375,2
183.06564410087236,-0.986065397536206,1.1588057478453209,21.9144287109375,2
182.49689572427653,-0.2166992083482793,0.3173715860219119,18.555465698242188,2
183.7975129293776,0.0504842365623262,1.326975783735774,23.58194351196289,2
184.39757571691777,-0.8074944490013334,1.4055422839745608,23.339384078979492,2
183.10852360064587,-0.0198641049160427,1.107242822519224,23.024967193603516,2
183.2726306277388,-1.8835755720071488,0.3684300929972605,20.44056510925293,2
182.78199345803307,-1.264240693174851,0.3228531644631418,20.301006317138672,2
182.3637198873712,-1.0550149930948978,1.166243700351583,22.63347816467285,2
184.0310452249205,-0.2589386468750857,0.204943807610151,17.603153228759766,2
182.56013955960393,-0.4319657619992597,0.6122457398966489,21.189802169799805,2
183.71318107017137,-1.272483938401218,1.3037670167479656,22.506349563598633,2
184.07108731247772,-0.2972874316492318,0.9812985368112188,22.029890060424805,2
184.1235969122041,-1.19853440438601,1.239423203216449,23.12322235107422,2
184.0749255020936,-0.3224835999731492,0.2003187387701852,18.905420303344727,2
182.73841683534977,-0.3087187059441405,0.1269729373274722,19.155834197998047,2
183.26261104570284,-1.7786630108720871,0.922804820496687,23.487794876098633,2
182.9266421873084,-0.1087077172535046,0.9466708520658,22.56392478942871,2
183.20608898224947,0.0007339408552494,1.315548883702124,22.174755096435547,2
182.871297035677,-0.2141047759151727,0.3212654646298183,19.835508346557617,2
183.8292272862152,-0.1307744635394556,0.2490695986177643,18.70229721069336,2
183.6499004787311,-0.120055248009831,1.4496691435046094,23.05358123779297,2
183.8204971246407,-1.7276404970714818,0.1003817468029772,23.687950134277344,2
182.84766916086917,-1.0482740632535663,0.2864827336385291,18.64023780822754,2
183.7493374871963,0.0006610177868274,1.4408239007094463,23.307191848754883,2
182.5677412488733,-1.1033053664330463,0.9233045164175804,23.335847854614254,2
183.8707540529438,-0.6827855457898291,1.096752652799726,22.390907287597656,2
183.91152168210616,-0.8795737910388541,0.7228219766027248,20.91558074951172,2
183.1454766240616,-0.6533526135394829,0.6846354897194983,21.313045501708984,2
183.3705557975314,-1.8634255787829377,0.2596325212423201,18.772062301635746,2
183.61436868363796,-1.4155376262793085,0.7657083372755661,22.0733585357666,2
183.32027048368823,-0.0701775391184495,0.3450368012171187,18.930015563964844,2
182.7217055757342,0.1431219000058009,0.4821168087119257,23.547792434692383,2
183.026322190198,-1.6613978599412258,0.3436524665737857,19.852481842041016,2
182.5806413019741,-0.345374775721158,0.970270144635616,21.70967483520508,2
182.71291255426513,-0.5465678236257134,0.9108112203469276,23.013458251953125,2
183.6151310398511,-0.0454397561093676,1.4849503554439338,23.069828033447266,2
182.27237225715493,-0.3938578196138063,0.972552862342257,22.495908737182617,2
184.39231676610208,-0.500833386085601,0.7876355329381814,23.26112174987793,2
182.27509590497445,-1.0621617699734425,0.6664975543184477,20.538999557495117,2
183.01050797048555,-0.4615823394235853,0.2514572360409735,19.342548370361328,2
183.80437557049987,-1.075834856085367,0.2518375449851922,23.34812355041504,2
183.59259468968511,-0.4179962466313949,0.1253661920692302,19.200634002685547,2
184.06097215791064,-0.6650367958171215,1.4115389341552214,23.320295333862305,2
183.4425618448975,0.2258313862776949,1.182789409077394,22.896007537841797,2
182.60616374920912,-0.2446799381885389,0.3148863445781656,18.282875061035156,2
183.26011675294663,-0.2296939470240075,1.4520510339294073,23.285886764526367,2
183.53337025881967,-0.4899147239501109,0.8514261610078062,22.973876953125,2
182.87504614682783,-1.5490902966120337,1.1161513566725116,23.002538681030273,2
184.0145975884699,-0.0233737294852549,0.7733034742645016,21.86493873596191,2
182.9316098560412,-1.0394602561576618,0.8648144927259477,22.90011405944824,2
183.63689471759233,0.2326319881060199,0.4596140417786418,21.19558906555176,2
182.84895149826292,-0.3008514971973488,0.3205595986029644,18.048112869262695,2
182.69535999672755,-1.214804857109018,0.5882753998820441,20.780048370361328,2
184.361517987281,-0.7349846508164359,0.8396340650213885,23.19144821166992,2
183.3429614111325,-1.8692142764908992,0.9141306383283724,23.173154830932617,2
184.37013135742865,-0.5502297934282796,1.431947844442556,23.354904174804688,2
182.6795877210677,-0.9709570084494312,1.185457161193054,23.482866287231445,2
183.53654297323945,0.2298724198009206,0.2444894458347494,20.0738468170166,2
182.99014886234383,-1.0308993817695165,0.6146838111391618,20.18965721130371,2
183.0022992073521,-1.0113733354049392,0.9620405358854506,22.123031616210938,2
182.85905663422795,-0.2082306995483963,1.056486920337234,23.394182205200195,2
183.4390366651931,-0.6375664600887928,0.2497807037785025,18.67061424255371,2
182.81275266612607,-0.8046078987549372,1.0872759728200567,23.28244400024414,2
182.3761526304855,-0.2708809223206705,0.8774835131397484,21.333595275878903,2
183.01447456256105,-0.7064947160638522,0.2210674240416119,18.879173278808594,2
183.6037947086549,-1.7775870629739177,0.4320910433694471,19.97854232788086,2
183.5275617738827,-0.7411515170092616,0.839214075314806,22.935400009155273,2
184.0910285837361,-0.5869539443806476,0.8168167919691158,22.528139114379883,2
182.66950826915505,-0.7225321939222809,0.4331786261201706,19.50339698791504,2
183.4105937244353,0.3136008749681663,0.180579064298046,20.23368263244629,2
184.33189669471088,-0.9476970550305904,1.1926180286954744,23.023681640625,2
183.78909684025268,-0.5346070443160906,0.9037334601156132,23.199968338012695,2
184.0922137334155,0.0090574709830197,0.3187010730265907,18.71492576599121,2
182.3579467800215,-0.8020881131124349,0.1822202228544871,18.585731506347656,2
182.79953715555976,-1.1897580849414078,0.4056696205337933,19.923120498657227,2
182.71145799277008,-0.012277628037023,0.1821683609315682,19.083290100097656,2
184.0033819913923,-0.2754589850853127,0.3471349089272161,19.9466495513916,2
183.8098658476183,-0.6895495732437823,1.5283497809059423,23.223873138427734,2
182.86237134807513,-0.3077580520006903,1.4334969716864272,22.79868507385254,2
184.04807820165144,-0.8462732764223337,0.0815332030754165,18.20121383666992,2
183.15448178995257,0.3405599835011202,0.0500255910897232,21.47374725341797,2
182.67111708198885,-0.4929150841547486,0.2990781433090363,22.793062210083008,2
182.45725067510895,-1.2954075224652937,0.8300035876327546,23.19916725158691,2
183.48962929467848,0.3149198363623585,0.123728208700752,22.187793731689453,2
183.48662762355977,-1.6660688972446025,1.1343553039102716,22.8579044342041,2
182.7441063933893,-0.7094748137624092,0.3481256693777569,19.939050674438477,2
184.0187370289197,-0.4575348442285318,0.2053222161163364,23.26531410217285,2
182.62587282103695,-1.198327904028357,0.345259088294281,19.53381729125977,2
183.53937844372385,-1.1659244558920128,0.1001108288982497,18.485994338989254,2
184.18869854838303,-0.4642655804495142,0.3692548622385592,19.843807220458984,2
183.31028186360467,-0.4101153610803573,0.2460093666917534,19.88495445251465,2
182.82530274830376,-1.215191024443365,1.381041861845673,22.421646118164062,2
182.40234408690048,-1.01238311619861,0.3396391772332318,20.24504852294922,2
182.6072455570636,-0.9850491518088564,1.463029191003773,23.77284049987793,2
183.70193971048977,-0.1878577778789743,0.3050347479232936,23.78162002563477,2
183.93693036151257,-1.0131753464633448,0.7940236671375682,23.421112060546875,2
184.22439926898576,-0.8701457858557964,1.1539905056722235,22.89496803283691,2
182.72425560726327,-1.230435030559468,1.447180721804806,21.83232879638672,2
183.24439223407467,-1.6932679900480998,0.4219545449683277,19.95696449279785,2
183.154732824522,-0.5371789119619517,0.433567122862234,20.11775016784668,2
183.103089312883,0.1338941581902666,0.3407524600700145,19.83710670471191,2
183.2704756465537,-1.205935800909997,0.6942696812175836,21.700254440307617,2
184.0650491825974,-0.0303275184567366,0.8305249262666954,23.397136688232425,2
182.48824054085475,-0.7238600991696599,0.3041328141872938,18.953323364257812,2
182.78582276260315,-0.2543907753247796,0.832471809035671,22.69353485107422,2
183.57586059606405,-1.45909155343714,1.218567491158891,23.20157241821289,2
183.0322564854167,-0.7107129338092733,0.3451464817872104,19.65888214111328,2
183.45055354550885,-1.511553382428885,0.2730579612479689,18.560497283935547,2
183.4603351120603,-1.033277629227366,0.3256581630464746,20.192302703857425,2
182.28481824182688,-0.8228422434810974,0.1805107988923136,19.812091827392575,2
184.30771694935288,-0.9781493858567356,0.3625032948987503,20.292213439941406,2
184.00703555899477,-1.0409549717761954,,,3
183.84460526552323,-1.0611301036823333,,,3
183.3215518088892,-0.6070311035079304,,,3
183.4229062027418,0.1733240888046219,,,3
184.3180821789711,-0.7136873843250079,,,3
183.847632708564,-1.4443003372081538,,,3
183.4438986704272,-0.5372708149135886,,,3
182.55747668976932,-0.5525557894206456,,,3
184.08577118306928,-0.6357797906383962,,,3
182.98665822842625,-0.0131019664844844,,,3
183.4969721034276,0.1375707799378194,,,3
182.87724773000983,0.1418489518484423,,,3
183.8397502576624,-1.2615698006574032,,,3
184.19598271578752,-1.301994526059462,,,3
183.442025977499,-1.2888267023742994,,,3
183.09444106569217,-0.0554276907971515,,,3
182.29033029041625,-1.06908081716716,,,3
182.64143844482564,-0.4745345297141384,,,3
182.92189445375485,-1.7348965097664757,,,3
183.13565201164707,-0.4679831971689919,,,3
183.41749865193648,-0.9822218704415576,,,3
182.61169359493385,-0.2389458875022657,,,3
183.98445597931007,-0.401340536816955,,,3
183.10583809774107,-0.6551678360475361,,,3
183.26171942152405,-1.404848555200697,,,3
182.54487031703655,-0.6517831532886095,,,3
184.26501791973632,-0.9667758578291824,,,3
183.59607816534853,-0.3165798746148925,,,3
183.0284099949984,-1.405002709115743,,,3
182.3571847095834,-0.7603701056503582,,,3
182.5940753967905,-0.3175721749923249,,,3
182.57771252554423,-1.593425469671948,,,3
183.28726866032704,-1.017411686657535,,,3
183.86005148128297,-0.6128764472713362,,,3
182.86473065907836,-0.6289992155636459,,,3
183.16166814179277,-1.7805022547292455,,,3
183.91803823709492,-0.5742761506454921,,,3
183.28057034111927,-1.6790546461455893,,,3
182.7469530870321,-0.2570216910425246,,,3
183.0496678157525,-0.8700465450381382,,,3
184.0066443466782,-0.2854966924178347,,,3
183.21205131919828,-1.365390375780953,,,3
183.24096051912335,0.2324939666114169,,,3
183.7260187786183,0.2497213657573083,,,3
184.01071363597816,-1.226965339445897,,,3
182.6663182604494,-0.054329178731733,,,3
182.38030194388335,-1.1130579114826111,,,3
183.0580424825347,-0.0765553626731356,,,3
182.54635165424656,-0.351602431724435,,,3
182.7773029277568,-0.6017830150013931,,,3
182.36311112494977,-0.8229272830433321,,,3
182.67787862752317,-1.1559205330799849,,,3
183.1164924100252,-0.8851176910976598,,,3
183.6881402690092,-1.2736678904563714,,,3
183.89487985466585,-0.8565897724453159,,,3
184.02586586272767,-0.1975792347820271,,,3
182.7199885509944,-1.416326221850008,,,3
182.40199656281263,-0.5074810185239507,,,3
183.12780846621655,0.0801795789539033,,,3
182.922602701753,-0.0222903330691315,,,3
182.89811665532423,-1.1470021471859968,,,3
183.82611439660445,-1.6964404491193308,,,3
183.62123642507655,-1.841625106173027,,,3
182.3924897783837,-0.3695347759232119,,,3
182.50853190093565,-0.1699378707347131,,,3
183.44739714873313,0.0256710969630916,,,3
182.40997039010256,-1.118325363541656,,,3
183.84998242283473,-0.9294074578061534,,,3
183.0176691706861,-1.1058006794091857,,,3
183.08567215684303,0.1476741589152913,,,3
182.2420303641325,-0.997472689396266,,,3
182.2082083800446,-0.7665680934666115,,,3
183.5991865797006,-1.5077245792383067,,,3
182.896078271464,-0.1068944813451908,,,3
182.8780960028328,-0.5274802229103123,,,3
183.2698222261124,-1.527201032137613,,,3
184.20209104643487,-0.7431274137667723,,,3
184.1445480004571,-0.2520257325518756,,,3
183.34777749991957,-1.4454753420053992,,,3
183.1038873909076,-1.4194101630597005,,,3
183.7701320195102,-1.5343967171401731,,,3
184.17605403268752,-1.046847015863629,,,3
183.70702253159,-1.2126368139066492,,,3
183.15102629966177,0.0338072108886608,,,3
183.9517800999929,-0.6812313042422529,,,3
182.8252568790051,-0.0377523007588243,,,3
183.88077207287304,-0.5120801544196357,,,3
184.0043639069681,0.079774705815828,,,3
182.51287327823323,-0.5513683956282703,,,3
182.25278563503383,-1.0823339521742863,,,3
182.72352078214033,-0.1071493317938303,,,3
182.5194036126679,-0.686214347333722,,,3
182.8943238885631,-0.4987522638306522,,,3
183.27024891370792,0.3066396234857842,,,3
182.64415276456623,-0.4040844547919264,,,3
183.4210668738947,-0.5813008267952836,,,3
182.337541703208,-1.1217523261962803,,,3
182.68109657510345,-0.6517967220867699,,,3
183.31254911101257,-0.1738543184600088,,,3
184.2232039546693,-1.3248629859737129,,,3
183.5221317765289,-0.6870212284092084,,,3
182.85916552222108,-1.5848880683370865,,,3
182.34999608857143,-0.5078286597421133,,,3
183.98886380853375,-0.1207138310102366,,,3
183.73773214184845,-0.6871934337333262,,,3
182.6995456383524,-0.3984387016988466,,,3
183.76666063546753,-1.4616561690182253,,,3
184.20608254309883,-0.4688828764479678,,,3
184.15433541805984,-0.376781598421651,,,3
184.1965003691913,-0.8181562907058697,,,3
183.5868290476419,-0.5180106972859714,,,3
182.88002132483365,-1.7226475285314196,,,3
183.4318380433366,-1.0026776168423772,,,3
182.1860115880681,-0.9089559925852582,,,3
183.19485724291988,-0.1097817314114981,,,3
182.5416734054605,-1.5251583029946438,,,3
183.94807914882256,-1.6055660199724462,,,3
182.6402752994828,-1.2986074842243376,,,3
183.30313770583803,-1.5164322147796363,,,3
182.63032798822024,-0.7993743802320964,,,3
183.5579042620173,-0.1291040033282656,,,3
182.71386024886723,-0.4313917701776443,,,3
182.89298285428407,-0.0955790878028817,,,3
182.770550457178,-0.7576005079048201,,,3
183.2257650656289,-0.010590039176095,,,3
183.32057176609143,-0.2257940632681785,,,3
183.18705414453729,-0.9603190320777514,,,3
183.90490149942096,-0.1379358239165377,,,3
183.246752564108,0.0286223377303816,,,3
183.09454637422536,-1.752631498111422,,,3
183.15633210775695,0.1203174452774462,,,3
183.94511897339476,-1.2740154532647665,,,3
183.0289777757799,-1.0412511118503114,,,3
183.38788776486635,-1.538055660686423,,,3
184.14295354294927,-1.3728568281677354,,,3
183.81521913197523,-1.308520729771309,,,3
183.59303898315537,-1.4113930687903955,,,3
183.37176096951777,-0.9571750827784176,,,3
183.4864146955427,-0.1295016804914682,,,3
182.82549052209737,-0.7858509574371836,,,3
182.5358974376267,-1.434230356105552,,,3
183.82804977314308,-0.7431259370220366,,,3
182.8636900893356,-0.4299561878561596,,,3
182.4539588675106,-0.9839922192887892,,,3
183.81108891508583,-1.5965135839857705,,,3
183.0373136736682,0.2852790756305156,,,3
182.42220257221103,-1.2510829951292537,,,3
182.5692222689051,-0.6084014869961324,,,3
183.1284009458953,-1.0874599206790814,,,3
183.49299282077135,-1.3105175661795774,,,3
183.45265779318345,-1.7242882796225714,,,3
182.93641786214056,0.2389207623919774,,,3
183.3989774241044,-1.23685556066683,,,3
182.64031735653649,-0.2169083598072392,,,3
183.3197979220437,-0.6916518208230775,,,3
182.53731496054965,-0.0425565737024055,,,3
182.69093858412631,-1.7154089422827274,,,3
182.60772039705273,-0.5354598865482556,,,3
182.96461389147112,-1.523609213475547,,,3
183.3943357756777,-0.9076315754092672,,,3
182.75391936224423,-0.6748057405364253,,,3
182.38832047322447,-1.2181282262146036,,,3
183.41750281187535,-0.952163741170733,,,3
183.256266642278,-1.3002013991906594,,,3
183.36301485664129,-1.0611042472099592,,,3
183.54094328547657,-1.707855663798752,,,3
182.83392527808783,-1.194839012620394,,,3
183.50710428997976,-1.5161751253289832,,,3
184.31323228409053,-1.054562360596142,,,3
184.10355238048783,-0.0849393069617698,,,3
183.2189803489532,0.2610203019938479,,,3
182.76852215390605,-1.580140244710888,,,3
182.5632548783871,-1.0796463774549174,,,3
183.70616268878575,-0.8094450260401979,,,3
182.7923110484628,-0.0820649347730841,,,3
183.79932368501073,-1.4358116950772946,,,3
183.807007590657,-1.2186476912107536,,,3
183.10178491596469,-1.8793823500455529,,,3
182.86380805465205,0.1859761969377628,,,3
183.86117268947984,-1.3013535522321236,,,3
183.39933346429697,-1.7532678299872573,,,3
182.96499169065663,0.0567289105338599,,,3
182.3716659132693,-0.1546970553903107,,,3
183.82474774928437,-0.299357545109177,,,3
183.59987501801191,-0.5537056189742932,,,3
182.7834010907189,-0.5508041424176373,,,3
182.77936448543088,-0.6559255480545686,,,3
183.2907375981868,-1.197020285437835,,,3
182.5599890858415,-0.158328937608211,,,3
183.6445421116631,-0.0703232594249003,,,3
184.19762621402523,-0.5192490643621065,,,3
183.7151640806236,-0.0860319623028496,,,3
183.04357575230017,-0.6475505617205358,,,3
183.7027712913844,-1.201299256123503,,,3
183.86080119218332,-0.3927072420776348,,,3
183.36063771176563,-0.6871327230427388,,,3
182.47723236091625,-0.557937577240263,,,3
182.32526776282327,-0.7231770449743221,,,3
182.78544785,0.00870159,,,3
184.02263451,-0.06667479,,,3
183.70245181,-1.01301623,,,3
183.33169822,0.06482263,,,3
182.71528736,-0.83065639,,,3
183.21797352,-1.41919448,,,3
183.54352285,-0.21059238,,,3
183.46866968,0.2453142,,,3
183.83332137,-0.77110366,,,3
184.0824888,-1.4118696,,,3
182.97930614,-1.79750045,,,3
182.6840268,-1.51652853,,,3
182.52903104,-0.47972192,,,3
183.34398112,-0.77789139,,,3
184.1475979,-1.1164249,,,3
183.59789345,-1.18512319,,,3
182.53121569,-0.97931666,,,3
182.88738576,-0.07217422,,,3
183.44165084,-0.24841233,,,3
183.3845344,-0.04613358,,,3
183.77529013,-1.54531994,,,3
182.99251819,-1.36955471,,,3
182.7578224,0.14472126,,,3
182.3809505,-0.57740253,,,3
182.47020956,-0.7714417,,,3
183.42215284,-1.38470335,,,3
182.98403639,-0.15877515,,,3
184.08292748,-0.46667516,,,3
183.54055577,-0.85161113,,,3
184.22621158,-0.268995,,,3
183.10246645,-0.34480529,,,3
182.94895591,-0.70302772,,,3
183.31211612,-0.10373874,,,3
182.89572988,-0.46158732,,,3
182.39489081,-0.19274231,,,3
184.21309253,-0.91596308,,,3
183.65161358,-1.29124703,,,3
183.33515068,-0.17199339,,,3
183.99679217,-0.47607017,,,3
183.93899062,-0.20754511,,,3
182.90158917,-1.6338108,,,3
183.02984806,-0.43169,,,3
182.77063305,-1.53366174,,,3
183.45444212,0.31759519,,,3
182.46470032,-1.42800819,,,3
182.44798577,-0.35318856,,,3
184.35517164,-0.96642471,,,3
182.29533781,-1.26740976,,,3
183.14747393,-1.74249204,,,3
182.72718649,-0.4913976,,,3
183.5946641,-1.45591443,,,3
183.33849097,-1.14037418,,,3
183.25385321,0.19989056,,,3
182.66334344,-1.10871647,,,3
183.67356411,-1.46198935,,,3
183.5792714,-0.37738223,,,3
184.19865144,-1.2743356,,,3
183.75666029,-0.8806403,,,3
183.37781482,-0.56822833,,,3
182.62520906,-0.75958548,,,3
182.28749162,-1.2004593,,,3
182.47783221,-0.78155271,,,3
182.34380481,-0.36650818,,,3
183.56841521,-0.66816968,,,3
183.05315078,-1.08386528,,,3
183.16108633,-0.78846027,,,3
183.33108643,-0.23246866,,,3
183.61501458,0.0378853,,,3
183.5027132,-0.9146245,,,3
183.67514852,-1.25362773,,,3
183.57525479,-0.75625649,,,3
184.30067234,-1.01007327,,,3
183.67878069,-0.02693855,,,3
183.88340001,0.02858412,,,3
182.83817173,-0.31837108,,,3
182.94441192,-0.76932768,,,3
183.21335475,-0.71863571,,,3
182.6129438,-1.32837802,,,3
183.286889,-0.90358419,,,3
183.23883862,-1.38306344,,,3
183.53759129,-0.94678974,,,3
183.93638319,-1.61523312,,,3
183.67578879,-0.89520136,,,3
183.77329881,-0.88018701,,,3
183.97118451,-0.1691861,,,3
182.90391336,-0.9333173,,,3
183.90041523,-1.13979752,,,3
183.15923509,0.18976399,,,3
182.77766465,-0.27592627,,,3
182.28631116,-1.20316995,,,3
182.9767677,-0.3672796,,,3
183.90198715,-0.21594727,,,3
183.03453537,0.02939724,,,3
184.01142227,-1.17976864,,,3
183.6636971,-1.02262803,,,3
183.55435671,0.14997469,,,3
182.51895738,-0.96380699,,,3
182.31989038,-0.98470399,,,3
182.83758838,-1.3775258,,,3
182.77380391,-1.10107396,,,3
182.6082509,-0.16855486,,,3
183.02939427,-1.66784791,,,3
184.23170685,-0.71681021,,,3
182.62423773,-0.92933496,,,3
183.33627755,-1.50579681,,,3
182.62039565,-0.96926873,,,3
183.02825179,0.1086765,,,3
183.06949622,-0.62664015,,,3
183.74554122,-0.74774089,,,3
183.16620616,-1.72404234,,,3
183.83296228,-0.86108659,,,3
182.70329735,-0.68402746,,,3
182.74792012,-1.20929313,,,3
182.63545986,-0.81503271,,,3
184.03191615,-1.14367039,,,3
182.35731626,-1.02985111,,,3
183.73499655,-0.62039074,,,3
183.75904119,-0.08489004,,,3
183.97726634,-0.36508023,,,3
182.24395651,-0.86991792,,,3
182.80681644,-1.12586324,,,3
182.79502849,-1.51520833,,,3
182.73508039,-1.29101365,,,3
183.70893769,-0.57394486,,,3
182.71092226,-1.00256384,,,3
182.37350913,-0.94209387,,,3
183.80073111,0.11368407,,,3
184.37894768,-0.96389047,,,3
182.22116754,-0.64173512,,,3
182.82709652,-0.17906906,,,3
182.91760616,-0.92814094,,,3
184.07636323,-1.38243812,,,3
184.01840197,-0.89383819,,,3
183.48317014,-0.48743747,,,3
184.21116789,-0.10524813,,,3
183.89061259,-0.717326,,,3
183.76790455,0.01185177,,,3
182.56373239,-1.0783768,,,3
182.65930423,-1.38635454,,,3
183.48907615,-0.58851914,,,3
184.1471212,-0.52658739,,,3
182.50065195,-0.23723644,,,3
182.59938439,-0.26783101,,,3
184.06664613,-0.97339406,,,3
183.04373709,-1.64323749,,,3
183.07724148,-1.26572441,,,3
184.00654199,-0.27787337,,,3
183.99561887,-0.41558214,,,3
182.60989,-0.00147193,,,3
183.02787468,-0.65673917,,,3
183.59319123,0.23889194,,,3
182.76092588,0.18906479,,,3
184.31057449,-0.76141181,,,3
183.73818679,-0.70176638,,,3
183.08499379,-0.62584099,,,3
183.06476771,-1.33256072,,,3
182.35216667,-0.44304038,,,3
183.83768368,-1.15270155,,,3
184.07466135,-0.65707668,,,3
184.22681968,-0.27128941,,,3
184.33249085,-0.85281059,,,3
183.8649833,-0.07081733,,,3
182.62402289,0.0073316,,,3
184.00088956,-0.18218025,,,3
183.57055197,-0.64934088,,,3
183.76427004,-0.47140201,,,3
183.70246369,-0.91625277,,,3
183.70104318,-0.91421814,,,3
183.35692454,-1.78833056,,,3
182.31871206,-0.96695424,,,3
183.28525543,-1.47268395,,,3
183.58479977,-1.41228712,,,3
183.11635743,0.14238793,,,3
183.18661772,-0.0581091,,,3
182.66550529,-0.70396938,,,3
182.68789411,-1.024799,,,3
182.8810204,0.2693341,,,3
183.32256357,-0.02861344,,,3
183.91941396,-1.36631642,,,3
182.47378516,-1.44201732,,,3
182.51494513,-1.1439788,,,3
182.81366331,-1.18970635,,,3
183.18727616,-0.45998524,,,3
182.43181105,-1.22529173,,,3
182.7948968,-0.14121556,,,3
182.95725183,-0.43727439,,,3
182.67995426,-1.26528009,,,3
182.68334628,-0.31330355,,,3
182.84008492,-1.07258387,,,3
183.75882789,-1.1422782,,,3
182.25860674,-1.18733547,,,3
183.36765431,-0.00330649,,,3
182.56638141,-0.44905924,,,3
184.20283665,-0.6431972,,,3
184.32848869,-0.37166634,,,3
183.72304261,0.19299507,,,3
182.31937797,-1.29977627,,,3
182.45129876,-0.80666436,,,3
183.66965902,-0.81419757,,,3
184.00859153,-0.16664973,,,3
182.23129718,-1.00744311,,,3
182.847288,-0.10287218,,,3
184.00788538,-0.52448318,,,3
182.56801598,-1.02949999,,,3
182.43945366,-0.76607091,,,3
182.34495348,-0.97567343,,,3
184.19648357,-0.58330823,,,3
182.8505833,-1.39595938,,,3
183.25414102,-0.84701891,,,3
182.73211307,-0.58900887,,,3
183.78767418,-1.23254948,,,3
184.01870972,-1.4757853,,,3
183.24496741,-0.13474374,,,3
183.50591708,-1.77872267,,,3
184.19080354,-0.78949039,,,3
182.33632711,-0.49981195,,,3
182.98605042,-1.75063389,,,3
182.80958415,-1.27819455,,,3
182.79485912,-0.18961775,,,3
184.12933632,-1.47734001,,,3
182.86087934,-1.81020385,,,3
182.37479263,-0.80015718,,,3
183.86672039,-1.00782633,,,3
184.06649806,-1.39632671,,,3
183.11246057,-0.59215795,,,3
182.98517449,-0.33258235,,,3
183.49214473,-0.58957808,,,3
183.0045007,0.06272158,,,3
183.43877002,0.00783612,,,3
182.5333741,-0.80515476,,,3
183.73879447,0.14881544,,,3
182.88446506,-0.25923175,,,3
183.33812279,-1.62667726,,,3
183.49539039,-0.08877554,,,3
182.48230907,-1.21018153,,,3
183.46220894,-1.47310358,,,3
182.85195687,0.02469943,,,3
182.55705042,-0.89358878,,,3
182.85829626,-1.29482626,,,3
182.78990342,-1.30364494,,,3
183.38696477,-0.89960753,,,3
183.86514778,-0.52370148,,,3
183.99211208,-0.78863156,,,3
184.07581678,-0.73752608,,,3
184.19352976,-1.19874953,,,3
183.66051279,-0.32901358,,,3
183.64851618,-0.40933005,,,3
183.43322133,0.19445674,,,3
182.77095422,-0.651916,,,3
182.92319761,-0.41460099,,,3
182.73772165,0.18793592,,,3
184.0764883,-1.3729483,,,3
183.87248791,-1.69955149,,,3
183.56146043,-0.36570491,,,3
182.55695166,-1.21843363,,,3
182.85938789,-0.68467331,,,3
183.76308839,-1.79443215,,,3
183.75006697,-0.01580051,,,3
183.09028164,-0.04294894,,,3
183.62117544,-1.47892921,,,3
182.30550103,-1.2938838,,,3
184.08684407,-0.05746206,,,3
183.89054796,0.07751095,,,3
183.15534747,-0.77566874,,,3
182.48411243,-0.86766974,,,3
182.92761028,-0.42322388,,,3
184.12388149,-0.10781883,,,3
182.65084042,-0.99360554,,,3
182.3761869,-1.05395449,,,3
183.77075831,-0.68748958,,,3
183.90678116,-0.01136577,,,3
183.76527156,-0.87194226,,,3
183.63230974,-1.75992351,,,3
182.56245859,0.01454205,,,3
182.92571033,-0.02523761,,,3
182.84484806,-1.15600478,,,3
182.25638259,-0.52488355,,,3
182.97081232,-1.0515348,,,3
183.68825769,-0.99653916,,,3
183.33512628,-1.11134069,,,3
183.39089048,-0.33162549,,,3
184.07208669,-1.51490701,,,3
