RA,Dec,redshift,rmag,set_id
180.00881010315976,-0.5865355633783615,1.2571886061838853,22.496931076049805,1
180.22604546161523,0.3762106568275044,1.1406195920305895,19.179601669311523,1
180.67534910346055,0.1829989287447199,1.1331655221941592,20.361440658569336,1
182.0304507011158,-0.2157448659584887,1.265424779005626,20.651599884033203,1
180.20691109254935,0.4482577717289586,1.181754242304107,21.17034149169922,1
181.80307001392796,0.3262182456010709,1.418739752367912,20.568279266357425,1
181.16560790095429,-0.396444996597197,1.3418816649757617,19.680919647216797,1
181.5419642824769,-0.3158747231775249,1.953566753338724,22.492082595825195,1
180.36477040698247,-0.2826446130916789,1.6662459689838909,21.23083877563477,1
180.90535440764808,-0.6871790912298704,1.778498856662604,21.915695190429688,1
179.99607073255265,-0.5383778498324452,1.3647287012623728,18.75775909423828,1
180.50760564269385,-0.4111253156166174,1.959872571604497,21.068065643310547,1
181.07906610637372,0.3843895510091618,1.0228221517900646,22.60103225708008,1
180.59872511033632,-0.6254261644643989,1.5246983910290912,22.03672981262207,1
180.0298652071517,-0.4671494360477848,1.3650461029240737,22.000574111938477,1
180.12672938251592,-0.3463736851413477,1.264438022634805,21.242572784423828,1
181.7505399509566,0.5558567249504918,1.5201917038489232,22.312578201293945,1
180.976578128482,-0.0111683392251279,1.4387032278875298,21.84477424621582,1
181.32224217413267,0.4991327795765918,1.041968072020213,20.05991554260254,1
181.51034673915515,-0.0603145396308823,1.4848068408364334,22.53600692749023,1
181.08597432748547,0.2512349440638259,1.588110378204579,21.42556381225586,1
181.2294430750337,0.9172010732349476,1.3187116639650862,22.151649475097656,1
181.7505399509566,0.5558567249504918,1.522899251185315,22.312578201293945,1
182.00633593065933,-0.4805996237599955,1.8718960047182855,23.011598587036133,1
180.5343068887926,0.6638908389156983,1.2857297301951682,19.28570556640625,1
181.4547079329348,0.2181249656971246,1.9172520825877488,20.30823135375977,1
180.66423609602495,0.2115117606396405,1.4111831670362769,22.350475311279297,1
180.1189046613975,-0.0654878145482237,1.9771342850952651,22.02285385131836,1
181.1929891501074,-1.1281262278209443,1.6163855080286194,21.041091918945312,1
180.5691056565945,0.5039058100963674,1.4461258920331523,22.45867156982422,1
180.67172168356495,-0.1433796033682767,1.3783016274065167,21.19365882873535,1
181.0817925403257,0.8814773048889946,1.3925601212163194,21.702634811401367,1
180.57360908605307,-0.0625509339408169,1.5451094839967527,22.46160888671875,1
181.5413394120992,-0.851632171007244,1.342238440228113,21.847013473510746,1
181.26253289717323,0.9974849038961628,1.3781680459025247,22.299755096435547,1
180.03223496903087,0.2911511741248364,1.2252839331319298,20.957294464111328,1
182.0285602237369,-0.1422576641451848,1.1089345127907175,21.303796768188477,1
181.2847676569036,-0.7836815078646943,1.8049839109123955,20.520797729492188,1
180.0585956120378,-0.2654546844356934,1.2905142251398924,20.5803165435791,1
181.52526334357145,-1.0347237045407065,1.8736795279814888,21.589092254638672,1
180.3874658322933,-0.2871886624221227,1.3046451429831984,21.96731185913086,1
181.38415558024644,-0.7998647085018815,1.383760391241761,20.68973731994629,1
180.22372367635555,-0.0542859047131342,1.581692390542445,19.72496795654297,1
180.87269260345013,0.0299810959293857,1.4255690103995338,22.05796241760254,1
180.29247771922869,-0.0041342278592454,1.6615068329430684,20.530948638916016,1
180.94724809542623,0.8256882730671514,1.5081919826261,22.703338623046875,1
180.60636743848863,0.064191722210851,1.2367888107789302,20.3513126373291,1
180.67745214471347,-0.7991989747377052,1.1709558101074031,21.950366973876953,1
181.2572853122418,-0.5373505761776013,1.1532285696945277,18.933303833007812,1
180.1768721835801,0.399736201117375,1.0744041639920483,21.122806549072266,1
180.61203588990617,-0.2827462764342507,1.5837781486218587,22.346925735473633,1
179.99607073255265,-0.5383778498324452,1.3643900575523535,18.75775909423828,1
180.430170888316,0.7020088566407344,1.8391538356838344,20.04296112060547,1
181.18742361768955,-0.1978264813043504,1.3514230271695966,21.245101928710938,1
180.5343050981794,0.6638915195355334,1.285763727393488,19.28570556640625,1
180.57360908605307,-0.0625509339408169,1.5448384054003952,22.46160888671875,1
180.14376984617937,-0.0796605648824905,1.6957940042727375,18.73100852966309,1
180.7051832331509,-1.0521356764075314,1.4438145626116412,21.1202449798584,1
181.06189055766288,0.8258664402718706,1.49517840397902,22.67994499206543,1
180.01486180607097,-0.3941686796289907,1.3182362200683126,18.27837371826172,1
180.9514539889899,0.2101172780290066,1.26972774001169,20.11404800415039,1
180.1189046613975,-0.0654878145482237,1.9771788698056416,22.02285385131836,1
180.07273398452307,-0.2779287799239071,1.6525990142511804,22.103715896606445,1
180.39977522339817,0.5761981369324154,1.1935733636604802,22.889827728271484,1
181.58286503656535,-0.7761677965051654,1.639807993559896,21.754749298095703,1
180.26905774352613,-0.0889838509683547,1.2938852277682005,20.441951751708984,1
181.04651806068065,-0.0937988240622807,1.7441087938282442,22.146982192993164,1
180.51645814047663,-0.486461589001549,1.9299372700045745,21.034347534179688,1
180.43248775011705,-0.6232138495330253,1.2855315363312536,18.388858795166016,1
180.17306522279085,0.4169276907709845,1.5375442845427851,21.445743560791016,1
180.0098801959563,-0.5402704142239036,1.8972935334605483,21.52504539489746,1
181.94393237196928,0.2316267032425191,1.307796915318884,19.736778259277344,1
180.32124300995625,0.5783576944756645,1.2600662761097932,21.509946823120117,1
180.21358900275473,-0.2991587900735157,1.8282283137543716,21.399078369140625,1
181.06189055766288,0.8258664402718706,1.495409530213827,22.67994499206543,1
181.1637154415832,0.5999424419448004,1.842215482732694,21.18861389160156,1
181.1017149107456,-0.6711983706951641,1.4372413245334326,22.05476188659668,1
180.4531132895128,0.9073496883403523,1.99583771061205,19.30009078979492,1
180.69399762592045,0.7778577361414292,1.786831794986294,21.692176818847656,1
182.0163409266029,-0.4997813096125411,1.4893826730857778,20.09387969970703,1
182.1225659164941,-0.1113759843788906,1.2448199098099089,22.23505401611328,1
180.67534910346055,0.1829989287447199,1.1332865762133508,20.361440658569336,1
180.53368740880427,-0.1511791968284468,1.7069744572060206,21.733144760131836,1
181.30446178518625,0.5721999148795021,1.1433620505276252,19.991615295410156,1
181.1434913308329,-0.1566161702482863,1.829372210938954,20.293909072875977,1
181.04809074954804,0.2022091101235967,1.098318749691089,20.999828338623047,1
180.43248775011705,-0.6232138495330253,1.284882681372819,18.388858795166016,1
181.28940653529236,0.9128907426282628,1.809029392218051,20.183544158935547,1
180.4359425223633,-0.8687711685113925,1.3144333558528507,22.636240005493164,1
180.61203588990617,-0.2827462764342507,1.5840433718146998,22.346925735473633,1
181.16293458300257,-1.043678894627194,1.596534747624733,22.19194984436035,1
179.8916508589867,0.0707315729082479,1.35822884049776,19.80445098876953,1
182.0108448509281,-0.3594692717945528,1.284902203238021,20.058767318725582,1
181.60370256950455,-0.7256002729133798,1.9280963290384496,23.48744773864746,1
181.08531057241177,-0.2852523959271764,1.3461254048262974,20.0334529876709,1
181.00022221681297,-0.7594289134592173,1.2780852737187216,21.809877395629883,1
180.4365397626165,-0.1513846857537546,1.6621971155723136,20.813919067382812,1
181.5194131322992,0.1123129806549242,1.8984063834829004,21.308069229125977,1
181.0482623629964,0.894167708541719,1.8185544429828084,22.163986206054688,1
180.82823899063297,0.9546840929316236,1.3626797934707089,22.9599666595459,1
180.2243074698725,-0.7592035480351237,1.8470111021790976,22.368453979492188,1
181.59352660463145,-0.3950226581191237,1.5202959307019144,22.605728149414062,1
180.79837339989663,0.0438080921156213,1.084788904340178,22.25676918029785,1
181.79266067405865,0.2013561338108621,1.969652199819748,22.9815673828125,1
180.37219036512587,-0.3133190769997115,1.4344853870502243,20.645851135253903,1
180.94496371018323,0.8649030313761233,1.149660196789797,19.3279972076416,1
181.5636790784635,-0.0723263501568253,1.0191409700111551,22.168363571166992,1
181.2107042969657,0.8560062570915028,1.9582914355433336,20.770164489746097,1
181.3230788331134,0.2318566547391288,1.8576065987404795,21.94884490966797,1
180.7879275298804,-0.7497738697106361,1.629867866673931,22.823741912841797,1
180.8862610998196,0.6765963830856061,1.355508133102415,20.929454803466797,1
180.03770412071484,0.4608401346289141,1.9863548897863177,23.122804641723633,1
181.9865765765608,-0.5170058431582106,1.6561852418773928,23.326242446899418,1
181.07258645405935,-0.1498560402843563,1.5137903659407543,20.362850189208984,1
180.8328578514171,0.7848810236233574,1.391720719672003,19.351829528808594,1
181.70748585153456,0.6618059141910415,1.6955916029092262,23.078163146972656,1
180.00881010315976,-0.5865355633783615,1.2576295962744954,22.496931076049805,1
182.0108448509281,-0.3594692717945528,1.2850598142918166,20.058767318725582,1
180.9812908102423,0.0679101914078396,1.1488906289510248,21.589130401611328,1
180.28570906199744,-0.7203199361116479,1.6920555952414396,22.62762451171875,1
180.2205258351917,0.7325126931802898,1.0354803110777664,22.50263786315918,1
181.44283207220687,0.3337426292118471,1.8564509524812225,20.183494567871097,1
181.7242203048301,0.7250825276801651,1.982971175259905,21.004871368408203,1
180.83281403932816,0.6485279193452896,1.6674138728601522,20.64725875854492,1
182.05998291487305,-0.2282822007595151,1.1852491315346376,22.09778213500977,1
181.24623220972677,0.2915435142573014,1.447818521378453,22.941801071166992,1
181.14760400904655,0.148248969141148,1.0651338821564929,21.816726684570312,1
181.1963161650669,0.1014856814831311,1.8843105998860772,23.25543975830078,1
180.00032712654212,0.0788031907085161,1.2913498017766205,21.088544845581055,1
180.0098801959563,-0.5402704142239036,1.8988668794951593,21.52504539489746,1
180.09652000000006,0.25698564,1.2133394479751587,21.380949020385746,1
180.1888271409088,-0.1738352607060198,1.237179324642743,22.388010025024418,1
180.9253123158171,0.221570150433915,1.4123362776721693,21.72377586364746,1
180.8309154845647,0.653376664734763,1.6677381376422236,21.699485778808594,1
180.86618188466912,-0.8923928997613486,1.341484620414276,20.256162643432617,1
181.2642786229137,0.2362407868048163,1.9277971506744804,21.49368667602539,1
181.75022656981395,0.3269126762733011,1.893081379894966,23.477415084838867,1
181.03623441773604,0.2673457821703561,1.437817714727491,21.9459285736084,1
180.83281403932816,0.6485279193452896,1.6651963791462057,20.64725875854492,1
181.30991740740785,0.5240102183237638,1.664695552640185,22.90532875061035,1
180.39130397609097,0.784945411294304,1.223110175907365,20.603252410888672,1
180.21358900275473,-0.2991587900735157,1.8269873111783257,21.399078369140625,1
180.1691279897308,-0.7419644957689303,1.368843487815392,22.046165466308594,1
180.2886376518028,-0.1791652968859248,1.996649840124156,22.393558502197266,1
182.06101611197852,0.0772608725654197,1.2908969357614222,19.58370590209961,1
181.400545036744,-0.3266636779233685,1.5283475844476473,20.652814865112305,1
181.08820653756123,0.509883483095395,1.079002665645493,22.558008193969727,1
180.73348439144397,-0.432910154836492,1.856743039485892,21.871469497680664,1
180.3575110007388,-0.0424571289500617,1.928388408809574,19.106935501098633,1
181.2440683457617,-0.0208589973307923,1.709140552226477,21.016672134399418,1
181.14041907656545,-0.6486420425776557,1.6155245179759268,21.73625373840332,1
180.94438500617665,-0.2897592359938047,1.0926783675428564,18.95600700378418,1
181.00022221681297,-0.7594289134592173,1.2785787889698133,21.809877395629883,1
181.5059604570665,-0.8627593129209277,1.1382990160214557,21.896541595458984,1
181.50710166413035,-0.8773341019984254,1.1437643074521964,22.45890998840332,1
180.25114252822223,0.3075248265196098,1.4414677692182514,20.86934280395508,1
181.5992056958535,0.1837181270203311,1.2894709130115056,22.44553565979004,1
181.5799159303549,-0.4470442256766599,1.694455078215297,22.04621124267578,1
181.35345331955108,0.1102912017737524,1.0252285922244857,20.66829490661621,1
181.79511741627152,0.2137379343957799,1.5966009546683315,22.58249855041504,1
181.90229231716347,0.3308589841758837,1.759778469205198,23.083391189575195,1
180.67376212565333,0.001579173633528,1.8843362827998649,22.43962860107422,1
180.28570906199744,-0.7203199361116479,1.690297337158295,22.62762451171875,1
180.01486180607097,-0.3941686796289907,1.3184224212004751,18.27837371826172,1
180.03223496903087,0.2911511741248364,1.2249035618033275,20.957294464111328,1
181.87654863027387,0.5129381456869133,1.6034743343205735,19.097930908203125,1
180.95361876517555,-0.7334251105314956,1.7303638371893233,19.903440475463867,1
180.29247771922869,-0.0041342278592454,1.6599002736055348,20.530948638916016,1
181.46068132413785,-0.8491379671691076,1.703979620647836,18.701669692993164,1
181.04809074954804,0.2022091101235967,1.0980884224008325,20.999828338623047,1
181.69499018680503,0.1757705560584125,1.7406710009765811,22.9923152923584,1
180.3369988131293,-0.3397881899087583,1.0673966369041887,19.40750503540039,1
182.01542532220455,-0.1948742617415167,1.854510413687313,22.1336669921875,1
180.87962087252993,0.2841856835676541,1.702546735851595,20.740020751953125,1
181.3129041823207,0.2817620460784001,1.0393650735614632,22.304840087890625,1
180.64832444411903,0.9086270094274416,1.6720056457316517,21.372798919677734,1
180.97731208077792,0.0638343543583475,1.5568834432723393,20.37383270263672,1
180.2351937064612,-0.229064685593565,1.512442129275155,21.219388961791992,1
180.4526463518814,0.5567479919506053,1.8962145021249155,22.54413795471191,1
181.6053744518384,-0.8467412036333197,1.0140208120803391,21.40651512145996,1
181.5194131322992,0.1123129806549242,1.8966550133182056,21.308069229125977,1
180.6707544268523,-0.8214375617013115,1.3091139390990751,20.644973754882812,1
181.6814942711929,0.4832695646591277,1.986695656094733,21.51630973815918,1
181.10729809074195,-0.5166900665532993,1.479472964398762,20.94810676574707,1
181.41459809883565,0.2936269236395182,1.1152377956718469,19.544776916503903,1
180.87764028440847,0.3862566319047987,1.2718103434269072,22.561389923095703,1
180.96082673963548,-0.8556550715400033,1.385555282139416,21.044689178466797,1
180.01659066368833,0.2525907161202626,1.4557827086717114,19.863311767578125,1
180.34687821082227,0.4745321929327347,1.3706985220014394,17.99114227294922,1
181.72036395439272,0.0534744599015193,1.5814505551274054,21.160205841064453,1
181.25578750955555,-0.9993588961802296,1.609732556235107,20.347679138183594,1
181.76993066312937,-0.4348224286323565,1.96482756051716,21.140899658203125,1
180.7223432352114,0.4194465226013181,1.2533517944748738,21.978790283203125,1
180.4491892533101,0.7630494661794621,1.0671131445700044,21.86319351196289,1
181.7925050726693,-0.4903881353237072,1.8060652206525405,20.940032958984375,1
180.84877169981368,0.0539688261968669,1.2658283537567794,20.134342193603516,1
181.68683675692503,0.3347134643382786,1.1069352400916976,20.530040740966797,1
181.747888942932,-0.3275811921408569,1.8708119423500944,20.837326049804688,1
180.87962087252993,0.2841856835676541,1.701941997064394,20.740020751953125,1
181.70246242124264,-0.5666467672794986,1.6302698281056938,20.1986141204834,1
180.3863333712713,-0.1876268071731172,1.7382369786472545,21.774253845214844,1
181.74564001410008,0.1808433545064058,1.989050122664635,22.256105422973633,1
180.3571232034551,0.2990587112653757,1.320537317297303,21.589494705200195,1
181.7392608183683,-0.8848940670847513,1.6162474863414478,21.94837760925293,1
180.84877746652833,0.0539626946264195,1.2657628920463548,20.134342193603516,1
179.99607073255265,-0.5383778498324452,1.3638008697256745,18.75775909423828,1
181.11631143224375,0.6189140481708473,1.8357129526403793,22.14068031311035,1
181.03623441773604,0.2673457821703561,1.4382776191358169,21.9459285736084,1
181.7392608183683,-0.8848940670847513,1.6166805346254576,21.94837760925293,1
181.70927294745889,0.103304728180134,1.5978846258801331,20.14613342285156,1
180.20416234584772,-0.5864032350826447,1.573959470888173,21.66671371459961,1
180.59404456860585,-0.0612493105731982,1.701642352416846,19.590604782104492,1
180.15148867035785,-0.246402998901903,1.8974733874673224,20.805030822753903,1
180.5030271736485,0.7214241896085906,1.2340157135146037,21.10034942626953,1
181.921601746848,-0.5152584886046508,1.9627234849158224,21.88610458374023,1
182.01210301060777,0.0938176026352338,1.180919271787878,19.533594131469727,1
181.22131421851324,1.0072146158914383,1.2126341500211193,20.102392196655273,1
181.5681886184501,0.7428672873559804,1.7677173524743084,23.5538272857666,1
181.05508986869427,0.5463181099210568,1.7488626409298866,22.950944900512695,1
180.4306094368008,0.1007753480404859,1.9343677572967235,21.889808654785156,1
181.653859136887,0.5721583940910873,1.470362821647246,21.259815216064453,1
180.502907677234,-0.5792967320510742,1.40219984288608,19.530630111694336,1
180.5308881658727,0.5837594398078538,1.8960410896033204,22.907968521118164,1
182.03259296159132,-0.5166998360982155,1.3089219123343443,21.694997787475582,1
181.61294908392472,0.2536916220452666,1.8637482552051765,20.951080322265625,1
180.13635915765877,0.6497222947954662,1.0835923970913512,20.4029598236084,1
181.08531057241177,-0.2852523959271764,1.346009528125815,20.0334529876709,1
180.83526223796017,0.512807272567077,1.5589362340585935,21.025146484375,1
181.01640668319752,0.8419896807114813,1.972563501096969,20.750730514526367,1
181.70926293410005,0.1033078984334372,1.598206355492954,20.14613342285156,1
181.95895722963112,-0.3474306129720334,1.131802727129702,20.14678382873535,1
180.72146576009663,-0.8603580640744664,1.7555056370551627,20.203189849853516,1
181.76072942529163,-0.2042582223941401,1.261408870408674,21.33684730529785,1
181.16428771979187,0.2921530482082703,1.4768251607655771,22.96809959411621,1
180.65297781668735,0.3269289984746065,1.6307854199496217,21.32582092285156,1
180.04761380816086,-0.1044251571763243,1.3969024016367422,22.00408172607422,1
181.72036395439272,0.0534744599015193,1.5825914108135437,21.160205841064453,1
180.7654334946572,-0.8458281028336516,1.7277180725933146,22.33472442626953,1
180.75042226852017,-1.032660841568758,1.3123858354596565,21.12127685546875,1
180.59404023555487,-0.061248783106068,1.7031166160251343,19.590604782104492,1
180.15148867035785,-0.246402998901903,1.8972042804439933,20.805030822753903,1
180.8239676833045,-0.9278689450042288,1.89954069638277,21.663318634033203,1
181.3512472847853,0.3577085634439303,1.0695713278560053,21.561016082763672,1
181.2415100000001,-0.28442298,1.2607508897781372,20.27581214904785,1
180.6446104248416,-0.5599305987897876,1.65002858782733,22.525493621826172,1
180.4377471225725,-0.0973425384313094,1.060066686104332,21.590545654296875,1
181.66022049836533,-0.5596083214680911,1.546892750244143,21.347597122192383,1
181.53677982405577,-0.7785113058963264,1.6300759990246714,21.722692489624023,1
180.64593215997135,-0.9543958526638044,1.6142669437153678,19.98311996459961,1
180.4367192842163,-0.9138660456282152,1.4280793895866315,21.019962310791016,1
181.87456442923667,-0.000466533457159,1.9037061832268471,23.12645721435547,1
181.59352660463145,-0.3950226581191237,1.5202914507574816,22.605728149414062,1
180.94724809542623,0.8256882730671514,1.504964788887206,22.703338623046875,1
181.87654863027387,0.5129381456869133,1.6055910129834376,19.097930908203125,1
180.43248762234916,-0.6232138193219156,1.2853617458897075,18.388858795166016,1
180.94496371018323,0.8649030313761233,1.149921188412385,19.3279972076416,1
180.06688661382745,-0.1022698851874706,1.828384036958728,21.215553283691406,1
180.48199068511389,0.3850901594341138,1.345156717439492,21.20500373840332,1
181.88801447347785,0.0464939449296453,1.0317815358614804,21.640932083129883,1
181.4507016937467,0.9180827429659512,1.6407676966388935,22.842504501342773,1
181.51034673915515,-0.0603145396308823,1.488380289644602,22.53600692749023,1
180.0255269171402,-0.3703017920370818,1.4427478775649207,21.46460723876953,1
181.1581307004691,0.2021757895909644,1.860944165017628,21.643035888671875,1
181.97575557885563,0.3437057174262381,1.5352156912339203,20.64012336730957,1
181.037244573596,-0.763559108730101,1.3435616822434544,20.51154327392578,1
180.5323802953214,-0.3615124807204434,1.824188572615861,22.944910049438477,1
180.3995977991789,-0.4187834633812226,1.6883741911322503,22.481536865234375,1
181.7440533590446,-0.7017401677372295,1.215764238785542,21.59654426574707,1
180.13661151093717,-0.1831264520347821,1.1072336645241467,20.95885848999023,1
180.3483014253913,0.6446081177007633,1.9977362835267296,22.31917381286621,1
181.07258645405935,-0.1498560402843563,1.5138167507504274,20.362850189208984,1
180.3369988131293,-0.3397881899087583,1.066978250425712,19.40750503540039,1
180.3866764954223,-0.7813970017901208,1.2606474165591472,20.257234573364254,1
180.65297781668735,0.3269289984746065,1.6316342006951716,21.32582092285156,1
181.1235111941579,0.2792310830962179,1.0795592866515666,20.84068489074707,1
181.68683675692503,0.3347134643382786,1.1078324784621398,20.530040740966797,1
179.9336567414168,-0.288808058307458,1.1945646955464233,19.15119743347168,1
181.965777303689,0.0274606951102894,1.058570689096596,22.08410263061523,1
180.89871530799735,-0.2901835223457931,1.8584230283442895,20.303064346313477,1
180.94438500617665,-0.2897592359938047,1.0925927938257836,18.95600700378418,1
180.62759694319575,0.1654970869439847,1.6803330066164086,22.41125106811523,1
181.3230788331134,0.2318566547391288,1.857185571792895,21.94884490966797,1
181.22430293591293,-0.6223149354954599,1.070786776360023,21.41854476928711,1
180.20941708299284,-0.4673217268039027,1.8903420028821285,22.13442611694336,1
180.54473371172023,0.9223403146228094,1.1841911875862168,18.37329864501953,1
181.31563381403387,-0.2190075188416786,1.7388349847646634,21.874059677124023,1
181.1447097427693,0.265678350379299,1.5656081867284124,20.04183578491211,1
181.73624266292413,-0.019357620526808,1.7136831411726907,21.256046295166016,1
180.34687821082227,0.4745321929327347,1.370963190678164,17.99114227294922,1
180.53698350640087,0.8597851907952113,1.088268912588389,22.825210571289062,1
180.8587135553904,-0.783455005504192,1.7032266656548354,20.90119171142578,1
180.92999644550983,0.4071511914945896,1.719935957138273,20.380294799804688,1
180.4365397626165,-0.1513846857537546,1.661395800083261,20.813919067382812,1
181.5565804949667,-0.8077637355857956,1.6514156006219036,20.41138458251953,1
182.0050770131673,-0.0858788444955997,1.889762306609182,20.291316986083984,1
181.8621688045967,0.1541559696639261,1.0017805773837325,22.45389938354492,1
181.4741871842214,-0.0857594776454231,1.6911547118220562,21.755172729492188,1
180.40575795263473,0.0173109753069891,1.6609112480583392,22.711435317993164,1
180.3292447181786,-0.4621574403939409,1.3750956509865455,22.06407165527344,1
180.62387777170244,0.5885316469314805,1.8821284152390905,22.00190544128418,1
180.43248775011705,-0.6232138495330253,1.2852751399298707,18.388858795166016,1
181.22131421851324,1.0072146158914383,1.2128952155844397,20.102392196655273,1
181.888691254495,0.5043422846564685,1.5598224594167944,19.46448516845703,1
180.5408485530714,-0.7615883743821258,1.7216123197918864,20.924522399902344,1
181.72591114782276,-0.0231036601132255,1.5129038804362949,21.159244537353516,1
182.00449242001267,0.2754165116619986,1.1250758683953002,22.498046875,1
181.27519179063304,0.261247643860401,1.9404917951577776,23.163888931274418,1
181.284048519768,0.5145982474736414,1.9226032415982568,21.88689613342285,1
181.93897793881737,-0.6952358858150288,1.4100491965137925,21.15026473999023,1
180.62860652077688,0.5424184999885425,1.0636916677744712,20.09310531616211,1
180.03770412071484,0.4608401346289141,1.988834549759304,23.122804641723633,1
180.87269260345013,0.0299810959293857,1.43390968848766,22.05796241760254,1
180.61539731470265,0.8273284162153828,1.1419031914901243,20.258010864257812,1
180.33227180789916,-0.3658007112608485,1.756408579955555,22.00335121154785,1
181.26776145315935,0.7681391598712578,1.4322119953155286,21.23189163208008,1
180.07273398452307,-0.2779287799239071,1.6540800360085393,22.103715896606445,1
180.75567921732912,0.9870959214437536,1.0374917076836023,22.00657844543457,1
180.83786318121352,1.021114221616361,1.409578612558308,21.486419677734375,1
180.06688661382745,-0.1022698851874706,1.817937967310259,21.215553283691406,1
181.5419642824769,-0.3158747231775249,1.9514395190262244,22.492082595825195,1
179.9211485478396,-0.0555607866625338,0.6898244080565522,18.258052825927734,1
181.05508986869427,0.5463181099210568,1.747179229623504,22.950944900512695,1
180.75610531681704,0.4639647997327816,1.6613728410083617,20.11080551147461,1
181.38926630196516,-0.7594324663287989,3.1489343177192017,22.127506256103516,1
180.6821252437355,0.6600820810810857,1.5034913579319595,21.10116958618164,1
180.2844326264157,-0.4394092330734774,1.3883257603794878,20.634109497070312,1
180.502907677234,-0.5792967320510742,1.4012696157948163,19.530630111694336,1
181.07949061071315,-0.4535548605245624,2.7141945599834982,23.0413818359375,1
181.3259681035059,0.1184400830936797,1.7129181460793497,22.221986770629883,1
180.12672938251592,-0.3463736851413477,1.2647296046726602,21.242572784423828,1
181.22407788878033,0.2875881428467303,2.6902684142222877,22.118432998657227,1
180.8823341481899,-0.8195275238336132,2.456636696459888,22.85904884338379,1
180.6015647880176,-0.341584113970057,1.9679411754916951,19.233362197875977,1
180.5308881658727,0.5837594398078538,1.8949735399804504,22.907968521118164,1
180.6766163655514,-0.8678061051156581,0.8588261714262554,20.077770233154297,1
180.37183495598364,0.1871621386004375,1.9732296006841696,21.059555053710938,1
181.70748585153456,0.6618059141910415,1.6957248723798508,23.078163146972656,1
180.74279451955985,-1.0766716760187258,1.013486754510995,20.41624641418457,1
181.11445517476625,-0.6726869247356222,2.511380281117254,20.348350524902344,1
180.5209071382062,-0.4241948299307131,0.3995427522699982,19.690826416015625,1
180.2752025442593,0.3031343515477054,2.1070149877569717,21.347492218017575,1
181.39507809545793,-0.0804663308430519,2.8704531749207822,22.471677780151367,1
181.8604185525774,0.2551506065311142,2.4406991842583525,20.73936653137207,1
181.0712915244196,0.6149361864948893,2.1762129959644136,20.007665634155273,1
180.61203588990617,-0.2827462764342507,1.5828353253685314,22.346925735473633,1
180.7442832080936,-0.8903502682555282,2.245005828933904,21.67239761352539,1
180.526415555121,0.8707612122536421,2.1442743589529663,22.07723617553711,1
181.7588961713597,0.7515780494014344,2.080481378760639,23.470993041992188,1
180.9665507940719,-0.2567421090913232,0.4101895587112086,23.078113555908203,1
181.12963803221513,0.92841556476771,1.539962983109504,19.746252059936523,1
181.4247408100884,-0.3147538524281343,1.4639783575085117,19.754161834716797,1
179.96623487207358,0.0159604436496324,0.2481812065971137,19.14255142211914,1
179.9679204493108,0.0740805022917633,2.565265492672975,22.612689971923828,1
180.3857292247908,-0.2334747147136571,1.2868010449338576,20.22314453125,1
181.16089178915217,-0.5139299362096559,1.335981184461922,20.05496406555176,1
181.9329955718502,-0.0371920231328781,1.0269667653173529,20.30500030517578,1
180.9008903559049,-0.2892653011505403,2.976374808879447,19.4593448638916,1
181.0983346588432,0.403792791796619,1.8102812356542577,21.596696853637695,1
181.87398293584425,0.4868313581329321,0.8637900560114252,18.993011474609375,1
181.9010416807016,0.0853065903381195,0.3785517956820687,18.701271057128903,1
180.54201821215207,-0.9071013554340042,3.589794947602427,19.16793441772461,1
180.2752025442593,0.3031343515477054,2.1096234821228275,21.347492218017575,1
180.58358259211872,0.3783217399170674,2.5917118554924183,17.408090591430664,1
182.03259296159132,-0.5166998360982155,1.308590012609782,21.694997787475582,1
181.86391398851475,-0.1122666256433787,2.269717767131117,23.264982223510746,1
181.8719115655134,-0.2704012752488032,0.2862247180244396,18.534528732299805,1
180.440648457692,-0.6561672289950513,3.094620470551263,23.659385681152344,1
180.85276976986765,-0.0197175914792822,0.3588640797738879,19.6237850189209,1
181.18212651923972,-0.2179513321470645,1.7130414322458487,22.971220016479492,1
180.3536596895783,-0.5832557252360082,3.273722243492707,19.898418426513672,1
180.8046029755427,-0.0096586512887144,0.4144064309159785,19.40085792541504,1
180.9812908102423,0.0679101914078396,1.1487625750542296,21.589130401611328,1
181.0757729037894,0.1837111451912699,2.046931321176972,21.221025466918945,1
181.1107242945341,0.3119104928416493,2.06167761112217,22.040332794189453,1
180.8239676833045,-0.9278689450042288,1.9009665741656976,21.663318634033203,1
179.96908868243406,-0.1826741378752825,0.9900078391685914,21.091320037841797,1
180.2205258351917,0.7325126931802898,1.0362804977288438,22.50263786315918,1
181.07110024148324,0.3002944046911501,2.7140586220219753,19.66956329345703,1
180.7777827871546,-1.1460483074636043,2.491312033439999,21.569530487060547,1
179.98801046817312,-0.1524629605853361,3.0348678881816085,20.395610809326172,1
180.7582626206555,0.6643033765935502,2.2498983097408782,22.113393783569336,1
181.1387907341645,-0.5695253600455729,0.7071268416010614,20.77764892578125,1
181.14584349005395,-0.6474813362927608,1.4335870246684868,20.71088218688965,1
180.9813834405066,0.0984890532591169,1.0942922033044968,21.74994850158691,1
180.73780137036383,-1.1551519249706828,2.0811267511025164,19.28214454650879,1
180.4155620332342,-0.1023438882890059,2.400792705378985,22.329015731811523,1
181.6557869244504,0.3044940875472038,0.3723389342667824,19.009506225585938,1
181.537185276701,-0.2844557571033997,1.4497085861126715,23.037954330444336,1
180.39977522339817,0.5761981369324154,1.1935329124177452,22.889827728271484,1
180.430170888316,0.7020088566407344,1.8386077906237213,20.04296112060547,1
181.57924456161803,-0.6665390228342426,0.6751930817433547,18.772520065307617,1
181.43651954328695,-0.6630891229301912,3.002712047126635,22.336612701416016,1
180.81351489344377,0.1785478852453387,1.345783531207598,21.905960083007812,1
181.5138344081221,-1.0260465535110526,2.6004416520460283,21.89092063903809,1
179.89767426297578,-0.0598890888683621,1.6561925565384814,21.892559051513672,1
181.78047823514655,-0.6685282497287982,1.4267990443049865,21.555341720581055,1
180.3857256707479,-0.2334701010006317,1.286649691162444,20.22314453125,1
181.10070625403148,0.1828671380407653,1.0031795062834628,20.525341033935547,1
180.93865733750164,-0.295022273882049,2.114662494704154,21.920608520507812,1
180.96872884547335,-1.0101499105558531,1.4248306756318023,19.86434555053711,1
181.70926293410005,0.1033078984334372,1.59843553352654,20.14613342285156,1
180.46848996501816,0.463192337195163,0.9500413502161846,22.205379486083984,1
181.61617640413013,-0.400673280992277,2.728728061646634,22.13706970214844,1
181.80393432146417,-0.8289203459406035,1.4036048362575797,20.66643714904785,1
180.3571232034551,0.2990587112653757,1.3204749315122748,21.589494705200195,1
181.82285066791883,0.3138864735155763,2.8815896425673904,23.227861404418945,1
181.0924047591313,0.3727197758543834,0.515089279702731,19.980144500732425,1
181.94508434975972,0.2505122734996984,3.0492003764929403,21.82755470275879,1
180.7654334946572,-0.8458281028336516,1.7273078858404964,22.33472442626953,1
180.322296807675,-0.1929730805673409,1.3893221353578715,20.242164611816406,1
180.430170779853,0.702009043951165,1.8384403236166753,20.04296112060547,1
181.507240881274,0.7035389555612532,0.6557792933165988,20.777889251708984,1
180.26905774352613,-0.0889838509683547,1.2931529461831708,20.441951751708984,1
181.6229150912092,-0.3880257868442186,1.0384939634649175,19.94202995300293,1
181.83179779228868,-0.4479117607892567,0.9083555203680964,21.54218482971191,1
179.98069568655933,-0.4862585957145419,1.58711126173411,20.390546798706055,1
180.42128453663236,0.5846102469327904,0.7687613617506185,22.316560745239254,1
180.7582626206555,0.6643033765935502,2.2495695798636297,22.113393783569336,1
180.08122241440418,-0.00722639213518,0.688366342026922,21.031911849975582,1
180.04171808732843,0.0262358883754191,0.7806757699684344,21.172895431518555,1
181.4858399611084,-0.2436305280541021,0.8874272841792786,22.055824279785156,1
181.6053744518384,-0.8467412036333197,1.0137119568735584,21.40651512145996,1
181.58111024702507,0.694958712935316,0.6618223597257031,19.87101936340332,1
180.73318788068983,0.3195244596384539,3.176195601240022,21.60630226135254,1
181.58382546074216,-0.0920539077477715,2.651873756581948,22.722265243530273,1
180.5870287582043,-0.4060536344982791,1.691960773194182,22.878950119018555,1
180.86870579587267,-0.3153510343835721,1.853482466542184,19.803068161010746,1
180.61314001062345,0.3502982941073543,2.3545389792403157,20.20054817199707,1
181.6628930069297,-0.5011547124896302,2.321334478062098,22.430912017822266,1
180.97776103310173,-0.385305306385896,0.7302165151269789,21.424606323242188,1
180.80264459574016,-0.1885603396979755,4.5547926012679705,19.83109664916992,1
181.00745183054664,-0.5796907456061364,2.7909973450120744,21.42679977416992,1
180.54201821215207,-0.9071013554340042,3.590082348572414,19.16793441772461,1
180.99569900462083,-0.0565437041449474,2.238424035439641,22.797657012939453,1
181.47046699967328,-0.4034940314944187,2.2829778310106734,22.22391891479492,1
180.66086203637735,-0.5165692138224015,0.4092675170634552,20.045995712280273,1
180.33181350775124,0.7599393959451504,2.8376142510925164,23.4197998046875,1
180.41323197974936,-0.6732163613813476,2.793015333115785,22.6757869720459,1
180.66770457043717,-1.075045035606318,2.7417480651511044,20.67713737487793,1
180.00396967588244,0.1616933958494212,0.4939702958070273,19.73416328430176,1
181.03351981543247,-0.4513049045557687,2.257995282695098,23.073572158813477,1
181.9182666337561,0.4129323181281396,0.4136426396315872,21.320144653320312,1
180.23840969110896,-0.8573319059524644,2.5711505589321275,19.994304656982425,1
181.5766871573472,0.0480135685480472,0.5760791113804448,20.43816566467285,1
180.71108257964391,-0.1027841257147728,2.3210314115353623,20.41168212890625,1
180.61321354096364,0.6519072457227572,1.481086518757787,20.71869659423828,1
181.90229231716347,0.3308589841758837,1.7634555714057352,23.083391189575195,1
180.87962087252993,0.2841856835676541,1.6992624835273,20.740020751953125,1
181.2243346511841,0.8029355607172722,1.9810105900048791,20.974130630493164,1
179.9201517420173,-0.1644893521221173,1.3069634601398965,20.748443603515625,1
179.9398118423184,-0.1802994915485499,3.151707780680689,19.580623626708984,1
181.30261510168003,-0.6170948117668916,1.977052632400336,17.772188186645508,1
180.33824520973283,0.8359512634684412,2.1007507248653203,23.730518341064453,1
181.97654202939913,0.1791323070815471,0.4451965311080748,19.77924346923828,1
180.8046029755427,-0.0096586512887144,0.4144299180835012,19.40085792541504,1
181.32236019699448,0.4045351259808676,1.180260460640445,21.28852653503418,1
181.17387821017576,-0.3637622015291413,5.036459640571891,20.935169219970703,1
180.15148867035785,-0.246402998901903,1.89869021829771,20.805030822753903,1
181.08015495352677,0.1031652870607872,1.177300423848915,22.31973648071289,1
180.9626851884615,-0.9595232193058352,0.277924093190792,19.166942596435547,1
180.40162256720205,-0.0584116918538415,1.6637806288855994,22.242122650146484,1
182.0163409266029,-0.4997813096125411,1.4889981203936564,20.09387969970703,1
180.1189046613975,-0.0654878145482237,1.9804715835724804,22.02285385131836,1
180.48199068511389,0.3850901594341138,1.3458235050117058,21.20500373840332,1
181.7394891480822,-0.9097799323466532,0.7740845738606676,21.140928268432617,1
181.05188137923244,0.5021160274885315,2.994095333777083,22.133474349975582,1
180.42379498551696,-0.5158194144810121,3.070224600493141,20.180635452270508,1
180.73318788068983,0.3195244596384539,3.175800259379642,21.60630226135254,1
179.9815008961541,0.1089679842073656,2.0125063600829085,21.92736434936523,1
181.1434913308329,-0.1566161702482863,1.828191066008061,20.293909072875977,1
180.526415555121,0.8707612122536421,2.143742686729753,22.07723617553711,1
181.23736376085913,-0.7422668971637038,1.71284206181419,22.312429428100582,1
181.5766871573472,0.0480135685480472,0.5762331124013313,20.43816566467285,1
180.3468773233846,0.4745325424253517,1.3708184567891797,17.99114227294922,1
181.27703597902683,0.7891387010192907,0.6871961167259059,19.724872589111328,1
181.5636790784635,-0.0723263501568253,1.0188161880056903,22.168363571166992,1
180.67993872648,0.0227521171356542,1.7418329280303575,22.19316291809082,1
180.23621343437705,-0.6637259118060199,1.0102277203728744,19.763071060180664,1
180.52008087456585,0.4229006772473004,0.4468385208181175,20.922901153564453,1
180.73779924299916,-1.155153114919658,2.0823333384775156,19.28214454650879,1
180.3229716689234,-0.1187256735736278,0.4093009554784869,20.26426124572754,1
181.89611585543503,-0.2639607995735777,0.1106448708412504,17.531789779663086,1
180.50172695936328,0.515563068079964,2.293915655915375,22.33687400817871,1
180.53200275323184,-0.9875852865973654,2.86670829007244,20.62883949279785,1
180.54473371172023,0.9223403146228094,1.1843275116091954,18.37329864501953,1
181.2914876419776,0.0394229425362242,2.780992327245266,18.883834838867188,1
181.19350098623147,0.3534853822594726,2.381719208937599,22.356849670410156,1
180.5178540465674,-0.1102897583789888,2.1180027924564824,21.094472885131836,1
180.13539900566485,-0.2354556189492379,1.6718426741874148,21.714290618896484,1
181.0609264669001,-0.5026364376780615,0.1689391174004405,18.54902076721191,1
180.6047529829867,-0.8110841693651945,0.7197180440457012,22.23969459533691,1
181.6342329838679,-0.8266675013716908,0.6832018581932344,19.95604705810547,1
180.66086203637735,-0.5165692138224015,0.4092612587755648,20.045995712280273,1
181.7242203048301,0.7250825276801651,1.9825507929090136,21.004871368408203,1
180.55001986402812,0.8888607757060394,1.2308098098587146,22.239328384399418,1
180.8862610998196,0.6765963830856061,1.3599700552303209,20.929454803466797,1
181.85214895760623,0.3726353697701103,0.9212361068738458,21.54228973388672,1
180.19849437440809,0.3286855471440194,1.2498115106706418,22.592754364013672,1
180.69275736090856,0.300545161598209,1.412746609239449,20.968793869018555,1
180.50393784739012,0.7411056960548547,1.635747294760297,19.93638610839844,1
180.18820607843577,-0.2885319232836867,1.037318157361825,21.670488357543945,1
182.0304507011158,-0.2157448659584887,1.2638074648253192,20.651599884033203,1
181.87235909788475,-0.5373338623120116,0.3995777110683378,19.71049118041992,1
179.98195568665977,0.2712032226530832,1.3075348048910933,21.779680252075195,1
180.9813834405066,0.0984890532591169,1.0944336350513857,21.74994850158691,1
181.47146130015992,-0.283605839757111,2.506971117811976,19.87150001525879,1
181.7925050726693,-0.4903881353237072,1.8119730985089857,20.940032958984375,1
180.61314001062345,0.3502982941073543,2.3546262866313152,20.20054817199707,1
181.64085358181265,-0.1965584761103754,2.176493015075259,23.155935287475582,1
180.89380079690255,0.5239037643480193,1.3171543803030497,22.004133224487305,1
179.9519609045945,0.0363188583577351,3.092572926999676,21.879404067993164,1
179.9336567414168,-0.288808058307458,1.19418347554815,19.15119743347168,1
181.9636325728968,-0.2097334912070018,2.7737242920619476,19.517969131469727,1
181.20725427108096,-0.3714826725970925,0.3225567863479902,19.219633102416992,1
180.8753548465091,-0.2635989368995107,2.275607721878786,19.952823638916016,1
180.58358259211872,0.3783217399170674,2.5917269160985255,17.408090591430664,1
181.88684325706183,0.5585667808276993,0.2811129871901486,20.063737869262695,1
181.20156326364184,-0.3398706868206579,0.5677027925727292,20.24180793762207,1
181.9329955718502,-0.0371920231328781,1.0326100071573834,20.30500030517578,1
180.87819787237697,-0.3596492313974584,2.2224707962461014,22.273372650146484,1
181.62031771519057,-0.5192887039144857,1.9711269578437431,20.230945587158203,1
180.4729838291096,0.7921463136987088,3.8252528970345296,23.343660354614254,1
180.06397031030235,0.0981055168583006,1.6483582121496116,18.917583465576172,1
180.94724809542623,0.8256882730671514,1.5076159629102854,22.703338623046875,1
180.61539731470265,0.8273284162153828,1.1418963603282604,20.258010864257812,1
179.99522053794,-0.0148028472891907,2.199401965328555,21.04657936096191,1
180.11411832186772,0.5640953703562828,0.1244343970042864,16.53347396850586,1
181.3165893379325,0.2666935264044048,2.3852140544419025,21.894229888916016,1
180.59404023555487,-0.061248783106068,1.7031584215926072,19.590604782104492,1
181.15697097876415,0.177719135060864,2.8427290232933498,18.75798988342285,1
182.0011722954727,0.0927942717265419,1.3177418322219667,22.643415451049805,1
181.73897400855347,0.0492232873815478,1.0666859365864807,22.23431968688965,1
181.05188137923244,0.5021160274885315,2.9937248502287193,22.133474349975582,1
180.73089386189983,0.0977445325770007,0.2566911518003373,19.34202766418457,1
181.26594754761615,0.2014540308536183,2.2741056053391286,22.146848678588867,1
181.5944931826784,0.5427938365797689,2.0702136268371145,19.211803436279297,1
181.60238000000004,-0.89067831,1.2622705698013306,21.36639404296875,1
180.7777827871546,-1.1460483074636043,2.4910005015853645,21.569530487060547,1
180.03293069617183,-0.3216573119177963,0.9367682243095172,23.067726135253903,1
180.2824449451121,-0.0520781176908634,1.8330295484145047,22.157690048217773,1
180.17927364197593,-0.8358029079982074,2.2361230943119024,23.666563034057617,1
180.12689744797484,-0.4256802599201985,1.5893805335450026,20.82402229309082,1
180.3264100824654,-0.21160699778599,1.1302465216545483,22.832120895385746,1
180.55365731867917,-0.5623696929940614,1.9261678296111144,22.383825302124023,1
180.33181350775124,0.7599393959451504,2.838269970177296,23.4197998046875,1
181.2751873303895,0.6919469364080564,1.5853519882544276,20.39427375793457,1
180.89380079690255,0.5239037643480193,1.3175645633599933,22.004133224487305,1
181.95041538968255,-0.4404693894568858,2.042450059113421,19.333541870117188,1
181.1447097427693,0.265678350379299,1.5655031535399584,20.04183578491211,1
180.91347702520468,0.3603464758647436,1.2188246541604206,22.51839828491211,1
181.1324863018108,0.3120042697972602,1.5569059297133276,21.473304748535156,1
180.5965308742306,-0.6686086895873142,1.9042436750673652,22.84735679626465,1
180.20006270495224,0.3401667197338816,1.1733579695085758,22.154699325561523,1
182.0050719402807,-0.0858783900438931,1.890383495884509,20.291316986083984,1
181.9464572004534,0.1550075406164487,2.457797495591903,19.799354553222656,1
181.63891729219495,-0.8555873163470802,2.408542728083427,21.916162490844727,1
182.07957079484817,-0.3772573161473425,0.9596717065028324,21.48997688293457,1
181.47146130015992,-0.283605839757111,2.5046682367090263,19.87150001525879,1
180.26757608250952,0.3136598136889821,0.7162929866709078,21.38970947265625,1
181.1764994069215,-0.5337420221681669,0.724868725491882,22.486068725585938,1
181.89211086680425,0.2529218715196564,3.1418921935372546,22.834238052368164,1
180.7567534466995,0.5356414779865946,2.5641584447111407,23.02129364013672,1
180.37219784224425,-0.3133180300045831,1.4346393806041533,20.645851135253903,1
181.0909998274153,-0.7469699902711738,0.6211943837741493,20.628435134887695,1
180.3180665732268,0.4218236667225002,2.3019160005745674,22.54715919494629,1
181.73902851360177,-0.7396997251205615,2.456509687946113,22.708494186401367,1
181.91397006912885,-0.2058604738106877,2.2296319270118423,23.09989547729492,1
181.47081047427704,-1.0497074539356457,1.1786000059458022,21.282569885253903,1
180.709301508249,0.2628790930679486,1.0790578117725176,19.51770782470703,1
181.918176322472,-0.4655257010248798,2.377453505512276,22.12352180480957,1
180.7161267482296,0.0409161923070752,2.420300442428581,21.41633415222168,1
181.97893556252947,0.3810054604484393,2.311767529192114,22.85759925842285,1
180.26922412788045,0.1621981168367405,0.5049966157585829,20.427555084228516,1
180.7051832331509,-1.0521356764075314,1.442737032630773,21.1202449798584,1
181.70851918151948,0.1798774833958888,1.7447777389960226,21.55097198486328,1
181.60603860148797,0.5175891930539399,0.6096567124880464,20.251386642456055,1
180.93152596701543,-0.6481144621960094,2.9566883122011576,21.496726989746097,1
180.99403399986835,-0.0278000718674405,0.4588117579235134,20.108797073364254,1
180.3292447181786,-0.4621574403939409,1.374967874290662,22.06407165527344,1
180.322296807675,-0.1929730805673409,1.3886938537158486,20.242164611816406,1
181.61294908392472,0.2536916220452666,1.864636243841283,20.951080322265625,1
181.6181031177071,0.5475079286155623,2.1179062259603203,19.529926300048828,1
180.17432513171593,-0.1018807612111893,0.9593009554972628,23.244651794433594,1
181.03351981543247,-0.4513049045557687,2.259029328640376,23.073572158813477,1
181.9189529194539,0.3868161532393441,0.2540131555447336,18.59169578552246,1
181.62121,-0.65348406,1.149058818817139,20.86931610107422,1
181.69304116234127,0.3444632897298567,2.178062454886328,21.696155548095703,1
180.42084259267995,0.4302979736524907,2.184317928735589,21.733888626098633,1
180.94619680839804,-1.0817904346326734,1.8398225570016755,22.44121360778809,1
180.8430167479084,0.7747305581962934,2.298196207822776,22.214336395263672,1
180.3561332664557,0.7533962575157026,0.4412200997206472,20.286741256713867,1
181.01252827710388,0.0470685443143942,2.7287102885759857,22.85172462463379,1
180.50891389668496,-0.9879794451188784,2.42289694212325,23.03356170654297,1
181.95991385515657,-0.1981651740305965,1.250646014707696,20.431156158447266,1
180.951378779342,0.2198709266217591,0.9687737799210492,21.52954864501953,1
181.68332412480407,-0.1955801032979507,0.892280691882828,20.362085342407227,1
180.54911579994,-0.8556971091382745,1.4212858640843646,22.26938819885254,1
180.97731208077792,0.0638343543583475,1.5529442886435407,20.37383270263672,1
180.05136033295773,0.4321025725793585,1.6607101387317198,20.73427391052246,1
181.0197893964017,1.035758447516094,0.8652980164019837,21.464521408081055,1
181.17387821017576,-0.3637622015291413,5.036279062849474,20.935169219970703,1
180.2496540086485,0.0979836075263498,0.7963834203088331,22.667423248291016,1
181.12627976961195,-0.4860477475919609,1.1582846314804098,21.60330581665039,1
180.2243074698725,-0.7592035480351237,1.8477831490693188,22.368453979492188,1
180.8508541923192,-0.5809548114841773,0.9930212013580804,23.60682487487793,1
180.00617414050748,-0.4699308571356796,1.4511803096217497,21.340639114379883,1
180.79322529030455,1.035779675304125,0.2066741681535817,18.23555374145508,1
181.4547079329348,0.2181249656971246,1.91783612602582,20.30823135375977,1
181.6737978163997,-0.6879197675182828,1.348166466853327,22.545440673828125,1
181.20081906635593,0.0260343244712877,2.249432730633204,21.00729751586914,1
180.32124300995625,0.5783576944756645,1.2585062610674569,21.509946823120117,1
181.52661049455077,-0.9106599087905474,1.054672645776905,21.626996994018555,1
181.94393237196928,0.2316267032425191,1.30842302143222,19.736778259277344,1
181.91662223373032,0.1331480527713286,3.692196608171742,21.7199649810791,1
181.2914876419776,0.0394229425362242,2.7811812065404053,18.883834838867188,1
180.92386897911155,0.3807009886808853,2.3112771366585756,22.962820053100582,1
180.98466412573825,0.9631786890063466,2.0932901281693455,21.595699310302734,1
180.64398478084576,-0.2598528304411372,0.7870005395568419,22.03829574584961,1
180.7527523891692,-1.1414181157561054,2.3788291653918185,22.130998611450195,1
181.3373767069471,-1.130176827461488,2.222046721980174,22.61701202392578,1
180.76845183115424,-0.1243138307003719,0.1224240195038016,16.236255645751953,1
180.42911162165225,0.8235975644724761,1.5258409845599818,17.850452423095703,1
180.6317075564997,-0.2703778637848829,2.0055637355351585,22.25286865234375,1
179.96908868243406,-0.1826741378752825,0.990112922329336,21.091320037841797,1
181.34561649742216,-0.134820605327146,2.0638992124774096,22.737716674804688,1
180.83793557625924,-0.6223666328862606,0.7215379176051573,18.19404983520508,1
181.92060574893563,-0.4960593514667422,2.9830744118124746,23.752038955688477,1
180.07352827760974,-0.5587053586081362,2.5732995346424876,22.93108367919922,1
181.21093228091723,-0.4811282228690974,0.4624427836853698,20.2882080078125,1
180.04601410011762,-0.4016083858259707,0.8392880659813167,21.61400604248047,1
180.1450103254468,-0.0484118956542482,0.5957464012348486,20.340463638305664,1
181.0983346588432,0.403792791796619,1.8122168554690343,21.596696853637695,1
181.5227437700594,0.355747753298504,0.9461349957302232,20.150514602661133,1
180.05430703098148,0.2992242644546566,0.94981721338408,17.91292953491211,1
180.1888271409088,-0.1738352607060198,1.236726026213404,22.388010025024418,1
181.87883057246728,-0.5033505545295116,2.15709983446047,23.148988723754883,1
180.4309663390004,0.0638857561218097,0.2693710741340184,19.32847785949707,1
180.62655495355656,0.2485514982753275,2.2710040847703006,22.727100372314453,1
181.63891729219495,-0.8555873163470802,2.4090418597955265,21.916162490844727,1
181.18652088080697,0.9089014071753764,1.5369561593568912,20.818092346191406,1
181.14174382131245,-0.7183613629134357,0.327585301974673,19.16523170471191,2
180.9020984335658,0.7187660607347441,0.7814168710979359,22.38596534729004,2
180.41550317714191,-0.7050981152498624,0.6535755724139043,20.836040496826172,2
180.6065697530995,-0.5559173986851951,1.2771654148472984,21.328279495239254,2
181.29363519568395,-1.0357104765665892,1.3952828440857603,23.56263732910156,2
180.9703629806052,-0.0607386122284447,0.3279645447630919,19.960378646850582,2
181.94917451227872,-0.5186288522997349,1.530566083846541,23.687206268310547,2
180.17168484930377,-0.2887813236833169,0.1648366987191561,20.219812393188477,2
181.18410731461637,-0.2280049590819231,0.0340022465200655,22.153919219970703,2
180.92544777218316,0.1331256561720639,0.2566282696285749,17.98126983642578,2
180.30370924958336,-0.1017771055656127,0.3293654219159999,22.88343048095703,2
180.74142079056816,0.3273035364376788,1.0363337752729282,24.34428977966309,2
180.84956224610715,-0.8484147442932417,0.3765331685281948,19.914981842041016,2
180.46540185276635,-0.3739992232777016,0.2389486549461758,18.713926315307617,2
180.7725978237139,-0.740243671607341,0.866236230564787,21.542062759399418,2
181.2467148882727,0.6069461450760174,1.1678049218179265,23.592456817626953,2
179.87484668006482,-0.0547134108853532,0.8566248803315988,21.840322494506836,2
180.22003442127476,0.5456351459593226,1.1851822851139038,22.880407333374023,2
180.78300846313857,-0.6897657314438596,0.8199137627923898,22.16960906982422,2
181.4822980611485,0.2550546893726782,1.3179512159587146,23.717836380004883,2
180.6521235865253,-0.1535488711606026,1.3779454498438832,22.979167938232425,2
180.09783207834923,-0.2415871468481498,0.4079278205799939,19.4757080078125,2
181.9508702728178,-0.3331074156905704,0.2767885382687398,23.181299209594727,2
180.19489482606593,-0.610644773242864,0.935414053721214,23.577438354492188,2
181.8466933848176,-0.1636093731113682,0.344494139521451,18.999977111816406,2
181.9376418787957,-0.1613630521003397,0.9407242947163128,22.720245361328125,2
179.97989999687735,0.3516936121276761,0.3713942586926929,18.764745712280273,2
180.42891877759715,-0.4498056679679949,0.167695298942939,19.69193458557129,2
180.1001859300015,0.3812908337873469,0.8693146080702101,22.934715270996097,2
180.96691509809727,0.8855511172582735,0.2312611269082964,19.084083557128903,2
181.80166834051292,-0.24031321694907,0.1293222278543628,17.805065155029297,2
180.5007672330687,-0.8070104605513316,0.2222145094922652,19.264894485473633,2
181.25182462737075,0.5127997128673127,1.112412579537532,23.507732391357425,2
181.456904752543,-0.1138106063749057,0.9255295989343292,23.56680679321289,2
181.27217621989575,0.8892380535447793,0.8596307634819481,22.215110778808594,2
181.39670703075433,-0.4798629400948098,1.6037624803392367,23.013729095458984,2
180.85596408400755,-0.3549274028653157,0.3589580155886986,19.701614379882812,2
181.87289371443256,-0.6868619818880224,0.5637262359902537,19.901365280151367,2
180.8306826763237,0.7346245149932661,0.5904001681624012,22.947080612182617,2
180.64761429447984,-0.5684650645242295,0.208738991971532,18.967430114746097,2
180.12396938933287,-0.5847081227713751,0.8632101187004665,23.183778762817383,2
182.0091332183112,0.3582750926654321,0.9229110865983792,22.491863250732425,2
180.50536550661977,0.2971169726696457,1.246343871101815,22.67362403869629,2
181.74442528987743,0.4112298196151084,0.2653005870114873,18.77850914001465,2
181.78246036345956,0.4592308441065339,1.1062973092302335,22.94421768188477,2
180.2679201749483,-0.7085267885358777,1.4391914769759948,23.646007537841797,2
180.21250513945432,-0.6506469973096185,0.1302692580842366,19.438915252685547,2
181.72666245757705,-0.4307579108512977,0.8878193714612507,22.94462013244629,2
180.6187581622248,0.6424245868884454,0.2560408833442304,22.008878707885746,2
180.88658795673064,-0.2780960234703226,0.2565502086857243,22.662492752075195,2
181.8813091209663,-0.4188767093642853,1.0977368252928987,22.757280349731445,2
180.96153216979084,-0.4317670667836236,0.4547209848106314,19.757030487060547,2
180.2389055367751,-0.3177046044920222,0.1964686565840244,20.252521514892575,2
180.6508631194908,0.0399543107131171,1.437699282853119,23.531394958496097,2
180.860791534953,-1.113507121980201,0.2626924841316537,20.128461837768555,2
181.2630330795566,0.3896352568811503,0.5304681553778491,21.603290557861328,2
181.9324294744193,-0.1470473464732816,0.7832772277865534,23.271495819091797,2
181.71000429307375,-0.5622438525543314,0.543053160931825,19.41381072998047,2
179.9187673161585,-0.0559200633979525,0.1080723369537638,19.057628631591797,2
180.81019076356037,0.2643779689599383,1.144835654315969,22.52022361755371,2
181.89125171825225,-0.2068015397469465,0.1104229382761171,16.76077651977539,2
180.13610251219083,0.2389769073521292,0.8196754598722049,23.194766998291016,2
180.87180592520983,-0.0655302418672592,0.5041673810021093,19.84704208374023,2
180.1455695659805,-0.5067815595089991,1.4343768699868622,22.261608123779297,2
180.06018994930625,0.504780658734702,1.05027393548289,22.781381607055664,2
181.4682427856174,-0.3108711333681734,0.920362811462402,21.64936065673828,2
180.3776897211404,-0.4983556197240899,0.1683807573315786,17.650733947753906,2
180.43111850992753,0.1831249889223145,0.1044258543824003,18.58939743041992,2
181.7610348817608,-0.2802266196571943,1.0902516777668387,23.506147384643555,2
180.54082378225104,-0.784619484725163,1.326763573856392,23.00028419494629,2
180.68468167272584,0.7612589237778928,0.2840615481938023,19.24234962463379,2
180.5999034690932,-0.2124642498756888,0.1442595053075117,18.031234741210938,2
180.59426958337113,0.5049297963957307,0.3326902974373292,19.407325744628903,2
181.74061878407312,-0.2290019500818356,0.9939419246395442,23.098491668701172,2
180.826612150878,0.2470374244882644,0.8012261781214013,22.903141021728516,2
180.2681545673808,-0.874898607942363,0.6757453188188425,21.54098892211914,2
180.04595831118215,0.4415592491377152,0.7412294419731934,21.23969459533691,2
181.06544966880196,0.0822866596536083,0.8959412432529397,22.881349563598633,2
181.29822901284797,-1.0192936838340123,0.770510668053108,22.143634796142575,2
181.02827117000183,1.0386564376243188,0.8662872884505983,22.23053741455078,2
180.16644887730453,-0.1343824127189024,0.0798770883845089,15.768156051635742,2
180.9732728579124,0.2817028091068019,0.964088611238324,22.917510986328125,2
181.16937945909157,-0.5066433607815902,0.1555205217299896,18.684755325317383,2
179.93155526235213,0.0045349383524896,0.1080903337379188,18.585094451904297,2
180.5586090377244,-0.5072375989419086,0.1304760957067897,19.11373710632324,2
180.4303131325623,0.597133307231948,1.0711871873822123,23.052892684936523,2
180.5695611540056,0.2162493498882627,0.7882413037192363,22.689624786376953,2
181.71583749248836,0.3678193834995351,0.3956478082673929,19.85713768005371,2
180.7466394812972,-0.2395833555522636,1.261035466790469,24.034778594970703,2
179.9656321498379,0.2653741745005343,0.0767682414129748,17.004980087280273,2
181.00461974691297,-0.549207086481713,0.3237632813538266,19.90776824951172,2
181.3647323126859,-0.9905427732614804,0.2028924875706398,16.766094207763672,2
180.59760441523375,-1.0044509657020089,0.0916888298309497,18.336593627929688,2
181.04476526620104,-0.5932156599056105,1.4502120794448166,23.878074645996097,2
181.18180466047687,-0.8550934478790491,0.7684358237214368,23.222972869873047,2
180.4788667672136,-0.3631100150856044,0.1663976917504161,20.533918380737305,2
181.83398202974604,-0.0810757882045221,0.4626818129690708,18.66916275024414,2
180.6312664468439,0.5754575515663607,0.5612444392462006,20.404638290405273,2
181.45119895791785,0.3034536770128114,0.1849473958563968,19.641042709350582,2
181.1758476317328,-0.0806107281137515,0.0938925578622592,21.806415557861328,2
179.89446051063518,-0.0807372985370288,0.8919801984984094,21.974836349487305,2
180.87168929683045,0.8587783337207227,1.4615580473827958,23.17763900756836,2
180.60724867890536,0.879844177934121,0.864207456793984,23.00821876525879,2
180.51402021971043,-0.7255189524516331,0.3257796325252795,19.483699798583984,2
181.506745132562,-0.275015234405593,0.1433904658979116,19.55624008178711,2
181.91512711998777,-0.0065604201534225,0.7897891857067909,21.874818801879883,2
180.55331315577655,0.8612262834669139,0.1596961988264049,18.37386131286621,2
180.49835461354775,0.3744489002170293,1.3467873464969102,23.666349411010746,2
180.8982415942163,0.1831387815307836,0.1847053912952043,19.66956901550293,2
180.7485641276657,0.0587992151649534,0.0794231514427944,18.334022521972656,2
180.4001837260391,-0.0723778904541713,0.2669616713658944,20.0992431640625,2
180.89911008177336,0.0293025346608733,0.7188316545287611,22.250003814697266,2
181.0415500989824,0.3586859592380224,0.6853253932000726,21.751909255981445,2
180.85494136901607,-0.7208565430110778,0.1689652519538823,18.10778427124023,2
180.9854986003129,-0.6308393650837777,1.43740126099325,23.24939346313477,2
180.0823345210135,0.5200094720740278,0.0620809441609876,17.810266494750977,2
180.6494259005748,0.6427694627420087,0.5019174064405852,20.54000663757324,2
180.945529830298,0.5479505597779204,1.495298855715938,23.902734756469727,2
180.73017322717217,-0.8251814390466821,0.0925410726799112,21.361083984375,2
181.6934345423614,-0.1261127233537406,1.2177076073331483,22.684694290161133,2
179.99978153587398,-0.0793940885212374,0.1651446911861212,19.61432647705078,2
180.33021780781843,-0.2696429572833328,0.1674123583427672,23.509057998657227,2
180.32858591531533,0.7065568031170024,0.0998523696895223,20.13874053955078,2
180.17106215678777,-0.4107945559655523,1.2131966101611489,23.315757751464844,2
180.4552368338308,0.4226005331172037,0.8225193837120042,22.1334228515625,2
180.59635417609948,0.5916742730734175,0.2454345285652736,17.101232528686523,2
180.74846228626217,0.8646854933817152,0.0785617435783306,16.232040405273438,2
181.5834860549188,0.4439041256402765,1.468179307808498,23.772136688232425,2
180.9637132541285,0.0441554178330698,0.965841402262016,21.509681701660156,2
181.15526139113496,-0.2855118630689178,1.3774735404564105,23.01898765563965,2
181.6419247957956,0.7081427742174135,1.5069780915046946,22.93886375427246,2
180.619334764452,-1.0286411968133604,0.2517133707009651,19.878515243530273,2
181.58293929883015,-0.2919469189354943,1.0032700244560857,23.007362365722656,2
180.079865577987,-0.1876518057808775,0.1657007014076976,19.092205047607425,2
180.94832983086428,0.3481805253933178,0.8290191601735754,23.362842559814453,2
181.91970108946717,0.2800306252659076,1.1067091191482927,23.5822811126709,2
180.1477085321783,0.0943374735365048,1.2303041942257804,23.57602310180664,2
182.0928810614137,0.1213013160109025,0.041261408466853,20.83160972595215,2
181.8740383721875,0.0476583731503636,0.1002267391190421,20.06748390197754,2
180.3064515997161,-0.7865974427185145,0.4693906643458207,20.75583267211914,2
180.60017525622297,-0.9000791261849687,0.1507903868673836,19.46246337890625,2
180.04999358703333,-0.275037701527466,0.1746819827836868,19.895509719848633,2
180.0517922791568,-0.1077420456705518,0.1786213680049292,20.280046463012695,2
180.88104302388993,-0.1745678544050481,1.2952775841686432,23.709819793701172,2
181.09423401682875,0.155439997052946,0.2174966194968632,19.945890426635746,2
181.18096101162345,-0.4658234853434039,1.3367389801522984,22.69794464111328,2
180.39110967735115,-0.7140571386786205,1.4390660203126746,23.059633255004883,2
180.62870648634927,-0.4906113535619084,1.367900237008075,23.273983001708984,2
181.03755264568943,0.5855733101098848,0.997678610064178,22.604005813598633,2
181.99671014195195,0.1855696150559751,0.2856133867764457,19.223604202270508,2
180.87275773652345,0.0093129372979845,0.2572726458957532,20.08656311035156,2
181.27610076306655,0.0784920150524507,0.3493459273499188,19.699819564819336,2
181.19172789990188,-0.1077533334000512,1.5710735037784218,22.438087463378903,2
180.3889853603847,0.122786716825583,1.449105160834138,23.892105102539062,2
181.58327224194832,-0.429988295864495,0.0631867765282301,15.703968048095703,2
180.703773258979,0.1103206069378169,1.416432514640281,23.154151916503903,2
181.32497503823097,-0.2490522665075519,0.3260283845572863,19.621694564819336,2
180.827212531172,0.3020654986038237,1.3434847640658354,23.613109588623047,2
181.6975539902726,-0.4972472374214572,0.3460478927015039,20.89474105834961,2
181.69035674728943,-0.1957925226479989,0.6838376626383302,21.81345558166504,2
180.45487708506,-0.1447936762774569,0.1704871881535499,19.731107711791992,2
181.32318440496485,0.3870639690229694,1.2697628094910125,22.379913330078125,2
180.33761000000004,-0.73822609,0.5318782329559326,21.21677017211914,2
180.5792502401885,-0.937986436482994,0.1710785412812686,19.013835906982425,2
180.60773283044307,0.7203881211272088,0.8700143451290417,22.177396774291992,2
181.023997459256,0.5862627980998149,1.51466123623794,22.800758361816406,2
180.7471332941186,-0.87781144182934,1.3636874988183336,23.649171829223633,2
180.5163765912283,-0.0665474737454855,0.813531245342826,21.856351852416992,2
180.46615576487312,-0.0608927744073987,1.0342125868387682,22.9901065826416,2
180.46267783158524,-0.171270129577862,0.9535961079764728,23.282196044921875,2
181.89620939955648,0.2244901902285122,0.1019357782992174,18.924034118652344,2
181.289504525972,-0.1157075261655384,0.8858933812276673,23.443462371826172,2
180.4090698372921,0.3012780061754369,1.6040030939586798,23.349672317504883,2
181.0814667723467,-0.9779561858134384,1.0456763213734197,23.14072036743164,2
180.60017525622297,-0.9000791261849687,0.1508075928496812,19.46246337890625,2
180.08298000000002,0.2383569,0.1090319752693176,21.808164596557617,2
180.36787485196425,-0.0554764286912714,0.168710216778544,17.65062141418457,2
180.6393563989664,0.6883270172351976,0.7786464903735066,23.34388732910156,2
180.81235426961305,-0.5009956866590596,0.7871173292196749,21.37339210510254,2
180.12382371630758,0.2174843380506772,0.2007812474518699,18.155872344970703,2
181.96969940602264,0.4244119095756167,0.2638844277575816,19.425695419311523,2
181.41201977239112,-0.9797734654116852,0.2868462302238396,19.05493927001953,2
181.04317778913372,-0.1794579498553532,0.093506387840172,19.525968551635746,2
180.5265083334673,0.5746336411877684,0.0645696695508559,16.808122634887695,2
181.996156797412,-0.2451931641754717,1.1059465331680012,23.651914596557617,2
181.68200398624649,0.4748246724240995,0.2827485338632712,20.102245330810547,2
180.8565624956201,-1.1417493848974345,0.2611543228110249,18.25225830078125,2
181.96134158417084,-0.4354158424248936,0.7898260896771848,22.844528198242188,2
180.0287793726233,0.3340889851914878,0.7882906324209441,22.43935775756836,2
180.4871074937842,-0.0487238773903089,0.0999429437982493,19.152366638183594,2
180.75518169551765,-0.4351445031505506,0.2427948422814677,18.568689346313477,2
181.1350074685853,-0.8628106110160861,1.1297053951669376,23.31084251403809,2
180.68234717437585,-0.9219957134751624,1.337023831266498,22.931325912475582,2
180.7177098379688,0.4159239567228245,1.558224504745208,23.193641662597656,2
181.276737788048,0.7499302313759852,0.2154428110202506,19.87647819519043,2
180.60320161645757,-0.3223159219094809,1.4677606595357562,23.390140533447266,2
181.13370332189203,0.5684275682620067,0.1257196629689392,23.104148864746097,2
180.74825758940057,-0.7775041132498642,1.4017247379237605,22.68888282775879,2
181.15852374868888,-0.628190405591885,0.9626550226511544,22.86298179626465,2
182.01335364063695,0.3320620106344014,0.1198374014557825,19.887561798095703,2
180.4629691354482,0.8674546524174215,0.2760113185707988,19.329177856445312,2
180.6049436563109,-0.5908081934984704,0.3771519192451246,19.40533447265625,2
180.30484953355096,-0.3560742363178068,1.0386874571008031,23.4162654876709,2
180.5718115070695,0.1669214485969966,0.4509058919863278,19.70148468017578,2
179.91047276296186,-0.122659372621501,0.3783871522920411,19.438945770263672,2
180.53463086057536,-0.6153429999896296,1.2457131826570529,22.8410701751709,2
180.7276678633537,0.6503656742405367,0.07791421605005,19.391616821289062,2
180.329462415108,-0.428225511008549,0.8497063948844538,22.750049591064453,2
180.13716621064253,0.3430980302486057,0.3303517654191408,19.860456466674805,2
181.0961130815344,-0.0077095814530719,0.2099847001780131,19.644207000732425,2
181.08471194828505,-0.5240436031207389,1.6790559278616128,22.913883209228516,2
181.0213432216315,0.8425125253446641,0.5620977587055866,20.664426803588867,2
180.53225024947255,0.5413192336758327,0.5199682478291537,21.788251876831055,2
179.90827378068457,-0.0220864893521593,1.2247863489752189,23.224422454833984,2
180.36826991291215,0.5642931934885881,0.8595911413665787,22.447433471679688,2
181.44425148437057,0.5245962915077004,0.7885888324971696,22.124435424804688,2
181.72812055436935,-0.2559964214740592,0.1773188732400107,18.807090759277344,2
180.4613339599672,0.1587238451078293,0.7789194787315351,22.990785598754883,2
180.7631222126536,-0.3326160824050551,0.5929866922864097,23.513824462890625,2
181.7214124514581,-0.6374990303477728,0.5650145353408481,20.66468048095703,2
180.52336445547724,0.2725811771601023,0.1174233598072362,19.30443000793457,2
182.03602596961028,0.0385479846906617,1.067747423365972,23.387182235717773,2
181.3938236275253,-0.9544437384287946,0.3750223969292512,19.633544921875,2
180.4468051184108,0.1083843743420695,0.4671424941210552,19.969810485839844,2
180.78720062543945,-0.7874048560986479,0.8646940958011559,21.98497772216797,2
180.52056965785945,-0.910411812323998,0.182558777346164,20.07413101196289,2
180.23232170386683,-0.0303589375393466,0.6691505782106857,20.599889755249023,2
180.8482723455107,0.0567313133764893,0.0611860041833046,17.922969818115234,2
180.48330768720552,-0.8263610681182451,0.9336792368775604,23.338085174560547,2
181.17253197827495,-0.0751427836482654,0.2324688984279365,19.89336585998535,2
180.5674921679679,-0.7889790309866027,0.3241845137389048,18.671056747436523,2
180.0576739079537,0.4748925801842811,0.2271117488578525,18.634443283081055,2
180.5813405295524,0.1182544953696516,0.0285296995319757,19.24363136291504,2
181.40161142446044,-0.851033003201687,0.7719537594194877,21.808191299438477,2
181.45534442897952,0.2329691976232849,0.9023988407748152,22.07337760925293,2
180.39054995065615,-0.2673926998720133,1.0509968692179887,22.95441436767578,2
180.451872203782,-0.4008373062358004,0.7905363052970666,22.8541202545166,2
181.0098730155939,-0.1705225314277123,0.1614983117698877,19.63471221923828,2
182.07991839996137,0.0153741884413257,0.1306742249429744,20.12037467956543,2
180.7281961518041,-0.5876548588237422,0.8250604774625877,23.32239151000977,2
180.45269524425203,-0.7422902707933862,0.4266353803698731,20.009029388427734,2
180.356572104168,0.1623773908132166,1.4419235591570512,22.436609268188477,2
181.64026195513523,-0.7441743047966808,0.4139350017227264,20.01813507080078,2
181.50209859703313,0.5923468696084733,1.0299330117172825,22.25971412658691,2
181.86147684550852,0.2307321120558634,0.3801855563195049,19.40298080444336,2
182.0515050888904,-0.2682504564973456,0.2028680490126403,18.43658447265625,2
180.27871311691567,-0.3118337597796936,0.2001347256609797,19.09001350402832,2
180.94002341348735,1.0518208114702678,0.2572049583139992,18.256450653076172,2
180.3592624725521,-0.4042155260856513,0.261640958070268,20.410324096679688,2
180.49163408518643,-0.5068503211275494,1.5399288694187594,23.87910842895508,2
180.69577165437136,-0.2674699499170366,1.1585706273906702,23.63701057434082,2
180.8306826763237,0.7346245149932661,0.9745485438254516,22.947080612182617,2
179.9811878979043,0.0453561319007105,0.4923798177515863,20.140369415283203,2
180.79898845090833,-0.1432292230479072,0.9995808027242222,23.390865325927734,2
180.7478231170079,-0.1209173456564542,0.2559046593549303,19.571208953857425,2
181.13392255656973,-0.3315703951812697,0.1302923972336921,19.505096435546875,2
180.6807915985164,0.3461166610653402,0.3496238483619988,19.672517776489254,2
181.97767220455637,0.4519199613346024,0.2587510559246012,19.741899490356445,2
180.58672910138867,0.7407320577349107,0.9363277520501808,23.42340087890625,2
180.33880693631528,-0.6882717610308733,1.1529805338213488,23.11528205871582,2
180.400978833796,-0.751205600611204,0.9306390874081192,23.02663803100586,2
180.13396818851845,0.0277290191742777,0.371334946087068,19.47850227355957,2
180.8397393275773,-0.3272531909278372,1.2775609829880272,23.56114196777344,2
180.95964693899035,-0.2169180540882102,0.7286168715721868,23.161245346069336,2
180.5280621332655,-0.524085526253498,0.2389390765402822,20.05532455444336,2
181.0886666070658,0.6185169845006432,0.7780934800682547,22.612045288085938,2
180.04131968733407,-0.5972067514945115,0.1694701723729483,16.19540023803711,2
180.85875517471675,-0.9126222113564963,0.9037490658624386,22.66022300720215,2
181.9926377340221,0.1260211769573747,1.195884042793154,23.473888397216797,2
181.0263287795015,-0.14555132597273,0.7973315259917235,23.495424270629883,2
181.61423937050816,-0.2598864579277536,1.4212698476889114,23.171472549438477,2
180.1709216726581,-0.1061788705009099,0.4577021375073971,19.966861724853516,2
180.62409607008425,-0.704359398863014,1.4090023888720185,23.401065826416016,2
180.4461882879667,0.6176594903259667,0.2836754509006365,19.568668365478516,2
180.88081750621907,0.9942108718559935,0.7645538058471971,22.845014572143555,2
181.3013389105108,0.7216275040560264,0.833726790784418,22.795148849487305,2
180.24833061680357,-0.5464850308966305,0.8128583728888519,22.396827697753903,2
181.2570127041301,-1.0848560158051193,0.9131610816218616,22.898738861083984,2
180.41434597478093,0.8356424717647238,0.957589927491932,23.25083923339844,2
180.70255858146993,-0.4545784348885043,0.2421946764853427,19.869384765625,2
180.67310615295008,-0.36156576781779,0.8264156027329881,23.13875961303711,2
180.9985216567464,-1.075003117052302,1.0444110831154674,23.261695861816406,2
180.5395533009122,-0.7763665893564058,0.1824757516726053,19.677631378173828,2
181.13521869662043,-1.0879757837329656,0.9031435535206642,22.770673751831055,2
180.06184302941722,0.0444991071013323,0.2505975435948281,20.01288604736328,2
180.08844056280049,0.1319341004769408,0.2191635729120936,22.510421752929688,2
179.98133291237622,0.1129338366202753,0.9030248224881556,22.496334075927734,2
181.39165248548153,-0.9647835470955844,0.7686340993729311,22.525171279907227,2
180.23715778870007,-0.133013900950324,0.2020360517086382,17.648469924926758,2
181.96695743265488,-0.2980201051466334,0.237692192815767,18.975923538208008,2
180.0939852645206,-0.2828255744136658,0.1309371980629865,17.49969482421875,2
180.62275366274108,0.6311635160230491,0.1651799160782565,19.778749465942383,2
180.94511458422667,-0.1639253011401352,0.377316118943265,19.802743911743164,2
181.66432411247493,0.1790554159600433,0.480416034226913,18.947864532470703,2
180.93944863472444,-0.7925973989329755,0.7871861288495852,22.678266525268555,2
180.19915249909673,0.2427835551644997,0.9954250135677214,22.878211975097656,2
181.4067714952909,-0.6423193066036624,1.5566803162175282,23.006628036499023,2
180.47600374156087,-0.0644454827325165,0.0624758143377596,18.924976348876953,2
180.00656375039807,-0.2796125059000341,0.3287130419242045,19.789701461791992,2
181.4590611684349,-0.3543156566960482,1.1256858281130024,22.037643432617188,2
181.9741672311081,-0.0119479095046271,1.27375198990017,23.6622257232666,2
181.77760852074653,0.4691087517126461,0.2660091778896955,18.98310089111328,2
180.5041393542756,-0.9294878924517828,0.953905045952096,22.200210571289062,2
180.18720972590972,-0.1566710818018945,0.1655827748140403,15.667524337768556,2
181.1702637299184,-0.6029955817858775,0.0831213299352478,20.23201560974121,2
180.22748521293263,-0.4336658515188468,1.291131351179704,23.21179580688477,2
180.60001062907244,0.1082205974658673,1.0896662490471634,23.486356735229492,2
181.82263411321304,0.0921264715482812,0.3964976490899375,17.685346603393555,2
180.67655270896665,-0.7153854878367742,0.137902707374224,20.56742286682129,2
182.0625714717491,-0.2699187664302026,0.97991059557085,23.256542205810547,2
181.690667568977,-0.608437021420299,1.112232298012292,23.128755569458008,2
181.30246079271475,-0.1057338368988667,0.1764749294316512,18.28175163269043,2
180.39566160371425,0.216758520667716,1.4340907101507558,23.343862533569336,2
180.1501452819008,-0.5268969729307321,0.082889271438501,15.679346084594728,2
181.8453616515239,0.3148449251205022,0.4804772556928149,19.466365814208984,2
181.01637211941429,-0.7730350002773633,0.2775170311676156,20.279932022094727,2
181.3350642699399,-0.1754931079952725,0.2191609632595602,19.464332580566406,2
180.742825678102,-0.997549665941092,0.8488988951652563,22.036806106567383,2
180.7143264209357,-0.9201122521988508,1.2855311264686748,23.389732360839844,2
181.23930701324468,0.0822899280354852,0.573309786036746,21.361326217651367,2
180.351412031288,-0.1056953540842107,0.1641169530513001,17.3861026763916,2
180.82820047499368,-0.7157726402505149,1.1930263280557738,23.499483108520508,2
180.92680973229432,0.2998734121698414,0.8743940093178042,23.435327529907227,2
182.04779979912536,0.0517737883871731,1.1220641839346832,22.935285568237305,2
181.06685562799768,-0.8243508974766335,1.0363951652078298,22.60385513305664,2
180.4665295604496,-0.0242237710569501,0.7601721600439384,23.25027084350586,2
182.04053160044305,-0.1882043688322071,0.3139799835374087,20.20958709716797,2
182.0153878351202,-0.3341393703499636,0.3138073560048278,19.432477951049805,2
180.3101523506426,-0.8288577216343429,0.5640348937360423,20.07608985900879,2
180.27566089103695,-0.3385327358003377,0.2030773349909506,18.128156661987305,2
181.2097954372404,0.116481287188992,0.361150125573512,20.278718948364254,2
181.6680686898424,0.3603104535509749,0.2569342195736817,20.177154541015625,2
181.27964889788277,-0.1105611665825349,0.0083116879522016,18.01338768005371,2
181.8904548653682,0.2543141660240898,0.3811614255503033,20.237728118896484,2
180.33231595816517,0.3928429015169001,1.33033317240559,23.33993148803711,2
180.66262714295675,-0.6375097617066828,0.8665513188929933,22.713476181030273,2
179.94305871274787,-0.3326463837876671,0.0829033085339454,19.5108642578125,2
181.96529255239085,-0.2699927142848037,0.0257940580862948,19.655107498168945,2
181.79156343424455,0.5188277150235915,0.1309554796266356,20.351139068603516,2
180.50664736782824,0.8370922882135264,0.5173022156026265,19.721343994140625,2
181.544879220536,-0.370014283037466,0.7983130555576816,21.3926944732666,2
180.36340442930435,0.1474501338881514,0.4938464282611189,20.562889099121097,2
180.53488737793052,0.7927599563530702,0.5649157650382891,22.70064926147461,2
180.8723529893523,-1.0101654322591858,1.51393488387856,23.660964965820312,2
180.32513172519972,-0.1425503350181263,0.5982628181609907,20.844547271728516,2
180.7316462947441,0.2338077913314466,0.9480134738458492,22.936050415039062,2
180.3790928536509,-0.5960505061086625,0.4989861102979302,21.66185188293457,2
180.50198719709093,-0.7250957537978702,0.3028972866883416,20.051877975463867,2
181.15592147321416,-0.6343293031004928,0.4893690851507331,19.15215301513672,2
180.6471464879271,-0.7346580879903926,0.4249360682793902,19.58798599243164,2
181.1910210498237,0.6168277656950204,1.0002727325870422,22.865636825561523,2
179.97008295191097,-0.4072813344055321,0.7316839893428438,21.65652656555176,2
181.0183666450137,-0.2427184792697709,0.8592148449722645,22.196401596069336,2
180.8513991459455,0.4880084588941425,1.2276052750694362,23.156238555908203,2
180.6599264391882,0.9695044353801412,0.7331142479421004,23.253604888916016,2
181.8711431325545,0.28915086629288,1.1145524487748968,23.660478591918945,2
181.8151487788428,-0.6557621156923906,0.3667795702644985,20.04269218444824,2
180.43101491346164,0.151146377016942,1.0867696627620382,23.229875564575195,2
180.51585185511084,0.8855746633643149,1.06979838565581,23.03146743774414,2
180.4098625579229,0.338882385320859,0.1039656144896517,19.053895950317383,2
180.36982967895165,-0.1259749348860986,0.403011755148824,21.348386764526367,2
181.0992310831193,0.5568135105392379,0.0207074585428129,18.664350509643555,2
181.8766039462449,0.5735089959988547,0.2664994988046233,19.76715850830078,2
180.5181237699877,0.0743659592417794,0.4389284518998173,20.49451065063477,2
181.947934454332,-0.6049105260655891,0.3902569300965386,19.747106552124023,2
180.88381908186088,-0.2229333770803622,0.3295208994598673,19.733665466308594,2
181.88351125063704,0.3266420991841182,0.3523854953499174,18.9456844329834,2
180.22485864836585,-0.6967915943664734,1.0065455821848648,22.141338348388672,2
181.77942860843848,0.3629770860533544,0.37951585120088,18.88203811645508,2
181.79501340567495,0.3707953589608389,0.1164075945838547,22.967063903808594,2
180.08902788031023,0.2879381899725977,0.2457581370519709,19.78330421447754,2
181.35442099443208,-0.3371152912090711,0.3581047029838221,20.150737762451172,2
181.33075330927704,-0.5146448416019316,1.4797925334727622,23.364727020263672,2
181.14536820634547,0.2738042849374522,0.3371912940600085,19.783246994018555,2
180.2462595702016,0.1505808253831068,0.3726979188588805,19.809473037719727,2
180.91605872045977,-0.6217460659408749,0.9609893116634776,23.479692459106445,2
180.63662640167163,-0.1474998253541775,0.3744100131829569,19.842491149902344,2
180.3432378234967,-0.4609926394864438,0.5557010888894748,21.169836044311523,2
180.55174986554223,0.062961064255239,0.9685256654240412,22.814605712890625,2
180.40281035998393,0.086322557224082,0.2206300965649155,19.52436065673828,2
181.5493184879655,0.3013909180355798,1.0359749520568076,21.695178985595703,2
181.62350939343585,0.053382257142209,0.4621648928472545,21.001239776611328,2
181.7357329953818,-0.0812975245163553,1.0926548630443318,21.6619815826416,2
182.02131676934872,-0.1216417513816937,0.481175143657812,21.573257446289062,2
181.14590990720083,-0.0822586252138985,0.0940398339515061,18.724794387817383,2
181.2568530227912,-1.1480472232416528,0.7026184629780404,20.32066535949707,2
180.87547043449356,-0.0945207218926287,0.6020728695150357,23.386180877685547,2
180.5058718036225,0.7283361560591691,1.1013276744390783,22.88166046142578,2
179.9321062723696,-0.2959432827129113,0.8604956182976422,23.085678100585938,2
180.7848411133568,-0.8587892639333572,0.1090775641234789,19.33194923400879,2
179.96394222470997,-0.2913769148324203,0.793292875590853,21.9224853515625,2
181.58555423261728,-0.3012089500025014,0.613649298779642,20.525596618652344,2
181.68707512404745,-0.5332216303092799,1.0647824065717608,23.41565704345703,2
180.4551519011599,-0.1541708327041573,0.1677226617200824,18.80695915222168,2
180.16367479190365,-0.4010011162845682,0.1510189533022861,17.416168212890625,2
179.93597890306768,-0.1245068059181355,0.3321597685265949,20.065746307373047,2
181.87377428391864,-0.6104264392893072,1.3606696763966186,22.51167869567871,2
181.0419897945935,-0.7491269556452598,0.3775476891619467,20.046817779541016,2
180.51722074026236,0.3711529919391226,1.0865207580125535,22.94547462463379,2
180.76254269892917,-1.0272466507964573,1.093932330941497,23.916501998901367,2
180.2008470665884,0.7157166404677743,0.4960954734091028,20.258031845092773,2
180.9352502112904,0.2536732946158052,0.4488729563233536,19.4132080078125,2
180.95319028392817,0.4461618284725973,0.9913494944633224,23.35032081604004,2
180.7695865563011,-0.511485509300192,0.4230208647951732,19.26039123535156,2
180.56684077154668,0.2531093386161723,0.8981066781463118,22.92543601989746,2
179.94394038613714,-0.2506629138966301,1.0302521593532243,24.379976272583008,2
181.92573865636908,-0.4895493458742876,0.4655191150540808,20.1524600982666,2
180.83373797117363,-0.5218088523884629,0.1356999006205152,20.006099700927734,2
181.8787022723897,-0.1174692767827666,1.2160909145599328,22.367918014526367,2
182.0996563745911,-0.2873862000439863,1.1300014753158505,22.724878311157227,2
180.25064641508772,-0.855500616832807,0.848928342948,22.066679000854492,2
180.47706180996497,-0.1704818125974481,0.4006283976004526,19.388607025146484,2
181.8341076769321,0.3110818986038325,1.588901382017735,23.055906295776367,2
181.30847726546708,-0.948083948444834,0.4514537002272858,18.975433349609375,2
181.00376876826616,0.4567772130063308,0.4326085710246796,18.97620391845703,2
181.17074226524156,0.7063001355654419,0.2551582956478718,19.09503173828125,2
182.0824001792529,-0.3611017614288751,1.0069080233862604,23.6335391998291,2
180.54340623787712,-0.2547565457100558,1.0195125975317565,23.085668563842773,2
180.18832904830467,-0.2961563143926004,0.0800545516111105,18.963294982910156,2
180.47706180996497,-0.1704818125974481,0.4007016490818306,19.388607025146484,2
180.0605791703285,-0.3505884366870652,1.2637903577929317,22.452600479125977,2
179.88636081477105,-0.0849409901716459,1.3691562368799648,23.3676815032959,2
181.61423937050816,-0.2598864579277536,1.4213287068702467,23.171472549438477,2
180.0946732321578,0.460565565415212,0.2263698998027428,22.90073585510254,2
180.04947541531982,0.4658183905015701,0.8661543409442207,22.63585662841797,2
180.02622286531502,0.2253972422954981,0.2275058411363835,19.407413482666016,2
180.72352336620003,0.0801804729708259,0.7899075480923354,20.890531539916992,2
180.06814556727022,-0.1456974120699137,1.3460812572509977,23.233427047729492,2
180.5981507284615,-0.3190217419047514,0.0945254133311103,18.23753547668457,2
181.1090439997336,0.6646231476148363,0.6870840453724132,21.466869354248047,2
180.20945043060053,-0.188899261552079,0.0943128479698152,19.172691345214844,2
180.90439952467233,-0.6876480738593664,1.135459902560616,22.565906524658203,2
180.1533699671234,-0.4856926576304209,0.5907702240482631,22.660812377929688,2
181.62296166174548,0.3880080976552514,1.398622183578219,23.4272403717041,2
181.21410739208713,0.2202159335932607,0.657046319090896,20.03578758239746,2
181.26334147545944,-0.8242512775399915,1.1307255086766907,22.351171493530273,2
180.2620249360488,-0.1229635443019793,0.2493679496415249,19.50517845153809,2
181.55538657537969,-0.393715955401447,1.1979379436805524,22.645721435546875,2
180.4522730595242,-0.6796675538853099,0.9146152246882716,23.41271209716797,2
180.08489215253226,-4.8676596985413245e-05,0.1791475703366089,17.913509368896484,2
181.61856636250684,0.5584466534165212,0.0922728502634524,17.702388763427734,2
180.74233220094348,0.6859134614134035,0.6920322039388069,21.357730865478516,2
181.17395208849803,-0.4120309275105897,1.2546014334847904,23.220855712890625,2
180.41052940623288,0.6544062911144908,0.0617357486138408,18.47964096069336,2
180.2947397328214,-0.6796615571838416,0.2614959965828848,19.602458953857425,2
179.96845902158674,0.2196347115085941,0.2022995908825455,18.07338523864746,2
181.62211855657085,-0.1375394874594321,0.488860650328245,19.854841232299805,2
182.08719935933576,0.1872895762654615,0.1193480523416707,18.57222366333008,2
180.611430005576,-0.5211089956269832,0.4386170661064174,20.028526306152344,2
180.56594267502547,-0.4616999049477944,0.4817301302874098,22.70082664489746,2
180.33413382100537,-0.254459528355542,0.1788348071469037,17.661849975585938,2
180.21997728225935,0.735797590275682,0.3593696873580979,19.061445236206055,2
180.54492484521123,-0.2264452404159317,0.8110049253787603,22.704139709472656,2
180.52436691786264,-0.4318991321006787,0.1207635885266947,17.352981567382812,2
181.8696269845928,-0.1491860258655342,0.4959010648562668,19.949382781982425,2
181.1724300146333,0.4093850927108545,0.168615157517715,18.73084831237793,2
181.80805443992617,0.2346354308593988,1.331267657924128,23.504852294921875,2
180.82779253768024,0.4649491945684764,0.9014322650418416,22.762744903564453,2
181.34435690357876,-0.5406075640055937,1.1841353809886133,23.5069580078125,2
181.8516946921071,-0.0685219863382884,1.194214605542241,23.718114852905273,2
181.73649208044645,-0.470345511317446,0.2523686544773105,22.457801818847656,2
181.71895488030896,-0.6547722985271078,0.7228950969113908,22.828777313232425,2
180.06458595311935,-0.6126479713705558,0.1674311481114205,19.152568817138672,2
181.3577764239438,0.2000221437740742,0.6863699748457103,21.38967514038086,2
181.85108674736756,0.3240627904774945,1.3986357100026474,23.84907913208008,2
181.21264573350769,-1.1556611134616654,0.969407954695786,22.54749298095703,2
181.4691640032859,-0.4495414988510661,1.1486563618073973,22.82465553283691,2
180.84693971842512,-0.5873935586659305,0.8692794384046898,22.286222457885746,2
180.4552368338308,0.4226005331172037,0.8222370659169645,22.1334228515625,2
180.7509323320208,-0.7903091733496732,0.1709740427329242,19.02656936645508,2
180.4125784364834,0.3699610586372489,0.0645266514616634,18.36461067199707,2
180.81215395388384,0.2249245383123669,0.8461731836751649,22.99776840209961,2
180.07802281135204,0.3421372372119057,0.2518306771551534,23.335935592651367,2
181.596057635375,-0.1543061226340751,0.8199020476081862,22.693864822387695,2
180.03638529968603,-0.410676192598608,0.7240331476662326,22.95746803283691,2
181.24635079150192,-0.2619817604758998,0.4599501333023748,20.217365264892575,2
180.49976899816537,0.2100037253902994,0.9684638294867248,23.674156188964844,2
180.0821485661137,0.3338259870133587,0.1176536750727277,23.12202835083008,2
181.77105903961183,0.667029115149286,1.455372696672106,22.1595516204834,2
181.2374563817031,-0.3533993235566227,1.383771397345196,23.380393981933594,2
180.3739979627114,0.0170320846721875,,,3
181.06175527726305,-0.502996440131073,,,3
181.3185764366313,0.4939322468009073,,,3
181.01559639985317,-0.4709150678421177,,,3
182.01383231257964,-0.3588359341107771,,,3
181.7849799994089,-0.1875085184369011,,,3
180.82156873011493,-0.8721141091177115,,,3
181.36714578568495,0.1838424891320759,,,3
180.98291523500257,0.0963001104961549,,,3
180.18071170238775,-0.6311402817648575,,,3
181.1208338128117,-0.6363191684985653,,,3
180.352690497377,0.6752340252603812,,,3
180.86510579349465,-0.5879878274952558,,,3
181.50485336383483,-0.5037872025795372,,,3
181.58874428423763,0.3032162886671878,,,3
180.54871041032388,-0.8557006275861154,,,3
181.7397269486588,-0.4269333888842743,,,3
180.97712176622417,0.5117288297040217,,,3
180.70427834882096,-0.3003531987805591,,,3
181.4079337916537,-0.7153208386494417,,,3
181.3719868161214,0.0914448872276216,,,3
180.93861434626868,-0.8066623346690655,,,3
181.47007483674616,-0.2835774675461694,,,3
181.6331109628689,-0.612382048449671,,,3
181.58205241000604,-0.6527618455505213,,,3
181.5362625421315,0.5219406223521462,,,3
181.67658356516915,0.2728754669645652,,,3
179.96449747462887,0.0140843523029359,,,3
181.0244980962113,-0.4981541337249509,,,3
181.55630745469492,-0.1794140019553056,,,3
181.4788930145988,-0.7424212150720901,,,3
180.70328532806988,0.3713911055348828,,,3
181.38675802239712,-0.7849343548889891,,,3
181.84047922283256,-0.791241791405297,,,3
181.22732526557516,0.5086926818668472,,,3
180.85941125801756,-0.8257956804731316,,,3
180.0143508376787,-0.3947070206533278,,,3
181.4811975273936,-0.5486035481858281,,,3
181.08989239158765,0.1811845359199664,,,3
181.556070258796,-0.8090478072988214,,,3
181.3987242373937,0.5209415000996631,,,3
180.56576790184053,-0.5434324868417149,,,3
181.27112651085795,0.8676669159435791,,,3
180.7421065449146,-1.0753493420853184,,,3
180.385719702588,-0.2343849970848128,,,3
181.60003056422377,0.372007092020412,,,3
180.3289299183457,-0.0314504481512888,,,3
180.87001611294465,-0.3149229101328058,,,3
179.93984432502683,-0.3030707880289769,,,3
180.1486255709533,-0.1791574464247182,,,3
180.60426111177904,0.3503918829706132,,,3
181.259633545436,-0.5375231415769062,,,3
181.51385257340257,-1.0381137772928373,,,3
181.20249701889475,-0.3394199099761192,,,3
180.21672640688732,0.3975740162520121,,,3
181.6327177287922,-0.8265923845467028,,,3
181.83393814821903,-0.3814498030727691,,,3
180.8965566507088,-0.3291443270244685,,,3
180.95758637451047,0.6011102241874047,,,3
180.95219312907372,0.2038692637571367,,,3
181.4190950361639,-0.3211052549288083,,,3
181.81979447041297,0.0887779319066157,,,3
180.42942300811333,-0.1671089171064939,,,3
180.60733319172363,-0.6804585696821918,,,3
180.9250078660604,-0.4148787787871157,,,3
180.2228338084006,-0.0538674466527761,,,3
180.4324050227778,-0.1862629258323661,,,3
181.2245054902212,1.0036445508835676,,,3
180.96816926035353,-1.010356808660575,,,3
181.60260722774885,0.2020044906757356,,,3
181.23609221053036,-0.2383887440265854,,,3
180.22679227295873,0.3764423490838962,,,3
181.72453305942372,0.7200407377137065,,,3
180.42400555687675,-0.2793883002993251,,,3
181.5473040075807,-1.0578465559626666,,,3
180.4937255247119,0.8212618696468988,,,3
180.66945573253705,0.983033276120318,,,3
181.52126638850712,0.1270863682261521,,,3
181.4578368389296,0.7796904815378648,,,3
181.9909411118301,-0.4569951395927386,,,3
181.1645873015921,0.5990737060450112,,,3
181.71028327804132,0.1036368903168801,,,3
180.27735320325715,-0.5295421720480155,,,3
181.88417298910608,0.5570699564131862,,,3
180.02686631855278,-0.3716779404260912,,,3
180.11731459878763,-0.1034082398195557,,,3
181.83117656792624,0.3756016033795215,,,3
181.57929284704923,-1.0086573743533094,,,3
181.5359260486152,-0.7221369632298624,,,3
181.1480063469184,-0.398690892576354,,,3
181.97781847593592,0.3442635059588683,,,3
179.9845591837332,0.0952047310538269,,,3
181.52077700297951,-0.930116057550039,,,3
180.8375576831097,-0.6224050324469304,,,3
181.2595336091049,-0.296787956588351,,,3
180.68527152770383,0.2526568193921876,,,3
181.5689765212075,-0.7044598106012697,,,3
180.96589065181257,0.9194483912066224,,,3
180.8265426135237,0.4527049279343919,,,3
180.9433308624889,0.8238939745059644,,,3
181.4505587911519,0.8960060447947487,,,3
180.37154914279895,-0.938973720710485,,,3
180.6220773765452,-0.17823676361986,,,3
181.61949791081787,-0.5179529367664614,,,3
181.57387432867696,0.45410992581304,,,3
180.1656748230117,0.3234037058954018,,,3
180.26046746501189,0.4080978223813636,,,3
180.7896557411885,-0.3406269981568114,,,3
180.27585438991463,-0.1178097160942319,,,3
181.4786325726751,0.6477591030063612,,,3
180.3567106838303,0.7526819923084636,,,3
181.54566557728623,0.9145568698266406,,,3
180.9240776691337,1.0004954717809011,,,3
181.1589721179236,0.487684672710441,,,3
181.07852501381316,0.3854832060739545,,,3
180.67205984025983,-0.1445836073822086,,,3
180.6655406032201,0.7644769162722432,,,3
180.0707362652025,-0.4851992025693515,,,3
180.26873219513675,0.1605979709929753,,,3
180.9100825044769,1.039343857947136,,,3
180.43115606286813,0.0730900475377009,,,3
181.58012991134015,0.6936142984095226,,,3
181.60555911047396,-0.8478916571228087,,,3
180.26781250828105,0.3121557028279783,,,3
180.0559751874859,-0.3143007421016653,,,3
181.11594062315703,0.5080974993502361,,,3
180.48198320948995,0.3743860976408437,,,3
180.2582341697159,0.2134174008500317,,,3
181.6039241831072,0.2674477515822857,,,3
180.88404223251544,-0.0809990906562082,,,3
180.79375294259333,1.0348278736743193,,,3
180.04476980243604,0.0243830247954955,,,3
180.05376604120505,0.2981557942011592,,,3
182.0593790576783,0.0761741676215091,,,3
181.40305189859788,-1.0457330425352234,,,3
181.452174653144,-1.0755743094270032,,,3
180.71144261351796,0.2626654654242264,,,3
180.6251086747121,-0.2134638860304807,,,3
180.65726263200307,0.8293711630608361,,,3
180.9652205035711,0.5188357796018083,,,3
180.1031858574496,0.0531596162476414,,,3
182.06424620310636,-0.2749690493377057,,,3
180.51961336169975,0.4228220586303411,,,3
181.1614444919208,0.1991196112013891,,,3
180.8491690172596,0.053618460387324,,,3
180.58528754930757,0.3774498566349134,,,3
181.29574822246244,0.4507905884658399,,,3
181.37909294066333,-0.6326668646403267,,,3
179.95666031193264,0.160010261284722,,,3
180.74846084788268,0.5307582109777901,,,3
180.8282363399299,0.1469508637534263,,,3
180.2893288014963,-0.4450115169381531,,,3
182.02978189029767,-0.214899357808113,,,3
180.2361507807591,-0.6634497457640404,,,3
180.72015176920135,0.751331234683419,,,3
181.17284269575737,0.2202007530482073,,,3
180.71076810265404,-0.1039302985968084,,,3
180.3457476909608,0.4753990887743307,,,3
179.9588137938312,-0.4357481393416404,,,3
181.3109727462291,0.6764385287891295,,,3
181.6069316943707,0.5174262783211525,,,3
179.9838752019082,0.2726092804876357,,,3
180.2619758664063,0.4940333821240942,,,3
181.8736845648587,0.4869384611706293,,,3
181.2069597114582,-0.3713868071347514,,,3
181.06058565,-0.68720748,,,3
180.93782737,0.29703094,,,3
180.48278093,-0.85642578,,,3
180.95658138,-0.74661874,,,3
180.5971676,0.84418442,,,3
181.0074928,0.50562825,,,3
179.94990624,-0.18434255,,,3
180.17396376,0.41625956,,,3
181.55536148,-0.97186988,,,3
180.40942313,-0.23651389,,,3
181.1383119,-0.94942693,,,3
181.21114294,-0.0465099,,,3
180.79744704,-1.05703471,,,3
181.63020982,-0.51924858,,,3
180.17972711,-0.80572834,,,3
180.91279314,0.3741709,,,3
181.12427311,0.66332274,,,3
181.65732764,0.52333465,,,3
180.50607305,-0.14973599,,,3
180.75074569,-0.44121594,,,3
181.14537881,-0.09478515,,,3
180.79691566,0.22267636,,,3
181.20845192,-1.16845462,,,3
181.50461943,0.15288292,,,3
181.21034578,0.04951332,,,3
181.38121705,-0.14646834,,,3
180.76875412,-0.36817457,,,3
180.66166804,0.1671613,,,3
181.72009482,-0.78003824,,,3
181.65999566,-0.45281841,,,3
181.16299905,-0.46439889,,,3
181.34270952,-0.74468606,,,3
181.55195427,-0.52518069,,,3
181.30997319,0.52383888,,,3
180.32635054,-0.67047923,,,3
181.49295429,-0.68772336,,,3
181.04610885,-0.75934301,,,3
180.64817635,0.90877942,,,3
180.38573517,-0.23342874,,,3
180.83533164,-0.54705833,,,3
180.99073259,0.47041241,,,3
181.14730557,0.86039285,,,3
180.12447941,-0.22940342,,,3
180.32230652,-0.1929191,,,3
180.46921734,0.04168785,,,3
181.7189283,-0.44606962,,,3
180.80385499,-0.54621128,,,3
181.172245,1.01816908,,,3
180.0826172,-0.49703275,,,3
180.1168492,0.16268241,,,3
180.69596177,-0.93536883,,,3
181.55549301,0.25869301,,,3
181.4836096,0.37892931,,,3
180.17813581,0.5933412,,,3
180.36073562,-0.88935582,,,3
181.42598632,0.14627021,,,3
181.50891432,-0.04519023,,,3
181.42689787,0.80954028,,,3
181.62451703,0.64075512,,,3
181.71991037,-0.36741526,,,3
180.3086101,0.78151547,,,3
181.12094516,-0.37174815,,,3
180.60329515,-0.11447933,,,3
181.09919382,-0.43325393,,,3
180.28632393,0.0782139,,,3
181.90005644,-0.41543973,,,3
181.82385034,-0.66205552,,,3
180.99808304,-0.72669654,,,3
180.86276564,0.16224539,,,3
181.2614857,0.72790871,,,3
179.97306784,-0.16253644,,,3
180.68196697,0.26957012,,,3
181.964354,0.24567002,,,3
180.837152,-0.12492427,,,3
180.56860946,0.05807117,,,3
180.63073268,0.67384057,,,3
180.58599924,0.05133207,,,3
180.40974978,-0.20902717,,,3
180.54865148,0.22197267,,,3
181.59208388,-0.95927983,,,3
180.47165439,0.92131859,,,3
181.87240836,-0.53734304,,,3
180.13353017,-0.0814558,,,3
181.19325514,-0.01492024,,,3
180.37127968,0.76794797,,,3
180.40469091,-0.07224134,,,3
180.69083236,0.52700745,,,3
181.74787292,-0.32757437,,,3
181.71058464,0.2651051,,,3
181.91145441,-0.61381229,,,3
180.61419023,-0.8477966,,,3
181.45314959,0.17059268,,,3
180.76036858,-0.21932999,,,3
181.17915888,0.8355836,,,3
179.93748434,-0.15102336,,,3
180.75615101,0.46398412,,,3
180.90746866,0.92185809,,,3
180.66385659,-0.70493785,,,3
181.96906414,0.29575586,,,3
181.32503502,0.55191922,,,3
181.08332523,0.41519483,,,3
180.5524881,-1.08219922,,,3
180.20790637,-0.73561493,,,3
180.94527885,-0.49216411,,,3
181.07652457,0.21949094,,,3
180.08046259,0.09771632,,,3
180.74483861,-0.07604336,,,3
180.60607365,0.7689716,,,3
180.99520987,0.90606443,,,3
180.41914489,-0.209745,,,3
180.77521655,-0.20386,,,3
180.88852893,-0.08169614,,,3
181.34848715,0.48070508,,,3
180.83843126,0.35781913,,,3
181.258204,-0.61111394,,,3
180.17950092,0.11541505,,,3
181.52362982,-0.81587631,,,3
180.79533821,0.73221365,,,3
181.49879316,0.58624396,,,3
181.07859558,0.55346453,,,3
181.36194992,-0.5212803,,,3
180.80354374,-0.77613255,,,3
181.49528365,0.07378046,,,3
180.8514375,-0.57222075,,,3
180.87063601,0.93961065,,,3
180.67775816,0.98703841,,,3
181.80013547,-0.69461674,,,3
179.9842436,0.23960774,,,3
181.38623653,-0.77239617,,,3
181.06022317,-0.74598389,,,3
181.07002176,1.03891351,,,3
181.06430741,0.76591263,,,3
181.10021592,-0.70957236,,,3
182.02020667,-0.51237062,,,3
181.75072181,-0.43174671,,,3
181.24807557,-0.42181447,,,3
180.77937613,0.21164025,,,3
180.81018244,-0.19383226,,,3
180.38446978,-0.77375035,,,3
180.53876251,-0.11277213,,,3
180.2379862,0.32007065,,,3
180.64589221,-0.62381406,,,3
180.91562263,0.01687386,,,3
181.20025797,-0.10253587,,,3
181.13917942,0.3026466,,,3
181.5230753,-0.26450323,,,3
181.51222774,0.56625799,,,3
180.63993668,0.13368246,,,3
180.03108437,-0.12547168,,,3
181.51571024,0.0962675,,,3
179.98091631,-0.26453676,,,3
180.75225995,-0.17053633,,,3
181.10108865,-0.76652002,,,3
181.34094148,-0.73732383,,,3
180.93065945,-0.88052326,,,3
180.70684821,0.05183093,,,3
180.68583826,-1.09187397,,,3
181.54891832,-0.73342789,,,3
182.08381554,-0.08000232,,,3
181.52705752,0.84555346,,,3
180.73220593,0.15340024,,,3
181.29681732,-0.0946641,,,3
180.71256806,0.13950024,,,3
181.85459767,-0.16785488,,,3
180.4049934,-0.30306525,,,3
181.10130094,-0.99073267,,,3
180.64753204,0.19062847,,,3
180.37432062,-0.77398231,,,3
180.28982976,-0.80292027,,,3
181.2656894,-1.023772,,,3
181.42739374,-0.84815178,,,3
180.79952628,0.76009561,,,3
181.85419547,0.47536505,,,3
180.15571367,-0.16921019,,,3
180.53943217,-0.10150507,,,3
181.37267277,0.46379522,,,3
182.02184015,0.36226696,,,3
180.87554799,-0.0943862,,,3
180.72496572,-0.88585899,,,3
181.06436511,0.76571337,,,3
181.16771759,-0.32309224,,,3
180.9902037,0.88865552,,,3
180.89107977,-1.15614535,,,3
180.91983873,-0.81232155,,,3
180.84953176,-0.57507372,,,3
180.54007413,0.02995064,,,3
181.05939297,0.72524312,,,3
181.78419484,-0.5374611,,,3
180.27866489,-0.54493547,,,3
180.66740283,0.49326619,,,3
180.55623043,-0.99612409,,,3
180.76521756,0.96298493,,,3
180.48032912,0.33050848,,,3
180.22409362,0.21283367,,,3
181.57318462,-0.78405631,,,3
180.56278353,0.14298635,,,3
182.00008332,-0.28855023,,,3
180.16194142,-0.47998128,,,3
180.23515589,0.184388,,,3
181.2965768,0.38925032,,,3
180.65858473,-1.14473937,,,3
181.7877762,0.07751092,,,3
181.17062398,-1.02469836,,,3
180.39841764,-0.83037721,,,3
180.75924176,0.75475322,,,3
181.33118627,-0.12360514,,,3
180.56898727,-1.06481915,,,3
181.96282661,-0.1383258,,,3
180.59809177,0.73161825,,,3
181.25594435,-0.74795098,,,3
181.80583181,0.30739113,,,3
181.4479918,0.49885933,,,3
180.86458941,-0.48420464,,,3
180.56019739,-1.00387558,,,3
180.31828852,0.52848962,,,3
180.21373215,0.19127174,,,3
181.26051713,0.74177102,,,3
180.44146816,0.58062505,,,3
180.53437435,0.6639424,,,3
180.87847864,0.6564126,,,3
180.1828777,0.32264094,,,3
181.74033449,0.52549893,,,3
180.3206705,0.11791682,,,3
181.51700637,0.91793407,,,3
180.29517512,-0.73281461,,,3
181.40171713,0.65248914,,,3
180.38943714,0.18991916,,,3
180.19383877,-0.59430874,,,3
181.91498904,-0.21267267,,,3
181.43786489,0.56562112,,,3
180.77154242,-0.19873995,,,3
181.44138222,0.15089976,,,3
180.43324715,0.77016242,,,3
181.75723986,0.08316772,,,3
180.30800576,-0.48108252,,,3
180.69930499,0.6900074,,,3
181.37432806,-0.85409168,,,3
181.19123449,-0.33482396,,,3
180.13922804,0.61517591,,,3
181.54654187,-0.23819976,,,3
181.16890426,0.95437318,,,3
180.67890185,0.99976562,,,3
181.48723812,-0.35493839,,,3
181.22391458,-0.10607522,,,3
181.39796015,0.911004,,,3
181.19608254,-1.04496903,,,3
180.48465763,-0.76892555,,,3
181.02500974,0.22438638,,,3
181.33122618,0.92255291,,,3
181.61857176,0.34373737,,,3
180.74022293,-0.76555612,,,3
180.40413131,-0.73109507,,,3
181.40259013,0.45709953,,,3
180.40902684,-0.42465581,,,3
180.75597648,-1.01025357,,,3
180.71574043,0.30852368,,,3
181.83497407,-0.38146912,,,3
180.32367709,-0.66126478,,,3
180.2807382,0.51327379,,,3
180.58370582,-0.55263321,,,3
181.42735578,0.63010089,,,3
180.63170137,-0.2702848,,,3
181.55821065,0.30197433,,,3
181.26198237,-0.24894585,,,3
180.33705303,-0.5603184,,,3
180.33528022,0.4337435,,,3
181.14079487,-0.60817064,,,3
181.30164934,-0.18336318,,,3
180.88290558,0.74958848,,,3
181.244303,-0.89239448,,,3
181.5277251,0.76292122,,,3
180.76710488,0.11523975,,,3
181.87054396,-0.54343106,,,3
180.69670947,-1.14095637,,,3
180.5609623,-0.59514878,,,3
180.7643987,-1.15713303,,,3
181.84507396,0.54785625,,,3
181.54424106,0.30993326,,,3
181.18452229,-0.82366752,,,3
181.10721392,-0.11406899,,,3
181.25146952,-0.0856293,,,3
180.59123361,-0.50613594,,,3
180.76457601,-0.10432173,,,3
180.24750661,0.41424055,,,3
179.95155975,0.06848281,,,3
180.80592737,0.00905655,,,3
180.4806823,-0.30355102,,,3
180.77782732,0.15718043,,,3
181.10392505,-0.80294851,,,3
180.42442942,0.23891087,,,3
181.53252611,0.44893523,,,3
180.96230258,-0.82637767,,,3
181.27403958,-0.38425473,,,3
181.52833061,-0.78094968,,,3
181.56668029,-0.1141925,,,3
181.0166189,-0.77257548,,,3
180.73931916,-0.07397281,,,3
181.54714579,-0.87609166,,,3
180.47761992,0.82904061,,,3
181.75981161,0.3435846,,,3
180.75395652,-0.77171242,,,3
180.908291,0.70180704,,,3
181.0587674,0.55610003,,,3
180.33936038,0.35463158,,,3
180.94213587,-0.78929552,,,3
181.00521327,0.78868299,,,3
180.98403494,-1.13033803,,,3
181.40766671,-0.07203628,,,3
180.33646956,-0.3126853,,,3
181.01978706,1.03578716,,,3
181.46985528,-0.63703057,,,3
180.94111834,0.99565678,,,3
180.72937133,-0.8154672,,,3
180.54919839,-0.7157819,,,3
180.79401508,-0.83227887,,,3
