RA,Dec,redshift,rmag,set_id
219.57698223958883,0.7041576642690242,1.3191618363197393,20.682634353637695,1
219.724949966142,0.2586799656890998,1.6679306359992654,21.733142852783203,1
219.31316554963936,-0.4440361519640438,1.4558382022490548,20.87687873840332,1
220.09340440959485,-0.6296118540813722,1.8306056881385513,21.408369064331055,1
218.9534028155257,-0.7571682134350483,1.4323416235776665,22.31537628173828,1
220.29338704195348,-0.2122519917861868,1.953962318509758,21.222118377685547,1
219.7033987185475,-0.8947900011186686,1.1151632697609457,20.5223331451416,1
220.58712000368803,-0.1538637477587402,1.9858101022983563,23.27425193786621,1
219.2603650159651,-1.1820380376729758,1.7760343490110613,21.34242057800293,1
220.14400957530577,0.2928633690094442,1.6011332679458137,21.976118087768555,1
218.86213875116735,-0.7990948457123787,1.4570812789300789,22.26609230041504,1
219.71912235561945,-1.4141610314993676,1.557737496783106,19.868850708007812,1
219.3535143101125,0.5318360630482608,1.8513635019719108,20.83150100708008,1
218.9251748462466,-0.7228607669013236,1.6151493267467325,22.46040916442871,1
219.23836475485393,-1.1586640965109607,1.9340984431190789,20.327125549316406,1
219.88019022768268,0.1511221593167082,1.755429755120845,22.049945831298828,1
219.54106270016956,-0.8215826606941028,1.460420184162019,22.342782974243164,1
219.7918713683729,0.044250589572112,1.1556984283545224,19.618139266967773,1
220.0040852369385,-1.226870675024298,1.1536589847719811,22.524974822998047,1
219.1637714399777,-0.7285327999312059,1.6742600599092776,20.43956184387207,1
218.88200079018577,-0.5089871020120814,1.7124795074947672,23.007892608642575,1
219.26852868678623,-1.1295606827558649,1.8780850969064016,20.91204833984375,1
219.89391146266664,0.0480014187707432,1.400860719814397,19.794633865356445,1
219.53040446934023,0.2715274883001599,1.2187313150957633,20.87185287475586,1
220.61913995593892,-0.1683543666946342,1.2270170784024643,19.926210403442383,1
219.3564585128044,0.2783114720984475,1.8728455432021631,22.805400848388672,1
220.5844957430516,-0.960442195801184,1.8458074675454643,23.71202278137207,1
218.98645817804757,0.4078941490542024,1.940348286164234,19.434738159179688,1
219.5409925760223,-1.2941607456264037,1.5921200743403223,21.297792434692383,1
219.31316554963936,-0.4440361519640438,1.4560948748888174,20.87687873840332,1
218.770428543746,-0.2161207226996864,1.7657931043974593,20.82170295715332,1
220.31073663801143,-0.0875028838908045,1.8182867493879025,22.584074020385746,1
220.46581595908688,-1.1305718155817384,1.0903485258532342,21.194610595703125,1
220.15868744193287,0.0836562088336365,1.8052932660909575,22.10309410095215,1
218.91629074672676,-0.7479006961700051,1.865641425720959,19.031587600708008,1
219.3722109524007,-0.0860401808215073,1.5640124569721248,21.69050407409668,1
219.99318416466252,0.1862850705245643,1.2990053066703204,21.88285446166992,1
219.18775293725153,-0.8640501864286755,1.2756890392458171,18.248207092285156,1
220.1613699070343,-0.5659405456679585,1.555717837043012,21.539100646972656,1
219.76714939302303,0.2556149979876079,1.7251530324122155,21.27265739440918,1
219.65168261687424,-0.1800595484130452,1.5162395384450842,21.42582321166992,1
220.5724738284827,-0.7515900751349394,1.803433333908527,22.526599884033203,1
220.59272596027392,-0.3396438335373776,1.2336862368332555,19.723752975463867,1
219.8567952598385,-0.9077948514924636,1.299651379689418,21.81609535217285,1
220.68549982179647,0.233481133915557,1.8875535167128084,21.47193717956543,1
220.82806117985376,-0.313597711579233,1.5153577360722346,20.263015747070312,1
220.7734161928026,-0.8274934720650109,1.7441445851801365,22.229944229125977,1
219.56222844438236,0.3770960556465146,1.3463873765022054,20.88727378845215,1
219.91012844935096,0.1292497056701845,1.366647430257088,20.65002822875977,1
219.65168261687424,-0.1800595484130452,1.5157982511294388,21.42582321166992,1
219.03234941842223,0.3303276755939708,1.199491770563296,21.99042510986328,1
220.01728834497095,-0.1206675066209791,1.8897304231011436,21.998882293701172,1
218.90976546913492,-0.1114810493588245,1.627407982688424,22.58466148376465,1
219.483529089554,-0.6976201451319758,1.754780011483494,22.47822380065918,1
219.08604420230455,-0.4474398768435532,1.6244005192653883,23.455764770507812,1
219.58196770738164,0.4718631486585786,1.261231758256324,18.563491821289062,1
219.45793522423895,-1.3711711753065068,1.8301553014011624,19.481468200683594,1
220.03265974870084,0.6989095264615134,1.3140354571698287,21.414810180664062,1
220.749628834005,-0.6236043412103087,1.822503471707084,17.54444122314453,1
219.17184235054668,0.2663657567972251,1.866405425207814,18.968822479248047,1
219.48432886550376,-0.1386532137696499,1.655880134211319,22.778398513793945,1
218.97537541364576,-0.2722317669999735,1.474402204043907,22.047931671142575,1
219.3080148007338,0.6012243278409036,1.8116812728743497,19.756885528564453,1
219.3860807048859,-1.1352942056547666,1.3917261024167489,20.81416702270508,1
219.31014892664496,0.4606031893038937,1.7451982144771112,22.760313034057617,1
219.0929382860098,-1.0226525225358551,1.8323030830568032,21.320383071899418,1
219.5001362383456,0.1829605754497822,1.1960976175408702,21.84503746032715,1
219.07887708773868,0.1438780814564056,1.9401221252872716,22.714635848999023,1
220.1633978808194,-0.0213368247309381,1.8313182524879437,21.748050689697266,1
219.15406504666515,0.2625839451257477,1.8276728265591948,20.84923934936523,1
220.06356854827368,-0.7752288956575883,1.7006819354569105,22.659292221069336,1
219.79299161955777,-0.6417308603874257,1.9370127233998788,21.70382308959961,1
219.3081816005784,-1.0498121254352073,1.73837077714455,22.673534393310547,1
219.37193287303091,-0.3357104384410541,1.932746797134966,21.33930397033691,1
219.41373008354805,-1.3168443796051414,1.3221676456401814,20.91948127746582,1
219.1560519332689,0.0212663132533882,1.7755148592444636,20.721200942993164,1
220.3674786995759,-0.2098608354343032,1.8371985658554868,22.446102142333984,1
219.25192956649695,-0.1902711942526659,1.0705064814117635,20.92782974243164,1
219.45793522423895,-1.3711711753065068,1.8307870472411931,19.481468200683594,1
220.48319662163257,-0.2683542543474524,1.7596751483123096,21.661701202392575,1
219.32871621074656,0.21624280996693,1.4778483928084083,21.271543502807617,1
220.46581595908688,-1.1305718155817384,1.0902959473113178,21.194610595703125,1
220.8159972905104,-0.0966515722048787,1.7059726600527636,19.712568283081055,1
220.74466927695985,-0.5688652622726414,1.2561918767496705,19.48145866394043,1
220.05521651021684,0.4654485282116178,1.4376830606669255,21.499866485595703,1
220.72866481399123,-0.5594013233276746,1.2025482782676136,21.813926696777344,1
219.8480563436245,-0.6407458177259231,1.9677775246890927,20.912616729736328,1
219.3081816005784,-1.0498121254352073,1.7398357673596792,22.673534393310547,1
219.36796423829173,0.0670472686543914,1.4394133719391686,21.058818817138672,1
219.41244450355344,0.5141095961230779,1.8180188856883228,22.29109001159668,1
218.82700412662123,-0.3119389159275913,1.4589760651294503,20.742111206054688,1
219.48432886550376,-0.1386532137696499,1.6561607931949776,22.778398513793945,1
220.74728125166848,-0.8887553901339367,1.9342520750748984,22.21601104736328,1
220.33024712543363,-0.4602917554626797,1.9101031123446135,21.636981964111328,1
220.199012837996,-0.8831778382711797,1.6476335764155228,22.213964462280273,1
219.5069608552662,-0.4368440472570106,1.4389447041986263,20.722564697265625,1
219.26174418862513,-0.0885512149458172,1.8185327167684031,23.2001895904541,1
220.3475073740735,-1.082929102669827,1.044984896145396,21.43863868713379,1
219.8357754443983,0.02730355597433,1.6662585822519165,19.92969512939453,1
220.73031569930953,-0.5497247169057333,1.54543105150895,22.819854736328125,1
219.71790426830344,0.3195463776703542,1.8317689913973692,22.70129013061523,1
220.42359854409847,-0.5295067259029997,1.611670647637752,22.493267059326172,1
220.10155283878345,-0.8557491088904989,1.390886041036664,21.444185256958008,1
219.5347785858991,-1.367418072633401,1.1468874915957945,20.41736602783203,1
219.87163969325684,0.781748477417877,1.530892512474565,21.35511016845703,1
219.59694527386932,-1.196586732354667,1.811874999465388,20.806934356689453,1
219.4584311354193,0.0228082177783749,1.4834005649411313,23.76477813720703,1
219.99318416466252,0.1862850705245643,1.298926577078108,21.88285446166992,1
220.3772105240034,0.4906325449792118,1.5471836642706176,22.78843116760254,1
219.18508543444472,-0.4107906638154938,1.2348607887164116,21.146818161010746,1
219.80378943836308,-0.6713962300849836,1.8223514119923083,21.798816680908203,1
219.01697125318856,-1.1526346737744244,1.806195996718429,22.880050659179688,1
219.53564095625325,0.2237990134384758,1.4344741218865906,22.158227920532227,1
219.2475151238017,-0.5032766615758987,1.6760011760895055,22.41250991821289,1
220.23837741817871,-0.1643013383131138,1.4543148293852806,17.426128387451172,1
219.4061296708912,0.2271627525172863,1.016163356197718,20.975170135498047,1
219.4572214071044,-0.8688878381472082,1.5527381020697846,19.793298721313477,1
220.3264903964582,0.5138571723234003,1.9032350799441824,22.685991287231445,1
220.6329631825389,-0.3545976424794114,1.8527422724914713,20.640403747558594,1
220.73031569930953,-0.5497247169057333,1.5425065448427089,22.819854736328125,1
219.67819721150912,0.1152137774014764,1.1762641838631946,20.53142738342285,1
218.97846700519813,0.0287359329644306,1.73461624886036,22.939821243286133,1
220.3214029207089,-0.2847620065245494,1.916005176941783,20.62944221496582,1
220.1933256806761,-0.7138740567566553,1.4671418412299222,22.25008773803711,1
220.03405396771103,-0.5968469960227198,1.4256691848069225,21.837692260742188,1
220.26479309865948,-1.1989454408340618,1.6586203958516776,22.79940414428711,1
220.1935643147752,-0.9263509629657048,1.0552933935237887,21.86379051208496,1
220.29085349205897,0.4895120379827544,1.2483571025963518,20.313188552856445,1
219.03234941842223,0.3303276755939708,1.1998445571846292,21.99042510986328,1
218.9534028155257,-0.7571682134350483,1.4318837934650133,22.31537628173828,1
219.1637714399777,-0.7285327999312059,1.6720465864295362,20.43956184387207,1
219.15279696370777,-0.8023064835895498,1.7933200122662796,21.5334415435791,1
220.43796073032837,0.2427230233672376,1.7705792298550111,22.907073974609375,1
220.73680389854388,-0.2513763646354655,1.2004052577427895,20.013845443725582,1
219.4792888800132,-0.9886275755430391,1.3229810973616696,20.57834815979004,1
220.2082034231697,-1.2444022088903366,1.042975324440136,20.059572219848633,1
219.9772026936992,0.2464669154061384,1.9337039181904363,23.476665496826172,1
218.9670994329341,-0.9403001389653844,1.5160439601724998,19.775707244873047,1
220.44344981656815,-0.093738023957228,1.259782557761931,22.624114990234375,1
219.05454980292797,-0.1534662533318398,1.065295512190603,20.02692985534668,1
218.9366547493343,-0.1489483281768365,1.810813130848287,19.64481735229492,1
219.38376428245547,-0.0815997781326294,1.3788777246948725,22.418367385864254,1
220.67681094483905,-0.3850468960073372,1.5049794990157697,21.351404190063477,1
219.9007931296607,-0.9252536124324676,1.657246821076939,21.992475509643555,1
220.56168059704507,0.430268168228297,1.8552400628359744,21.513748168945312,1
220.37706766924836,0.3024581787178341,1.465051821445365,20.162389755249023,1
219.006616635576,0.3450093872544101,1.2725920698544355,18.48318862915039,1
220.5967854958524,-0.78896054743979,1.5469948997961855,23.00793838500977,1
220.3475073740735,-1.082929102669827,1.0457093159998605,21.43863868713379,1
219.40482336106896,0.575584305648641,1.243662516390398,21.134428024291992,1
220.07874913417285,-0.2436984360622729,1.0135432741023245,22.63205909729004,1
220.60027230320225,-0.7543123090710292,1.8011577018327434,20.425201416015625,1
219.3274876341337,-0.1638714995174459,1.2723214160220595,21.03666305541992,1
220.81810454411112,-0.5667808738143075,1.065806938294463,19.574583053588867,1
218.98158286007384,-0.7159078591367872,1.8989394933063009,22.73611068725586,1
219.006616635576,0.3450093872544101,1.2726885187689687,18.48318862915039,1
219.92376664713328,-0.1586642927575559,1.382316996515517,21.055683135986328,1
218.8800274334873,-0.0870697724154511,1.6353100595616104,22.589731216430664,1
219.67819721150912,0.1152137774014764,1.1765840928359974,20.53142738342285,1
219.57106648047665,-0.5146864639004682,1.0760504367715775,22.558420181274418,1
219.85783117494591,-1.197936513840622,1.4590671272822755,22.00501823425293,1
220.1806837998489,0.1971332680631144,1.950311280014979,22.601964950561523,1
220.22090274075785,-1.1963113959953628,1.0713626829474945,22.69347763061523,1
220.3264903964582,0.5138571723234003,1.897588347403523,22.685991287231445,1
220.4968920093721,-0.6669195179133056,1.5733538795891804,21.402910232543945,1
219.9312403188521,-0.4538795217994196,1.5070994863843017,21.968935012817383,1
219.84729044799548,0.3666008253317194,1.843522964014344,22.45866584777832,1
218.90976546913492,-0.1114810493588245,1.6254709430937202,22.58466148376465,1
220.1983611553291,-0.7310102395584931,1.1647997022596102,22.154600143432617,1
219.73982241622355,-0.945727612351872,1.1888977697817398,20.6584415435791,1
220.29307203002097,0.3367011096017097,1.0074709140063411,21.103809356689453,1
218.975345828279,-0.8693780956358932,1.851498661397157,22.007883071899418,1
219.6981227371623,0.273752323308715,1.0793853896483514,20.187196731567383,1
219.6281245107035,-0.8479159131690257,1.7280665979710528,22.63999366760254,1
218.98158286007384,-0.7159078591367872,1.9000384623308055,22.73611068725586,1
219.59837695060068,-1.2498045793274333,1.532348810882173,20.832441329956055,1
219.18775293725153,-0.8640501864286755,1.275720923095487,18.248207092285156,1
220.3940411526459,0.5946972615095312,1.6995873504253405,22.845190048217773,1
219.87587748379605,-0.1543381251511671,1.96717407004466,21.28890037536621,1
219.81106157836575,-0.1226938969014256,1.0871083502956775,20.217994689941406,1
220.2163311776746,-0.4934979643596869,1.1403127138893134,21.199974060058594,1
220.14171573585045,-1.176838616929968,1.8302361794169624,22.45779609680176,1
220.6260685751797,-0.7833154417828683,1.811321742340879,21.646194458007812,1
220.7645856100438,-0.0937489970215878,1.8096350294598933,22.118486404418945,1
219.16200173332544,0.1630443420586429,1.978592497137208,22.587627410888672,1
219.95175870520663,-0.0065376911418952,1.332612469002222,22.246007919311523,1
220.34198802530335,-0.0680478189575014,1.373489249208257,21.081445693969727,1
219.56222844438236,0.3770960556465146,1.3473778387106865,20.88727378845215,1
220.21082755078947,-1.3810715739301838,1.3544376357943757,21.020442962646484,1
219.31014892664496,0.4606031893038937,1.7441627112386031,22.760313034057617,1
219.2175511676846,-1.1222544641585102,1.7467077033519076,23.67360496520996,1
219.32871621074656,0.21624280996693,1.4780555634582262,21.271543502807617,1
219.17280669109465,-0.4881466867385347,1.725395602732017,23.139629364013672,1
220.5518087851107,0.3037198337084852,1.1950995696082571,21.360801696777344,1
220.3918177044474,-0.1677605100222488,1.972730664127531,21.82891273498535,1
220.2163311776746,-0.4934979643596869,1.1404363986365949,21.199974060058594,1
220.1047585655666,-0.968261995733372,1.360331563045687,21.993602752685547,1
219.48843083936185,0.6213038389132387,1.105395643958385,21.326904296875,1
219.70500504161623,-0.5293974486763952,1.78227642375996,21.156558990478516,1
219.01194945349476,-1.1545360208155253,1.198167669860744,20.96553611755371,1
219.5607653696921,0.5328823724092124,1.4476384449477315,20.017553329467773,1
220.5132270338788,-0.4752128084280859,1.5789543689913013,21.631681442260746,1
219.58822888293776,-0.0303662382926991,1.7216335188430925,22.330324172973633,1
218.95023823661663,0.3386000778778448,1.8138267474182777,22.13121795654297,1
219.71790426830344,0.3195463776703542,1.8315056472504652,22.70129013061523,1
220.04188811208607,-0.9591354686954982,1.45471584568399,21.388940811157227,1
219.38116881060444,-1.3288460134643183,1.7959749645348984,21.040727615356445,1
219.38217809758024,-1.201044992888249,1.830417176712105,22.95412254333496,1
219.3954284315249,0.4770837277115493,1.3387062405980457,22.212100982666016,1
220.14884527486203,-0.7536347575085404,1.9360027179997712,21.710634231567383,1
220.3458929353859,-0.0239422137230826,1.030312010606547,22.247047424316406,1
218.95023823661663,0.3386000778778448,1.814598899774022,22.13121795654297,1
220.1948466284812,-1.2978726673171752,1.646762354382919,18.66998291015625,1
219.345974757618,-1.2138197216883353,1.7994366808676792,22.851951599121097,1
219.40192068476605,-1.175512352587856,1.4323697775985145,23.07427215576172,1
220.238655947592,-1.2794524333998336,1.6871649268443645,21.43548583984375,1
219.7813019828708,-1.1046666498485609,1.8234298752718776,18.30120086669922,1
219.2603650159651,-1.1820380376729758,1.7822246251488665,21.34242057800293,1
219.41244450355344,0.5141095961230779,1.8196714991956795,22.29109001159668,1
220.2776646355768,-0.3582024577870613,1.1856709903198792,21.798004150390625,1
220.51177135648516,-0.7349005087183216,1.189398916838693,21.72669792175293,1
220.44492447165652,0.4299766272443482,1.435649916048117,21.2069034576416,1
219.9818621777402,-0.5602137302178454,1.8821499303470088,21.29160499572754,1
218.9670994329341,-0.9403001389653844,1.5154482286854345,19.775707244873047,1
219.59615031287623,-0.7612559616692443,1.4856245951388063,19.55738639831543,1
219.2722711055248,0.4600422554693274,1.9637730720285456,21.780858993530273,1
220.7069540946911,-0.0983681373658276,1.6606710069615411,22.24274253845215,1
220.5387614185904,-1.0816967520637095,1.1072765151186577,21.223390579223633,1
219.2718173742932,-1.094058874337671,1.7320366588600942,21.392332077026367,1
219.42822407118413,-0.5062055758725966,1.8659386968508376,21.73466110229492,1
220.10155283878345,-0.8557491088904989,1.3907729987079565,21.444185256958008,1
219.5001362383456,0.1829605754497822,1.1961209365094838,21.84503746032715,1
219.8710122629689,-0.6359600409397801,1.4706755131917677,22.863197326660156,1
219.19036264653303,-0.0784048636068986,1.342881244599345,21.908689498901367,1
218.9746001437179,-0.1982596798181209,1.1754823690289309,20.694644927978516,1
218.86520211695924,0.0131525896443249,1.2084274023259645,20.76396942138672,1
220.6366320289231,-0.5768306237904244,1.251909083907332,22.874408721923828,1
218.85268918460545,-0.907587776761253,1.2122787929316463,20.512123107910156,1
220.43741044217023,-0.8740641709570579,1.4800818518692358,20.561378479003903,1
218.9697066401626,-0.5580429832494292,1.863182674029737,19.738147735595703,1
219.45242832627315,0.413085576318528,1.441676576105824,19.871606826782227,1
219.2718173742932,-1.094058874337671,1.731665694368797,21.392332077026367,1
218.70054336191043,-0.3803487809494745,1.2371115129484351,20.74010467529297,1
219.0902635151185,-0.9585124047947472,1.0589903513690482,21.241235733032227,1
219.66519105268145,0.4410506454307371,1.9771648681331395,19.034915924072266,1
220.3279796581466,-0.6041448159699547,1.8139521514781305,22.49580764770508,1
220.14171573585045,-1.176838616929968,1.820496528737864,22.45779609680176,1
219.5427835607955,-0.8256951664018332,1.4714390783315268,23.48233413696289,1
218.86964567992595,0.2194872125485543,1.968569079118163,20.76944351196289,1
219.21201650007487,0.3741724663823823,1.6041736580826509,21.861499786376953,1
219.44008652013252,-1.3604233161377095,1.3435321727238836,20.382707595825195,1
218.7859061658463,-0.7044509092079488,1.644268835784528,23.626501083374023,1
219.49475802015053,-1.228586167259541,1.136760918571477,20.071548461914062,1
220.30534579448167,0.3321986137444213,1.3016851127146971,21.782251358032227,1
219.0733679291914,-0.8949794865726078,1.7649053426410872,23.607925415039062,1
220.41503419512463,-0.292921419726051,1.786221048865258,23.16440200805664,1
219.69881616515536,-1.0764489609872183,1.88318522158702,22.47457695007324,1
219.5886534201468,-0.7845698311977688,1.18304288972805,20.373334884643555,1
220.14884527486203,-0.7536347575085404,1.936073362362692,21.710634231567383,1
219.22705696700547,-0.3143342604577319,1.363016034611737,21.490503311157227,1
218.97806761430607,0.0190320521813803,1.4928439439309786,21.47821807861328,1
220.04307372029737,-1.1062857899050438,1.836940152874477,22.366710662841797,1
220.4968920093721,-0.6669195179133056,1.5704706537034048,21.402910232543945,1
219.44293421259255,-1.3587031069600244,1.7805016870223325,21.96724510192871,1
219.57801900854793,-0.1107341016023071,1.466865612080941,20.0692081451416,1
220.58712000368803,-0.1538637477587402,1.9854852500199085,23.27425193786621,1
220.41370198941783,-0.2852373217591522,1.062911287151393,19.997180938720703,1
220.43775508576385,-1.1330409580133878,1.4566785619519844,22.069751739501953,1
220.1613699070343,-0.5659405456679585,1.5544814232265431,21.539100646972656,1
220.130069253711,-0.0218279335187414,1.3731124644765884,23.016460418701172,1
219.5027962419552,-1.1971853505128336,1.0605979948219566,22.279483795166016,1
220.38151999688148,-0.7422847790046969,1.5790933827582627,22.40172958374023,1
220.07903232043736,0.4125154348850454,1.7069049477114342,22.73164176940918,1
219.57698223958883,0.7041576642690242,1.3193044704544945,20.682634353637695,1
220.00181723571964,-0.1809664949999845,1.4134552874264406,22.56095314025879,1
219.66912380189072,0.2784765489460514,1.6622974972960436,21.477941513061523,1
218.77376900620715,0.0328447749793618,1.0717842668232216,21.65899085998535,1
219.8369600255349,-0.5541156188192984,1.088928577194746,22.403804779052734,1
220.60027230320225,-0.7543123090710292,1.7997589993364675,20.425201416015625,1
219.9392013868147,0.4566058149892456,1.9630542818705985,21.863733291625977,1
220.4765657233768,-0.0574682872168179,1.5411164159328758,23.14672088623047,1
218.9972437465537,-0.6848453737470952,1.6263868900101854,22.413190841674805,1
220.2087078768882,-0.7350103100108305,1.3067182203579517,22.73910140991211,1
218.7704911423499,-0.1641318164378265,1.060854413052385,19.9791202545166,1
220.81810454411112,-0.5667808738143075,1.06566144944023,19.574583053588867,1
220.3549031217692,0.2614567188868332,1.512265531019876,22.627294540405273,1
219.01650522011877,-0.3040953793022802,1.4367696348880297,21.868701934814453,1
219.79550229160955,0.1659531486234287,1.0732545013962131,21.406383514404297,1
220.25301066492605,-1.1888984756702483,1.8233105564761731,21.851003646850582,1
220.5147809963709,-0.447998164829585,1.828803116064451,21.64134979248047,1
219.8357754443983,0.02730355597433,1.6655127259545048,19.92969512939453,1
220.17814326876257,0.2938654610877841,1.8785163253837225,22.31320571899414,1
220.6329631825389,-0.3545976424794114,1.8519317146747785,20.640403747558594,1
218.975345828279,-0.8693780956358932,1.8502699103971891,22.007883071899418,1
219.1197430520428,0.2673329509442376,1.3283597488685852,20.800870895385746,1
220.28770632589683,0.2513177008476872,1.5769842599426098,19.791732788085938,1
220.48918100308265,-1.2196145052641854,1.738080195890687,19.94188117980957,1
219.20313827597067,-0.046817364193114,1.570067810229215,21.583335876464844,1
219.63292377387705,0.0094238923004478,1.7733034734753044,21.94631004333496,1
220.7069540946911,-0.0983681373658276,1.6614099614461773,22.24274253845215,1
220.44010244437396,-0.9647290898559406,1.2052017257100742,22.588409423828125,1
220.03446474493563,-1.0595301978495777,1.2761480892683217,22.271583557128903,1
220.90336258171217,-0.3785848899301456,1.234098387523085,20.684478759765625,1
218.73311880765755,-0.671810976738392,1.5081796820195374,19.399581909179688,1
219.8951620248526,-0.46356513235817,1.550930434102467,20.434755325317383,1
219.15553866627755,0.2230567680653643,1.9788991188256937,23.012590408325195,1
220.65047606563547,-0.1830905323745283,1.2303268974522543,20.826099395751953,1
219.2722711055248,0.4600422554693274,1.964295608744567,21.780858993530273,1
218.79848105067256,-0.2809080002210837,1.4567184677662883,21.01272773742676,1
219.2711084425212,0.497421988760423,1.9126506466976445,21.59039306640625,1
220.50031535475375,-0.1587816627168433,1.7738523896848628,23.57819366455078,1
219.93722339973857,-0.6323861693637478,1.7079186872260028,20.8026180267334,1
219.8096972906352,0.5447294676220686,1.4439341011817568,21.698455810546875,1
219.51447651282572,-0.9760799683190292,1.875017072846257,23.724910736083984,1
220.7734161928026,-0.8274934720650109,1.7423044262756682,22.229944229125977,1
218.82618053493485,0.1178535033276801,1.3306600489666214,20.03400993347168,1
220.6203478652701,-0.6980955098956996,1.8463319720423117,21.04361343383789,1
220.33195522888056,0.2096677344818194,1.2726631350562356,19.53248405456543,1
219.109105139861,0.3834304114505771,1.3356135991101323,20.307626724243164,1
219.57707130158565,-0.1890318781475749,1.4922216785309153,22.172260284423828,1
218.8545211055231,-0.2230450447030291,2.0883711268486835,22.415454864501953,1
220.3714521531137,0.2104066601105772,0.2369860389016167,19.756969451904297,1
220.50577694732831,-1.097318872467392,2.1983848997811113,21.30095100402832,1
219.50539897909275,0.3610688938294721,1.58388268149704,19.02418327331543,1
218.84395297749768,-0.2869679064160536,2.1660357064470763,22.49398422241211,1
218.7197405386562,-0.4744590432566067,2.2481597040647454,18.859657287597656,1
220.7714375422005,-0.8071795306785944,0.7012663482549225,20.57695579528809,1
219.8189793521007,0.559276192468073,2.4765908726979116,21.83851623535156,1
219.52644818644768,-1.036994630577504,1.803624440886656,22.97650146484375,1
219.35687221039348,0.3511118184698818,1.1889109570630525,23.096099853515625,1
220.04861751675327,0.2546409385483829,2.5882009682007694,21.461963653564453,1
219.7446931982888,-0.7193662881424964,2.245541150183565,22.56620216369629,1
219.46589960697156,0.6186925823255274,2.490978398729701,19.954748153686523,1
220.05432867890147,-0.9190497911291572,0.5153476158420501,20.14621353149414,1
219.55669777447335,0.5600906177102751,2.337219151256736,23.730527877807617,1
219.6803149291781,-0.8140187713860302,2.0922226511794624,22.395034790039062,1
219.4757490272577,0.3951447114510388,1.0113373920055335,18.255859375,1
219.2744083260695,-0.4756749674905979,2.1128387328124063,22.10362243652344,1
220.2087078768882,-0.7350103100108305,1.3072513291836445,22.73910140991211,1
219.52609515820305,-0.5929905199007508,2.2812857586427575,20.191884994506836,1
218.7695569170263,-0.7755432970692742,0.57518310768498,20.130979537963867,1
219.09861181182384,-0.4164979127555722,0.9142547134527128,18.876197814941406,1
220.25808952821865,-1.2061366258444797,1.693271592528936,21.475576400756836,1
219.6689354516724,-1.1560176015568362,4.3958572221876855,22.134965896606445,1
219.00321087747432,-0.3575521005204659,0.8738202110837883,20.246732711791992,1
219.44293421259255,-1.3587031069600244,1.7815824466021917,21.96724510192871,1
220.17302489604052,-0.2758508672175309,1.5100549240418415,20.221710205078125,1
219.67406143795455,-0.662005752421766,1.3060021758460658,19.68610191345215,1
220.75056020357877,-0.9074288817013484,1.8354689367270391,20.49064826965332,1
219.4385498638553,-0.0470266800801557,1.129291112617462,21.75596046447754,1
220.3664556870377,-0.9220934524676324,1.4727293853214536,21.009580612182617,1
219.26716650023724,0.118089330959131,0.1404662716654194,17.978412628173828,1
219.84022048111888,-1.3795087639569,0.8973055592743125,18.894628524780273,1
219.87956316227695,-1.268088011769566,2.5881201014483453,21.152055740356445,1
219.45246645638892,0.6925835014984798,3.3679686835444382,21.205198287963867,1
220.04502900681143,-0.5631649130923678,1.1332040136653752,19.830488204956055,1
220.13405364076033,0.7082598123725385,1.3178732984401045,19.516807556152344,1
219.1969179908201,-0.2556733683607172,2.386845211826222,23.505687713623047,1
218.86964567992595,0.2194872125485543,1.969030250385691,20.76944351196289,1
220.81334464991215,-0.1823691174019805,3.8618894220274176,21.22116470336914,1
220.2672237366506,-0.0869135109822965,0.7572785496653088,21.578182220458984,1
220.0063158347241,-1.0865014157764563,1.5228786965007652,19.070735931396484,1
219.8529055736998,0.2136477279627258,2.9972427657819516,21.23341941833496,1
220.0709626379266,-0.3665796260578198,1.8622934595855227,20.22303581237793,1
219.968224326522,0.4452865907658797,2.4491778640213586,23.1953067779541,1
220.01079913029577,-0.9458207758227938,1.690505600464771,22.16087532043457,1
219.5608759826903,-1.244831910140987,0.8852784394402673,20.969465255737305,1
219.63992833977193,0.2246703166884408,0.726654707254138,20.97938346862793,1
220.12809977405877,0.2812315073171629,0.6432577734576923,20.62950325012207,1
218.9324690626639,0.1877483754635626,1.995607115045938,21.69608497619629,1
220.3510292615747,-0.6201451901749275,0.8331686144034258,21.076038360595703,1
220.15234644561497,-1.1853255143988584,0.6158800891775059,20.250675201416016,1
220.27792598879168,-1.0777477093930456,1.1004660563805722,21.199481964111328,1
220.1355954236102,-0.7322646128303937,1.918786852727914,21.201988220214844,1
220.3708488627161,-0.9445042301304828,0.9119631723527688,20.15157699584961,1
220.654441180232,-0.6258360348513663,0.8903902629575972,21.71295166015625,1
220.5199611371877,-0.5601035113727169,2.622897090265059,21.84798240661621,1
220.0063158347241,-1.0865014157764563,1.5233049539518182,19.070735931396484,1
220.04619878004243,-1.2135174382641802,2.1266802003121317,23.009443283081055,1
218.7410233104231,-0.0407753257507633,0.6907499481106706,21.143699645996097,1
220.39008411251268,0.1538170525933308,0.8146855674485244,21.375144958496097,1
219.67481673903075,-0.2260234098320145,1.8416159931823155,21.580543518066406,1
220.26855887842856,-0.6584386201175941,0.5574983153888082,20.00742530822754,1
220.59391162246345,-0.4058283552002345,0.887850933061636,19.8670654296875,1
220.26479309865948,-1.1989454408340618,1.660500536825571,22.79940414428711,1
218.78730409333053,-0.7935455956642143,0.9680763944925262,21.65622329711914,1
220.30777946005335,0.0209082402988521,1.1836020654827466,20.08856964111328,1
218.79173376019511,-0.2032377753698901,2.356413548805442,22.125492095947266,1
219.3624212590314,-1.068207497641422,2.5451047924258083,21.315406799316406,1
218.98166936687653,-0.8920678209717419,0.2184447049247625,18.750957489013672,1
220.76864579216965,-0.4559097692718112,2.28678750945499,21.172353744506836,1
218.82700412662123,-0.3119389159275913,1.4566983691069189,20.742111206054688,1
219.5368983505678,-0.7998033514316163,2.0919728973846783,22.47037696838379,1
220.43396626849184,0.3532664472820662,0.7574556646014841,20.200824737548828,1
219.9007931296607,-0.9252536124324676,1.6570531794883807,21.992475509643555,1
218.73518930510951,-0.6172259019217518,2.377874786869653,22.569007873535156,1
220.74049173249847,-0.6969068460938387,2.4058709266364215,21.699365615844727,1
218.9900396333125,0.0556770610234916,2.1951250788891934,21.162349700927734,1
219.09151716458192,-0.237201063570774,0.8350649741133254,21.79175567626953,1
220.58539763622784,-1.0927860665139746,1.7090838706817773,22.71955680847168,1
220.23728201550244,-0.4157294566712194,1.4049615046389974,20.447750091552734,1
219.44541815180273,0.4569172217501738,1.2601824222577245,22.760244369506836,1
219.74853996029307,0.6996904254658972,0.1487104443115373,18.311914443969727,1
218.99962190579635,0.1716177238577787,0.9717953397768372,21.67727279663086,1
219.37193287303091,-0.3357104384410541,1.9321605062509133,21.33930397033691,1
219.98085338201548,0.4210930347015849,1.5074829933572793,19.63190460205078,1
219.65696229114812,-1.3471502327860505,1.8393565703834711,22.601896286010746,1
218.87291133164456,0.2750241986287551,1.2380757166190226,19.575660705566406,1
218.88358685419863,-0.1761418535312988,0.2188062130847058,18.008996963500977,1
220.0412574948556,-0.72492531184424,0.5420236232233365,20.205976486206055,1
220.64715644781108,0.0804238186219505,2.0370650065568103,23.394681930541992,1
219.49253,-0.40474523,2.5257809162139893,21.905567169189453,1
220.3836382989454,0.5601598442247543,0.9431328804979172,21.57268524169922,1
220.0412574948556,-0.72492531184424,0.5419353748057916,20.205976486206055,1
220.5053827778599,-0.1460352839160068,1.586387729309507,22.018705368041992,1
219.59167289067625,-1.1983217942285471,2.2151371107451863,21.885854721069336,1
219.18508543444472,-0.4107906638154938,1.2343070895306276,21.146818161010746,1
220.2351240749678,-1.201771755460581,0.9059905270113304,22.690662384033203,1
220.0063158347241,-1.0865014157764563,1.5236701473629992,19.070735931396484,1
220.61379,-0.79029008,2.9172959327697754,21.628095626831055,1
219.12100414906357,0.0606994287684123,2.0447122294928235,22.68946075439453,1
220.75056020357877,-0.9074288817013484,1.843068586813186,20.49064826965332,1
219.724949966142,0.2586799656890998,1.6687255038000317,21.733142852783203,1
220.46445600718096,0.1705682269890883,2.2782493207320584,21.53682518005371,1
219.47840940954433,0.2783750911862645,0.7583969002822541,21.60730361938477,1
219.31094941038128,0.0635390826814706,0.6744281442140702,20.866926193237305,1
218.7317915021427,-0.3302408422130969,2.626514795415761,20.99045753479004,1
219.83545799798577,0.0732326157011569,0.9539410809948616,21.235496520996097,1
220.61496961529272,-0.1453707988182923,2.251567138610942,20.340343475341797,1
219.61442296892136,-0.6862104915635452,1.6749221931735478,20.98957061767578,1
219.0858785974561,-0.2255530848082784,0.7359612374679987,21.791034698486328,1
218.87264129948457,0.0534979228039628,1.4649721556471678,21.897113800048828,1
220.60671123899107,-0.566469732833092,2.352815653630093,23.437419891357425,1
219.4757490272577,0.3951447114510388,1.012254432137209,18.255859375,1
219.43949031939343,-0.2598695061774811,2.371197405756171,22.038658142089844,1
219.0805971676297,-0.9480534893587392,1.486931322641967,21.508953094482425,1
220.3652221822052,-0.790969598466838,0.5374634411803729,20.438976287841797,1
220.3650694453656,-0.9343699762941112,3.185127745217768,21.784555435180664,1
219.31094941038128,0.0635390826814706,0.6744519201881309,20.866926193237305,1
218.91402765305972,-0.276790300577598,2.5022403309871692,21.954864501953125,1
220.5132270338788,-0.4752128084280859,1.5795586811585225,21.631681442260746,1
218.7695569170263,-0.7755432970692742,0.5751482618749815,20.130979537963867,1
220.29085349205897,0.4895120379827544,1.2476335699713712,20.313188552856445,1
220.1974614102003,0.0334946784037262,2.717075014004416,22.848731994628903,1
220.74274490617472,-0.4608242507219092,0.5924569953492604,21.244487762451172,1
218.94386073731724,0.0712149136673105,1.3102631607417126,18.67654037475586,1
218.91529328897784,-0.1959426824974827,1.4035755962755032,21.544111251831055,1
218.8141140308327,-0.652615873808233,1.0275904283113009,20.9700870513916,1
219.96069599706044,-0.1684019329871203,2.3320983241494004,22.770816802978516,1
218.8545211055231,-0.2230450447030291,2.0869711910380353,22.415454864501953,1
220.26855887842856,-0.6584386201175941,0.5576367034548612,20.00742530822754,1
219.44541815180273,0.4569172217501738,1.2606209821793604,22.760244369506836,1
220.5338492636027,0.4533892959968971,2.892663005004903,20.602155685424805,1
218.892785934374,-0.6833116646596972,0.4060446912002738,19.502988815307617,1
219.67903704883983,-0.32309063434357,2.3687653626186074,21.047515869140625,1
218.6865073073808,-0.5605119311033988,2.457402740872851,21.37087631225586,1
220.2531939360311,0.4152529586090479,1.323244191270875,21.615156173706055,1
219.8512473624855,-0.9819352688869798,1.0367536398896704,21.50956344604492,1
219.05729596505336,0.4348612501390796,1.7147639360382432,21.67159652709961,1
219.18810037322748,-1.0516537599645897,1.3797884630073454,21.31242561340332,1
219.4572214071044,-0.8688878381472082,1.55347723778108,19.793298721313477,1
218.9553528434145,-0.5075590421230782,2.957593002504377,21.621227264404297,1
219.8710122629689,-0.6359600409397801,1.4718451924168068,22.863197326660156,1
218.9267973330008,-0.2464079952674161,0.2103231558493715,17.906742095947266,1
220.2303762875524,0.6622438737728195,0.8186498258640406,21.27902030944824,1
219.78131744197051,0.4244460318606802,0.9370078932271668,20.62635612487793,1
220.44423653115535,0.3742940727429523,0.7407869863520001,20.22087860107422,1
219.00321087747432,-0.3575521005204659,0.8739269848797968,20.246732711791992,1
219.0555836494976,-0.338475971636603,1.101104929890338,21.708234786987305,1
220.45394923450033,0.2887454290965603,2.079017220458579,22.760026931762695,1
219.105580140858,-0.230816906837908,1.9337956823410072,20.45932960510254,1
220.31481212712376,-0.9572280452669584,2.2789938799537683,19.433006286621097,1
220.76864579216965,-0.4559097692718112,2.2865748169475393,21.172353744506836,1
219.18775293725153,-0.8640501864286755,1.2757740090637102,18.248207092285156,1
219.12616455911336,-1.1667941285354055,0.9025428675755546,20.885395050048828,1
218.80473730503155,-0.2492595588355707,2.057398965039439,21.17653465270996,1
218.7400522008479,0.0030459656076602,0.8691974388310718,22.447874069213867,1
220.45530436035895,-1.138540168201341,1.4139602188069869,19.78129768371582,1
219.69881616515536,-1.0764489609872183,1.884134631063714,22.47457695007324,1
219.08350633159355,-0.0202795226225843,0.5836568100258778,19.745962142944336,1
218.9269375195477,-0.2169698002497243,1.765333753262795,22.132238388061523,1
219.7889753907307,0.1519854667531477,2.268322718964637,21.63805770874023,1
220.70856694140448,-0.7139305252799413,1.362011901614039,20.471302032470703,1
218.88660816976085,-0.5501621819367245,2.3626405854646277,22.442262649536133,1
219.02526998307823,-0.8232130203359712,2.170216074462196,21.74839973449707,1
219.45246645638892,0.6925835014984798,3.367972906939005,21.205198287963867,1
219.92376664713328,-0.1586642927575559,1.3822014920308785,21.055683135986328,1
219.6655182131463,0.1652810377995979,2.2731538369308093,22.161710739135746,1
220.7714375422005,-0.8071795306785944,0.7012360973967205,20.57695579528809,1
220.3246826186004,0.0814686573088526,2.555498977932906,22.601343154907227,1
220.17748020604915,0.3474734886707489,1.9506488498196437,22.818811416625977,1
220.32249643165065,-0.2880961872434245,2.502877438898351,22.29551696777344,1
220.5633545810314,-0.6909708909029705,0.9558017027572188,20.024112701416016,1
219.3722109524007,-0.0860401808215073,1.5624192948605329,21.69050407409668,1
219.8130007210965,-0.0770545516357959,1.100784152583903,22.02507781982422,1
219.9746367575443,-0.7308179245356125,2.3403466118107237,22.420108795166016,1
220.010364993154,0.6023100731165966,0.789125596661461,22.034461975097656,1
219.49475802015053,-1.228586167259541,1.1366891588111243,20.071548461914062,1
220.60322144596864,0.1485977543620771,0.8255626677985668,19.791677474975582,1
220.72866481399123,-0.5594013233276746,1.2026862820767958,21.813926696777344,1
220.26061784604735,0.1594467742800555,0.8505762999685329,20.81678771972656,1
220.7325410683,0.0076795616836193,2.2592587205416312,22.44324111938477,1
219.6543327060132,0.0084013097009168,0.9596536851886835,21.357534408569336,1
220.31435469911548,-0.474875099941746,0.1751970344448497,17.618318557739258,1
219.14129366964593,0.1873307869559321,2.0972803050982627,22.533599853515625,1
219.42375218954675,0.2460395904369901,2.491263447183129,21.65561866760254,1
220.3385359978363,0.4859820742139011,0.6484799677713745,20.480209350585938,1
219.1425528952301,-0.7343606208942288,2.039332084026251,23.036874771118164,1
219.25280624462712,-0.0514884237213312,1.18552620484988,22.655414581298828,1
218.80553526390048,-0.225883849041854,2.0354533140194695,22.930814743041992,1
219.7908988864533,-0.7551656327750168,1.150713629063851,20.503429412841797,1
219.0969252046089,-0.344881877347773,0.7361075415055659,21.348953247070312,1
219.4075081130358,0.4729112154873388,0.6385077483809442,20.286449432373047,1
220.7508871253511,-0.8813585713659259,0.9537888341476032,21.387285232543945,1
219.9484075466666,-0.2979371310903927,0.8562200043814885,21.603321075439453,1
219.51395600966111,0.1942132772716502,2.505874626704481,21.446956634521484,1
220.10069665091936,-0.1773678307721201,1.4120948900032773,18.499570846557617,1
220.2975741725675,0.0426125651686893,1.8200694063425575,23.27010726928711,1
219.45503226255715,0.1065701578294632,0.4094627509819209,20.007530212402344,1
219.072878170256,0.5029230853701295,0.4137547898466245,19.94959831237793,1
219.04255362075753,0.3323196757531848,2.5810905144342557,22.708248138427734,1
219.18339746048304,-0.8121995862306859,1.67657495455148,21.96327781677246,1
219.31206387344344,0.2567857332594399,0.6133754177173988,20.742204666137695,1
220.10069665091936,-0.1773678307721201,1.412355761367606,18.499570846557617,1
218.83896610515393,-0.4858324579216676,3.351790023935394,21.776348114013672,1
219.1809635812394,-0.0972233247095989,0.4607920611432958,20.780498504638672,1
218.7269279544546,-0.3647532701382136,0.8557826440782962,18.68505859375,1
218.9377590675136,0.0576808444969471,1.3293893401734012,20.69839096069336,1
219.93879936555788,-1.0584818667629987,0.3243124140546904,19.39849853515625,1
219.64300983458625,0.6989788539809851,2.3822845506122348,22.92498779296875,1
218.9534958454456,0.376932895924807,0.5827476225583581,20.36586570739746,1
219.1536671502562,-1.0680175657627384,1.2388625985733437,19.45417022705078,1
220.08790657877216,0.1566530098785808,1.7332953786111882,22.726552963256836,1
219.83896095314597,-1.1175161746532565,1.5931516157446874,22.33591079711914,1
220.21082755078947,-1.3810715739301838,1.3542900556940392,21.020442962646484,1
219.09440870863492,-0.8505479116759518,2.5417239870036683,21.93104553222656,1
219.1167254056507,-1.103644445888824,2.295174748791411,20.89725875854492,1
220.0203295098539,-0.0051870202238157,3.316788985659729,20.644241333007812,1
219.5420166693298,-1.013490253103826,1.2702344395895286,20.204933166503903,1
219.85313799190635,-0.6803118265459487,0.9735465338135278,21.514177322387695,1
220.41180730688308,-0.6907061211590203,1.939990960064733,23.65201187133789,1
220.31407224593752,-1.0078955717596565,0.5885922314545147,22.495702743530273,1
219.9868125486126,-1.201335807103851,2.8753673036443064,20.579130172729492,1
219.75050875364624,-0.9029893891485404,1.1560298120605357,20.099618911743164,1
219.5193222470161,-1.3646041160201958,3.357564097253898,22.15028953552246,1
220.3650694453656,-0.9343699762941112,3.179458855787397,21.784555435180664,1
219.7891780480486,0.2985040294692038,2.271705115709066,22.624916076660156,1
219.78470583654723,-0.3735904122847237,0.7100978844096215,22.538005828857425,1
219.9818621777402,-0.5602137302178454,1.882027603284675,21.29160499572754,1
220.0364583157205,0.2751198964033965,1.5038099315852398,18.39362335205078,1
219.9863820011275,0.1012341762750068,2.974013766397881,21.297351837158203,1
219.80885810755612,0.3890288714310309,0.8835531301805235,19.237171173095703,1
219.71912235561945,-1.4141610314993676,1.5576057976988362,19.868850708007812,1
218.8868105961577,0.0057320123738972,1.083078503717166,21.190185546875,1
219.0858785974561,-0.2255530848082784,0.7359190490982861,21.791034698486328,1
219.0307214172033,-0.0862738793250466,0.7175591988035711,20.008647918701172,1
219.6169120524687,0.2501129738193773,0.9305767771266188,21.64259147644043,1
219.83933022044528,-0.6050057377787703,2.3794302764049275,20.417728424072266,1
219.26386483042583,0.0082360534062691,1.082570124573963,23.082191467285156,1
219.41437536117903,0.4037619062521762,2.1789335073634,21.02837181091309,1
219.10339304069524,-0.4848154422602768,0.3254699655787753,17.5408878326416,1
220.8109733670322,-0.7567585353708165,1.9504481040119,21.226587295532227,1
219.8086603431865,-0.1717359634088615,1.2008312352066604,19.73896026611328,1
220.68789742245028,0.2174310035192449,2.379048850404764,21.178327560424805,1
218.83906813436664,-0.8586324634301077,2.036670183378617,20.55419921875,1
219.4180323501524,-1.1974112866523374,2.3680554267967127,22.829843521118164,1
220.01128886602004,-1.1170448956853785,2.1329153015117175,22.094688415527344,1
220.7943796151875,-0.0971843161280429,1.7878488609131036,22.608598709106445,1
220.8532403190694,-0.1181958186087564,1.4289436852136708,21.802440643310547,1
220.28661451899515,-0.5112597928240495,1.8041265673231124,23.190532684326172,1
219.08466819782603,-0.7841774128072814,1.4811981166803594,19.50444984436035,1
220.03023076925305,0.3646822498168907,2.08344927626181,20.018695831298828,1
219.9542601149699,-0.1557538093230618,1.6702335190630295,22.86458396911621,1
219.46895824105627,0.5494157392272635,1.4477183236414313,23.19878578186035,1
220.3246826186004,0.0814686573088526,2.5539585879789204,22.601343154907227,1
220.2082034231697,-1.2444022088903366,1.043925401151824,20.059572219848633,1
219.82390220715783,-0.031559612000797,0.7255545615870658,22.053707122802734,1
219.33272655003768,-0.1054424400807363,2.196549622189304,23.346778869628903,1
218.8508442908029,-0.6133245874466678,0.3028213666168938,19.201709747314453,1
219.97697421117832,0.558181289411906,2.177387575047909,22.158180236816406,1
220.84812496546817,-0.2115706541840084,2.104816021110183,22.858728408813477,1
218.770428543746,-0.2161207226996864,1.766043928164654,20.82170295715332,1
220.5147809963709,-0.447998164829585,1.8293616234010956,21.64134979248047,1
219.2090828628263,-1.2078051914654282,1.679482157222314,18.222686767578125,1
220.1948466284812,-1.2978726673171752,1.6478357208858785,18.66998291015625,1
219.6444710367961,-0.3376189803593292,1.1369506903901014,22.8653564453125,1
220.27792598879168,-1.0777477093930456,1.100552997235934,21.199481964111328,1
220.49547977064395,-1.19466888777348,2.202413795670046,22.181764602661133,1
219.07803830369,-0.8166973697300863,1.1234448302042368,22.122522354125977,1
219.85783117494591,-1.197936513840622,1.4598993828969968,22.00501823425293,1
220.60322144596864,0.1485977543620771,0.8255234669130541,19.791677474975582,1
219.63087216544076,0.6108475882434552,0.9413331204738729,22.10179328918457,1
219.21323818178067,-0.0787262020699848,2.247519432269999,22.616958618164062,1
219.20087903936007,-0.5252816046122248,0.8739976724882748,20.426637649536133,1
219.93722339973857,-0.6323861693637478,1.7066549886480364,20.8026180267334,1
219.6066331953231,-1.2784718036026932,1.676657443932028,22.497821807861328,1
220.38923580573723,-1.2199996595370424,2.066042134901613,20.698585510253903,1
219.25230389547352,-1.2520005325032733,2.694645660447236,22.017044067382812,1
219.36485767227256,-1.2882369456720588,1.8245668811303268,23.005474090576172,1
219.52592993827437,0.7527221726807564,1.3559532448034548,20.26953887939453,1
220.07689155404483,-0.6578502136927271,1.2700346928215265,21.31181526184082,1
220.0203295098539,-0.0051870202238157,3.316210278293768,20.644241333007812,1
220.60347864890315,-0.1239742618105722,0.7858071096239659,20.63524055480957,1
219.3253713388536,0.0409211062953977,1.2732959448591137,20.047473907470703,1
219.80885810755612,0.3890288714310309,0.8834562578949454,19.237171173095703,1
220.1974614102003,0.0334946784037262,2.7161416121277675,22.848731994628903,1
219.1717214078628,0.1431719436416975,1.7993803365471022,22.95040512084961,1
220.7260827042061,0.2264554090496768,1.9530218859415835,21.546573638916016,1
218.97854698611005,0.0699434468425188,2.1938006911766794,22.103958129882812,1
219.72694953219957,-1.3018238511912783,1.5821494652709316,21.99641227722168,1
219.9656977571884,0.5280636507175157,2.956816896768612,21.71937370300293,1
220.273919177289,-0.3530677597101503,1.9247613413769973,21.602256774902344,1
219.70650836860327,0.3869057776550348,1.46246390136716,20.825712203979492,1
220.43775508576385,-1.1330409580133878,1.4585820457122798,22.069751739501953,1
219.92978655230183,-1.050978733266385,0.8764550707904176,22.195037841796875,1
219.79299161955777,-0.6417308603874257,1.9365425328522377,21.70382308959961,1
218.7604669826948,-0.449385757511509,2.3776089416711805,21.129497528076172,1
219.77229418053065,-0.7920661984176515,0.1518700647293737,17.226459503173828,1
218.9506152255003,-0.4128816744511854,2.248728813447613,23.083749771118164,1
219.10339304069524,-0.4848154422602768,0.3254461025633184,17.5408878326416,1
220.3534760027001,-0.6333428498732137,2.2032635618843157,22.07546615600586,1
220.49978513341463,-0.4505809907595025,2.1084094889067835,23.377946853637695,1
219.66912380189072,0.2784765489460514,1.6621801774098115,21.477941513061523,1
219.14129366964593,0.1873307869559321,2.099394417105029,22.533599853515625,1
220.749628834005,-0.6236043412103087,1.821391647904272,17.54444122314453,1
218.7269279544546,-0.3647532701382136,0.8558340921092017,18.68505859375,1
219.97074130524368,-0.4163121728411644,1.281040166928907,21.910364151000977,1
219.32936810867204,-0.0974899278436757,1.5728489523186218,20.898670196533203,1
219.2576773288488,0.2932804015834524,2.4167623926772204,20.47238540649414,1
220.8869990045299,-0.0767514278155696,1.6317722387179832,22.762781143188477,1
219.2576773288488,0.2932804015834524,2.416932477279948,20.47238540649414,1
219.84095807962217,-1.0374221854269994,1.7463398685039522,23.06767463684082,1
219.51447651282572,-0.9760799683190292,1.8790788146128412,23.724910736083984,1
219.14305607285564,-0.1745773708078212,1.6727855678153407,21.816572189331055,1
220.6203478652701,-0.6980955098956996,1.8467389030499772,21.04361343383789,1
218.6695783724737,-0.3293338395328402,1.554716488525382,18.87250709533691,1
220.749628834005,-0.6236043412103087,1.821633475327044,17.54444122314453,1
219.33775393869536,-0.975797639617274,1.5937613416513072,21.20130920410156,1
219.74416326333937,0.0255435584865083,0.8268265862982338,19.56147003173828,1
219.23836475485393,-1.1586640965109607,1.933958787626637,20.327125549316406,1
220.27861836023104,-0.2711962720281098,0.958867921536379,23.50836181640625,2
219.56278095414865,0.3378042301124533,1.593327994049886,23.443998336791992,2
220.6906560588052,-0.0869998346109069,0.1035438302468935,18.61197280883789,2
220.76125402647963,-0.3059088247011238,0.2217489148597164,17.876686096191406,2
218.7215605125035,-0.2273474519186366,0.250492243285796,23.78167152404785,2
220.8033266341519,-0.6013053505271968,0.1485783836381314,19.36321258544922,2
220.29601590601695,-1.3380994925966023,0.1380023898779817,19.22799491882324,2
220.1718390903681,-0.9849172828403256,0.2034119603487706,21.813945770263672,2
219.8415432762976,-0.8167492332092934,0.114983776951309,18.63431739807129,2
219.71394103411697,-1.4225938506862543,0.8948809551849626,22.05385398864746,2
220.20277943849493,0.0439039805563004,0.8114370436778005,22.475292205810547,2
220.83787409184325,0.0555671735072625,0.5927389848009457,22.371973037719727,2
219.07116322140496,-0.4965163061941831,0.9744230705130366,23.19365119934082,2
219.58537846181983,-0.3754040509837362,0.2545917601681747,22.683822631835938,2
219.3200221279475,-0.7539567246585493,0.1398581764784632,20.01991844177246,2
220.0918859649944,-0.5201599740420917,0.2188489082901405,18.63318252563477,2
220.0866809824238,-0.4465130448319342,0.1803366774340999,19.92743873596191,2
219.71670037894012,0.5719170753096092,0.2830738620299522,19.48701858520508,2
220.53544312854424,-0.4622456220528402,0.4320657932664946,19.58464813232422,2
218.8714922180691,-0.9572506733299992,0.6457596891946769,20.954158782958984,2
219.66540431354093,0.5925944333906769,0.2780659737813469,20.21883773803711,2
219.52023347067643,-1.2221450808252188,0.6269912078167948,21.030296325683594,2
219.14261812163764,-0.7541378896647504,0.2110820492261773,18.412004470825195,2
219.48510647312696,0.4214599072684704,0.8710576595059816,22.739744186401367,2
219.66070772315877,0.5957761227020424,1.0276562749504972,22.593910217285156,2
219.24703913121232,-0.4288738586890383,0.2446603924965286,18.90019989013672,2
219.9268850040262,0.1742945257047452,0.3016295333508018,19.71503448486328,2
219.36627842471967,-0.9887137914199708,0.5480857522001946,19.58953857421875,2
219.46935068027992,0.1931751812069319,1.3267418276591916,23.56351852416992,2
219.82669998098356,0.5034129791027745,0.2215569903108431,18.5748233795166,2
218.7034569035501,-0.3889973173654938,0.2808008612615949,18.888179779052734,2
220.0674940957905,0.4442588547476523,1.0229936453994957,22.37925910949707,2
220.2397235904973,-0.9350888827588169,0.5367168359745234,20.62435531616211,2
219.42003205068636,-0.7770203120911805,0.3038477182963589,19.767309188842773,2
220.1771823368538,-0.0414209282546591,0.163943962390961,19.2397403717041,2
219.49354815978123,-1.1417877069591031,0.3183536357456714,19.63574981689453,2
220.50122518408833,-0.8446780326245934,0.1456542260328882,18.275436401367188,2
220.82595544724452,-0.111336881771725,0.2977383003914739,20.71847152709961,2
219.59837023288452,0.3557627235450892,0.881019162040093,23.687408447265625,2
219.86959235139204,-0.5393573971440369,0.7968120741764062,23.863191604614254,2
219.91693671128093,-0.8607390111238945,0.0802857784000149,18.627431869506836,2
220.88153135659164,-0.6056690228339247,1.0705434260123528,22.821199417114254,2
219.7177289433615,0.6209318788145755,0.8054227336505126,22.58806800842285,2
220.59597798961485,0.4118813871211086,0.1497447227104514,17.308931350708008,2
219.58335414562669,-1.0406085841011763,0.1441172652302695,18.462833404541016,2
219.76235764162053,-0.1877913115258565,0.1799553234224652,16.95090675354004,2
219.89767497503735,-1.3197432112240632,0.8917936399435845,22.395462036132812,2
219.3452241882333,-0.7484901102615911,0.8272155967434148,22.675304412841797,2
219.0142983719359,0.2599657930734396,0.9203282250394658,22.315500259399418,2
219.8423325357433,-0.676049380563326,0.0994890206185623,18.79364776611328,2
219.50708736276823,-0.7315747614361194,0.2317767520074915,23.17848014831543,2
218.85824558046053,-0.2750188104684962,0.2203270632428165,19.591209411621097,2
218.8843483894508,0.2803342393215327,0.4900387082287302,23.66206169128418,2
219.59687747974883,-1.139340090307025,9.107364051515106e-05,21.55563735961914,2
218.9774482420173,-0.893971690924485,0.2916568304981547,19.921396255493164,2
219.16295227202275,-0.7935220164282852,1.277193813530334,23.396076202392575,2
220.12709506373497,-0.9242071915525438,0.151793489039697,19.280092239379883,2
220.06080331002963,-0.6093391983362937,0.5581323188908682,19.33132553100586,2
219.50985593777995,-0.7128351726115955,0.2852343068600453,19.497968673706055,2
220.5213492406907,-0.1940950778568203,0.1937428005913779,17.367897033691406,2
220.44704515849048,-1.0381052758702969,0.2752488738080016,20.159055709838867,2
219.25951941930884,-0.544874314246336,0.2131525294845101,20.229211807250977,2
219.161364857518,-1.0709941527779507,0.1582972791443963,23.057353973388672,2
220.3496473600383,-0.1881717066099408,0.2876519861289876,19.571645736694336,2
219.21918904276544,-0.2731819665863848,0.1211035786182771,19.467077255249023,2
219.53939882987785,-0.4715779659492132,0.9616700912043192,23.37619972229004,2
219.2399283832258,0.4054686588573838,0.2097501882391102,19.86418914794922,2
218.98168434452415,0.4102846397532528,0.3377174681709498,20.12517738342285,2
218.9081736502619,-0.8875341312799047,0.13643739445594,18.066059112548828,2
220.271101085084,0.5042913960127932,0.1739278689804936,20.088680267333984,2
219.32023535460752,-0.963615595899892,1.5849864824195103,23.50114631652832,2
219.63386187569668,-0.4781550416130471,0.8921956666937148,23.424070358276367,2
220.18187509339057,-1.3345983997978697,0.2473917706065087,20.284618377685547,2
219.975679031503,0.1891920043291049,0.8069649238262513,21.59658432006836,2
219.86426917842616,-1.0366142333345871,0.1447737756275287,19.861207962036133,2
219.976513670604,0.2518676845877742,1.4246182561810492,23.244293212890625,2
218.76117805872556,-0.5687481431470361,0.3396754531998763,19.220930099487305,2
220.67851143800303,-0.7527940168694708,1.3923767269415055,22.624038696289062,2
220.39623967799056,-0.3109491769755099,0.2848318326468545,19.342979431152344,2
219.3672404690051,-0.8675017532049792,1.46353986634817,21.144779205322266,2
220.1896114409436,-1.356319302100979,1.217185901160035,23.40288352966309,2
218.91992590362992,-0.0271832878164077,0.8752129440729043,21.979164123535156,2
219.45902250751428,-0.4638381355142805,0.6325360886944973,20.790550231933594,2
219.91298369603797,-0.2762850179117863,0.9877922184484456,23.40254592895508,2
218.77753600903023,-0.038858589181552,0.8288202602802195,23.407167434692383,2
218.91728370617977,0.3570159707650481,0.9651910870917072,23.398298263549805,2
218.9038756694496,-0.7770833980755515,0.5747497114497657,20.31772804260254,2
220.52938703541437,-0.397403851786726,0.3297707349042801,23.583106994628903,2
219.3708318343372,-0.3588756812126762,0.290359238675884,20.291221618652344,2
220.02317446302365,-0.214638873834874,1.1264126584197376,23.59280776977539,2
219.033449739364,0.1695789878924127,1.3279722874023423,23.694921493530273,2
219.4270465911906,-1.3436825605405331,0.5294704418819178,21.0688533782959,2
219.05452960715743,-0.2792160086056174,1.1015316106487631,22.135562896728516,2
218.78970606275948,0.1482136478956373,0.5015249738157044,20.26999855041504,2
219.8291514842498,0.6386398083914894,0.1502193463472028,16.173851013183594,2
220.05515928957476,-1.1463831163328957,0.6285943403796207,23.96135139465332,2
218.9836159517405,0.3024733309699493,0.1077105666364342,17.237245559692383,2
219.2669874567995,0.5715991586607447,0.7325018815322523,22.30237197875977,2
219.19160854779528,-1.0472091016120648,1.1695937955167668,22.873823165893555,2
220.5976613772844,0.3509256448211178,0.8775128693904318,22.653093338012695,2
219.13735230446213,0.2192585041589356,0.2480155634979842,18.714874267578125,2
220.5272797706642,0.0626491964956754,1.0547837005452938,22.88724708557129,2
219.48828294336877,-0.9536949582739916,0.3287510554605722,19.535234451293945,2
219.4919809255709,-0.5304465907747002,0.8447621997642051,22.56209373474121,2
218.7233446788442,-0.6372513631307938,0.1371844397577855,20.565170288085938,2
220.38339360410285,-0.0988015728882076,0.2429536790480877,19.229400634765625,2
219.7002290495912,0.6733770672178675,1.214989913017244,23.06727409362793,2
218.92932950148176,-0.8803080113493954,0.1060146621447753,23.367416381835938,2
219.93161287857276,-1.041287408965092,0.7603693932976833,23.384445190429688,2
218.90772966693217,-0.5270656524391657,0.8477240452145343,23.477811813354492,2
219.7415813121701,-0.4511967737513949,0.6473448891424903,23.483478546142575,2
218.89890381087085,0.0672260278362113,0.218641522546829,19.478235244750977,2
220.6365337677284,-0.3233310934234412,0.8798115930319135,22.05177116394043,2
220.5023086617809,0.0253814256449742,0.2518968666321763,19.255619049072266,2
220.0531458479628,0.2268809617270048,1.493784073958771,22.767263412475582,2
219.30851853077044,0.4385233331023118,0.5982060382828306,23.499435424804688,2
220.05785186067772,0.719976284224523,0.2853202268012373,19.5291805267334,2
220.25130775519457,-1.2914939176426408,0.1243673600575898,19.389604568481445,2
220.4676759232925,0.2672100744017199,1.2037784086989818,23.616416931152344,2
220.00056299291373,-1.2950542561672092,0.1154552891820586,18.777063369750977,2
220.29059809599948,-0.9902421536393684,1.502511182236952,23.72098922729492,2
219.2070693884889,-0.7680831414741977,0.9019328071891356,23.06943702697754,2
219.67580576471627,-0.5691364451190996,0.2999019832300808,19.82670021057129,2
219.07461058522,0.1531749603090461,0.6243385538007054,20.75603675842285,2
220.51103663459415,-0.7685162956903129,0.1439740808325184,18.4445743560791,2
219.37089750462945,-0.3673007003854777,1.4289343123198095,22.68355941772461,2
219.2573452466719,0.3270762152338174,1.695743129311215,23.513442993164062,2
219.14755501994787,-0.0539731026718653,0.4317608662474345,19.361865997314453,2
220.30967117498184,-0.5130314757116395,0.3697247050981814,19.404220581054688,2
219.13719108392587,-1.2353299349170976,1.271031141270454,22.396799087524418,2
219.71447449660184,-1.1656110076736912,0.1382991978508248,19.629011154174805,2
219.41630839950705,-0.4831418962597836,0.3229250736801582,19.9090576171875,2
220.69413390237588,0.1351369868517406,0.1023330475806211,22.002689361572266,2
220.52407692128205,-0.5921216948365046,0.7599368987074981,22.927906036376953,2
220.358593449772,0.5972980373675738,1.009169168107409,23.31550407409668,2
220.5529862418138,-0.463695583597509,0.1799732625188394,19.14643287658691,2
219.38143384121292,-0.2618039351341121,0.9000514995884891,21.984134674072266,2
220.00911370213132,-1.1217997513349969,0.2282811175090666,18.890117645263672,2
220.68015678369267,-0.2029598994544966,0.2981461482749388,19.17786026000977,2
219.46111103249564,-1.0001321610770146,0.629914126633924,21.02068519592285,2
219.1318384889492,-0.4822754840179625,0.1042635413085133,18.140403747558594,2
219.40233596825297,0.1718662529188547,0.1794258472532684,23.5086669921875,2
220.8234480336053,-0.3481690844965686,1.2270528732705233,22.34997940063477,2
219.25538211464948,-0.9882667471148048,0.8925265025573829,23.236196517944336,2
219.1688722905293,0.3699632679051618,1.414222301919044,23.37973403930664,2
218.7652825759988,-0.6065352555419902,1.455182425172206,22.431264877319336,2
219.954876596952,0.1024406890586436,0.1316612419905286,20.05194854736328,2
219.71744127566004,-0.0714485802310376,0.2939344449140076,20.131006240844727,2
219.6574024176431,-0.1558357484343084,0.8483614475253209,23.423749923706055,2
219.81812084581856,-0.6970183603992843,1.029050787985634,22.93411636352539,2
219.5669153640993,-0.2755878831698798,0.1490786154563708,18.687273025512695,2
220.17901300902685,-0.4720662620221127,1.0156812568494409,23.532106399536133,2
219.13664146486428,-1.1935779329936111,0.7952032721873886,22.226287841796875,2
220.50688504567765,-0.7729097506388045,0.1438942758131548,19.919376373291016,2
219.2206338812556,-1.165612619693351,0.9679116134484352,23.08856201171875,2
220.04168179948735,-0.8974058398264667,1.2658198532586251,22.531843185424805,2
219.25086789577435,0.008171843624749,0.8485325490526228,23.30712890625,2
219.2882860218885,-0.3119696131202689,0.3795121126294922,19.531171798706055,2
219.72035950667131,0.4813557706624505,0.5698152687986399,20.157215118408203,2
220.32508041833623,-1.0305601309698185,1.0444029507818586,23.971893310546875,2
219.23700387092077,-1.2222494597480416,0.1505942097953973,23.323320388793945,2
219.00971383447396,-0.2369635388520464,0.2894745296155663,19.52094078063965,2
220.2390772131363,-0.805472154059167,0.3421453264762053,19.84217834472656,2
219.9447265833544,-0.1789867036940298,0.7592910196261489,23.215137481689453,2
218.67455368318352,-0.474842657310518,0.8801230978040542,22.257766723632812,2
219.73739375906655,0.5326522268255783,1.1456603604576496,23.549467086791992,2
220.61576179899927,-1.0557012783749118,1.481742895088557,23.25705909729004,2
220.56514109932937,0.0715981347918562,0.2409555220248666,18.74785041809082,2
219.3871330444999,0.3561712692417538,0.2322194664714273,19.8548583984375,2
219.5729035816561,0.0823928085888463,0.8767225350228022,22.986417770385746,2
220.5860717250848,-1.089791297831426,1.2586730494115792,23.587223052978516,2
218.94673113472447,0.0062480259005898,0.9801439033255924,22.591564178466797,2
219.35206552910049,-0.2868756521399957,0.3910374884598602,19.0053653717041,2
220.3883749953162,-1.1490729402424331,0.9349812072614624,23.663002014160156,2
219.62658574524517,0.1510868378841151,0.9620340893891688,23.666648864746097,2
219.03498539827265,-1.063033377836672,1.0329871121711542,23.153610229492188,2
219.90143090336255,-0.6848606054624472,0.0802844136846214,19.66312599182129,2
220.86595781932087,-0.5210490965132561,0.2058262702949078,18.990549087524418,2
219.00452608647777,0.4375563561945627,0.3556070887496714,19.8759708404541,2
219.57862796485148,-0.4606627477005116,0.455193425431196,20.315696716308594,2
220.56669799618123,-0.5893946376099295,0.5282257203676239,20.08037376403809,2
219.90618183385445,0.3087175745206056,1.073611706879944,23.779193878173828,2
220.3894337404524,-0.8972585480894066,1.0510616186329589,23.31499290466309,2
219.50196259217395,-0.7830729735031726,0.3597699736761759,19.847482681274418,2
219.68842837928565,0.6033346338919253,0.1342507935180209,21.79003143310547,2
219.9830123683313,-1.230944759348645,1.1008138169949668,23.47099494934082,2
220.467225825238,-0.579663134438083,0.4968369479392814,20.37140464782715,2
220.7125145236428,-0.1616566873064304,0.3109162250670821,19.97787094116211,2
220.85688262526264,-0.1963041187840019,0.2065066964235977,18.28527450561523,2
219.07426872347477,0.446802740119869,1.3762423699696409,23.544363021850582,2
219.8685581315713,-0.4204830158501628,1.3006135649544306,22.928142547607425,2
220.43719979812263,-0.7525710323553431,0.1489372647000253,19.472625732421875,2
219.9161220093492,0.5027977479326171,0.7071231022562033,21.658958435058594,2
219.41669165818027,0.0602447391826158,1.016591373861023,22.69060707092285,2
219.69793582057093,-1.0590238782710564,0.9717922632318836,23.926450729370117,2
218.70296411084777,-0.5507211033709759,1.203585770975301,23.361391067504883,2
219.66965151176183,-0.5524738142501491,0.968195762989452,23.895191192626953,2
220.31981318563265,-1.2664948010355963,0.1830322144396529,19.93172836303711,2
220.61609771955796,-0.2373595250770972,1.1631820310710106,23.719242095947266,2
218.97837824443064,-0.2617578965380129,0.2167107884951339,18.370847702026367,2
220.51131815315247,0.2713178268589136,0.3066779608099265,19.856773376464844,2
220.0623085197327,0.575433319108821,0.1083342944858394,18.06246757507324,2
219.44044296773157,0.6201578733766026,1.198949444944429,22.769790649414062,2
220.30609072402575,-1.0622406395951376,0.1511899385113682,19.04217529296875,2
220.82815764883924,-0.2875847897364885,0.5933095612701192,20.85563850402832,2
219.6400203968661,-0.0237005374636501,1.1009154542032802,22.943883895874023,2
220.03134792590865,-1.0566428617996202,0.3524388093116188,19.381053924560547,2
220.33226575454512,-0.5583020613883726,1.0522019840864087,22.82400131225586,2
220.1841071174007,0.3667462328926876,0.9997803677311204,23.210783004760746,2
220.4304245869859,-1.073866755171704,0.5563724453662277,20.27705764770508,2
218.8521580823063,-0.4580976931194783,1.2201044117406932,23.62828254699707,2
219.64442410838996,-0.7007593227054171,0.1400774991994482,18.955232620239254,2
219.68849527410904,0.7280318446297326,0.3515131524564115,19.367284774780273,2
220.38888683172144,0.231251529831245,0.2726893786897647,19.40961456298828,2
219.8407961688913,-0.1129744850484683,0.9603802974277912,23.325273513793945,2
218.7351198219622,-0.2062031694904958,0.1305714851334582,19.095680236816406,2
219.65293255290317,-0.8910848840571294,0.8322685202947531,23.648778915405273,2
219.55207204104255,-0.2661225388026825,1.1877261514903816,23.20225524902344,2
219.27435767226473,-0.2849941312075417,0.3375771905155574,20.13446807861328,2
218.83558819782587,-0.7652837286263993,1.4631461092867628,22.97773170471191,2
220.33651713237165,-0.3374946491600602,1.3772830988672822,23.302156448364254,2
219.97245747910893,-1.0510149985691204,0.1580469787348901,18.184335708618164,2
219.40913778395995,-1.1658000623225455,0.2808014767927876,18.42340660095215,2
219.4441215437523,-1.283844733518145,0.9265804110169188,22.15042304992676,2
219.4429616901749,-1.1738803276102512,0.0719353306103351,19.407085418701172,2
220.73733957139993,-0.439248608019688,1.4602544916692497,23.94797706604004,2
220.26577644543735,-0.4565473519676111,0.2037659543863707,19.813491821289062,2
219.6534455388158,0.0848145464156634,0.8442427601508227,23.294395446777344,2
220.23223295766485,0.2565492364099199,0.795061194290908,22.49631118774414,2
219.54639820311505,-0.780034130516653,0.5495994071371134,20.62350845336914,2
220.73957048355743,0.233495719682571,1.4982177557727223,23.744199752807617,2
219.03863914656745,-0.0143448248492118,1.1701152359552796,23.084501266479492,2
219.57023862142032,-1.0076574202469883,0.362128938323594,19.96969985961914,2
220.5053829487305,-0.3826487505953703,0.3580669870686371,18.578426361083984,2
219.25415544827027,-1.0636089262912658,0.5465521755364112,19.3764591217041,2
219.39365664424557,-0.3324784626675081,0.1351796610413232,17.547273635864258,2
220.0646653064492,-0.984074043885252,1.196570030333202,23.45740509033203,2
219.75162357286533,-0.1267289981075846,1.1283278627844806,23.25823211669922,2
220.0053655348156,-0.9722324490032848,0.861716641317494,21.73247528076172,2
220.018963698294,0.535513455856464,0.955370277653942,22.735023498535156,2
220.19290539703803,0.1842950724377762,0.9469898077164924,22.978763580322266,2
220.10692626812312,-1.329298180191646,0.8874681356906118,23.528087615966797,2
219.819940885942,-0.6376890744940191,1.0709644415062345,23.130298614501953,2
219.9458760844388,0.4639315243351114,1.0317565405943756,23.155986785888672,2
219.2369500505837,-0.3657757103750409,0.2823407205450423,19.3952579498291,2
218.74855659147713,-0.6706369526325755,0.8975654444503419,21.98670959472656,2
219.54310719735503,0.1022350469128515,0.8742106343888015,22.27178955078125,2
219.98758844253825,-0.4291108524582437,0.8917464175406047,23.13597869873047,2
219.43352191339605,-0.8693086888753128,0.1634049904085397,19.653955459594727,2
219.16240546605232,0.4932236843655926,0.2093947957975554,23.389328002929688,2
219.1144002428595,-0.6304392191787218,0.6651258205034917,21.43803024291992,2
219.36872411306996,-0.6410768776943031,0.8783768932436401,21.369197845458984,2
220.65952404487533,-0.7677481428638486,0.1079506738780219,20.234628677368164,2
220.55331696039153,-1.1669167821950062,0.6387327194169242,21.521087646484375,2
219.8553056547958,0.0353419141822779,0.3151475665547683,20.349102020263672,2
218.97410096929215,0.2450400702565929,1.481291765941963,23.54840850830078,2
220.2641277093758,0.1985550173221131,0.7810599618729792,22.66120147705078,2
219.10969631563563,0.3187134369415684,1.405105317059721,22.85776138305664,2
219.84126274785783,-0.0880092125195975,0.4551296692549892,20.411060333251953,2
220.48848651848385,-0.1628665047608541,0.0581608084473297,19.189342498779297,2
219.76658293849164,-1.3551806967033209,1.596213508452078,23.609352111816406,2
219.82907693062947,0.4304476035793423,1.3585712047215202,23.128276824951172,2
218.99254305173295,0.3427629398501791,0.2012602064367852,21.008583068847656,2
218.7889116084438,-0.293312166571095,0.2219421278197905,20.08167266845703,2
220.4099553377846,-0.8271723983697156,0.1426988696406314,18.896059036254883,2
219.2263612430499,-1.0659012011560316,0.2318361542203262,19.54334259033203,2
219.56662779132847,-1.208806054611116,1.222305297695861,24.052770614624023,2
219.98728000000008,-0.3827306,0.5629967451095581,21.544620513916016,2
219.5082988993564,-0.0927414380640236,0.2811983194507342,20.23433303833008,2
219.0429532164953,-0.4347097224070669,0.2601279918264648,20.41493034362793,2
220.4872402077669,-0.7522889873167931,0.5913952847818738,20.937305450439453,2
218.72916888515903,-0.5967020551990283,0.0502553976319482,23.80763053894043,2
219.58495037304772,0.3553209948542305,0.1384564210462176,18.894601821899418,2
218.9438208791541,-0.9456288930189788,1.0886689960162836,23.157400131225582,2
219.35130758227223,-0.933889576229301,0.1939379397088636,19.839475631713867,2
219.6460310525688,-1.4388751181530297,0.1351673703198656,18.28121757507324,2
219.98068728096695,0.0927523956860735,1.1383374925004726,23.09424591064453,2
219.9231998094206,-0.7923600334521969,0.115889375837704,18.92308807373047,2
219.52435779387815,-0.921903081110528,0.2764469791260663,19.29574966430664,2
219.7797386651158,0.4340679845595043,0.1980382472887329,22.77361488342285,2
218.95344987605836,-0.6653582545751048,0.717524936030956,23.77089500427246,2
220.37153641936885,0.4552291326859154,1.3076347922493812,22.43622589111328,2
219.35592700239863,0.4227064006616948,0.1093955701267362,16.600902557373047,2
219.77633407011405,-0.5558005779575957,0.2854680373442478,20.215679168701172,2
219.53396070735033,-1.0304377768678792,1.0219031554843572,22.264808654785156,2
218.89676510574697,-0.6194742030232593,1.1877232487747478,22.793581008911133,2
218.9675118324523,-0.4675622252566684,0.1065791051575192,19.36007308959961,2
220.62364735177695,-0.4200165264255135,0.8088771667657029,22.296401977539062,2
219.5461918687228,-0.0178627285441531,0.8029995294461636,21.89446258544922,2
219.45529124254443,-1.2832746899194027,1.372395358710093,23.33017921447754,2
219.00129856971267,-0.4443598205607745,0.2799425973436693,19.325956344604492,2
220.8661993594474,-0.4535366021090408,0.1564239608314397,19.803815841674805,2
219.2998250350968,-0.378297983630578,1.1730850101129096,23.690332412719727,2
219.89454986420571,-1.0032571863816182,1.1697873045048066,23.34238624572754,2
220.70902186161103,-0.8546685041150738,0.2030179969415425,19.90222549438477,2
219.1349790021605,0.5076172735562844,0.2177379790015035,19.416297912597656,2
219.28567750995424,-0.5796729181286302,0.7511515316425892,21.863540649414062,2
218.9918853276015,-0.1574721946575966,1.399733550484059,22.997509002685547,2
219.39669987767033,-0.0966937506807263,1.0903829214163336,23.460189819335938,2
220.50943278354575,-0.7392231188411482,1.3149540358495615,23.407011032104492,2
220.79403751995432,-0.3113033261782394,0.8281963770540695,22.82677459716797,2
220.56871896241088,-0.5720816180073108,1.0031224729828077,22.923358917236328,2
220.4498563759188,-0.6705889129653095,1.1852797914498714,23.7653751373291,2
220.64916467816073,-0.2651948583793027,-3.1453001150069e-05,22.2594051361084,2
220.2897507781537,-0.7168493759647145,0.186207210974963,18.587148666381836,2
220.16883928106657,-1.048065989477096,1.318374486036741,23.204242706298828,2
220.09390387258625,0.435291520771784,1.2452412528859742,22.783912658691406,2
220.1606544221432,-1.0364099027918734,1.0111749801655971,23.088111877441406,2
219.0832454835274,0.2690651318027664,1.5375135747131436,23.51742935180664,2
218.89847700169673,0.1357458338658316,0.2170156773668603,19.489473342895508,2
220.6464330463288,-1.0653989337164815,0.2045576888634429,20.047542572021484,2
220.4582815952336,0.4867528026641306,0.2635397192114477,19.648780822753903,2
220.00577016157104,-0.929328748247516,0.9087989559046126,23.093759536743164,2
220.48106796738597,0.019297582317237,0.3997929878472729,19.46048164367676,2
220.63265754904344,-0.3349603651066789,1.082755342567666,22.149314880371097,2
219.6838232425047,0.2516678697041534,0.967256902159876,22.44770050048828,2
220.83581989999223,-0.5148614206550244,1.066987907213418,23.780277252197266,2
219.63345072773615,0.665143531099136,0.799263401862852,22.398069381713867,2
218.88009865320043,-0.7605704607323301,1.027999138973403,23.35615348815918,2
218.88922375938185,-0.2035011683515633,0.5705388355112393,21.048236846923828,2
219.55639098714408,0.0035318720503765,1.085345168602441,22.415996551513672,2
220.68159414389868,-0.9222583037451416,0.8760966707278487,22.229236602783203,2
219.29564781388268,0.5445157633532745,0.0784005763201598,18.937740325927734,2
219.1880446561192,0.125587002393836,0.5818604884463521,20.773624420166016,2
219.88852469670755,-1.0593878517531914,0.3222839186589771,19.059326171875,2
219.35568031668495,-1.1463036027335023,0.3187417619914963,19.02721786499023,2
219.3352844765477,-0.8111674386892417,0.6123534783272979,21.029539108276367,2
219.88895796093848,0.3945378324975504,1.575439928327662,23.188127517700195,2
220.4393696375976,-0.8648098571630977,0.53615350218239,20.799989700317383,2
219.03317344547045,0.4512621628870829,0.8517699662226533,22.47538375854492,2
219.2477507813237,-0.5923178010781045,0.2186173052221688,18.814340591430664,2
220.4663124032518,-1.0445439464179724,0.829703783730025,23.411396026611328,2
219.77226068023677,-0.4531567662574614,1.089001855847821,22.915740966796875,2
219.89908454945385,-0.0799005755469717,0.163614782222069,20.29339027404785,2
219.35154348490792,0.1639518978466415,0.300726115285449,19.88389587402344,2
219.82178683002303,-1.1822670274042724,0.2160834116454964,19.14669418334961,2
219.19694465861855,0.4130607451256905,0.8743810296195222,22.464338302612305,2
218.95855939129245,0.2851487259785047,0.9815450984738716,23.795331954956055,2
219.01568167896016,-0.172319739090277,0.1206636592687874,18.360904693603516,2
220.5701469516995,-0.4380121461858367,0.8480197519552405,23.90625,2
220.14345795131604,-1.1756316263964346,0.1827052161790024,20.30647850036621,2
220.17969978261135,0.5629228887203662,0.8882228843150021,21.987869262695312,2
219.02466869714775,-0.7907968716168291,0.5705525905758307,20.37418556213379,2
220.00379767844584,-0.8435503595452295,0.8848739420449513,23.126564025878903,2
219.71917660033293,-1.382744156574319,0.6024165873461556,20.896259307861328,2
220.28615442858288,-0.7735271618293109,1.1896166828911356,23.92615127563477,2
219.16229124354507,-1.1348696252080512,1.3303181509663031,23.55113220214844,2
219.35661998630553,-1.3304399768570911,1.309546185491655,23.2420711517334,2
219.64514238313407,-0.6313201841927646,1.3602009865147402,23.395055770874023,2
220.38666032784352,-0.3160871038082241,0.2177691386709389,18.3216552734375,2
220.67052890688848,-0.4447660726714714,0.1505518930192552,18.85531234741211,2
220.5343311378259,0.0972487558672305,1.0173355830280872,22.72334098815918,2
219.4724033867517,-1.3272491361815315,0.3004840274398985,20.93209457397461,2
219.69539626325485,-1.4156731057555043,1.4223845113707148,23.62388801574707,2
219.10698951830847,0.2871571524295344,1.0126972926249345,22.716712951660156,2
220.45005349725704,-0.8886704397870829,0.2899205162529218,18.964035034179688,2
219.29904851716748,-0.1278322985605975,0.815337220171516,22.995534896850582,2
219.8854032546762,-1.104648639375531,0.3533209104476374,19.38196563720703,2
220.13971755829184,0.6370328126354136,0.0500191456811205,15.69748878479004,2
219.3206256392314,0.4606496006955854,1.0203550403053858,22.97968482971191,2
220.26855887842856,-0.6584386201175941,0.5573641614841934,20.00742530822754,2
219.74241320369265,-0.6371913872639905,0.891133933798917,23.521448135375977,2
218.96557101544616,-0.1139948622178493,0.977003948802609,21.95267105102539,2
220.70963864197645,-0.0256376697602183,0.1485262040682529,18.00975227355957,2
219.79895078884027,0.1774923003502137,0.350163828438966,19.268789291381836,2
219.89757555172253,0.7275154047168857,1.4676345958680117,23.201623916625977,2
219.77311465305317,-0.8410133320583649,0.5402324036638614,20.162498474121097,2
219.19823334591223,-0.3912390906786404,0.1358490798703381,19.0897216796875,2
219.91347121506405,-0.927624156304732,0.3556227819929032,19.666099548339844,2
219.93512999336977,-1.1544754920350335,0.6049315815754518,21.649106979370117,2
220.1419113907939,-0.3699914738609335,0.1209803692084279,19.351533889770508,2
219.1999237477941,0.1099833860365481,0.5529615448534357,19.64187240600586,2
220.0085854634943,0.0233417856607767,1.5718808377428632,23.795625686645508,2
220.73291682013135,-0.3896470375797648,0.896229657087013,22.73149299621582,2
219.59097734740527,-0.2471589656587544,1.1003187930334477,23.093406677246097,2
220.0216449369941,-1.1397262127915326,0.641143409386663,20.736988067626953,2
219.1134337150144,0.4357949671277948,1.4969478106955436,23.469877243041992,2
220.7600616458007,-0.7210826290363289,0.1936556581468044,18.35076904296875,2
218.803579820048,-0.84352035060991,0.7624136072508053,21.753934860229492,2
219.7258224269512,-0.3410583070723464,0.9810224763552208,23.125825881958008,2
219.31972261435357,0.3317372831591006,1.3446596585306063,23.785863876342773,2
220.3668672078948,-1.2626389501726536,0.071898284072909,15.555164337158203,2
220.8164439253461,-0.1361839146615368,0.148112152224171,18.224384307861328,2
219.85886724138737,0.0213682847540861,0.848842272794711,22.368858337402344,2
220.49324273958837,-1.0671778968092696,1.474532496607888,22.802637100219727,2
219.7537020236905,-1.071441644574206,1.0844540442537989,23.121294021606445,2
220.2087461256343,0.5714521700361243,0.5433637287220184,20.48076438903809,2
219.70546488186147,0.6387047481336453,0.1628867379003467,19.65338134765625,2
219.28453578628407,-0.819189094101899,0.7221070281630273,21.57520294189453,2
218.8070849415503,-0.5558291912625385,0.5012334921951035,20.35492515563965,2
219.280864623568,-1.1498822282106578,0.2866039597053764,19.34156036376953,2
219.43286149099825,0.6373638686812038,0.5844021788208763,20.255420684814453,2
219.92039991744957,0.1346449353878858,0.1158811618731154,18.904022216796875,2
220.5966579843247,-0.7690306567716314,0.8048162948471848,21.34955406188965,2
219.84568032741225,-1.0514090478589038,1.0051572774632704,23.428813934326172,2
219.5900946622481,-1.33220817960551,0.3146945676498947,19.469282150268555,2
218.788227636046,-0.1510134785094015,1.1786149256402092,23.018985748291016,2
220.4141167873163,-0.5092844025169363,0.2310166814627659,19.661487579345703,2
219.37999695913516,-0.0707494382304801,0.1056451999877898,18.084041595458984,2
219.60029716072296,0.6268613819267361,1.512546195526064,23.878734588623047,2
219.63575172652895,-0.2564120804294013,0.9949500667358618,24.310577392578125,2
220.79811854190783,-0.4305756344715929,0.3210313022850785,19.280656814575195,2
220.32631017506336,-0.1477836540874737,0.5906169232868737,23.673566818237305,2
219.52813030751472,0.2053168524290289,1.2240676278927405,24.071279525756836,2
219.94262680995752,-0.1699770203764067,0.84031593309187,21.82655143737793,2
220.83217282039783,-0.7176256251904346,0.1470878506434739,19.509321212768555,2
219.75226137674548,-0.1265195411663206,1.127484453190332,22.59615135192871,2
220.0156967934364,-1.3931242313848513,1.5771818940871627,23.639062881469727,2
219.56988815756753,-1.179621467797597,0.3182400745052747,19.98887634277344,2
220.66324874013708,-0.5588237596074839,0.1463778949626992,19.493417739868164,2
219.2600502064139,-0.3973680365454501,1.6185211967803266,23.499347686767575,2
218.8189330213891,-0.0433950798949658,1.1831004034318278,22.73647689819336,2
220.70722440276177,-0.2751905489993475,1.186075844783529,23.049468994140625,2
220.48023640517005,0.0180895435743394,0.916562812116044,22.65106773376465,2
219.4167961984023,-0.8485005508748892,0.6306904442343217,20.364351272583008,2
220.20851498403644,-0.8783984355281437,0.1834320161956871,18.906005859375,2
219.27782282681645,-0.4224887954397945,0.61139429668997,21.13018798828125,2
220.04863130075293,-0.8542434278056011,0.8913511385952894,23.122116088867188,2
219.57169179770227,0.2780198089503981,1.0913011839076123,22.491954803466797,2
220.35578348333533,-1.22991046249673,0.9318046724971948,23.333072662353516,2
219.49989341153469,0.6650139434487747,0.5407997461304699,20.6220760345459,2
219.4072065495175,-1.067499481804474,1.1539498317331565,23.74767303466797,2
219.07323463601392,0.1302457868782964,0.7376653218779473,23.25971412658691,2
220.1588382726683,0.656482204303275,0.5632725117131189,19.106698989868164,2
220.63379383282603,-0.64265985531433,1.2046934942548766,23.63529586791992,2
220.56977068294688,-0.1815842389553444,0.3451316872741918,18.401430130004883,2
218.931776640313,0.3323729876461784,0.1076634655898488,22.84037971496582,2
218.8752136849396,-0.182437463894949,0.210574967045321,18.555606842041016,2
219.9842911894316,-0.2125848141064104,1.21775435163918,23.411113739013672,2
218.78818595021664,-0.4729434061431758,1.4455957695776904,23.250524520874023,2
218.7899015020792,-0.4114333688578862,1.1273899424420104,23.293119430541992,2
220.2514675426567,-0.0342975869115833,0.220239405392481,18.39990234375,2
220.07532287107455,-0.3412170186369188,0.1799214657449263,18.112640380859375,2
220.2180588963136,0.3353305382679184,1.2897032261867731,23.23304557800293,2
219.04976,-0.724873,0.3693054616451263,20.77032470703125,2
220.4000959446814,-1.273197244049465,0.5075689292118575,20.279285430908203,2
219.3047365830967,-0.5752557001837946,0.8779434092249337,22.8179931640625,2
219.7033631663828,-0.2726927466526814,0.1778678878707964,19.10909652709961,2
219.0446693966011,-1.1284768534676723,1.072520858485556,23.12545585632324,2
218.85967955875407,-0.8424162453310561,0.7307487801230862,21.61811256408691,2
220.06964143381697,0.5136277707381688,0.2767931249785861,19.66409683227539,2
219.94075969743733,0.1874451107293068,0.2561609983112434,19.975370407104492,2
220.70532837151487,0.0554754770231233,1.0232737111561494,22.5242919921875,2
220.4575786166026,-0.7060264120789846,0.0838689995242184,18.62968635559082,2
219.31132247083332,0.0876338303618008,0.1054928423493254,19.435651779174805,2
219.4920879202513,-0.674915678933775,0.8440876653240936,22.659778594970703,2
219.34023170179984,-0.449597909893765,0.2616573712579421,19.757505416870117,2
219.6897419308651,-0.7978231487101141,0.2175658004431496,20.010766983032227,2
219.73563161242777,0.6759680331331547,0.1502249752721272,19.63251495361328,2
218.92183046404105,-1.019660289114831,0.0898575580703875,17.300567626953125,2
220.22312815673976,-0.1546453615004523,0.1999367165166741,19.611055374145508,2
219.09728870390057,0.1699865569318523,0.6260871773045249,20.616504669189453,2
219.6298859764476,-1.0166654442420138,0.2197105015868448,18.805130004882812,2
219.3334332139484,-0.1816134447287877,0.139078875220783,17.42015266418457,2
219.17989034705047,0.4896238534541314,0.2786922413314563,20.188261032104492,2
220.47079980978936,-0.1831099691632381,0.1700446806477971,20.012651443481445,2
220.8308244453493,-0.2281242205877192,0.2067341820161583,19.40739631652832,2
220.38744945355648,-1.187688040294865,1.0955065991651458,23.20318031311035,2
220.2195368788132,-1.142129064004732,1.0635791418391407,22.617420196533203,2
220.62290255461653,-0.5050408145120343,0.2912791004217342,19.66478157043457,2
219.5915047159864,-0.4235971611778117,1.2940354393899414,22.831758499145508,2
220.19695510865273,-0.2274478771276644,0.8903276819964373,22.529129028320312,2
220.09393448125152,0.2292757940502721,1.596998896520981,23.28217124938965,2
220.2869451251468,-1.2428396784625386,1.0979866358820711,23.326963424682617,2
220.39860752779683,-0.1497659741768734,0.3615238448620343,20.111839294433594,2
220.33820573854348,-0.7589054512450096,0.0797440784828818,19.149478912353516,2
219.1221643678163,0.3546091094598566,0.7605089719180633,21.947933197021484,2
219.88140254476124,0.5490171238172813,0.152638500073259,19.371204376220703,2
219.1718280036877,-0.8107846163197963,0.2162737331552827,20.772125244140625,2
220.82523312825333,-0.7046794409338163,0.1473342091099864,19.740997314453125,2
218.8939995876848,-0.1472068048397011,1.1718386350316985,22.93277359008789,2
220.01578656134924,-1.333509267065602,0.88818847136838,22.824161529541016,2
220.39341476358385,0.342995174123471,0.983287467025066,23.003456115722656,2
219.97300712026035,0.10512091983845,0.1318465512436563,17.417823791503906,2
219.6591473692384,-0.5968921171327961,0.2839251900226865,19.687036514282227,2
220.0539766310918,0.2476625537791234,0.8328128319563237,21.337467193603516,2
219.6067685267452,0.127854624403358,0.912774833665477,22.79572868347168,2
220.2478205164028,-1.2842311212123725,0.181251003253682,19.81315040588379,2
219.4657622028628,-0.3843836584047363,0.3227492112193356,19.502254486083984,2
220.4536962705062,0.3171664940514342,0.432807508809291,19.773345947265625,2
219.68656986308375,-0.90414198413609,,,3
220.23644851426693,-0.4138837209451464,,,3
219.68202397956173,-0.8121077457459405,,,3
220.10931825618425,-0.9225542664913776,,,3
219.4421249674912,-1.363139866230885,,,3
219.77805290781785,-0.2521201119436898,,,3
220.36123316707435,-0.90694456067242,,,3
219.4845555515188,-0.8006604393789574,,,3
219.48093136389213,-0.9893544012917832,,,3
219.43134304475203,-0.2933096616866263,,,3
220.1755705209515,-0.7246683691261443,,,3
219.97646211114605,-0.5780979147649904,,,3
219.54144500212408,-1.295657817127117,,,3
220.7490033702763,-0.6238592178436296,,,3
219.4963123218635,-1.016538071733201,,,3
218.72660420991923,-0.3640662176083561,,,3
219.63971127040645,0.2237941466248665,,,3
219.55066183527876,-0.8052273289176528,,,3
220.72356435606096,0.076309393442864,,,3
219.56631218354528,0.3002579112457362,,,3
219.59684580261475,-1.2775077654249734,,,3
219.74367358348576,0.0244332730298239,,,3
219.47840767066165,-0.0026650492767478,,,3
218.72218847019084,-0.4720818934373632,,,3
219.8416606148703,-1.3798114817032852,,,3
220.7445355725702,-0.5682706131545336,,,3
220.5925799131225,-0.2135701909713526,,,3
219.06154427079383,-0.2785244520877982,,,3
220.45485943955376,-0.7788467454495916,,,3
220.12344779538515,-1.0659424805882822,,,3
219.4005677654903,-0.2945203915226179,,,3
219.9038056856472,-0.9800404242569056,,,3
220.2589543573557,0.1591752037544713,,,3
220.75970824810503,-0.7231134422840532,,,3
218.86666222181572,-0.8588368128875336,,,3
219.74376621097343,0.4030589201659971,,,3
220.25096231842417,-0.7712169446175375,,,3
220.63893688478183,-1.0368681535056108,,,3
220.2295428183739,0.3369731513964432,,,3
219.6948859900532,-0.729067879765414,,,3
218.9560136597757,0.3749914335878376,,,3
219.1929893834135,-0.105045401523189,,,3
219.4200172649781,-0.5839963912024806,,,3
220.26078451154564,-0.7470360854453576,,,3
220.2726681981546,-0.0845423543493268,,,3
219.8698106816442,0.5450983574338198,,,3
219.57228825517953,-0.5135616658521961,,,3
219.09767096721004,-0.4177152361514625,,,3
220.015765149552,0.3397494399433344,,,3
219.94960540901545,-0.263775883077051,,,3
219.78367905726483,-0.2399396921715819,,,3
220.78463273840177,-0.8208912463419022,,,3
220.26961780688623,0.2349329416881515,,,3
220.04007465158736,-0.723758199596481,,,3
219.369541979006,-1.0791392564473112,,,3
219.1897996826087,-0.8651736516086034,,,3
219.04244169358205,0.0040987428847051,,,3
220.3137249297805,-1.00822022754852,,,3
220.3968559689115,-0.058137218951306,,,3
219.15983145623787,-0.4582038115390524,,,3
218.8628238046611,-0.932246795402842,,,3
220.78848532284985,0.161767391124714,,,3
220.06286501137168,0.4181635037849002,,,3
218.77105552647177,-0.7742455065838808,,,3
219.02965845020236,-0.0891760817577994,,,3
220.0384721156904,0.2772353840610223,,,3
220.4153838674474,-0.2860466292172146,,,3
219.45939354904883,-0.8695268111022928,,,3
219.97780576415784,-0.9809228662157328,,,3
219.02999094588768,-0.6143509264212671,,,3
220.75233218656444,-0.4666452868562105,,,3
220.0469608310376,-0.2905504637800923,,,3
218.94571199638537,0.2349399556180621,,,3
219.72413331605676,0.0216045510244702,,,3
220.63556492335823,-0.2070938780336859,,,3
219.239368202333,-0.2005477997055323,,,3
220.1302847533815,-1.2946228256730647,,,3
219.64346583827097,0.022654320763369,,,3
219.88005825960136,-0.3787277112299091,,,3
220.5387247639747,0.3552843758896094,,,3
219.11102068862277,-0.9195215768202132,,,3
219.89277094219227,-0.2903157675588085,,,3
219.81222352252288,-0.1231830013171049,,,3
219.85776816563697,-1.1974598871709474,,,3
220.5936417251686,0.0937686598905184,,,3
219.26309120578284,-0.0756612937383855,,,3
220.05385858983692,-0.9191814706470648,,,3
220.23428865436168,-0.9531040684275416,,,3
219.4771893035016,-0.3968279611673501,,,3
219.82074912866983,-1.2162592723460284,,,3
219.1897344613957,-0.5349843289817552,,,3
219.70755740267097,0.7575887289809716,,,3
220.51475742895843,0.0747567786289889,,,3
219.94813753106095,-0.124959664573404,,,3
219.06577171454825,0.0980486008021007,,,3
219.086449614317,-0.2300264064698628,,,3
219.20528763096644,-1.173196374261916,,,3
219.6394634931277,-1.236856271219969,,,3
219.86635774084905,-1.209345346843831,,,3
219.96260682539733,-0.7072455705401991,,,3
219.9938767244719,-1.22976568305789,,,3
219.47559168081577,0.3956036640700342,,,3
219.05568111145317,-0.6189817980192082,,,3
220.9036774376113,-0.3784026242872837,,,3
220.48104479860712,-0.0806578124228441,,,3
220.7007577986426,0.2607640128739923,,,3
220.1493347265614,0.4503055870714942,,,3
218.79464567513864,-0.2803092837204093,,,3
219.67659612075732,-1.3651623740678245,,,3
220.41544373326377,-0.1749944540947971,,,3
219.26114003054943,-1.036010817341137,,,3
219.27576817667983,-1.107772297107026,,,3
220.43432452611543,0.352146444495425,,,3
219.1534019882402,-1.0688027370718605,,,3
220.0703936310711,-0.369741389533073,,,3
219.13440623631195,-0.1180731754868698,,,3
219.649278047799,0.3280540670227198,,,3
219.7211673715911,-1.4151695539865514,,,3
219.7766693828878,-0.5800496051489434,,,3
220.54308120062305,-0.4862276985712994,,,3
219.4242372367022,-1.050540557807704,,,3
220.90143145929343,-0.4577166035792083,,,3
219.39777618548612,-0.2402623293226942,,,3
219.34393623746172,-1.3349927745276955,,,3
219.38245472773255,-0.0271640840990341,,,3
218.8872028250184,-0.9490910494788104,,,3
219.3394754748036,-0.5567904615847011,,,3
220.5960241861127,-0.2312321594133705,,,3
220.2220755659932,0.2332113323282188,,,3
218.84448937517317,-0.854557642081117,,,3
219.57632833788108,-0.8570137817211383,,,3
220.42432622759856,0.039784339240855,,,3
220.2094044909153,0.6842390982180463,,,3
219.54679991301563,-0.8439046657663074,,,3
220.72124399535863,-0.4584721907324685,,,3
219.81854221774415,-0.7759373683643092,,,3
220.06341585344077,-0.6093980360555682,,,3
220.35856294622113,0.5215533966993772,,,3
220.54599541218852,-1.0385277369395935,,,3
219.72181288652664,-0.7116744612640841,,,3
220.23298538948885,-1.1107707685720485,,,3
219.31174759971893,0.2565528804790694,,,3
219.03533295264415,-0.9041338522377528,,,3
219.7011268391332,0.6818236923226749,,,3
220.5170797376439,0.2527869607330572,,,3
220.68505173825068,-0.6654444369217306,,,3
219.78143826486755,-0.5500824445266846,,,3
220.14911698370895,-0.905275182592046,,,3
219.2863714399354,-0.5797701141998077,,,3
218.95023852651,0.3390612232664005,,,3
219.80020228595427,-0.5185240184938589,,,3
219.28221326275136,-0.307630780152293,,,3
220.866651453257,-0.1523837247984337,,,3
219.07973949355565,-0.4492654670685109,,,3
220.2172736187957,0.2122931994805239,,,3
220.2832025262084,-0.9321584786460808,,,3
219.408307834421,0.4739445118664798,,,3
220.1012599484945,-0.1786173154536785,,,3
219.24663811454815,0.2599813604264512,,,3
219.87630529745908,0.5751825402063998,,,3
219.10488346177675,-0.4845253885665913,,,3
220.13010539489267,0.3734824279455649,,,3
220.05738624319432,-1.0879774118481005,,,3
220.2632031208784,-0.7286903685447665,,,3
220.363312062672,0.2348525038246623,,,3
219.1980808269694,-0.7500761030647213,,,3
219.88285759555976,0.0825472356259517,,,3
218.75184276586157,-0.7689302331147542,,,3
219.3119962561232,-0.8460233567385531,,,3
220.00631913018384,-0.8165327072298533,,,3
219.41408987497425,0.4036508981401386,,,3
218.79697492297095,-0.6406845440181335,,,3
219.53406398382276,0.2420359954460536,,,3
219.6866009272969,-1.037373364829684,,,3
219.851433279112,0.5330978147872163,,,3
220.2388154819691,-0.1645834922296743,,,3
218.9260405521912,-0.24440683407888,,,3
219.40721460870375,0.2292155361510982,,,3
219.7828187484261,-1.1052531619126509,,,3
219.8214111162687,-0.1447862993363544,,,3
219.80861360128372,0.3867448516456235,,,3
220.81989357657915,-0.5665769273449351,,,3
219.0901850932236,-0.9576029091852932,,,3
218.8461365050469,-0.395386950785435,,,3
219.8159584409452,-0.4877175866075054,,,3
219.0788859205726,-0.1442827082190713,,,3
219.25610218651047,-1.0727049514622098,,,3
219.06096943634753,-0.3184332053557673,,,3
220.2921197964832,0.04632445353828,,,3
220.84271958307383,-0.1675357814478552,,,3
220.21052647594053,-1.2448609315468242,,,3
219.90215846676588,-1.2924190115834389,,,3
220.3970607068251,0.2743579050172026,,,3
220.59522503925157,-0.405256468043523,,,3
219.4025172794621,0.4576935696122671,,,3
220.78703334359977,0.0130765987226365,,,3
219.6187743407187,0.0609080217832767,,,3
219.6984122248512,-0.1348085507642852,,,3
220.14690009200064,-0.488390786884154,,,3
219.35682652430037,0.2495606399387964,,,3
218.6740867895754,-0.327567177511962,,,3
220.51406148809284,-0.7404076747236656,,,3
219.47800735231587,-0.951546937852116,,,3
219.97241937156127,0.4992649473026452,,,3
220.33930233713735,0.4849366099277811,,,3
218.79675576344604,-0.308517152603912,,,3
220.07679778113575,-0.2311573755181592,,,3
219.86171797154384,-1.0679315074703506,,,3
219.13085514878645,0.1968250361248995,,,3
219.6643431463863,-1.0407479496930732,,,3
219.92853116444297,-0.4484081591104183,,,3
220.55892260483512,0.2420982700916507,,,3
220.06618665340912,-1.0631063546014952,,,3
219.95666106030663,-0.7876125939603699,,,3
220.5596436281176,-1.0172465884252957,,,3
219.99864932124964,-0.8872460151582647,,,3
219.2088666626209,-0.7033290899462967,,,3
218.98212388078016,-0.8932411176501588,,,3
219.4300718342291,-0.5068528086030756,,,3
219.26780011774537,0.1182046633301447,,,3
219.21026876340304,-0.352170087315437,,,3
220.5287316329176,0.4460744578896358,,,3
218.7304131753954,-0.6723941852503836,,,3
219.87882151136088,-0.1882547139426198,,,3
220.20139694568908,0.6576153649691665,,,3
220.3755357440795,-0.9496482021894131,,,3
219.25529349767567,-0.861562858385057,,,3
218.81965937115467,-0.3398133129517377,,,3
219.2164441522654,0.0911870387211231,,,3
218.9905559708979,-0.4655305589908069,,,3
219.9521555813659,-0.7205479107671036,,,3
219.64750173056677,-0.5766023249152761,,,3
219.7929300419441,-0.755175122225691,,,3
220.536200611023,0.1730895675500502,,,3
220.39027279846877,-0.9050599700460982,,,3
219.64498826047537,0.1514029897563763,,,3
218.87579199138096,0.2746889576086989,,,3
219.71600232877265,-0.6715285848019514,,,3
219.55056279,0.74947745,,,3
219.20795847,-1.11446445,,,3
219.48264301,0.61631226,,,3
220.45307049,0.24084188,,,3
219.84881888,-0.16190724,,,3
220.81202329,-0.6813929,,,3
220.09331861,0.08922353,,,3
219.4368151,-1.1701771,,,3
219.76794246,-1.32951462,,,3
219.60099756,-1.04817976,,,3
220.63692153,0.14259341,,,3
219.7603342,-0.83004362,,,3
219.46163539,0.06994955,,,3
219.82739268,-0.56290338,,,3
220.26505009,-0.16731862,,,3
219.156957,-1.08009156,,,3
219.46109545,-0.86811203,,,3
220.61592845,-0.75673305,,,3
220.54847999,-1.11361844,,,3
219.19493959,-1.29758545,,,3
220.35394658,0.44524807,,,3
219.26764522,-0.66825994,,,3
220.76090853,-0.70536923,,,3
219.53315452,-0.71390538,,,3
219.90114699,-0.94571151,,,3
219.35670721,0.56085566,,,3
220.26189439,-1.22351599,,,3
219.26917392,-0.5100418,,,3
220.39633537,-0.52618615,,,3
219.88109192,-0.73755143,,,3
219.476015,-0.931896,,,3
219.68427788,-1.28794455,,,3
219.51628431,0.49404519,,,3
219.7576942,-0.08294596,,,3
219.93094736,0.73431206,,,3
218.98032008,-0.28481436,,,3
219.70361539,-1.24261913,,,3
220.08642134,0.41121473,,,3
220.24411742,-0.58455887,,,3
218.96240394,-0.71812418,,,3
219.0932372,0.07218721,,,3
220.03706671,-0.7464956,,,3
218.83309058,-0.22420616,,,3
220.55861379,-0.60560232,,,3
220.77149763,-0.8071761,,,3
219.86283791,-0.74553485,,,3
219.5471695,-0.18829301,,,3
219.83066454,-1.22408169,,,3
220.0796162,-0.01447833,,,3
220.10420177,0.10674109,,,3
220.15493265,-0.90343069,,,3
220.44356246,0.56948059,,,3
220.31195538,0.12057343,,,3
218.73355253,-0.14862693,,,3
220.08803386,0.10615195,,,3
218.91257988,-0.74961715,,,3
219.33428749,0.45971128,,,3
218.79285197,-0.00715041,,,3
219.11803973,-0.36950159,,,3
219.57032632,-0.78114967,,,3
220.10734142,-0.82470253,,,3
219.7377792,0.75313677,,,3
219.31316744,-0.94031166,,,3
220.71240905,-0.02639079,,,3
219.31074098,-1.12622974,,,3
219.23966428,-1.21969027,,,3
218.95364799,-0.40132103,,,3
220.04845662,-1.29076735,,,3
220.23532977,-0.73238331,,,3
219.51576603,-0.70938375,,,3
220.47670626,-0.40872927,,,3
220.07971232,0.42913097,,,3
219.72624863,0.48733837,,,3
220.02055038,-0.74356333,,,3
219.8700804,-0.09387952,,,3
220.19106454,-0.05051637,,,3
219.87280221,-0.44035422,,,3
220.87075149,-0.06763412,,,3
220.25086947,0.60813587,,,3
220.70205259,-0.77798792,,,3
220.08999253,-0.07398009,,,3
219.90872535,0.69914217,,,3
220.07688449,-0.14023417,,,3
219.65247545,-0.81651437,,,3
220.75284185,0.22886169,,,3
219.32863193,-1.26535894,,,3
219.20439399,-1.22253823,,,3
220.364826,-0.38337702,,,3
220.5732741,0.1051926,,,3
219.38962948,-0.7423539,,,3
219.60228703,0.66411435,,,3
218.95532422,-0.50754495,,,3
219.66287904,-1.23039758,,,3
219.26210585,-0.034573,,,3
219.39311086,-0.95730117,,,3
220.8443981,-0.00923748,,,3
219.2759166,0.54509651,,,3
220.43147267,-0.34223995,,,3
220.46195317,0.02834632,,,3
219.43981745,-1.24984865,,,3
219.44064721,0.09413661,,,3
219.96088052,-0.35581848,,,3
219.8496208,-1.42967825,,,3
218.95709702,0.21408449,,,3
219.91259977,0.76113463,,,3
220.05067144,-1.42694359,,,3
220.30107298,0.00766514,,,3
220.14679365,-0.95977497,,,3
219.49154554,-1.33474652,,,3
220.06075875,-0.77626605,,,3
220.50424213,-0.93892623,,,3
219.18849893,0.24481255,,,3
219.92041126,-0.40998292,,,3
220.55126106,-0.99124332,,,3
218.94641784,-0.2628878,,,3
220.52158942,-0.34286804,,,3
219.9596829,-0.04537536,,,3
219.61918713,-0.0559314,,,3
220.62678989,-0.74066964,,,3
220.37475852,0.1698282,,,3
219.90783177,-1.25718714,,,3
219.21484476,-0.6375908,,,3
220.12093339,-0.65634554,,,3
220.12120896,-1.19491518,,,3
220.2207281,-0.13425063,,,3
220.08235004,-0.77291469,,,3
219.52320003,0.276016,,,3
220.19247973,-1.19993195,,,3
220.78274066,-0.09084586,,,3
220.28707431,-1.16394664,,,3
218.78329791,-0.70028696,,,3
220.0694163,0.11517125,,,3
219.09386812,-1.02867827,,,3
220.639883,-0.58847872,,,3
219.67679196,-1.25122636,,,3
220.32277135,0.49321457,,,3
219.8511455,-0.53687744,,,3
220.0807007,0.3256571,,,3
219.46392886,0.06144686,,,3
220.32738901,-0.65635934,,,3
219.15492441,-1.20016287,,,3
220.38545845,-0.81709082,,,3
218.93670438,-0.14893202,,,3
218.92908151,-0.91892857,,,3
220.31203877,0.64387919,,,3
219.64188549,-0.97005664,,,3
219.40974949,-0.51256602,,,3
220.10145064,-0.47747396,,,3
220.23170968,-0.61322812,,,3
220.0834251,-0.06095048,,,3
220.08601016,-0.71800969,,,3
220.31878773,0.19385205,,,3
219.51544197,0.73748958,,,3
219.16838183,-0.74716054,,,3
219.03125605,0.11906585,,,3
219.15921677,0.28034742,,,3
220.14101247,0.33121851,,,3
219.52350565,0.32929588,,,3
219.53015328,0.35480151,,,3
219.29146642,0.12474305,,,3
219.68208007,-1.16354871,,,3
219.57118491,0.27724895,,,3
219.68167973,0.56823233,,,3
220.26714259,-0.62616655,,,3
220.27814451,0.60415847,,,3
220.00728805,-0.7506677,,,3
219.15022662,-0.30156253,,,3
219.36709635,0.6472247,,,3
218.97312391,0.36898257,,,3
219.6536738,-1.07919939,,,3
219.59971868,0.24627764,,,3
219.91863771,-0.44947042,,,3
219.50020762,0.23021947,,,3
220.32443094,-0.95332315,,,3
219.95633497,-0.60125243,,,3
219.36336455,-0.75627169,,,3
219.53329397,0.22423771,,,3
220.02597661,-0.26976861,,,3
219.67728544,-0.71321763,,,3
218.83988017,-0.39271222,,,3
219.48253051,-0.90558828,,,3
219.35031267,-0.89197071,,,3
219.2942438,-1.22896243,,,3
220.09568786,-0.69369419,,,3
219.68669325,-1.28935483,,,3
220.23745619,-0.64451091,,,3
220.50691706,0.07440374,,,3
220.30370686,0.29748705,,,3
220.56428443,-0.57269985,,,3
220.18406125,-0.70206429,,,3
219.87231584,-1.01293553,,,3
219.67031667,-0.76002655,,,3
218.93527863,-0.40350183,,,3
220.41541752,-0.26602688,,,3
219.3747548,-0.92617178,,,3
220.40248959,-0.15957804,,,3
219.49181595,-0.40613552,,,3
219.57408677,-0.77934932,,,3
220.73372551,0.21835013,,,3
219.21203805,-1.2990586,,,3
219.29158464,0.02167717,,,3
220.1359069,-0.58492549,,,3
219.44924073,-0.38856594,,,3
220.07099317,-0.36680608,,,3
219.15512293,-0.93475008,,,3
219.67719707,-1.1071645,,,3
220.67766873,-0.23218058,,,3
219.53846792,-1.33694443,,,3
218.94962942,-0.33901526,,,3
220.41177261,0.00775614,,,3
219.41631142,-1.1300882,,,3
220.44750616,-0.37211609,,,3
219.72182332,-0.83938962,,,3
219.39277944,-0.60407226,,,3
219.22848799,-0.58184783,,,3
219.92125279,-0.10200849,,,3
220.18211575,-1.0047192,,,3
219.18842091,-0.24264266,,,3
220.6847379,0.16419458,,,3
220.41354896,0.06322921,,,3
219.35112026,-1.30682217,,,3
220.0723194,-1.43153397,,,3
219.51838395,0.49332469,,,3
220.10762523,-1.158172,,,3
220.10741387,-0.96571277,,,3
218.86029249,-0.46099668,,,3
220.05454676,-1.25777205,,,3
218.8197615,0.17260274,,,3
220.06656116,-0.18478013,,,3
219.53139553,-1.38371645,,,3
220.47565967,-0.03040691,,,3
219.67646122,0.34810708,,,3
220.48513862,0.35448567,,,3
220.70919392,-0.20174022,,,3
219.36806961,0.33602403,,,3
220.1245235,-1.00689484,,,3
220.35628054,-0.55982378,,,3
219.72823247,-0.74183103,,,3
220.48797524,-0.52224303,,,3
219.74941819,-0.56956809,,,3
219.63615827,-0.90239701,,,3
219.75243739,-0.91410632,,,3
