RA,Dec,redshift,rmag,set_id
152.32169736720664,1.0494115711598162,1.5769720649126826,21.184171676635746,1
151.18476604751163,1.6841668792356257,1.5283860010510877,20.43893241882324,1
151.35216957961538,1.4487097775079858,1.3560103909365215,22.14905166625977,1
151.40143244101122,0.983596064223828,1.834943882837928,22.068601608276367,1
151.2547533959625,2.141683708967229,1.2448041559141971,20.774084091186523,1
151.4425604900121,2.1313203782512726,1.7141134053562168,22.218080520629883,1
151.6564586189377,2.1278621892545893,1.4238258731350577,21.70361328125,1
151.087569523036,1.6131646923252774,1.039891305789164,18.55438232421875,1
150.64014953549588,2.2616321721038712,1.4160085038189285,21.50823974609375,1
151.0860309357507,0.4633290810462709,1.9270247692424296,21.05596923828125,1
151.97753605664636,0.7169465806264925,1.782083081987457,21.537073135375977,1
150.22020587271422,1.223983557054726,1.2588468365524108,20.358484268188477,1
151.4302010674474,1.402660558054976,1.8204048940091069,21.962995529174805,1
151.3935276465947,2.171138480058707,1.8225350510535183,20.05144500732422,1
150.39970820437983,1.1626059642574091,1.7647915524016375,21.874588012695312,1
150.536503146711,0.9603576025383588,1.7052102581664803,22.83238220214844,1
151.32762258715613,0.7819430958658243,1.5066726433918871,21.4537353515625,1
151.44060525523724,1.7442277986246777,1.6815470078281818,21.154285430908203,1
151.97533430292287,0.6706442267830061,1.5643405040275815,20.463626861572266,1
152.21591999999998,1.172958,1.853526711463928,19.505617141723633,1
150.3958597963854,1.037460108865038,1.6174008889433509,22.15162467956543,1
150.5745846373152,0.7145050162331519,1.2337646555160002,20.434551239013672,1
151.77745875699824,0.531769310202104,1.3113873270874372,21.502382278442383,1
152.1893654251262,0.882220584035332,1.7337497301228977,22.882022857666016,1
151.07123897325417,1.2045269889363863,1.7055770935764962,22.281402587890625,1
150.57415795849505,0.6738472791949973,1.4743206887988616,19.883136749267575,1
151.83731411121818,1.329727283146087,1.4601511991332086,20.58477210998535,1
151.24879558983696,2.4469080685947353,1.538643733126703,21.93239974975586,1
150.3530691298035,1.960763792703516,1.1729051349403783,21.466665267944336,1
150.52618637200925,2.2449424679074914,1.2717710657925132,21.33192253112793,1
151.3548683336514,0.5612246738994006,1.4662498170030365,22.58051872253418,1
150.3320685589007,1.083830667523196,1.109860155498447,18.967485427856445,1
151.93312361425035,0.6470139808475817,1.709249477011488,21.824668884277344,1
151.15375999515243,2.5855846866647303,1.970372909603868,23.238197326660156,1
151.83369862156005,1.0439911629194705,1.120116939372193,22.98173141479492,1
151.31955231707664,1.073730465113364,1.5701324326182005,23.196260452270508,1
150.74384773388834,2.2024435686768267,1.614321573264841,22.858747482299805,1
150.37655406187233,1.7178577961565598,1.5722017500007412,19.9791316986084,1
150.79606804189217,1.3686299891225078,1.5342328682245112,20.853933334350582,1
150.7101811195644,0.822101328367449,1.891028202440264,19.75718688964844,1
151.48515852800688,2.338985290063297,1.9472101454598176,22.039854049682617,1
150.3530691298035,1.960763792703516,1.1722648687451869,21.466665267944336,1
151.6787390363246,0.6658972768934803,1.8850388954422803,19.65511703491211,1
151.9411346517028,0.6536659521647543,1.6296063595342014,21.874021530151367,1
151.38939921766905,0.5022615178035744,1.290785862781437,19.53208351135254,1
151.35055592903527,2.3560132512195744,1.9578513771731216,22.72707748413086,1
150.6529373956735,1.996840821656195,1.5198827964364043,19.674814224243164,1
150.95891433783268,1.4444702070829858,1.278439056957963,22.38348960876465,1
151.39098016060134,2.3038655293793657,1.4446491353283406,20.68758201599121,1
151.63960831458942,1.0968221357612409,1.72459868113727,22.69004821777344,1
151.24494199944652,2.412647282501143,1.5179665705377257,20.844249725341797,1
151.30301735796897,0.837153902590746,1.3997689278190082,20.26219940185547,1
151.03613068034716,1.3304239414565788,1.206287195935334,21.988035202026367,1
151.29538899819872,2.578728461793081,1.641216707803965,22.142824172973633,1
150.7425731878011,1.9858263777957372,1.5997008718648564,21.578205108642575,1
151.3200260579673,0.4180287786599991,1.7854261449494,19.58694839477539,1
150.87645956538182,1.6475559794354735,1.7581059561534689,22.000354766845703,1
150.6827329056876,2.084013098566494,1.235666520175437,20.792346954345703,1
150.51278749985394,1.5338855434519345,1.209009207119872,22.285205841064453,1
150.24517370060622,1.900063923720835,1.5635697988609247,20.26857566833496,1
150.6257562060226,1.7654425332158563,1.5955875393469212,21.822368621826172,1
151.19978418486872,2.5071713525562527,1.6610359575970066,22.021251678466797,1
151.9823464184603,2.3844418773093787,1.8996794198096465,19.827451705932617,1
150.7148429666221,1.308593823011639,1.0060202970879637,21.918054580688477,1
150.99474371635617,1.7537858673229012,1.4207670588025691,20.154253005981445,1
151.42508261858234,1.10826663404839,1.7419289375215383,20.869144439697266,1
151.1967326936913,1.172803687374746,1.6137809058451589,22.56766128540039,1
151.5015996075948,1.629966005684992,1.7683378754431596,21.355567932128903,1
150.96348545896527,0.4909951604842009,1.4599609447648814,22.10610580444336,1
150.65293635608788,1.9968380617103425,1.5195439293795812,19.674814224243164,1
150.5767905569688,0.7521228855004113,1.9094844660126824,22.800546646118164,1
151.2991025514487,2.314109822391793,1.395206658053933,21.18559455871582,1
150.98825101964422,2.444116813708163,1.4865338637183627,18.980199813842773,1
150.8927877699988,1.3265675556651078,1.6848460211617244,23.369678497314453,1
152.11999917021436,1.19994655955517,1.3604710851193114,22.581069946289062,1
150.8018841417786,2.0005054435769045,1.7898776722685212,21.366849899291992,1
151.30526007621486,2.588940347899011,1.5180435720975396,20.285552978515625,1
150.2702825975854,1.2392454481726642,1.019538273706995,20.386749267578125,1
151.67279699367867,1.1511143023116674,1.836034880286968,22.38434410095215,1
151.11340608144477,0.8244399638557295,1.8252341353441135,18.995162963867188,1
150.58122255163963,1.9269478573063956,1.5100193017199264,19.668643951416016,1
151.6564586189377,2.1278621892545893,1.4236959395208435,21.70361328125,1
150.49670964093465,1.4746121971743742,1.8238518744578585,20.56977653503418,1
151.7237894550889,2.2901788677373123,1.0479898721188583,20.299428939819336,1
151.49220277675795,2.155200860652159,1.0138006787100196,21.69896697998047,1
151.29638057920295,1.7938870760402177,1.1840436144774222,22.558124542236328,1
150.42730166057913,1.0920267846431662,1.823540048792557,20.871871948242188,1
150.98825101964422,2.444116813708163,1.4864895503047746,18.980199813842773,1
150.90324286896927,1.8793572859638576,1.1418599273029768,22.52106475830078,1
150.83294886851897,2.1642899403639904,1.170828235017135,19.89670181274414,1
151.77493693089443,0.775314629779091,1.7044747820739106,21.12926483154297,1
151.57660851718913,0.900091164409727,1.423995453579879,22.552894592285156,1
151.2879780611089,0.4361260162419108,1.0359753404157594,20.999174118041992,1
150.57415795849505,0.6738472791949973,1.474388847052068,19.883136749267575,1
151.3361492413632,0.5183387709934917,1.9094124496725835,21.545072555541992,1
151.22913608044365,0.6836764279180694,1.8305988904523147,22.65920066833496,1
151.387654619289,0.991791834664017,1.7148072941637014,20.738142013549805,1
152.41326304864438,1.3411830402892746,1.5818171139373904,23.01173973083496,1
150.5767905569688,0.7521228855004113,1.911955349166399,22.800546646118164,1
151.45362770735963,1.765569262326512,1.1250455119548983,21.69546890258789,1
151.47176348643268,2.5989802280623406,1.069456495775674,18.614362716674805,1
150.8532808035955,1.4988751619593792,1.469474682235375,21.030153274536133,1
151.70031405583987,1.843309272078605,1.5291907835011318,21.68052673339844,1
151.87614878791047,1.6942023561870374,1.3086390100208098,21.55123710632324,1
150.27494190074083,1.5757942717485487,1.2480191434508248,21.928409576416016,1
151.5980190897907,1.4889661265325451,1.3469483691900466,22.70805931091309,1
150.8654210560341,0.7016428589771447,1.1899665668217427,19.94584846496582,1
150.9194827956239,1.460671755344371,1.874821408073149,20.22277450561523,1
151.47176348643268,2.5989802280623406,1.069777465649787,18.614362716674805,1
151.67660510650262,1.5559830081889678,1.644273277046416,20.70844078063965,1
150.73490370128428,1.3699025617996867,1.53462343666101,22.737443923950195,1
150.24356582217803,1.1549869789661702,1.9282180681458627,22.19174575805664,1
151.37660198426127,2.4326777434248847,1.5170204700696213,20.135303497314453,1
150.86378920234023,1.5973882212160877,1.174564250652363,21.351402282714844,1
151.83048877516708,1.7637487501959213,1.5328589634697076,20.831050872802734,1
151.61116539019474,1.7671910235048294,1.7454067849316814,22.03030586242676,1
150.8653442151182,1.961795693361144,1.0692081097011266,18.09753036499023,1
151.33233239462442,1.7169320730511142,1.6811474998734903,23.220394134521484,1
150.51907105009806,2.320977579869272,1.837158574861756,23.138919830322266,1
151.18535754921734,1.6821553418297426,1.254495960371604,21.42529296875,1
151.775300656676,1.1935499038964212,1.588434391600087,20.12023162841797,1
151.89022765792612,1.380841424467418,1.7067446338852694,23.26718521118164,1
150.57948831180886,1.1246010083975355,1.97715229676659,20.896984100341797,1
152.1220989531847,1.3804246655944012,1.6466861750144968,20.60813331604004,1
150.61462769398247,1.3392503055345055,1.5407365980716454,22.901235580444336,1
151.078667708925,0.8865271206644566,1.6621134020413504,21.700300216674805,1
151.28699903507953,1.4189906908545462,1.140559324481566,19.987091064453125,1
150.83354530995874,2.345238688422542,1.889478694323992,21.937992095947266,1
151.42307790581953,1.9974990210565688,1.732711270729454,20.832935333251953,1
151.4302010674474,1.402660558054976,1.820807831503828,21.962995529174805,1
150.73045539280204,1.8979845100757875,1.2598632778359775,21.327924728393555,1
150.82307958245374,2.2689615333858777,1.4334307332063798,22.162996292114254,1
152.12455404875385,0.8310155372966078,1.0207962083559543,21.240100860595703,1
150.5555506599008,2.3691429782257463,1.6380456232204768,23.202659606933594,1
151.89761153633307,1.433147745930088,1.1150876154617169,20.31058120727539,1
150.82307958245374,2.2689615333858777,1.43453432090631,22.162996292114254,1
151.22720646183492,2.6077641842844916,1.0696283491787884,22.231605529785156,1
150.42091738845284,2.112397896548951,1.2627201403356596,22.900842666625977,1
150.39254239265517,0.8990558587973586,1.4776265112422504,22.157854080200195,1
150.7077463015333,1.587390376517687,1.7589497083087444,22.684844970703125,1
150.85709420926923,1.1550045332337109,1.8084248390382125,22.483787536621097,1
150.53666497267497,1.8495631590301096,1.8219241262723531,21.851547241210938,1
150.73163597238192,0.6109139117214828,1.9747854319894853,21.64362907409668,1
150.95127144307202,1.3573936536073832,1.9518537760618784,22.158601760864254,1
152.21594837409637,1.1729714520852743,1.8542744994921083,19.478849411010746,1
150.39231699628834,1.172767827959676,1.758527539729324,22.043182373046875,1
150.39231699628834,1.172767827959676,1.7564840135216344,22.043182373046875,1
151.49220277675795,2.155200860652159,1.0152209919111703,21.69896697998047,1
151.6713468856937,2.2828200966161263,1.991738095042625,20.403640747070312,1
151.3216126172323,1.9343090749969272,1.2181688534381092,22.363582611083984,1
150.5063368939965,0.9818279554145248,1.879701989117989,22.64833641052246,1
150.86729467265124,1.539301983035303,1.3179600132941938,22.03070640563965,1
150.38488913741872,1.0201372099928148,1.4174466810939328,20.56016731262207,1
150.51196801758044,1.1567656897174206,1.023428752650518,21.618555068969727,1
151.82985833118522,1.9840245570661683,1.86647914364432,20.72896957397461,1
150.52189234690198,0.7138068985870398,1.7861009353648991,20.70218849182129,1
151.47829294716684,0.8537327365487566,1.7073615897796377,20.844661712646484,1
150.52618637200925,2.2449424679074914,1.2714871510822052,21.33192253112793,1
151.83468630912927,1.202447543653994,1.3279188888391376,20.910015106201172,1
150.85709420926923,1.1550045332337109,1.8051868767606236,22.483787536621097,1
150.6214592852555,2.1588407429027856,1.5252679837894578,20.282045364379883,1
150.8075048746948,1.1507006364415713,1.0951623765073406,20.878000259399418,1
151.7535454492005,1.2466860607390682,1.6983650288049683,20.46842384338379,1
150.39474,1.40513,1.9651592237033153,23.402761459350582,1
150.27494190074083,1.5757942717485487,1.247565798314627,21.928409576416016,1
150.3129260008287,1.2440117964608717,1.4263075506104963,20.330093383789062,1
150.17347620097743,1.5145727053846965,1.437107642008738,22.036067962646484,1
150.37318015719052,0.9354016844923044,1.4225641827161284,23.3332576751709,1
151.49220277675795,2.155200860652159,1.014876668330854,21.69896697998047,1
151.67660510650262,1.5559830081889678,1.6432421177529273,20.70844078063965,1
151.18476604751163,1.6841668792356257,1.528619060890294,20.43893241882324,1
150.31551374755816,1.071143945730251,1.9419542207697773,22.163806915283203,1
151.3494456228499,1.9890752620398449,1.7791177267480724,20.63529586791992,1
150.83294886851897,2.1642899403639904,1.1700444320716483,19.89670181274414,1
151.57562012115253,1.5862889065530328,1.6783405057622494,20.326698303222656,1
150.61191422895763,1.3721422600387028,1.0633067172772763,20.932601928710938,1
150.79606804189217,1.3686299891225078,1.5345524072322496,20.853933334350582,1
152.3683214624103,1.341721278367534,1.938795368525924,23.06207847595215,1
150.65293744984706,1.996840949281498,1.519544050815118,19.674814224243164,1
151.29538899819872,2.578728461793081,1.6469087430688207,22.142824172973633,1
150.45137000396238,1.498886338815636,1.4873027316277592,22.096729278564453,1
150.8278267550223,0.6917816606999843,1.9903974379615728,21.72407913208008,1
151.7801076409104,2.51958767937435,1.5098308926410038,22.369802474975582,1
150.7325087813965,2.0449424757699814,1.4300014607682885,21.223203659057617,1
151.4425604900121,2.1313203782512726,1.7114241925822606,22.218080520629883,1
150.7890878221951,1.2382086588345365,1.7407079881245089,21.70340919494629,1
150.31551374755816,1.071143945730251,1.944090626336981,22.163806915283203,1
152.29639725825598,1.5626432741901068,1.5444334404105993,21.038028717041016,1
151.503248542023,1.017719016647673,1.4305809702888483,22.037477493286133,1
150.90181178134847,0.9407851202203872,1.8084495054381091,21.645687103271484,1
150.67205904053742,1.519283000855853,1.777972276541703,23.20934677124023,1
150.2702825975854,1.2392454481726642,1.019831424740547,20.386749267578125,1
152.0894860431681,0.7372873552868391,1.3542180283822651,21.37868881225586,1
151.47487401226414,2.3452745484288893,1.8573867636206336,22.85907745361328,1
150.80277113194538,2.14727265619279,1.9071709360381477,21.66030502319336,1
151.34598321058905,1.2302789484932113,1.39815139845743,20.166719436645508,1
151.3018928824274,1.0847908949211518,1.4537096764583468,22.823749542236328,1
151.8604785761321,1.4375005465278403,1.689038614662808,22.02129554748535,1
151.14566859266233,2.523981636325603,1.1126627905485813,21.519241333007812,1
152.20657991211488,1.079957034171753,1.7350003832108971,21.51752471923828,1
150.60989775567532,1.294562669677267,1.8656979726453415,22.89714241027832,1
150.80516890734552,1.4045839246839198,1.8174418583597176,21.2147159576416,1
151.66960346190984,0.9532681018263875,1.7352465798133396,21.11435317993164,1
151.42307790581953,1.9974990210565688,1.7318028406252937,20.832935333251953,1
151.45362770735963,1.765569262326512,1.1248742763566868,21.69546890258789,1
151.77846792431478,2.272955940565605,1.5759322114245518,23.037307739257812,1
150.39231699628834,1.172767827959676,1.7584947462126346,22.043182373046875,1
151.24494199944652,2.412647282501143,1.5186634664436351,20.844249725341797,1
152.33266693611074,1.2384874304845734,1.7637355627397318,22.415760040283203,1
150.89893769393345,2.1124673147278155,1.977787759401895,22.48931884765625,1
151.02581756888938,1.4372556540068055,1.6072466681847055,22.51456642150879,1
150.96873884318364,2.497009779757984,1.998940474023567,23.221656799316406,1
151.41417445984186,1.5109412371585924,1.5970709386324988,23.237716674804688,1
150.77252515985575,1.584572561554985,1.4931302202670385,22.49928092956543,1
151.35216957961538,1.4487097775079858,1.355862779158242,22.14905166625977,1
150.9994262455699,0.947626878748144,1.7327646389598967,21.405353546142575,1
151.73129618006334,2.1539642725663266,1.859535831621924,22.218994140625,1
151.23541422440815,1.2602154702527186,1.623594439226561,20.101762771606445,1
150.99474371635617,1.753785867322901,1.42140100812124,20.154253005981445,1
151.3601430194143,2.561882995145065,1.1928300110615842,21.31664276123047,1
150.49670964093465,1.474612197174374,1.824114898292792,20.56977653503418,1
152.2555527520961,1.717816669660796,1.0491433062496407,22.125215530395508,1
151.38235813339668,1.2478247106448257,1.1437608643985575,21.49507522583008,1
152.25084498782746,0.9446867495436936,1.7758823192773732,20.97301864624023,1
151.39098016060134,2.303865529379366,1.4453940074702951,20.68758201599121,1
151.07123897325417,1.2045269889363863,1.7022774680227732,22.281402587890625,1
151.33233239462442,1.7169320730511142,1.6806389087185651,23.220394134521484,1
150.98839710546343,1.6988038547359736,1.4407957317903923,21.913549423217773,1
151.43202514812512,2.459100132568524,1.0972653927597735,20.69211769104004,1
150.84016252878706,0.8673733007170248,1.4025154288381432,21.549970626831055,1
150.73893837733593,1.4277835476873155,1.2501507356675952,21.301103591918945,1
150.48786030367663,1.102337931345149,1.608930109963721,20.33296775817871,1
150.70799876286284,2.292311510967058,1.0969770901052436,20.92780876159668,1
151.80041125343894,2.468817785921161,1.792577005790454,21.61404037475586,1
150.94962715935438,0.4811574186283648,1.050137900864605,22.802358627319336,1
151.5857125986566,1.682100052004572,1.0202688734592895,22.53747177124023,1
150.88580874679198,1.5117468258958129,1.1416731955900157,21.09499740600586,1
150.6122434125671,1.994398123564099,1.6095194686382914,21.665246963500977,1
150.31103736223366,1.4996734385407635,1.7837566277956711,22.61654281616211,1
150.9528487628743,2.1791871990993763,1.3913303185653487,21.428747177124023,1
150.3736249536426,2.1120235849507107,1.9181441504075885,20.85848045349121,1
151.39686430204998,1.5793649379503134,1.0785705400849084,16.548742294311523,1
150.30888181122185,1.9122620703491124,1.5171096119300482,22.103891372680664,1
152.16332549482632,1.2263877577794084,1.8277932868167517,20.656278610229492,1
150.51907105009806,2.320977579869272,1.838541466834105,23.138919830322266,1
151.19978418486872,2.5071713525562527,1.6597022833988253,22.021251678466797,1
150.83354530995874,2.345238688422542,1.888917946817103,21.937992095947266,1
151.01354929249726,1.7447923435451431,1.243769639733569,22.76154899597168,1
150.52189234690198,0.7138068985870398,1.7858323892478516,20.70218849182129,1
152.33668774791374,1.8889820926152383,1.199772277058908,20.809534072875977,1
150.44871594305104,1.2320538999348944,1.9412979076113093,21.951719284057617,1
151.3629772352187,2.1237904143760056,1.572909429530597,22.13934898376465,1
150.5745846373152,0.7145050162331519,1.234537090693196,20.434551239013672,1
151.57134883090615,2.1298588842170507,1.8420608501506508,23.40032196044922,1
151.40511408437624,1.2394465654096043,1.1356072575923568,22.63308334350586,1
151.3228356630903,0.8780561685717826,1.0147981315734744,22.851890563964844,1
150.75622334844638,0.7136771420254684,1.0439413834791942,21.658794403076172,1
151.81832323297866,0.956983941780062,1.321279310195811,22.02983283996582,1
150.90181178134847,0.9407851202203872,1.8106733428248851,21.645687103271484,1
150.5780566326646,1.2033634614763231,1.0949184616642142,21.21077537536621,1
150.76218479157848,1.869040662298348,1.8052775066284603,20.168888092041016,1
151.65272447134203,2.2224624464201175,1.061168053786741,21.515857696533203,1
150.84970196383946,1.917708239007561,1.142537052893141,19.21316909790039,1
150.82247439106553,1.8102955979858433,1.3175233347873274,21.32992935180664,1
151.3285666149903,1.5266732049761804,1.6345618268304682,21.564449310302734,1
151.89529224095534,1.1204436923163397,1.4612524917746392,20.529979705810547,1
151.31820972649246,2.1619543201144515,1.3754926588881449,20.462841033935547,1
150.8653442151182,1.961795693361144,1.0689809805138462,18.09753036499023,1
151.3216126172323,1.9343090749969272,1.2174846206558891,22.363582611083984,1
150.5780566326646,1.2033634614763231,1.0953230086756909,21.21077537536621,1
151.4127512961091,1.2954478504217717,1.7930332578881274,21.517187118530273,1
152.02956547383252,1.8264009112738724,1.1275893246888216,22.391353607177734,1
150.19386241361508,1.44661098248125,1.839075053441429,22.73699951171875,1
151.44060525523724,1.7442277986246777,1.674629963133832,21.154285430908203,1
150.78454664681735,1.3457145147091611,1.005519174460571,20.03838539123535,1
151.58828424827448,0.8397882715146312,1.8658057674321904,22.540939331054688,1
151.35055592903527,2.3560132512195744,1.9567362063131697,22.72707748413086,1
150.3867103334089,1.9665934420339783,1.5386702477197916,20.940593719482425,1
151.19962479514206,1.3035400672085429,1.163355539624437,20.316997528076172,1
152.00197496969113,1.260851228333708,1.1941981453785258,22.232038497924805,1
151.5852610766395,2.393923614018468,1.6743158381639105,21.82371711730957,1
150.6214592852555,2.1588407429027856,1.5245506186568918,20.282045364379883,1
152.13150049798423,2.0979896342149225,1.931102120121555,20.027889251708984,1
151.36039692277208,0.8061396584698435,1.6402664474341797,21.24303817749023,1
151.59825004336096,0.6947476487581955,1.9194798079020832,19.268451690673828,1
150.5745846373152,0.7145050162331519,1.235148290352351,20.434551239013672,1
150.73893837733593,1.4277835476873155,1.250022259860165,21.301103591918945,1
150.45184221772104,2.144791444787214,1.297935508884005,20.71634864807129,1
151.45400041775244,0.5015614544935951,1.6583089338583017,22.516138076782227,1
150.5289463533838,1.3133766128090831,1.5512449942107327,20.60069465637207,1
150.66126454624495,1.6601370750743627,1.31853580145148,20.824840545654297,1
151.73129618006334,2.1539642725663266,1.862608351344441,22.218994140625,1
151.5840380406519,0.7789727648312332,1.7774737132352765,21.338659286499023,1
152.09555076159197,1.8478333904617976,1.835808641020189,21.496864318847656,1
151.43284814523204,2.2220473779185084,1.7031670219421875,21.631317138671875,1
151.37660198426127,2.4326777434248847,1.5171056640088625,20.135303497314453,1
150.5767905569688,0.7521228855004113,1.910268441863968,22.800546646118164,1
151.20833034586855,2.2782194642962303,1.7854541299890911,22.14993476867676,1
151.90908504236938,0.8346627680931208,1.1536474067492777,19.611797332763672,1
150.5920489517581,0.7031608587922455,1.838322456741604,20.4116153717041,1
150.31103736223366,1.4996734385407635,1.7810817121234717,22.61654281616211,1
150.2702825975854,1.2392454481726642,1.0192583760676048,20.386749267578125,1
152.15414224117052,1.7215527922119735,1.0079271893636674,21.734071731567383,1
150.65293635608788,1.9968380617103425,1.5195913044742662,19.674814224243164,1
150.75063954193942,0.9811777975413538,1.6939660537530516,20.891931533813477,1
151.72971477500244,2.4999584980637053,1.048620416549214,21.74564743041992,1
151.4443915305673,0.621141652230768,1.520478056656128,21.585689544677734,1
150.9528487628743,2.1791871990993763,1.3916021059840415,21.428747177124023,1
151.14566859266233,2.523981636325603,1.1118474991775376,21.519241333007812,1
151.49220277675795,2.155200860652159,1.0138652539931905,21.69896697998047,1
151.65272447134203,2.2224624464201175,1.0615224360974551,21.515857696533203,1
150.51196801758044,1.1567656897174206,1.0234487440846274,21.618555068969727,1
152.04614060209698,0.9421741441726138,1.309883726717868,21.255882263183594,1
150.45137000396238,1.498886338815636,1.487258884010378,22.096729278564453,1
151.20932210219848,2.238251155815855,1.0924352457647342,22.349018096923828,1
152.29698408349026,1.1517880429284253,1.530577934620442,21.817827224731445,1
151.89484012444677,1.2247974251841356,1.5881071666255653,21.429948806762695,1
150.9983407943952,1.793715947172112,1.806815563672357,22.054912567138672,1
150.99474371635617,1.7537858673229012,1.4205006659831474,20.154253005981445,1
151.30493435539572,2.2186673017656324,1.9037450177191213,20.877199172973633,1
151.42042207709298,2.537606206953496,1.7531872019573882,22.13747787475586,1
150.61135425785412,0.7760690822009975,1.3556861369107032,20.48107528686523,1
151.48515852800688,2.338985290063297,1.942848774118629,22.039854049682617,1
150.27885792121657,1.9594927977131211,1.551129664364003,21.054685592651367,1
151.8548488762224,2.1197714583338434,0.6534077238123547,22.07485008239746,1
151.83366505150607,1.9530125209780396,2.2956194543217867,20.808368682861328,1
151.64270798414515,0.9641763340641863,1.1889611392992785,19.747169494628903,1
150.30888181122185,1.9122620703491124,1.5155908314236315,22.103891372680664,1
150.58316776453475,0.9835733806865438,0.6956203242473161,22.14751625061035,1
151.70914484108124,2.4403777748555124,1.6731247079163794,21.97639274597168,1
151.16652386726517,0.98754396936759,1.448032068501595,22.434818267822266,1
151.89342809315093,1.5920018739946042,1.306490489911582,20.662109375,1
150.8037387791742,1.2099841426292592,2.0117883609897667,20.917022705078125,1
150.85235545937863,2.308704395223299,0.5186599014251362,18.52155113220215,1
151.42253666272688,0.6281752199303775,0.4655441526186798,19.9826602935791,1
151.180584929176,1.6361069965279167,2.167652843446029,20.152156829833984,1
150.44368336283685,2.0490864510986944,0.6689464519284739,20.41747283935547,1
151.5862164591106,2.162965964638442,0.7772441145489118,22.642391204833984,1
151.15634659199648,2.063924462758082,1.570630908085711,20.69158363342285,1
152.0482436307171,1.9930695979933497,1.4629184918660545,21.925518035888672,1
152.1678684401117,2.142898068972287,2.1555493764878895,22.153831481933594,1
150.81916102149796,2.5008437456457315,2.085715271592729,23.198219299316406,1
151.35188831135312,0.610207906704105,1.683988258406958,20.024580001831055,1
152.02208545245432,1.9449689575627596,2.0249176734019647,22.115297317504883,1
151.815350341554,0.7800817097973533,1.3219027749188457,21.470388412475582,1
150.6453601334157,0.7922605337169708,0.8727379215246918,21.937755584716797,1
150.43347927288062,1.0820372368441695,3.3889471008151633,20.61056137084961,1
152.24856424378768,1.69705167309603,1.0052867411030415,20.65926170349121,1
151.28375,1.6384825,0.4706888496875763,20.817398071289062,1
151.4353637853744,2.635083885523758,2.0622196622328732,22.12885856628418,1
151.6242743944076,0.6798933177785309,0.7733295564370712,18.372013092041016,1
151.69620630067791,2.397733361621349,1.60474585128279,20.544301986694336,1
150.9964386797837,2.0160062774595517,1.0202936678161767,21.461397171020508,1
150.81971880550583,1.5029903686551536,1.4631099411403268,22.691308975219727,1
150.84970196383946,1.917708239007561,1.1427055886328832,19.21316909790039,1
151.851755611315,2.0601305540888077,1.5621135459536932,22.559215545654297,1
150.7883730517993,2.3439767944180225,1.9629458177976309,20.03772735595703,1
151.2304938176743,1.4896223279527645,1.100519924791363,21.450664520263672,1
151.6564586189377,2.1278621892545893,1.4247554760945973,21.70361328125,1
151.58167764678092,2.1151290467208717,0.2282532247936969,18.77549171447754,1
151.30704418710974,1.7909504504682168,0.5042482563982441,23.26980209350586,1
150.28196633526636,1.4108878863166832,1.634146442814145,19.868162155151367,1
150.28196633526636,1.4108878863166832,1.6366396271321122,19.868162155151367,1
151.40664663119375,2.3950507343874476,1.0697083279711823,21.13249397277832,1
150.44454404969804,1.2943214029354186,3.06063860889923,21.7392578125,1
150.6208808719223,1.1495726454791206,0.6848362167383435,19.808364868164062,1
152.0292517278093,1.277085357049059,0.9553383684887554,19.9456844329834,1
150.85235545937863,2.308704395223299,0.5186663041908198,18.52155113220215,1
150.41992211931424,1.3876401823009386,1.7763192339644691,22.30304527282715,1
151.4983711440528,2.3609546663974124,2.906912985728857,22.797515869140625,1
151.1320448536776,2.637921696876667,1.548013808599266,21.55845069885254,1
150.81916102149796,2.5008437456457315,2.0857753299959794,23.198219299316406,1
151.33709294909772,2.1869314583918835,2.3895466350932315,20.95107078552246,1
151.44708182765538,1.6867179494668767,2.620238878188573,22.024473190307617,1
151.60198971976448,1.7995499921953393,1.014663591855739,22.463207244873047,1
150.93484627824236,2.0839383639340765,3.0288336817140324,20.71967315673828,1
150.5062953400338,2.0581924640341898,2.003615967904541,18.561155319213867,1
150.96027172076705,0.4636393621845108,1.7285782075949292,22.87765312194824,1
151.31952102881783,2.33603761361682,0.868911100553585,22.009204864501953,1
151.00143194107625,1.6792086314760009,3.097696467540927,21.486148834228516,1
151.52912983303688,1.7688613362884853,1.2509302350348828,20.56555557250977,1
151.9257026839784,1.8014028575336776,2.173232070270412,21.782941818237305,1
150.53666497267497,1.8495631590301096,1.823738528033918,21.851547241210938,1
151.48803820471096,2.5992793329526447,2.3647898474486073,22.405216217041016,1
150.6208808719223,1.1495726454791206,0.684780794696724,19.808364868164062,1
150.63974547130002,1.015540288948521,2.7657211799268837,22.513607025146484,1
151.26323240725455,2.2938413093593586,0.9459399512430808,21.560352325439453,1
151.1847661333889,2.523518693575331,3.405902505628221,22.59842109680176,1
150.9351203876564,2.3372998870367354,0.9627723336254844,20.7167911529541,1
150.7101811195644,0.822101328367449,1.8913243998329696,19.75718688964844,1
151.03381701179438,1.5688901885514936,0.9970124250726772,22.703264236450195,1
151.49550913422362,2.3917850647270464,1.3517885090747177,23.69532585144043,1
151.0045020393111,1.541432317290423,0.9657291216927872,21.465688705444336,1
150.93484627824236,2.0839383639340765,3.0293274966816863,20.71967315673828,1
151.39404767974693,1.4981872429151089,2.2535897787848467,22.286235809326172,1
150.77252515985575,1.584572561554985,2.174095000212673,22.49928092956543,1
151.95501043144543,1.8096202706609612,2.4617109898649776,20.563352584838867,1
151.29538899819872,2.578728461793081,1.6449492504579242,22.142824172973633,1
151.33861051100502,1.6039758875288177,0.9541007394317558,19.91459846496582,1
151.59508300235132,1.3734407887497184,1.602494321597238,21.801424026489254,1
151.078667708925,0.8865271206644566,1.661932302727532,21.700300216674805,1
150.64304807839324,1.8364408658073947,1.5079844922089574,18.677486419677734,1
150.99667685383426,2.369735103265204,3.020755395785313,22.39320945739746,1
150.84386173328355,1.0287726400791248,3.0456698810198146,21.64832878112793,1
151.27847152677936,1.979200338031649,2.141520600935236,21.81817054748535,1
151.2890257491558,2.132685036087567,1.5062156255270365,21.295194625854492,1
150.44750582186737,1.6956527444116585,2.162762020233989,22.19671058654785,1
150.8015914081376,0.9772563145563316,2.0701877206326724,23.257862091064453,1
151.20205181416193,1.811968077892423,0.3717106210805702,19.35489273071289,1
151.28699903507953,1.4189906908545462,1.1409573786980218,19.987091064453125,1
151.83629360021067,0.7610721068204854,1.765521212417469,19.17883682250977,1
152.0787380577233,2.1014411081607567,1.0752046694115074,20.376766204833984,1
151.4983711440528,2.3609546663974124,2.917566965024848,22.797515869140625,1
151.44708182765538,1.6867179494668767,2.620601106267612,22.024473190307617,1
151.5097654640136,1.3430872103270102,3.13234937286059,22.77031898498535,1
151.0731260414097,1.211263967553894,1.7751901097951124,22.894474029541016,1
152.10150999999996,0.78216398,0.7949342131614685,20.332115173339844,1
150.66110506404002,0.8506958018332659,0.785545725055128,19.48931121826172,1
151.20429179535176,2.1150318004974697,0.9877862147564286,19.65586853027344,1
150.9588863977635,0.9138671285001706,1.347007449098904,21.80638313293457,1
150.8912507485298,1.4755851632382582,0.9817214527011454,22.29594612121582,1
150.8075048746948,1.1507006364415713,1.0956809449921163,20.878000259399418,1
151.20429121072874,2.11502856405673,0.9878558947398732,19.65586853027344,1
150.6463894561858,0.9103385246649354,0.8287128310176994,21.620561599731445,1
151.23219463143408,1.889811464236261,2.4836766958357672,21.907291412353516,1
151.36667005271133,2.34351993566876,4.3657720690589725,22.52926445007324,1
150.37163341465964,1.2877362673364503,1.6084231338334198,18.546327590942383,1
150.89893769393345,2.1124673147278155,1.977466962090886,22.48931884765625,1
150.7425731878011,1.9858263777957372,1.6019887246904698,21.578205108642575,1
151.17832667618006,1.4838389070166564,2.9462191589773266,21.6618709564209,1
150.58422412630017,0.6784017823959646,2.360750236065128,22.864118576049805,1
151.23036126176356,0.6155798571199342,2.114054989605885,21.715330123901367,1
151.57571070986188,2.0893669459755637,0.6141687521016711,20.857616424560547,1
150.93484627824236,2.0839383639340765,3.029416265060573,20.71967315673828,1
151.64231804077036,1.9687560127535293,2.5984440265184716,20.618377685546875,1
151.74445026997978,0.9620375464116628,0.7694488995772535,21.14051055908203,1
150.91125952691775,1.9448403711421705,3.6891821647334586,20.907901763916016,1
150.36591146317656,1.8292891426229605,0.9701199987036528,21.560686111450195,1
151.175400638004,2.4888433907960623,2.527217917855521,22.40317153930664,1
151.1494618537252,2.316549394578605,2.486358825065993,23.73578453063965,1
150.44871594305104,1.2320538999348944,1.9426263673489337,21.951719284057617,1
151.99538353992818,0.9480112317866306,2.2563828488354485,23.10884666442871,1
150.27885792121657,1.9594927977131211,1.550779103237248,21.054685592651367,1
151.29100831171957,0.8211743769644274,2.220546871630731,23.65028381347656,1
151.13353965952814,1.906538218597023,2.3904975916282836,19.591552734375,1
151.38235813339668,1.2478247106448257,1.1433390715210086,21.49507522583008,1
151.91374747285485,1.8757337736618815,2.4319883093579464,22.546289443969727,1
151.7960533629531,1.917451918905661,2.505177336537688,20.75449562072754,1
150.19600620084026,1.4161765615743898,2.2548323052234993,20.795204162597656,1
151.47446138277496,2.21998650817074,2.1375053504168537,22.8262996673584,1
150.4843750209549,2.162017870525348,1.6386607965180406,22.41594123840332,1
151.59639714661895,0.5862578075071125,2.9185676834381273,20.911882400512695,1
151.03007838350445,1.344154062546626,1.8529131794390752,20.51624298095703,1
151.93774962994462,1.2068759074833164,1.1918556286836277,20.84521484375,1
151.64231804077036,1.9687560127535293,2.5984500782734252,20.618377685546875,1
150.64304807839324,1.8364408658073947,1.5072735273038738,18.677486419677734,1
150.4912725483134,1.9102575348554909,2.2388834800508857,22.170873641967773,1
151.25676216394106,1.7483203904909654,2.124382350892906,20.13338851928711,1
151.58220484938315,2.51956334200507,2.1319961822776734,22.733211517333984,1
151.1071096497863,0.756589435172575,2.576100899548865,22.586448669433594,1
151.85105536126423,1.9623731573238965,2.1825041841694106,22.85719108581543,1
150.980897238692,0.7617617903398874,3.356812152086999,21.724594116210938,1
151.1617596863864,2.2093181334444187,5.033653906418913,21.49283790588379,1
151.22862237869464,2.382638813733766,0.2763500710062809,20.139198303222656,1
151.4491771617897,1.5634507362719867,2.054809340273981,19.185556411743164,1
151.57146167175415,1.5385122077712976,2.524715476782645,21.08889389038086,1
150.81257213793396,1.5652393867219028,1.1720573150148097,21.605621337890625,1
150.44602042061308,2.043485036086409,1.171397611909927,20.944602966308594,1
150.704148176632,2.297435743769519,2.7407975636890076,21.49570655822754,1
151.6496116488275,2.5521030448148188,3.0799313254611502,23.049110412597656,1
151.27589547280434,0.9492002777728384,1.934484917463807,20.934385299682617,1
151.21403993472012,2.471516423054978,0.9991725466800556,20.028751373291016,1
151.1595315608261,1.580649171556548,3.4091037241132667,20.58684539794922,1
150.3840168834949,1.5724528032878242,1.362684589963647,19.588380813598633,1
151.09859406398814,1.6825987601078622,1.6885650747411738,22.105810165405273,1
150.61046665523423,0.9638843930478952,0.7708790809148754,21.875009536743164,1
151.60198971976448,1.7995499921953393,1.0143890125784083,22.463207244873047,1
150.5504505739694,1.7089457746492929,0.3698790749179291,20.34910774230957,1
152.1451682219499,2.259066729536535,1.2807602030399978,22.147968292236328,1
151.5915481588059,2.279921786067824,2.1136081451370576,22.39899444580078,1
151.68361816366124,1.109615329661367,1.6445611614866569,22.31286239624023,1
152.08190185413065,0.7362682820095962,3.2500008864514087,20.368968963623047,1
151.087569523036,1.6131646923252774,1.0409445436603395,18.55438232421875,1
150.79500595942145,0.9721265210866826,2.237895738760738,22.97551727294922,1
152.18705338472057,1.2926488004199976,2.2733806981313394,21.43779182434082,1
150.91125952691775,1.9448403711421705,3.689140922791223,20.907901763916016,1
151.70302013872052,0.6682352787486643,1.3336113003350092,20.68523406982422,1
151.15835964841153,2.1567460801747833,1.7831445132972976,20.137788772583008,1
151.77962958939358,1.229673692995254,2.1575733057148736,22.97513198852539,1
150.96873884318364,2.497009779757984,1.9959310683147955,23.221656799316406,1
151.3012801974755,1.2648845321908708,2.312386919170073,21.140300750732425,1
151.59777011379828,2.564453618658886,2.310251474883449,20.39788055419922,1
152.1612583496338,2.0618265001774527,0.8945104323055878,20.15430450439453,1
150.78664701973074,1.3879319219123265,2.3256170739998945,20.402931213378903,1
151.5319281414229,2.4649361266332472,0.4580612611589958,19.93323135375977,1
150.9060046212053,0.7093589437699424,0.784860833713181,20.316614151000977,1
150.42730166057913,1.0920267846431662,1.8243793626434983,20.871871948242188,1
150.95574677956654,1.5240298369191403,0.9606829086678316,20.66289520263672,1
150.93453303374625,2.386668110676065,0.6957520652682097,21.044689178466797,1
151.30674,0.67453061,2.5522360801696777,17.5801944732666,1
151.91073962969463,2.156744381816814,1.909196948448694,22.075048446655273,1
152.20595045729397,0.8712991180318691,0.7313828879583166,22.17982292175293,1
150.79719270291707,1.7837558078274367,1.5557068255365676,22.17721939086914,1
151.68936663091878,2.443253959710555,2.0343150351573747,20.364023208618164,1
151.54369052019462,1.7781985423910514,2.5033039045599046,21.563758850097656,1
151.52298024740193,1.643326342843788,2.096980140227752,23.703359603881836,1
151.46153667435308,1.743825409807388,1.4567276043393518,21.26759147644043,1
151.74102911761025,2.5511463624169353,3.6703497787017674,21.792062759399418,1
151.07123897325417,1.2045269889363863,1.7012258994813818,22.281402587890625,1
150.31184821143566,1.977914484130246,2.3511400033320142,21.759180068969727,1
151.40382750715867,1.8584482857923377,0.8132157191927949,22.381502151489254,1
150.40096341654908,1.9119377594318885,2.279793251905706,21.240013122558594,1
151.93135991306107,1.4536728924949167,2.134548758381817,21.53217315673828,1
151.5281123281684,0.96173508349444,2.2430340529208337,21.669832229614254,1
151.0561555354107,0.6466846779239973,0.9542738578986424,22.67162322998047,1
150.97113399646676,1.7623497478707315,2.0371322494312705,19.747371673583984,1
151.4080751155289,1.134461647780874,2.328630503162468,22.442792892456055,1
151.4080751155289,1.134461647780874,2.3282687956585275,22.442792892456055,1
151.41417445984186,1.5109412371585924,1.6001794037263537,23.237716674804688,1
151.2376359058861,1.4933574465196833,2.050608811729227,23.17208480834961,1
150.95415272544858,0.765964114897626,0.8514612340572485,23.038026809692383,1
150.24307695390667,1.8690774560034655,2.0279278503275906,20.56302261352539,1
151.25327754545785,1.9118731821417572,2.49046529720942,23.05193519592285,1
151.1805884804403,1.6361055936087343,2.1676664312221083,20.152156829833984,1
151.62282850251117,1.4121110186242862,0.9780315718407117,22.150421142578125,1
151.4686474961195,1.4794286311649658,3.533239056920135,20.975811004638672,1
150.82247439106553,1.8102955979858433,1.3176269024984557,21.32992935180664,1
151.32933677890918,2.1540265041901177,0.9465085850352654,21.898670196533203,1
151.55712554799618,0.9328693220215108,1.3134650509794872,19.54440689086914,1
151.03841939877427,0.9915021031415931,1.8697045796220584,20.732364654541016,1
151.4491771617897,1.5634507362719867,2.054009952069782,19.185556411743164,1
150.8601901144463,0.5906692441366478,0.6893165905463545,21.7804012298584,1
151.86663102389358,2.0649516518271005,2.154875551554201,22.87677764892578,1
150.6096947023171,2.323086922607262,1.296515593157891,20.475732803344727,1
151.44268075819642,1.7467482653499484,3.38205122323682,22.035093307495117,1
151.72194530236249,1.3274307550434472,2.3020267315108573,18.208240509033203,1
150.65939002798487,1.6296018775635643,2.4991362818472154,19.18088722229004,1
150.71809939754607,1.5554587547199836,0.9375950179638518,21.511531829833984,1
151.4353637853744,2.635083885523758,2.0628581900769793,22.12885856628418,1
151.3872591019575,2.118971463059354,1.7939260895758795,22.802274703979492,1
150.9713301305309,0.7323562720143615,0.8865497188989968,21.224742889404297,1
151.3918663391503,2.1059617324389497,0.8254386783560418,22.613061904907227,1
151.20932210219848,2.238251155815855,1.0919328633369216,22.349018096923828,1
150.23559329704065,1.2219595907084913,0.5200508387412116,18.093332290649418,1
151.66205395128114,1.828110733763642,2.11350134537168,21.50914764404297,1
150.9091242394831,1.0914822145615242,1.6738393307562678,22.064769744873047,1
151.21759722263414,1.609859879375531,0.8142120727568347,21.602294921875,1
151.0754648431902,1.888400345210261,0.9999010052899812,22.172199249267575,1
151.25327754545785,1.9118731821417572,2.489154038113753,23.05193519592285,1
150.70056871235062,1.3339770544497238,1.821872589090689,20.81576919555664,1
150.93484627824236,2.0839383639340765,3.0206412215578475,20.71967315673828,1
151.3363734938772,2.0463744516842413,0.7433810994597942,22.218257904052734,1
150.76218479251895,1.8690415931586055,1.805261587581963,20.168888092041016,1
151.87431240819006,1.6671224595914924,1.7661463641251145,22.24256896972656,1
151.67762,0.56163951,3.2481119632720947,21.33102035522461,1
150.97138715224537,1.548880285694764,1.2165375943703995,21.283601760864254,1
150.346344837503,1.3745262123792772,0.3166059265131171,19.96959114074707,1
150.5464802102346,1.3745465474619831,1.7682320763628443,19.752777099609375,1
150.92804852072135,1.7465844338322742,0.9857660108828268,21.749773025512695,1
150.65939002798487,1.6296018775635643,2.4989437555651413,19.18088722229004,1
151.71191455542456,0.9474062453705822,1.5835063389510953,21.757095336914062,1
151.1733755999373,0.641051155543276,2.046211551074479,22.553333282470703,1
151.30526007621486,2.588940347899011,1.5177309620327255,20.285552978515625,1
151.31955602785138,1.7118988192531828,2.0982884273775895,22.35558319091797,1
150.58112010532105,2.221037541492622,2.0248998085752348,21.98919677734375,1
151.07342533552628,2.225152216905828,3.106054203141785,22.367839813232425,1
151.1916622537862,0.7068652554129603,1.086911923308454,22.024240493774418,1
151.4482053370573,2.0087573902704836,1.1800898379004048,20.942672729492188,1
150.4225637325641,2.014120853060023,2.287228658604665,22.011146545410156,1
150.32605544189468,1.3081287366351235,1.7736495695291297,21.977025985717773,1
150.8081490111462,1.2435907974227822,0.4292280367262925,19.744884490966797,1
150.531869590877,2.188898177016951,0.8292162825724422,21.56343460083008,1
150.52930089642794,0.9572915423300722,1.695542455459928,21.703798294067383,1
150.8018841417786,2.0005054435769045,1.7901069622219743,21.366849899291992,1
151.20393905925215,1.8950254675003448,0.2248924132903725,18.14272689819336,1
151.33709294909772,2.1869314583918835,2.389988738818271,20.95107078552246,1
150.5920489517581,0.7031608587922455,1.8368952067411424,20.4116153717041,1
150.38378415269278,0.883139291606977,1.06842257737134,21.321613311767575,1
151.23219463143408,1.889811464236261,2.480766939188261,21.907291412353516,1
150.355460226923,1.472316667625967,2.6076799001374407,20.287548065185547,1
151.76275068408592,1.3929568075835284,2.0143156523351227,21.122718811035156,1
152.15445877828776,1.4304151416226414,1.7154562513596403,22.549335479736328,1
150.96242272905474,2.041020097601165,0.1248298380981047,17.249160766601562,1
150.49808524973002,1.4139241161350715,1.4782960629439892,20.659408569335938,1
151.64009112434968,2.5792668995886507,0.9952301524149374,22.701858520507812,1
152.15273866203108,2.261827317616506,1.6136835612409306,21.40576171875,1
151.2547533959625,2.141683708967229,1.2452950494739607,20.774084091186523,1
150.28579767640022,1.0712790567606556,1.2168638005938703,21.37389373779297,1
151.30526007621486,2.588940347899011,1.517402681906675,20.285552978515625,1
150.83680330915013,1.98803184236329,2.340974040193364,22.125696182250977,1
150.75245547519737,0.7619398280262852,2.220947185551277,22.872438430786133,1
150.53236000000004,1.2575395,2.5194010734558105,20.529722213745117,1
150.19386241361508,1.44661098248125,1.8373398493468989,22.73699951171875,1
150.9713301305309,0.7323562720143615,0.8935531579774055,21.224742889404297,1
151.21403993472012,2.471516423054978,0.9990483472434476,20.028751373291016,1
151.33233239462442,1.7169320730511142,1.6851836871941706,23.220394134521484,1
152.07614664659565,2.089667723522476,1.917477861321861,23.380556106567383,1
150.75063954193942,0.9811777975413538,1.6934825604578831,20.891931533813477,1
150.47854713734665,1.61959418315389,2.021558568216416,22.23253059387207,1
150.43594152097296,1.302041666443914,1.1471309103122471,21.632644653320312,1
151.42799970183995,2.254724389060899,1.1344186369491904,21.90522003173828,1
151.58572954289832,1.514387569054501,1.8647869561827144,21.65627098083496,1
151.9154025788429,1.8121780213318448,1.489877124087482,20.333337783813477,1
150.35942229442716,1.9363963763903749,2.376950375342105,22.56707763671875,1
151.2380530188951,2.200327537306348,2.132277484957235,20.79716110229492,1
151.50298073771668,1.0917136559008729,2.416192198028099,22.82655334472656,1
151.94581,0.62785065,2.4707770347595215,19.99905586242676,1
151.83055904516817,1.2680475104026647,2.41027688828237,23.550695419311523,1
150.97686420305223,2.146496556960861,0.327432092277547,20.19833755493164,1
151.47446138277496,2.21998650817074,2.138981952886964,22.8262996673584,1
150.57489087093222,1.9767521557269605,1.5412893626024189,21.38524055480957,1
150.9091242394831,1.0914822145615242,1.6722149928314607,22.064769744873047,1
151.9049317839399,2.128745142418087,2.3078783279043766,22.40045738220215,1
152.16588306259115,0.9252547474579316,1.0985976820389656,22.210378646850582,1
150.5400564639182,0.9468398013743876,0.3574497844713275,18.987470626831055,1
152.3108475489448,1.1148471080031226,2.543797681819559,21.91662979125977,1
151.13731511012122,0.8126817448306826,2.8451014609405108,22.7993221282959,1
150.81257213793396,1.5652393867219028,1.1720588834003025,21.605621337890625,1
151.32470977251035,1.8465845108350023,2.620390106834359,21.681713104248047,1
150.355460226923,1.472316667625967,2.60854577005593,20.287548065185547,1
151.55983236726593,1.6542805008155814,1.2696360202089212,20.97944068908691,1
150.49247117374813,1.4598986218449097,0.5389565158101547,19.30433654785156,1
150.93095489691436,0.9249997938164548,2.7151964227019874,20.933513641357425,1
150.35509809391155,1.1193806933824026,1.6637961326035815,22.023334503173828,1
151.88486907753827,1.762342119837505,0.8318643822975218,21.63673210144043,1
150.98825101964422,2.444116813708163,1.4856433456182907,18.980199813842773,1
150.98770342754824,1.0364631553100314,1.8831534763840587,21.950420379638672,1
150.89913245027665,1.7246819276288556,2.070092978512012,21.441614151000977,1
150.9096028211737,0.9367535545516328,1.163589438608012,21.962064743041992,1
151.05125160782083,0.6637688502147361,1.2895548805438035,19.874116897583008,1
151.30660131709763,1.8809637172424136,2.3904136245372607,20.35055160522461,1
151.55464609697734,0.9362269716802034,1.4218923921267674,21.812196731567383,1
151.69926477051587,2.2246694437048338,2.463825316540762,22.086204528808594,1
151.30660131709763,1.8809637172424136,2.390575047495885,20.35055160522461,1
150.7151040626868,2.4848209499037264,2.0041788536339,19.469518661499023,1
152.1910752066822,2.0600666554968754,1.2059758727888612,20.43017578125,1
150.65218506746152,1.0346638428500747,2.509229177461779,21.58931541442871,1
151.91912222076374,0.6348696785118372,1.635441516865724,22.290943145751953,1
151.52692985878252,2.245951829924439,1.186793005256759,21.73384666442871,1
150.31994148318543,1.6815471848640282,2.0551297197142326,19.77949905395508,1
151.63162889422847,0.5668346932249095,0.8761680475274098,23.029953002929688,2
151.26494974246953,2.022429718779566,1.4615478327033722,23.12456512451172,2
151.07570787868318,1.9624145046271544,0.1836623597630108,20.490554809570312,2
151.28735383615495,1.2158204966906736,1.1870206677368669,22.478853225708008,2
151.68102558999567,0.6681850436727874,0.509276367895157,20.23998260498047,2
151.19371733304976,2.338243105551597,1.1932101373885735,22.64183807373047,2
150.64803620943812,1.4877218702914188,0.3709628819664985,20.015012741088867,2
150.4673918443397,0.7767097779766106,1.4086890735623872,23.748369216918945,2
151.44139993887543,0.4223992541189929,0.5663404066603676,19.504682540893555,2
150.9202760603373,1.023795861850845,0.8517148481244775,22.660871505737305,2
150.42985776831006,1.951324911486181,0.3208418263022801,19.91541290283203,2
150.8152587728124,1.704989297232403,0.3370962751445751,20.19869804382324,2
151.71411853494246,1.250171322880815,1.255836212297193,23.30284118652344,2
151.12127295801437,0.943352664917767,0.0978881667097328,19.199308395385746,2
150.2490071476137,1.1547958098275546,1.4597680085088256,22.388010025024418,2
151.3061538953415,1.237551739970441,0.7800972025420729,22.782400131225582,2
150.22327848071956,1.536931804784257,0.2228707120803444,18.56402587890625,2
150.39588277354775,1.2284036808102368,1.194469959200805,23.394702911376953,2
150.72251854855412,1.251672632432063,0.7838714018382142,23.03179359436035,2
150.6197516957992,2.1736194323411473,0.8704460138420346,22.762365341186523,2
150.93169296190024,2.4430942504933952,0.3845927353698756,19.933940887451172,2
151.1913617286075,1.6300634700404752,0.0982021834092531,23.713851928710938,2
151.6483436948986,1.527383945352009,0.3116552982790624,17.862937927246094,2
150.48446571851406,1.4077726079960775,0.369768114544069,19.528663635253903,2
152.19485891041847,1.0562298451654468,1.261267789887132,22.40344619750977,2
151.61812180147757,2.2970676720272065,1.362742375414271,23.29582405090332,2
151.27013471713477,1.8464201522949852,0.2683713909220597,19.7828369140625,2
151.43751080421686,2.5162613988302582,1.136382158710148,22.32857894897461,2
150.20277899971947,1.5730085900034505,0.3601726662148835,19.50246810913086,2
150.6401384239546,1.169867714256375,0.930261556807104,22.69278907775879,2
150.85786444846616,1.8527726133964295,0.3708100220798573,19.92609405517578,2
151.6891056441347,1.7418119015950426,0.1225285515341358,17.4885311126709,2
150.7631698671731,2.1893936866542867,0.8313448757208155,22.87274169921875,2
151.35107349511895,1.3269577527510783,0.97912684707811,23.449296951293945,2
151.28028702539004,0.874430389978367,1.1212062486918704,22.78426170349121,2
151.5580964465632,2.1623352743813395,0.1801468548512407,19.517173767089844,2
150.76939297378843,1.9792937991427009,1.6150590641254532,23.116622924804688,2
152.14566900325053,1.5528478307515516,0.8619448803353366,23.31745147705078,2
151.48635440368506,1.1405295167633998,0.9537659600598554,21.831321716308594,2
150.92833087236497,1.5057847733989411,0.7883542509933702,22.918060302734375,2
151.0114826006016,1.7060152181571369,0.7875937210226225,22.474382400512695,2
150.93812614587802,2.3948737074305457,1.0318560934067582,22.421052932739254,2
151.2039646699559,1.012385644205997,1.163481542236861,23.588258743286133,2
151.84478610573305,0.8410680553493434,1.5815591904148,22.92641258239746,2
150.6492024568949,1.214188733694976,1.3783741353830794,22.27373313903809,2
151.13650321422156,0.6557291705924161,0.8349341583311997,22.380342483520508,2
150.82805,1.59917,0.6273374899287497,21.89854431152344,2
150.79574923703348,2.3871758368514624,0.1758724165702477,19.009153366088867,2
151.00675528173156,2.4559079782479865,1.3113732504035325,23.363712310791016,2
151.79888067474224,1.419928979894611,1.5200961862317313,22.63852310180664,2
151.4831066863286,1.878247845042867,0.93998364838591,22.82283592224121,2
151.71219811645793,1.8004312110761993,0.1716874451935977,20.24368476867676,2
151.26497896044103,2.168876409352173,0.9817427188699972,22.10294532775879,2
150.22751376395163,1.7945080552803756,0.8072282278768049,22.70866584777832,2
150.77040907039785,1.065415210209988,0.2154740887150126,19.42020797729492,2
151.0154416617474,2.3817636803507782,0.0715731324974476,20.43680191040039,2
150.1983959341516,1.671798760723209,0.2156868640069672,18.57427024841309,2
151.62551464185978,1.4651259951976243,0.7796629931002136,22.776660919189453,2
150.68691409261598,1.670832254906584,0.3628011376534466,19.107725143432617,2
151.32208204533447,1.3818785977833463,1.0155471329217574,22.369638442993164,2
151.19589285897788,1.9399407611183108,0.1247953840586031,17.96402931213379,2
150.41811227282662,1.9804959281102512,0.9246290820636932,23.204559326171875,2
150.54109284832177,1.4234021428279964,1.149947933161085,23.331863403320312,2
150.9328705216513,1.249736120015679,0.8232226101081928,22.589191436767575,2
150.8583164151106,1.5025834932078816,0.9795940162874256,23.324647903442383,2
150.36410917112298,1.6329304093077024,0.5249744264422435,19.364959716796875,2
150.3279736453928,1.6117046104410877,1.1046949973976965,22.462671279907227,2
150.8405885384576,1.0191855719281604,0.7257033621606633,23.262115478515625,2
151.12029843228552,0.4985391156793146,0.136762088694403,18.044498443603516,2
151.44998959653037,2.586938462526799,1.2888713230128286,22.982545852661133,2
151.52346290846256,1.5516378085670204,1.3200162765019696,23.879863739013672,2
150.94207068421912,1.179323090991364,0.3900024372056792,19.78439712524414,2
150.3520677749372,1.1232237037771742,0.0922119808983874,16.4132080078125,2
150.3233384823299,1.5367017533246017,0.6798023596918159,20.488786697387695,2
150.54234541560592,0.8720519680987812,0.735944624684524,22.906558990478516,2
151.13564862970054,2.308254525574424,0.981742748573578,22.201496124267575,2
150.85713339059933,0.5434574513303247,0.9311882674929692,21.518566131591797,2
150.8620302385286,1.3399522754862934,0.99143533385933,22.618900299072266,2
150.5190583685667,2.2620830837703374,0.923740029600855,22.860305786132812,2
150.7853518084379,1.0750816983921898,0.3360972359782109,20.64110565185547,2
150.8054588608947,1.3797489406091756,0.2473079733373004,19.05104637145996,2
150.66652999726006,1.7575136931310773,0.3146069058565905,19.817182540893555,2
151.5512548521107,2.00136363939408,1.4932030285978457,22.227537155151367,2
150.6130648924865,0.7520313954005218,0.9382591168728864,22.347681045532227,2
150.6943285454699,1.3317680548308148,1.2142048370395844,23.50750160217285,2
151.5716473561609,1.658529960246148,0.8289456190127047,23.164819717407227,2
150.6180154557261,1.471581847864501,1.1177185098328926,21.72237205505371,2
151.31190910325293,1.8101987553360943,0.3738647684006626,19.70294189453125,2
150.76656616144996,2.2428529625284788,0.1940929192745422,19.680185317993164,2
150.23225,1.74092,0.9829639504271932,23.60727882385254,2
151.4563193967688,2.0578946330963657,0.8309530521029207,22.708097457885746,2
152.09550752754103,2.040459523983231,1.071103049297219,23.180580139160156,2
151.80331132821794,2.075565716510964,0.9143701586091356,21.722455978393555,2
150.50598050097452,1.1653663395840357,0.424154148540985,19.54814338684082,2
151.1443483169044,2.0495805434000056,0.9644266415612948,23.06196403503418,2
150.64803620943812,1.4877218702914188,0.3706273437229014,20.015012741088867,2
151.8578751361508,0.8652307306335146,0.6810863056080494,22.147045135498047,2
151.08196537284618,1.356352627998313,1.2041833785630227,22.286779403686523,2
151.735259428796,1.0694127428091154,1.1323540059025958,22.861961364746097,2
151.57708283750063,2.0796409059431133,0.7424177985735148,23.43353843688965,2
150.987477490988,1.2893249257564268,0.0981422802636541,17.732807159423828,2
151.02013908458926,1.6023718012883572,0.2028372026591202,20.196264266967773,2
150.66429023618633,2.428589923651036,0.7556227423716637,22.71601676940918,2
151.04384582466054,2.159854748944664,0.8585593888977637,22.701980590820312,2
150.18873833320865,1.6465213873662752,0.2205539198402119,17.2622013092041,2
150.65767485627424,1.52507706427408,1.0647045630044825,22.865083694458008,2
151.5686618686309,1.9653026165948624,0.4503451587652319,19.884519577026367,2
151.3389645884334,1.538315655445991,1.1431799257147557,22.88802146911621,2
150.3519293316,1.8023591967895851,0.2997540848385949,20.000892639160156,2
152.01451547717994,1.366951145947573,1.0946713510684312,23.466575622558594,2
150.68297172900864,1.50549225498997,0.2204637090893755,19.05146217346191,2
150.34354393890763,1.919879671977382,1.329334880062402,22.64288330078125,2
151.10637771630346,1.9454444400801871,0.8376251884517505,23.427474975585938,2
151.22553737494087,1.084744555677158,0.1764334970326042,19.60828018188477,2
151.06451598631307,1.8562088700088837,1.120008301016316,23.17975425720215,2
150.3695053715834,2.155745829843118,0.2104239949232204,19.121187210083008,2
151.12801204686363,2.612332277305844,0.967157591362944,23.290712356567383,2
150.39658695773932,0.9621380888699426,1.0837580636332211,23.02271842956543,2
150.5250392487348,1.4959599574251832,1.1074605163261622,22.681947708129883,2
151.75754776369484,2.490762385667642,0.6683223389546996,21.16045570373535,2
150.6095529054731,1.9301049512394075,0.8423671300047247,22.14455223083496,2
151.00762389847586,1.3173257357313182,1.2281064159699795,23.44786834716797,2
150.9779284555942,0.4704142651123039,0.9586905803534744,21.915597915649418,2
150.43230867529263,1.6867198180439815,0.2185753342363459,19.388511657714844,2
151.56488998965597,1.8210509609733243,1.143722742306995,22.63395881652832,2
151.74501426500132,1.8197492004426397,0.000895500534646,17.853376388549805,2
151.20508436049113,0.4586958539114874,1.0314863613490617,22.622772216796875,2
151.4654228258464,1.8465865489844775,1.520960132804938,22.750368118286133,2
151.37910383172877,2.1142077041009704,0.2179483568557441,18.487619400024418,2
150.576658944525,2.255486608834621,0.6718090194218023,21.069730758666992,2
151.48692622076717,2.4025523253117673,1.3505409537408133,22.94724464416504,2
151.32995123736808,1.3589991860134902,0.9908708523110312,22.670177459716797,2
151.49828966833255,1.2350108046676973,1.57966755179405,23.09309959411621,2
150.20048758030734,1.5963637626098612,0.8587358950488307,22.023998260498047,2
151.159461355112,2.1379049723929016,0.8131598944690379,22.355533599853516,2
150.37796698319485,1.1297410191907304,0.0919617897113415,18.363752365112305,2
150.71538635145563,0.8777826160823284,0.7121908350429276,21.317663192749023,2
150.56541878831138,1.1198428560923317,0.4353149595100256,20.023862838745117,2
151.1317204293932,1.1416715300624125,0.2824982744123293,19.18292808532715,2
151.5949494399876,2.063184929716628,1.4817112082883588,23.342409133911133,2
150.8634072980019,1.9704195811714185,0.7131757700787684,21.986766815185547,2
150.42765910973506,0.8909598934655287,1.3667934065613172,23.517803192138672,2
150.57412789778715,1.4481582440500642,1.3942859605917182,23.61894798278809,2
151.84221102269998,2.3031791279696376,0.8327065998285778,22.63269805908203,2
150.540518134314,1.9538127289993352,0.3096802795421191,18.92473030090332,2
151.70979316607156,1.232673602468077,0.1828720572008617,20.189085006713867,2
151.97804471429518,1.1941117327059538,0.8959352209445827,22.640636444091797,2
150.83890684790327,1.6133875801902553,0.2186967064230914,19.632570266723633,2
150.70024271663652,1.4071309862090116,0.9296019920740756,23.740880966186523,2
150.81439433433803,2.0954365041956895,0.0058409230609238,16.91710090637207,2
152.18301077724567,1.1846201402048175,0.3195574612135229,19.993547439575195,2
151.66609968883168,1.0785289486944845,1.1917007062857623,22.488765716552734,2
151.58304618883517,1.8088773072876068,0.1226536372674388,19.199169158935547,2
152.14668847700003,1.0128857218296317,1.0193289096529463,23.47925567626953,2
151.5004590819442,2.4018612145259524,0.7369094300506264,21.68695068359375,2
151.58973039520006,1.8872808337665363,1.156196864163345,23.01707649230957,2
150.8281526742552,1.056045783933541,0.0971521578824437,18.78279685974121,2
152.07875387386483,2.217677350947931,0.3694180340914335,19.859973907470703,2
150.87287044380324,2.25513244797444,0.9763404910529708,23.71489524841309,2
150.94693743644504,1.8495300222612905,1.1462944916184514,23.67704200744629,2
151.6823287021426,2.152306459236113,0.9272377610893664,22.05885887145996,2
151.14595885209846,1.4265356888671326,0.1761278456092911,20.779258728027344,2
150.55068552185256,1.3612900993156956,0.4387409494748547,20.415319442749023,2
150.41161544228424,1.851913295982894,0.9736983365306404,22.931297302246097,2
150.95103642254224,2.550133171261391,0.6096780636806638,23.0319881439209,2
150.71013241249935,0.90875974120943,0.3589604006605488,20.484514236450195,2
151.20837599245706,1.6081461169666704,0.1832341756447672,20.053386688232425,2
150.44594919301468,1.6168807377595371,1.067284147800068,22.93525505065918,2
151.47600214286555,0.5839959858020948,1.123038144378352,21.74797248840332,2
150.60493079187043,1.754550528029414,0.2671532729317204,19.259815216064453,2
150.39205890997917,2.1582623699182046,0.1299048998320304,18.448505401611328,2
150.49065089303056,1.1852792635707894,1.0560566183818954,23.34842300415039,2
150.57001649044926,1.8920647967000448,1.16012801447662,23.749963760375977,2
150.86571154709335,1.8437422248692923,0.9739503119978848,22.8012752532959,2
151.54292528049135,1.599810409918683,1.15901454052991,23.09920883178711,2
151.08844023530827,1.035582195019572,0.9815752735024104,23.481199264526367,2
150.70316274348525,0.9930390078566332,0.6172814404460217,21.32207679748535,2
151.22022449102926,1.0867558092197462,0.1765719431947653,16.505542755126953,2
151.23432860494313,1.5769819519209023,1.534157589254595,23.39744758605957,2
150.64244271147493,1.167716878477664,1.306316175231981,23.695762634277344,2
151.47527573487457,2.490189966901127,0.8250948343082213,22.82249641418457,2
151.13952746624963,1.5732038035216347,0.2664787651669632,19.79212760925293,2
152.2000560883704,2.0081900187543273,0.8070012181746664,22.74384498596191,2
150.77016892023929,2.41921012001209,0.1778086476845385,17.49485969543457,2
151.24018533602225,1.812772697636141,0.8204543469297689,22.289405822753903,2
151.1338226721273,2.4578857025858656,0.7145382740096998,21.415714263916016,2
150.9290561337262,1.0133728463858196,0.8589978055071286,22.837711334228516,2
150.44724685614085,1.0473320597972566,1.3781798769196163,23.53298568725586,2
150.4112201842032,0.9360446766300364,0.9278174527870138,22.17372131347656,2
151.52512645397593,1.6035184163984344,0.6789595149250911,23.357074737548828,2
151.48461275526034,1.9389488227265743,0.1838271753906565,19.85378646850586,2
150.7706106437059,1.6520674550521373,1.3197245522864844,23.609764099121097,2
150.68691409261598,1.670832254906584,0.362895010227708,19.107725143432617,2
150.74155668996343,1.8477018409615051,0.9689884306936416,23.308263778686523,2
151.25086248073958,1.5633489600794903,0.9380526948664748,22.639678955078125,2
150.36388710290353,0.9755014835668658,0.4379013782359264,22.873554229736328,2
151.00135918489104,2.352693042270939,0.6236311320833829,22.99605178833008,2
152.25644831082943,1.3121030230149535,0.3300590156857765,18.97852325439453,2
150.3718739755543,1.7805884010978144,0.30813635307184,18.897218704223633,2
150.4763079680165,1.820634795548548,0.3224639089650076,20.227306365966797,2
150.7718007368258,1.4610787457202743,1.5050569195166612,22.940128326416016,2
151.68920000000003,1.3607757,0.5060405731201172,21.441999435424805,2
150.99634324178808,0.6362692921273357,1.2768454645791532,23.48674964904785,2
150.5531071699353,1.0124867908394093,0.1728100168789931,19.10068702697754,2
150.70034925237005,0.6748222808174535,0.303898117177135,19.97886848449707,2
150.53555351081033,0.9515410425346922,0.9275333760847508,23.198495864868164,2
151.5207121717858,2.0088818126003525,0.983176108399802,23.361196517944336,2
150.6504157580676,2.2886270849753148,0.1193565291569476,23.337251663208008,2
150.8905244015057,1.6240345323832852,1.3400876286204153,23.28517723083496,2
151.37425890614725,1.8970393395536296,0.8244043254247639,22.698022842407227,2
150.39505824603268,2.071916565236409,0.1659771196375998,19.38839340209961,2
150.6279382325025,1.93516485905499,1.2950167416006009,23.64855194091797,2
151.59113101407357,1.912713435651409,1.2077888697674082,23.9635009765625,2
151.74422153099135,0.5798451076094858,1.0398307781456406,22.56893539428711,2
152.03487845975974,2.223228567097058,0.0463418823842103,17.133583068847656,2
150.43777425531897,1.210626960311808,1.4249080181540843,23.19317626953125,2
150.79339676313788,2.5017687219224167,1.2619121498025674,23.187135696411133,2
150.65767485627424,1.52507706427408,1.0646377206274666,22.865083694458008,2
150.98663926404532,2.1461308309147,0.9036778418985888,22.955093383789062,2
150.7130863020185,1.1779030946834774,0.081945582585672,20.989418029785156,2
151.25716013262638,1.9493085672234507,0.9246236839943393,22.516277313232425,2
150.84197485465594,1.4324143927139912,0.2538715712716818,22.19664764404297,2
150.7951226912867,2.455290639961157,0.9634920733022636,22.81639862060547,2
150.40957290689946,1.4102688341576366,0.6765800297061366,21.75520896911621,2
151.10843138295434,2.0174944747420884,0.122088193708292,16.074504852294922,2
150.37729368029787,1.319316290592332,1.4286983075041748,23.279117584228516,2
150.63906832525282,1.5508465469445785,0.0974464833360257,23.083330154418945,2
151.29555028292174,1.611558482616788,0.0425736908205927,18.641706466674805,2
151.93941005618183,0.6142965335107072,0.0972259467140731,18.200138092041016,2
151.47867885402337,1.8877761085326297,1.4573377933635303,22.51302719116211,2
150.30210772624704,1.7392384982705922,0.9903490785369544,23.3393497467041,2
150.87980380068564,2.404495092422039,0.9192787091564132,23.473939895629883,2
151.5222170353277,1.833445035834958,0.2127564165416295,19.03844451904297,2
150.46200195321842,0.7793927127109244,1.0073101111894276,22.03111457824707,2
151.12465957228886,1.7547675956313324,0.9392310524183296,21.844444274902344,2
151.03420689919372,0.5210169131956581,0.8081203314233217,21.17281723022461,2
152.06735841128207,1.79692761795099,1.260168689542922,23.632789611816406,2
150.61189967251866,1.0842643219347676,1.2500664127077226,21.953907012939453,2
150.59688026597985,0.8684485537001558,1.2229655918488274,23.29055976867676,2
151.05182176125246,0.980995626821114,0.969242606759592,23.25174331665039,2
151.00510955807007,2.382681080339914,0.978899585978117,20.994152069091797,2
150.58584179892495,2.3710475533656163,0.438532463099951,19.952438354492188,2
150.34616296380128,1.130670915535345,1.6212856109399902,22.26813316345215,2
150.70763963945714,1.4141283548405328,1.1840204528906402,23.021459579467773,2
150.987421930379,1.5317080597307362,0.7991360981927335,22.44745635986328,2
150.97193163651755,0.7711473553998953,1.284397673118706,22.905242919921875,2
151.03569488856198,2.1800276703177235,0.8391004768637722,22.971763610839844,2
150.90271864315756,2.5797977402223933,0.3511162136108816,19.373512268066406,2
151.20886874101376,2.3593661162129096,1.0998929655684018,22.47270393371582,2
151.28469476994218,2.034680139392569,0.9365316989055597,22.81473922729492,2
151.89035835340633,1.0338382726213975,0.1834086054879032,20.229490280151367,2
151.38324863715238,1.1871778945630946,1.5911726787814775,23.252283096313477,2
150.4232313806721,2.2202601430346625,0.7410899535498294,22.289628982543945,2
151.58875930310504,1.7436784088502173,0.4312040022623788,19.583415985107425,2
150.75013593809894,1.824590044252015,0.8271456608035453,23.247739791870117,2
151.20207070973262,2.1565813953684794,0.8849278528162058,24.28411102294922,2
150.8269815839044,1.987985106287657,0.3074572244694766,19.310903549194336,2
150.65816886188165,2.0683519747770984,1.102803105234107,22.841951370239254,2
150.66725198939767,2.346551692621615,0.9815029168273294,22.59501838684082,2
151.82666508682544,1.2412333515990814,0.0452034738905143,21.871437072753903,2
150.48860614342834,1.540287590879299,0.0999618115244467,18.17660903930664,2
151.04250255944743,1.9185817738919195,1.4352407736862485,23.447975158691406,2
151.07515761965325,2.470431941954583,0.771890663367236,22.998695373535156,2
150.60083506825964,1.7995140463580126,0.7742287359061362,22.5072078704834,2
150.51993090115036,0.8978513146203326,0.3818592635987309,20.043352127075195,2
150.88694582100825,0.6689274568613571,0.1645642463104751,18.78153610229492,2
151.15462178400313,1.7152067863808165,0.9273430880262838,22.894460678100582,2
150.9666597796018,1.0952438401191185,0.0456038084069467,16.06461524963379,2
150.73905069468793,1.2121559364903614,0.2671245596092366,20.232568740844727,2
151.62420360547287,1.406552430746659,0.7243045490269281,21.48780059814453,2
151.95664983386928,0.7769097783714141,0.0946017041982559,17.58502960205078,2
150.47110950563658,1.945876778445776,0.8372939938629559,22.49977684020996,2
151.15808761192335,1.7382652198651718,0.3931026533659695,20.258522033691406,2
150.27531803770688,1.8706359703043864,0.2740007467013911,19.786073684692383,2
150.34595094922526,1.935685575663398,1.601419093311807,23.603403091430664,2
150.6394303909725,2.1029898234165945,1.4730435336484105,23.363622665405273,2
151.5794196189034,1.948971097602229,0.977772337910502,23.245567321777344,2
151.21950900325302,0.5282856312461276,1.2294885028654303,23.48426628112793,2
150.64234940186822,0.9576203578302884,0.903996300121101,22.520254135131836,2
150.5661823300605,1.115390166022639,0.8684632511825613,23.107072830200195,2
150.64651985546556,2.1291122255675368,1.5489022680499485,23.858444213867188,2
150.92685341535693,0.98424574621729,0.3097544618513305,22.91948509216309,2
150.4542971545243,1.7323497560620131,0.9429605949731564,23.06783103942871,2
151.11432563891532,2.6205084585716896,0.2177121926075302,19.24697494506836,2
152.1993778230001,1.1471699441098353,0.2494967008987102,19.542186737060547,2
152.32403423015575,1.7638574950212904,1.2115322339058776,23.571001052856445,2
150.6873652502734,1.7634260730625215,1.1741768478569563,22.885414123535156,2
151.16850776519425,1.7642227646459598,0.0317886217135126,20.556047439575195,2
150.70579703763715,1.1039236425471255,1.2255700644909695,23.1735782623291,2
151.17907320718123,0.7565584537123587,0.0462377290712925,18.749605178833008,2
150.79412392987945,2.155870504278285,0.9763155226437388,22.56707000732422,2
152.4088465463341,1.311398891552981,0.220345179747199,18.23838233947754,2
151.1429481443848,1.59093017340657,0.9139037823332956,23.302122116088867,2
152.10564384590865,1.6780787734645264,0.6299522396494265,21.366477966308594,2
150.37923837273806,1.340013844109899,1.1014091082893465,23.16701889038086,2
151.69127416679086,2.2774227756936116,0.91456036049098,22.631851196289062,2
151.22296680299073,1.297877352269161,0.6623421986902189,21.672664642333984,2
150.24863862751016,1.820632571693494,1.3838323419747929,23.537372589111328,2
151.1976792483861,1.4594135768476653,1.1344465096375431,22.594003677368164,2
152.01286947238046,0.7863122231077531,1.0407666084046243,22.698970794677734,2
151.60403582834545,2.1434430142382555,0.7504702979960973,22.309371948242188,2
150.9210113418866,2.0374282605225105,1.3963494402136694,23.04193115234375,2
151.3047692287002,0.4194925925074373,0.6959635602633152,21.203569412231445,2
150.65472,1.39299,1.048993291957837,24.31553840637207,2
151.7867767885296,1.568299281920715,0.7393647596782456,21.580286026000977,2
150.74241020947088,2.0054353131112497,0.9019900264083732,22.76922035217285,2
151.61332972659164,2.609196918224963,1.4472177716967365,23.148956298828125,2
151.12274162018247,1.2428818735111735,0.9194764739360014,21.99821662902832,2
151.31746522454588,2.394184018616898,0.09336089738904,16.209632873535156,2
150.95202891676095,1.432822156099177,0.5005715960268693,20.084491729736328,2
151.4630330023439,2.4819784022218268,0.3316717814486563,19.990821838378903,2
151.87524568388574,0.7817894756714803,1.4657122235479003,22.98616600036621,2
151.51716999999996,0.50704205,0.6713964939117432,21.65761947631836,2
152.19526795551894,1.4289241637015755,0.2496591273123929,19.200469970703125,2
150.54400791157653,1.1851422838301136,0.692671698600562,21.153745651245117,2
151.47758407814047,1.650376487324505,0.9439986981001338,23.57852554321289,2
151.02129203822972,2.021144297407076,1.1376093799766758,22.67496681213379,2
151.04454578696672,1.7103335607665966,0.7437929944067673,21.543611526489254,2
151.22333156693966,2.4371114713527597,1.0576511430505733,23.106372833251953,2
151.606416365657,1.2866053434471791,0.5850211045610983,20.34113311767578,2
150.6852453651055,2.4541497408986963,1.0913586756553488,22.329669952392575,2
150.5814773481178,1.450598786024906,1.4927634013714164,23.21875,2
151.44591167504376,2.2466252899139585,0.0461228134165039,15.534272193908691,2
151.53655209708404,1.82021630545985,1.24930943886517,23.00098419189453,2
151.44570524303154,0.8555272594306698,1.4335419253157144,23.228906631469727,2
151.4350238523537,2.202768623683725,1.605546250040672,23.616472244262695,2
150.5106823654787,1.9852501578927335,0.9683424130885508,23.0037841796875,2
151.24214094323443,1.7940874860915712,0.931777571907913,23.3949031829834,2
150.86060155185345,1.374937493658462,1.1785604194684702,23.06077766418457,2
150.70224310064117,2.265764025661543,0.3629722498099121,19.614763259887695,2
150.59864918385026,1.7434142918739324,0.221581788752437,19.49224853515625,2
151.51742302245174,0.5233716125513408,0.809827027116288,21.703369140625,2
151.21935995558408,1.491947299532631,1.400338038337399,22.886510848999023,2
150.23042529469566,1.436214373269104,0.7794581117376128,21.805700302124023,2
152.22979827902722,1.7598717779507758,0.8513709189533674,23.66295051574707,2
151.39396531779784,1.9773120233174888,1.0413467948807935,23.133567810058594,2
151.68587228418366,1.768270154866486,0.7526777458222002,23.261062622070312,2
150.95804794844454,2.0399400404544425,0.8060837276891881,20.94432830810547,2
150.49503396908793,1.555978620980227,0.972797055151492,22.912675857543945,2
151.0169383631511,1.8815436892332311,1.3394611201468865,22.526893615722656,2
150.769810940357,1.1323577738341448,1.4525862419793236,22.766143798828125,2
150.80661584030287,1.6359020440214482,1.096214017193434,23.1348819732666,2
150.61176626194046,0.8275198463933293,0.3581802906827246,20.09037399291992,2
151.5520101591202,0.9465786018483088,1.0457825140714,23.988000869750977,2
150.7135466442666,1.3410657314232053,0.9304925460286172,22.254484176635746,2
151.49316830802758,1.7900629061398403,0.1883537827618114,19.61818504333496,2
150.75015817949392,2.238525291090182,1.1010544371303106,23.66048812866211,2
150.84695546960634,2.17719630848747,1.1264622789830432,22.628665924072266,2
152.0628770264783,1.7558387708523324,1.1809418847372175,23.920061111450195,2
150.8690855564636,2.112556219747068,0.3249865258443566,17.90120506286621,2
151.8113088981707,1.658331863900501,0.870516928033154,22.18952751159668,2
151.12013404168934,1.0220456766260726,0.0929856355226169,22.147504806518555,2
150.67776973022316,1.331186479153177,0.5011841102652111,19.39505958557129,2
150.2760500077263,1.4932560341456071,0.3429869780582611,19.37029457092285,2
151.21573447865345,1.6088422449089357,0.8402960713827565,22.77642250061035,2
152.14735371046373,1.4207466043229675,1.022271962372633,23.394086837768555,2
150.8333208790011,1.040847594217426,0.213958680019892,19.45075225830078,2
152.0252067230028,0.843336180362135,0.0980729412228877,22.29578399658203,2
150.5909138902993,0.7732398120097373,1.2071225121758629,23.73516273498535,2
151.72225552808595,1.6983547087413706,1.0943032860185118,22.927440643310547,2
151.47136100532097,1.635563439033226,0.1821589122557721,19.875247955322266,2
150.5901690599716,0.8191851872513646,1.0544255694607283,22.795734405517575,2
150.28426870039146,1.2933862166273065,1.1478561561575833,23.182607650756836,2
150.86443490306556,1.8237315781159016,1.1092626775522532,23.666095733642575,2
150.6262946177671,0.9839904073734432,0.267240113954605,19.633520126342773,2
150.23759182261233,1.3437928383896898,0.7453087572793531,23.31099319458008,2
151.27859657914414,1.4907381834858155,0.8372639088247857,21.45391845703125,2
151.10706144904282,2.493214840561778,0.4076773942140562,19.82427024841309,2
151.70128184810193,2.0645237773398177,0.8747107845515076,22.097457885742188,2
151.32987643114322,1.647250621082053,0.1697164099779071,17.852474212646484,2
150.57004085311632,0.8756463967101834,1.252316004357808,22.442474365234375,2
150.93948262992024,0.8940714797640619,0.9240195885967374,21.9893798828125,2
151.1146364459426,2.0914624177463392,0.9846746088855124,22.670726776123047,2
150.95541451900866,1.6262862601228243,1.4159183509344606,23.356216430664062,2
151.1746368080168,2.637244156523787,1.3947169466854663,22.318248748779297,2
150.9184695393181,1.0774950033208692,0.1203813871435005,20.112096786499023,2
150.45979475993775,2.2740690553488143,0.1198637468925615,19.44230842590332,2
151.17930544631878,2.073652758091217,1.431388493348966,23.497638702392575,2
151.3366625002896,2.214898270310618,0.9235185144869792,22.835634231567383,2
150.88276243026232,0.8473243872783671,0.0972959555661543,17.521642684936523,2
151.39403644241924,2.361595618199875,0.5966177068150693,20.278018951416016,2
150.59903937206536,1.1559295430064935,0.1746375023670908,19.48172378540039,2
151.22652199897755,1.0442185518929052,1.1921269122544094,23.039493560791016,2
150.46097197509863,1.3961684915635653,1.0794533231449244,23.6247615814209,2
150.96067363203653,0.987831741309542,0.670526631163207,22.978147506713867,2
151.08679709093897,1.464018755618872,0.5511661805816594,21.247465133666992,2
150.46754887254008,1.1193781093743478,1.2293809483756155,23.57821273803711,2
150.7883778243213,0.7135480775458236,0.9628963334228292,23.057706832885746,2
152.04356608896882,2.0821342000545364,1.2495819639678234,22.53545188903809,2
151.80813189551955,1.065448644070862,0.7070498501578619,21.264789581298828,2
152.05933891796286,0.7835055051703017,0.647732608908778,21.27263641357422,2
151.7252996541705,2.334350313001815,0.6036013006603506,20.711811065673828,2
151.4534069401851,2.0944424815023583,0.1957165679549519,17.42534637451172,2
151.35766174475174,1.374950950917512,0.870685273108867,23.367361068725582,2
150.5409271433325,1.2393988923637869,0.9999626906606184,23.719642639160156,2
150.2837839154417,1.5225544042830963,0.0912966373957983,19.422935485839844,2
151.6923462249196,1.0219248609494571,0.0978516282808981,22.093486785888672,2
150.97819006300531,1.1167514363216144,0.9197925425414956,22.76146697998047,2
151.35607941110854,1.3056104183228816,0.3202075236079149,23.865571975708008,2
150.3986435920804,1.8266383535689252,0.7956871099161188,23.087440490722656,2
150.91397407251833,2.5337824637527717,0.3654346241815952,20.090747833251953,2
151.8486192277405,1.4033235155012955,1.2072767964820543,23.893386840820312,2
151.52531158898793,2.4687222078927142,0.924418764613261,23.463134765625,2
151.49345631369314,1.6101197655074515,0.847543264132483,23.685009002685547,2
151.31504072565815,1.178999943136834,1.094723043900272,22.690509796142575,2
151.10505210453445,0.9743659182798812,0.1780696288754001,20.167346954345703,2
151.47632478845463,1.8322603597563416,0.1811984283050208,18.798749923706055,2
151.56749415329034,1.3732345646217414,0.7700803477258792,22.943374633789062,2
152.14151847082556,1.113954831664785,0.9987258164225724,22.69811248779297,2
151.93850274928184,1.0270422306479865,0.6878911567416167,21.09338760375977,2
150.36606795712817,1.035633338759936,1.337018268845872,23.69593620300293,2
150.57925886502494,0.8672962430298103,0.0974382804080313,21.827369689941406,2
150.65099371772752,0.668566643203595,0.8633080289480237,22.29616355895996,2
150.74289123286027,0.6636768393697826,0.4401745849435814,20.64581298828125,2
150.225819039803,1.4938818251047647,1.298892485778126,23.670249938964844,2
152.0547131168284,1.504204671065965,1.0460881277607457,23.553733825683594,2
151.29439512940283,1.865047662649474,0.2294560255085165,19.789079666137695,2
151.40459931266366,1.783211561509091,0.0408885362494585,16.129640579223633,2
151.02739760574536,0.9718470864217278,1.1381495825489536,22.955772399902344,2
150.78685486063063,1.0229970590225486,0.92888662245109,23.40777587890625,2
151.2264529227664,1.57350043821567,0.1772344692468898,20.33101272583008,2
150.5942550869163,0.8715437414841525,0.0898106854154711,19.076452255249023,2
151.39438028593742,0.5325819831919059,1.3128273245573865,22.881038665771484,2
151.31917635655398,2.6103250260014557,0.3529920545773298,18.860504150390625,2
150.38904914551657,1.5965659162138728,0.2183050963574074,20.053272247314453,2
151.32780065652426,1.359301366079659,0.9813239277519452,21.666723251342773,2
150.25342782775152,1.7152047945096458,0.9311398626662172,22.859376907348633,2
151.59052974506034,1.7958757658430868,0.8535954226699491,21.97041702270508,2
150.3295063774517,1.6032849945081276,0.2315128340886776,19.076839447021484,2
151.17276282856955,1.3922719714769292,1.5196658999388912,23.491273880004883,2
150.4969583664885,1.1765323530436884,0.4249724944383187,18.90292739868164,2
151.28081665965576,1.2695422951747786,1.624121502983169,23.679153442382812,2
150.86098719454867,2.0821223635510786,1.6137844059497086,18.7830810546875,2
150.92946408798585,0.7560067543168953,0.2799617842043101,18.76486587524414,2
151.35117217664595,2.587082463100983,0.4382449840774617,19.740509033203125,2
150.8434065484233,1.185094519147641,0.468065807568878,19.409276962280273,2
151.48912653469708,0.8167531146936186,1.2494141542672832,23.14531898498535,2
150.53873,1.56123,0.5754619132944927,22.73915100097656,2
150.90407198226865,2.3796152078386097,0.7437358053686906,21.68218040466309,2
150.87301573424932,1.5303740676515132,0.8483124565872064,22.99574089050293,2
150.9118495511755,1.8205628876938689,0.4783968400802095,21.758575439453125,2
150.51847053497383,1.4522224805414694,0.9696855360357208,22.881362915039062,2
150.29961060591265,1.6771317898781175,0.5278048384113645,20.11511611938477,2
151.25150488560067,1.6569110479956437,1.2954014346194291,23.55548095703125,2
151.1667136012259,2.3413277904203684,1.0169148710383182,23.17101287841797,2
150.51921603712844,0.9810682510301868,0.8735940903135382,22.238046646118164,2
151.1623764373617,1.2454840205303352,1.1964621522054426,23.361740112304688,2
150.44236078332872,1.6044785747776666,1.4070228124991244,22.483564376831055,2
150.5688624757131,1.8486072660229655,0.2176040399286514,18.93062973022461,2
150.8379849690237,2.4589999889317853,0.92073868291651,22.53998565673828,2
151.15299442852634,1.7223914859812108,0.1773990469993248,20.116106033325195,2
151.2908426722262,2.4489592124347803,1.239764570337555,23.57629013061523,2
151.46140672988122,2.567819408255152,1.0529311775219647,23.415922164916992,2
151.22107952889817,2.291640367350871,0.7998169631251398,23.218284606933594,2
151.33413777410647,1.5166140748328236,0.9209746258887952,23.07417106628418,2
150.30334128048543,1.3423027976575546,0.2202106505323292,18.978092193603516,2
151.14782835153028,1.7328862503834082,0.8416636904137583,21.953075408935547,2
151.16738792973774,1.2844574288044004,0.7404124307282081,22.742319107055664,2
151.2708796270237,2.027186908861811,0.8184349627507517,22.927804946899418,2
150.6465643029684,1.5937842526015271,0.9910413824962944,22.6863956451416,2
151.45735670088396,2.6324555212344873,0.917432780571591,22.603099822998047,2
151.169238060442,2.422980424288544,0.9730361123049344,22.753559112548828,2
150.97976353854372,0.6817626187145038,1.233730220313169,23.453569412231445,2
151.64530039585642,2.5686698296228614,0.4767461087182534,19.87323760986328,2
151.559312021916,2.1468589156567246,0.6661249415045983,24.48834800720215,2
150.6609960566263,0.6971851253624963,0.3384398540201391,18.629716873168945,2
150.32108225651095,1.5753458575631198,0.5250136402931126,20.23912048339844,2
151.26614591364415,1.7058829503509498,0.9793266033823051,23.174657821655273,2
151.54593819938978,1.8067393113417431,0.2680335108205171,20.00600242614746,2
150.75775663238338,2.2386014332896877,0.6053341820574907,21.730863571166992,2
151.1365040464483,1.1817131476539346,1.40066461542335,23.55847549438477,2
151.313447104319,1.866548458443086,0.9311491679651502,20.9377498626709,2
151.0182286066042,1.1440684546171669,0.7841617147561999,23.30383682250977,2
150.36711440001653,1.909168552175858,0.933243704598986,23.13658905029297,2
150.72175440314638,0.8454597896397348,0.0933979564251889,18.887298583984375,2
151.07018098343394,1.6249595732812998,1.2056455232007182,22.947534561157227,2
151.80167911385874,1.5277907723358777,0.3007447839261146,19.96544075012207,2
151.59658772049264,1.9062043437703025,0.5670273160542862,21.138717651367188,2
150.77613951719235,2.302865026133499,0.8980576385560871,23.05671501159668,2
150.23042529469566,1.436214373269104,0.7795378816565314,21.805700302124023,2
152.40038671657788,1.522582991854364,,,3
150.8675805398461,2.0509948162237763,,,3
152.16030922808432,2.0622637165026716,,,3
150.3219682547571,1.6821336180943605,,,3
151.92085660208056,1.6236623343905,,,3
151.94976493476008,1.2615824935465745,,,3
151.88500622093142,0.9290366544937784,,,3
151.25079895139964,2.4170279054534634,,,3
151.79166086670077,1.3876643026685216,,,3
150.88688992695054,1.513636916608285,,,3
150.2329187381667,1.2220634901470628,,,3
151.85700838817584,0.5892932339064805,,,3
151.87583827337036,0.6222725041892059,,,3
151.0157350127313,2.546566994804012,,,3
151.2303636917831,2.3830225933748688,,,3
151.39619976062147,1.5793367987287747,,,3
151.2521008872808,2.0000364578172776,,,3
151.23310676510602,1.9157079146699272,,,3
151.59214477666887,1.3562448644441991,,,3
151.91378388660786,1.2771031033040925,,,3
151.8602644238999,0.5515135668905384,,,3
150.44340939377722,2.0500567042883757,,,3
150.9315965228194,1.5792516685302862,,,3
150.89828859992735,0.8580983214591007,,,3
151.72420406433082,1.5765038763177872,,,3
151.77689231917813,0.5286797697880147,,,3
152.31800393662965,1.0491171817044689,,,3
150.31156885382703,2.035861608860372,,,3
150.6587477448036,1.9794894000473584,,,3
151.08847495483218,1.6092564270074776,,,3
151.31485031636086,0.5524746371155929,,,3
151.8492202776253,0.6059022229055474,,,3
150.70577097830449,2.290420137812293,,,3
150.6600534598978,0.6536665761437693,,,3
150.9734994585879,1.763302899463326,,,3
150.99747002003403,1.6821052037141118,,,3
150.86626690946417,1.962061894889158,,,3
150.50804703931064,0.8053849373532989,,,3
151.7868684692288,0.6076439106513294,,,3
152.3326097304842,1.470188731808917,,,3
150.85046479180883,2.3098701980275047,,,3
151.60116181550993,2.0259949483114346,,,3
152.04377932226114,1.9443344880763151,,,3
151.04206961448998,1.4864644648701513,,,3
151.23706152013744,1.4466450915900435,,,3
150.88519030838088,1.642298277918496,,,3
151.63026098340907,2.149903025116479,,,3
151.62471027066235,1.7022407686964467,,,3
152.14749328127715,1.4001877841196546,,,3
151.5832227809932,2.115075164421989,,,3
150.91877843640515,2.025641179635455,,,3
150.8489810021444,2.500089743135756,,,3
151.98491857242624,2.3198511744127477,,,3
151.21348254445772,2.4724487061114844,,,3
150.84124806987057,2.055477691831015,,,3
150.78037983907214,2.1938677462622067,,,3
150.8285399113141,2.4281004922010534,,,3
150.529096391268,1.3118274354729895,,,3
150.55834028517478,2.1073137729667457,,,3
151.4581088732599,0.6322688526304443,,,3
151.48082146685516,0.5649015756241483,,,3
151.7118746386562,1.6923506387566378,,,3
151.44646705740092,2.2454406911697884,,,3
150.75793138890558,1.1615481226799953,,,3
151.85466905710678,0.829531640971074,,,3
151.62303195312475,0.6807992056144837,,,3
150.86068857623565,2.0818588598323555,,,3
150.54139254633992,0.9465950830833236,,,3
150.7774382413105,2.228526375463351,,,3
151.74053506574774,1.3455660371484004,,,3
152.1712182414083,1.1596022965559662,,,3
151.31960907397257,0.9847779107341564,,,3
152.26519446054485,1.038635067862328,,,3
151.7228107629779,0.8486972274873561,,,3
151.62887908511038,2.247974834862934,,,3
151.72423541952483,0.6569780424215469,,,3
151.65781522574486,1.2972028035811674,,,3
151.9673203606769,1.2693276974444023,,,3
150.4672902967556,2.2000501941205037,,,3
151.1298143812019,1.9834720225673304,,,3
152.39129850216656,1.3045339881160436,,,3
151.39206635924438,2.171410204503262,,,3
150.946239559495,1.4258346289967017,,,3
150.19510554213403,1.6389733939291578,,,3
150.45172262957905,2.2474579144156026,,,3
151.94808893933794,0.6259193078047717,,,3
151.5576857271874,0.9314889733603304,,,3
151.28202954344118,1.6381214728939093,,,3
151.20112856429589,0.668101762074797,,,3
152.19907026205647,1.1060029079240723,,,3
150.585527969772,1.0179911913317632,,,3
151.75287507876334,1.612921878123552,,,3
150.59029704985144,1.097027319130225,,,3
152.1773318515764,1.7094891806202308,,,3
150.49468979724602,1.473294040800437,,,3
151.11685077289076,0.4898677829917135,,,3
151.63672443828298,1.4587001080128184,,,3
151.88578784734102,0.5870369591677116,,,3
150.8619445171446,1.3142049909704574,,,3
151.95119861889154,1.7337345597945948,,,3
151.8454877894253,1.762244006710063,,,3
151.6680948819779,0.9525662252660811,,,3
151.38194487709092,1.1574768896371763,,,3
150.76490551781498,0.564981620439938,,,3
151.6275702388054,2.2810730973826003,,,3
151.2025865423867,0.9936360006008468,,,3
151.84052886851714,1.3305306498439158,,,3
151.66268781066435,1.826800204309452,,,3
151.99941157900187,1.1626043615826398,,,3
152.0920326264647,0.8942108227063443,,,3
150.64296352284657,1.834920237283783,,,3
151.98117588904697,1.8053698648954768,,,3
150.8279979962959,0.5394727949590882,,,3
150.78617508264344,2.151162579802623,,,3
151.73708004584842,2.171669557243088,,,3
151.29210837078926,2.435532553239218,,,3
151.3161338576072,0.6124810167807372,,,3
150.194775322005,1.6644068444927438,,,3
151.07207861058816,2.44628723197424,,,3
151.39421427361637,0.7494365057749002,,,3
152.0408396073461,1.996275986030944,,,3
150.70992105273237,0.8227206752370922,,,3
151.39222346479502,1.3920089484592946,,,3
152.3148928130853,1.4505803190166082,,,3
150.4833778483598,2.1634575753982017,,,3
151.3536116259959,1.450305503036086,,,3
150.53134329397363,1.4263651484166318,,,3
150.80882109773833,2.2183057734069114,,,3
151.37095679058058,2.5850717743678824,,,3
151.39858803872804,0.7365051799192329,,,3
150.69854981,1.0602718,,,3
150.88184412,1.7863231,,,3
151.19702209,1.7634945,,,3
151.3621748,0.73260082,,,3
152.13524314,1.38719634,,,3
151.03019394,0.95831803,,,3
151.25269018,0.6283731,,,3
151.07808117,2.04967862,,,3
151.34779204,0.40990288,,,3
151.99292886,1.71387983,,,3
151.33861192,1.60401547,,,3
150.45039682,1.79599252,,,3
150.99592772,0.7587052,,,3
151.69350501,2.25467161,,,3
150.71363665,1.2103767,,,3
152.11127966,0.9256903,,,3
151.42630165,1.90489386,,,3
150.39458164,1.40522388,,,3
150.48745157,2.26991171,,,3
152.00914613,1.061779,,,3
151.14190412,1.42382932,,,3
151.79557481,2.40495573,,,3
152.30467944,1.37751372,,,3
151.20040286,1.43364609,,,3
151.02183681,1.35941359,,,3
150.30767403,1.66667702,,,3
151.57384803,1.73637101,,,3
151.27212597,1.28871663,,,3
150.55515468,0.92208139,,,3
151.84648886,1.31392684,,,3
151.05747667,0.65941865,,,3
150.8763883,1.76637834,,,3
151.96616794,1.17196029,,,3
151.01459545,1.38032347,,,3
150.98330379,0.87885831,,,3
151.1871693,2.02413496,,,3
151.36268608,0.66919006,,,3
151.2751344,1.29249274,,,3
152.13364318,1.42969552,,,3
151.75386182,1.48982206,,,3
150.93212468,2.27638446,,,3
151.47811039,2.00884697,,,3
150.36595511,1.82950112,,,3
151.0214431,0.72710837,,,3
152.2510605,1.05470662,,,3
150.93210058,2.27640876,,,3
151.94725296,0.96610977,,,3
151.32111343,1.70936786,,,3
151.60390336,0.54640601,,,3
151.4987654,2.46422962,,,3
151.25627292,1.26988511,,,3
151.25354124,0.81194951,,,3
151.6506825,2.57833317,,,3
150.86142737,2.06160195,,,3
150.69575782,1.26315268,,,3
151.51965392,1.42095438,,,3
150.66559523,1.01867676,,,3
151.29974026,0.88373796,,,3
150.9944972,0.95787052,,,3
151.14159171,0.75443849,,,3
151.79826481,1.20404579,,,3
151.00685614,1.08304462,,,3
151.02513595,0.63062229,,,3
151.81729958,2.08342388,,,3
150.7445002,0.76330751,,,3
151.70832328,0.88234567,,,3
151.8231148,2.33594351,,,3
151.02898827,1.46775218,,,3
151.49138465,1.50802512,,,3
150.86761932,1.97130937,,,3
151.39417284,0.74745408,,,3
150.89016042,1.43124803,,,3
150.573487,2.1970457,,,3
150.75984706,1.20475837,,,3
152.03448543,2.29027248,,,3
152.23768633,1.57635037,,,3
151.2503499,0.8495444,,,3
150.45803821,2.26081435,,,3
151.04535854,1.25291736,,,3
150.23558374,1.22196493,,,3
151.41601021,1.99286784,,,3
152.2383192,1.1593539,,,3
151.69703118,2.45929143,,,3
151.95942795,2.11473805,,,3
151.19537234,2.32966493,,,3
150.41797019,2.09225301,,,3
151.38984893,1.16351102,,,3
150.49418393,1.54317571,,,3
151.53564653,1.00805648,,,3
150.95632808,1.54164268,,,3
151.80816678,1.77852036,,,3
151.66634763,2.14939109,,,3
151.12974467,0.90254062,,,3
151.0891654,1.56438822,,,3
150.93596935,2.57728447,,,3
151.15010737,1.24567709,,,3
150.35989296,1.05754451,,,3
150.90258957,1.29341548,,,3
151.68349706,0.67915088,,,3
150.66130503,1.72459691,,,3
150.72495115,1.88621332,,,3
151.70579586,0.5632796,,,3
151.66564519,1.52872345,,,3
152.11252064,2.05232651,,,3
150.71803008,1.55538514,,,3
150.53446158,2.11512735,,,3
150.8181312,1.70671313,,,3
151.90156815,0.76176474,,,3
151.76778807,2.53878072,,,3
151.57302206,2.03364186,,,3
150.33858971,0.99836384,,,3
150.61424418,1.06187453,,,3
151.29131095,2.61450041,,,3
152.11917438,1.79256179,,,3
151.1362038,1.36792811,,,3
151.58642849,0.61141268,,,3
151.33333613,1.74823665,,,3
151.25686476,2.2492071,,,3
151.42895393,1.81329735,,,3
152.07373109,2.16600077,,,3
151.47601312,1.19607308,,,3
151.81658374,2.43930803,,,3
152.09494288,1.78103587,,,3
151.22078779,1.04190678,,,3
150.71859599,0.64486063,,,3
151.57970039,0.70753854,,,3
151.45600016,1.92996313,,,3
151.3865752,1.77213479,,,3
151.5788664,1.5091617,,,3
151.1336123,1.90658266,,,3
150.30252544,1.58909103,,,3
151.95782799,2.41999372,,,3
152.03873286,0.74626634,,,3
151.67503149,0.81276036,,,3
151.69785092,1.15424636,,,3
151.52497746,1.23685835,,,3
151.41785873,2.33192448,,,3
151.36006259,2.01470057,,,3
151.55458022,2.34431909,,,3
151.33040425,1.71586626,,,3
152.00901759,1.47532081,,,3
150.5050918,1.32172969,,,3
150.88176864,1.07149224,,,3
151.72269399,1.3171039,,,3
151.21411895,2.41885244,,,3
150.89095797,1.72882947,,,3
151.31978372,2.55752078,,,3
151.53000153,0.91894159,,,3
151.67619555,1.55616966,,,3
150.55079951,1.21140985,,,3
151.41472859,1.08410203,,,3
152.17296251,1.77568452,,,3
152.36141407,1.42588908,,,3
151.44588167,0.88292322,,,3
151.19969882,2.50702983,,,3
151.32272639,0.73910126,,,3
151.83064228,1.58050512,,,3
150.9936563,0.64471447,,,3
150.97389985,1.04223499,,,3
151.42110899,1.54393473,,,3
151.66494535,0.75175715,,,3
152.01020247,2.37824478,,,3
150.91501323,0.92044231,,,3
151.08726058,0.73355608,,,3
151.56392217,2.60719207,,,3
152.02503198,1.19680239,,,3
151.50604425,1.54166889,,,3
151.24681266,2.50827692,,,3
151.91660666,0.72705122,,,3
151.91233693,1.27732953,,,3
151.47565381,0.92756847,,,3
151.93129752,1.9596046,,,3
150.50011361,2.28514712,,,3
152.2970724,1.57727677,,,3
151.83616142,1.28656977,,,3
151.88119251,0.77706751,,,3
152.27773457,1.38488112,,,3
151.83243145,1.28167702,,,3
151.66010982,1.15910231,,,3
151.73682135,2.07763108,,,3
152.19911341,1.0305644,,,3
150.34001283,1.88685557,,,3
151.82574891,0.54723579,,,3
151.93036476,1.75758614,,,3
152.18611735,1.09683143,,,3
150.6541427,1.53528421,,,3
151.16234222,2.58028572,,,3
150.84160445,1.12143232,,,3
151.41209265,0.96769519,,,3
150.41253488,1.0011407,,,3
150.8050681,0.70061669,,,3
151.23905303,0.83929698,,,3
151.27128404,1.72384074,,,3
151.23014742,2.14960627,,,3
150.96395068,2.03215961,,,3
151.217766,2.38751722,,,3
150.32619607,1.30805383,,,3
152.26236106,1.93205843,,,3
150.4790461,1.6942073,,,3
150.89933487,0.56250678,,,3
152.01668565,1.30310751,,,3
151.94825815,1.96551948,,,3
151.49908595,1.44187335,,,3
150.75058062,2.41281253,,,3
151.61319578,0.97671993,,,3
151.25426025,2.24548386,,,3
151.51771825,0.45361045,,,3
151.04875396,1.16300223,,,3
150.90598918,0.48535349,,,3
152.22854984,1.61718402,,,3
151.92526944,0.97928077,,,3
150.97536239,1.33971,,,3
151.42512986,1.40014122,,,3
150.60669408,1.8390135,,,3
150.87531655,1.0352462,,,3
150.87370298,2.15932923,,,3
152.00468956,0.89783651,,,3
150.84255903,1.20938098,,,3
150.97649961,1.3555464,,,3
150.21827707,1.5166576,,,3
150.59422466,1.73480384,,,3
150.58186434,2.28775179,,,3
150.55223814,1.79611365,,,3
152.29097691,1.91352028,,,3
151.79777599,0.62005051,,,3
151.54058336,2.24054884,,,3
152.02774029,2.21160559,,,3
150.66023831,0.67331341,,,3
152.21200085,1.89619799,,,3
151.06043415,1.84364078,,,3
151.50263673,0.74865611,,,3
150.75252645,0.89604497,,,3
151.82985828,0.70710427,,,3
152.05811144,1.57650838,,,3
150.32346826,1.61233741,,,3
151.50730199,0.6896912,,,3
150.79485403,1.36684898,,,3
150.84481626,0.8903214,,,3
151.84745463,1.50739233,,,3
151.31255428,2.41406844,,,3
151.99204854,1.58631448,,,3
150.50631687,2.31349003,,,3
151.53379019,2.02721893,,,3
151.14822923,1.71325634,,,3
150.50547705,1.44550061,,,3
150.19979292,1.3637395,,,3
152.02022732,1.28233654,,,3
150.9191967,2.2464572,,,3
150.93141027,2.36045768,,,3
151.71597958,0.75137266,,,3
151.62496422,2.15954504,,,3
150.43016263,2.0993094,,,3
152.09979539,1.27104831,,,3
151.81427384,0.8942124,,,3
151.07963418,1.88191534,,,3
151.27420345,0.429249,,,3
150.56142489,2.34680427,,,3
151.64292474,2.09935283,,,3
152.11470447,1.04938034,,,3
150.98865901,2.06559981,,,3
151.86730903,2.41430394,,,3
150.53296206,2.05633465,,,3
150.65584302,0.89302324,,,3
150.96479338,2.43239258,,,3
151.77500386,1.25849417,,,3
151.46278421,0.71072017,,,3
150.65687851,0.9565775,,,3
151.21927348,2.09847122,,,3
151.07531804,1.68769571,,,3
151.63275501,2.58054683,,,3
150.98713219,1.77692921,,,3
150.49179521,1.38853168,,,3
151.5234072,1.63582707,,,3
151.68411755,2.16715281,,,3
151.19290319,1.87267309,,,3
150.92653278,1.27958464,,,3
150.72935318,0.74307982,,,3
151.82953434,2.27129158,,,3
151.49421721,0.43351959,,,3
152.01024497,1.48383193,,,3
151.02937065,1.3852769,,,3
150.46063091,1.68049703,,,3
151.32265841,1.71618431,,,3
151.24693903,2.43867129,,,3
152.00028714,0.74180151,,,3
151.1556169,2.50268934,,,3
152.20959868,1.61132163,,,3
151.71564451,1.42075723,,,3
151.26214796,1.09171941,,,3
151.70831442,1.87330545,,,3
151.51097891,1.01589451,,,3
152.30782736,1.08626689,,,3
152.25452069,1.98261628,,,3
151.99049562,2.2469659,,,3
150.87068405,1.24958114,,,3
151.03389354,2.28835509,,,3
150.99085023,1.30426463,,,3
151.08393354,1.77733063,,,3
151.54056537,1.16784137,,,3
150.68043437,2.04679857,,,3
151.37088437,2.10567749,,,3
150.50292437,1.57115867,,,3
150.38099681,1.07193142,,,3
152.24669374,1.67743428,,,3
151.96359497,1.55443551,,,3
151.43288709,1.5704676,,,3
150.56728742,1.93752552,,,3
152.02807292,1.56825171,,,3
151.08758257,1.61316559,,,3
151.37017927,0.74708093,,,3
151.49469913,1.57437845,,,3
152.06101373,1.81658242,,,3
150.98856589,0.84857306,,,3
150.5062399,0.98202007,,,3
151.2006109,1.9068541,,,3
150.94199372,1.97890671,,,3
151.00154004,1.34309778,,,3
150.40168402,1.61631714,,,3
151.21255371,1.76529702,,,3
151.19084012,1.89589414,,,3
151.15132181,0.58090349,,,3
151.96048366,1.08532095,,,3
150.27751221,1.25164701,,,3
150.52375239,1.43889179,,,3
150.39475717,0.95649979,,,3
150.25414084,1.14203209,,,3
151.21795787,1.29668645,,,3
151.7013657,2.17967481,,,3
151.23396684,0.61388162,,,3
152.20720761,0.91904432,,,3
150.43277928,1.46027844,,,3
150.33598365,1.46823794,,,3
151.59814334,1.48858933,,,3
150.70599277,0.82329769,,,3
150.99473872,1.7537217,,,3
150.67687251,2.22500335,,,3
152.00898517,1.58985961,,,3
151.26310972,2.35241905,,,3
150.45205071,0.81022435,,,3
151.90110376,1.32953972,,,3
151.5065997,1.28253829,,,3
151.12470374,2.13878806,,,3
150.65070914,1.35596695,,,3
150.82702271,1.98790926,,,3
151.70015446,2.2164147,,,3
151.69845377,1.02231067,,,3
151.49703067,0.97016137,,,3
150.35546804,1.47233348,,,3
151.07674351,0.7214947,,,3
151.92617844,1.70678464,,,3
