RA,Dec,redshift,rmag,set_id
215.2546056720616,-0.760551623564919,1.7307915676540102,21.845211029052734,1
216.30476377302233,0.4188439743193948,1.969574961473352,20.26828384399414,1
215.84001762441252,0.2315930738458729,1.596282864040772,20.563201904296875,1
216.53498883251152,0.6791928012197147,1.8008446577585235,20.15382957458496,1
217.1013739690934,-0.3072143208622629,1.9755538788129152,22.54710578918457,1
215.80074679870313,-0.980007881591526,1.310700185032485,21.814002990722656,1
216.32146963276503,-0.747658175265528,1.1647646288866085,21.09748649597168,1
216.73890407293703,0.2549514365278692,1.3990955650016832,21.804872512817383,1
215.88067598194235,0.361546206435406,1.3871673795096455,20.90327835083008,1
215.52176107033225,0.097745588647177,1.7602002724690846,21.7695255279541,1
216.27120153016705,-0.8289757447623355,1.4914107466153197,20.24712371826172,1
216.58099671489887,-1.0165752105682229,1.1393991359826772,18.84785842895508,1
216.25198602369977,-1.19835301716789,1.9595883201261952,21.578367233276367,1
216.53145533358128,-1.0106200186477454,1.5097808506101562,19.986164093017575,1
215.2327640351903,-0.4322109432733773,1.032899982422617,21.865217208862305,1
217.0265383588388,-0.377875303760433,1.192952091302489,21.6007080078125,1
215.63412671133483,0.7282521875769694,1.1418932364925174,20.563438415527344,1
216.0513134313964,0.4540077616862438,1.44998052472744,19.205350875854492,1
215.3505160605904,-0.0379350707421656,1.1575934164887882,19.33968734741211,1
216.2523475832102,-0.5621295083096699,1.988091756076737,21.591781616210938,1
216.51273343037985,0.4704210373303945,1.6576403267061042,19.973634719848633,1
215.97722038630636,-1.018914663407268,1.383616678234212,21.202205657958984,1
215.771779455479,-1.3594753260287358,1.4537276687138692,23.016843795776367,1
215.95059716011923,0.8199568311051357,1.5702714484083002,21.20456886291504,1
215.43339277487857,0.5624553463292526,1.9754709070500416,21.03615379333496,1
215.6755569733319,0.2342477467915869,1.4202962702412998,22.202287673950195,1
215.95486910030104,-0.4795982151148883,1.447961081039371,21.298343658447266,1
215.3437459460266,-0.784159964022613,1.4418179453404454,21.51283264160156,1
215.05151819321537,-0.7599279928863716,1.3029347722149751,19.077375411987305,1
215.9774378854568,0.0044337766234049,1.649475546699256,21.673816680908203,1
215.86353466288145,0.496433357814015,1.2630163761090316,21.36283493041992,1
215.9379085080662,-0.7546349725443331,1.576317934807507,21.43944549560547,1
216.32268552985124,-1.0998465537806872,1.1345970293479792,20.743261337280273,1
216.66418408014664,0.1204308319393026,1.30442143245715,21.735960006713867,1
215.68328285295107,-0.2354955251365348,1.2431239733795494,22.229482650756836,1
215.62586936124828,0.6137984611770728,1.7416413860874271,21.51185417175293,1
215.29620165898197,-0.601727027571255,1.2197533168179513,21.74514961242676,1
215.31529956726737,0.0203444732960955,1.4816436074182269,21.729835510253903,1
216.7953647543834,0.3867934969850493,1.9785125479937455,21.371795654296875,1
215.15149125726415,-0.4486418642487658,1.0686687095908798,21.218843460083008,1
216.89410176560483,0.3646934152796043,1.6332302318160823,21.74030303955078,1
216.19267798387912,-0.4743394812214095,1.755704125150621,21.89861297607422,1
216.92620099818993,0.1076909459848369,1.443918020476901,19.06842803955078,1
215.65463613561693,0.3579502782289195,1.7602980805718182,22.79162979125977,1
216.7374579881549,-0.974729150431449,1.242746306504922,21.96610450744629,1
215.98453521991533,-0.7957227775069033,1.865042215250784,21.138412475585938,1
215.63412671133483,0.7282521875769694,1.1418197822139802,20.563438415527344,1
216.0670835673,-1.0962182270939944,1.2013299500483177,21.13016891479492,1
216.1488175272863,-0.085794753275584,1.2057969795058334,21.601238250732425,1
215.9738006458685,0.0885691073718014,1.5168537785719052,20.034992218017575,1
216.39356828850427,-0.1993698651941928,1.489683200406192,21.881628036499023,1
215.92990912752316,-0.6017288406884107,1.0345986762367796,22.0059757232666,1
216.2002246790676,0.5137495015832898,1.4174529696974638,21.05771255493164,1
216.79585019542407,0.0994344693688725,1.8530761491557644,22.77352523803711,1
215.3073926634769,0.0092122765772667,1.473066427929676,22.80302047729492,1
215.8270366341612,-0.9656437500446282,1.3917877243287429,22.512189865112305,1
216.68065952482016,0.1841653095847304,1.0881564391206051,22.554689407348633,1
216.24150559609149,-1.0228862147660482,1.141835306128437,22.831859588623047,1
215.22332881420385,0.1712666865259509,1.4939338607578314,21.110445022583008,1
217.04106841888927,-0.4979404782459384,1.4693560143173694,20.731595993041992,1
216.47303296477216,-1.1018979636961488,1.923195026592118,19.550064086914062,1
215.61413457141117,0.3425719001211402,1.7036296294511235,21.69053077697754,1
216.18687866802424,-0.9538336053829352,1.7720855447392978,19.976009368896484,1
215.3698383423806,-0.7519605276835081,1.298311015495872,21.110679626464844,1
216.03064053382417,-0.3137101053768213,1.0917617851706998,21.000003814697266,1
215.2428109622005,0.0973318755599504,1.7488824695117902,20.992605209350582,1
215.2546056720616,-0.760551623564919,1.7309370813863347,21.845211029052734,1
216.28593124764788,-0.6733822105508939,1.8072963036869532,20.70833396911621,1
215.36900800245184,-1.1171015478664177,1.800017173157325,23.034996032714844,1
217.04520009431377,-0.3442018848990378,1.6145083075250335,22.037494659423828,1
215.13589168707733,-0.4390102492794942,1.7445191118925811,23.159622192382812,1
216.3646199378092,-0.5455660946765762,1.3373706151005935,22.029541015625,1
216.64256829376657,-0.6783855563160106,1.55455608648201,21.606767654418945,1
215.89762847425249,-1.2782476537257417,1.9171315374609053,20.61795997619629,1
216.67550490520065,0.1811837238705517,1.3233839073557765,21.604747772216797,1
215.50350440673796,-0.7697216924751616,1.221903832846653,19.873525619506836,1
216.30047903382496,0.4953378907381671,1.4732986873136515,22.358667373657227,1
215.63070110638003,-0.5704136644426252,1.0165968959797225,22.43463897705078,1
215.99788499593188,0.2981053562974169,1.2450747927007897,22.362808227539062,1
216.5906035594209,0.4733843088444631,1.4282304602510667,21.368505477905273,1
216.71204183790115,-1.0746551689725927,1.0313529961702357,22.317485809326172,1
215.4415906272283,-0.7122308032486356,1.157853376662742,21.322572708129883,1
215.97632559350515,0.7820166069385821,1.784207112570021,21.597003936767575,1
216.5515882485103,-0.5444486476688408,1.5880668963410356,22.43753433227539,1
216.8356319483476,0.0371622061471811,1.1441580017411452,19.8053035736084,1
216.7096006298025,0.3565458653308443,1.581312968560943,19.82905387878418,1
216.7953647543834,0.3867934969850493,1.9786568049458784,21.371795654296875,1
215.4415906272283,-0.7122308032486356,1.1594669760002256,21.322572708129883,1
216.11803317286183,0.700625922633535,1.576415739416369,20.11971092224121,1
216.8374291316702,-0.2238045166567884,1.8721182328770476,20.43907356262207,1
216.72824028499275,0.389591866677944,1.0481719514782313,20.29454803466797,1
215.28496289022655,0.0491742234564468,1.1435300589137694,21.992210388183594,1
216.28597534034355,0.2225739110209003,1.4795655440562752,21.914447784423828,1
214.8728916781549,-0.1998263907087345,1.2304870099638323,21.034696578979492,1
216.2649538540418,0.0628517045208457,1.575072845576583,23.19976234436035,1
215.9774378854568,0.0044337766234049,1.6477064280365945,21.673816680908203,1
215.3505160605904,-0.0379350707421656,1.1577503733996226,19.33968734741211,1
216.7317863694033,-0.3167347242495236,1.9343473083678533,19.582714080810547,1
215.165641488174,0.1835655507687848,1.5632423118776049,21.73620986938477,1
215.30412545683595,0.143180910587668,1.7303733798268532,22.38611602783203,1
217.0590498322664,-0.3139759292141265,1.5462848209442346,21.13791275024414,1
216.37471049051695,0.7421232226586039,1.1698096478527258,20.479936599731445,1
216.02376699957415,0.04242972420618,1.9746675939911271,21.804821014404297,1
216.0414748312909,-1.230737467574757,1.3206645523753542,21.643360137939453,1
216.073061055841,0.7342832525810074,1.3480672281519182,21.03334045410156,1
215.22131169869112,0.2472547566760333,1.497569470551663,18.80936050415039,1
216.10636873668088,0.5147398265945302,1.4088629576236946,21.05277633666992,1
216.35814733189588,0.1299613290974939,1.6476406498319158,21.381084442138672,1
215.79085139564745,0.0680484286424742,1.9107336340951464,20.33018493652344,1
216.12473093945593,-0.3797759776889723,1.776741742959199,22.06563377380371,1
216.7798983559936,0.5109911971040858,1.1854198570753776,22.809345245361328,1
216.43525704399505,0.3881070067387523,1.6564650386083686,20.58980941772461,1
214.88563300944045,-0.139408227038858,1.7016333407430686,20.10144805908203,1
215.43996300924937,-1.2136787789776986,1.39128867679997,22.55896377563477,1
216.819781652805,0.2523212485369686,1.0896518766641186,21.068418502807617,1
215.91902658748467,-1.240258140893174,1.709618548950589,22.160688400268555,1
215.896767699348,-0.1487175290972564,1.560566753826962,20.56775665283203,1
216.13181886298491,-0.779951904075766,1.7052120467125236,22.111305236816406,1
215.79085139564745,0.0680484286424742,1.9110458759014388,20.33018493652344,1
217.03105015460335,-0.5465207396326595,1.185015795839489,19.274593353271484,1
216.54202576456157,-0.0451494277774671,1.7095323044192203,20.895919799804688,1
216.94580578395076,-0.267380818868636,1.793912457163954,19.874244689941406,1
215.40531732385296,-0.7969235280999873,1.7449714180910345,22.1004638671875,1
215.83265576313087,0.2250666938575597,1.8850417482756976,20.18608665466309,1
215.65229083342004,0.4765925198854308,1.5751903954845308,21.434267044067383,1
215.9586754763244,-0.6992264002947481,1.568612529648515,20.57254409790039,1
216.67550490520065,0.1811837238705517,1.3242564824288474,21.604747772216797,1
216.3732410036251,-0.7211424026637318,1.5739813804913885,22.39704704284668,1
216.42923452640156,0.5390452255142774,1.5811662305190786,22.728227615356445,1
214.88563300944045,-0.139408227038858,1.701431538956802,20.10144805908203,1
215.16495259130485,-0.8877110455691924,1.450164450157322,22.492507934570312,1
215.9379085080662,-0.7546349725443331,1.5775823946993806,21.43944549560547,1
216.54914524620585,-0.170200100352504,1.8114719177982477,21.224367141723633,1
215.15149125726415,-0.4486418642487658,1.0693368021953675,21.218843460083008,1
215.73666345065436,-0.2328776215333763,1.7178841172880428,22.856971740722656,1
215.57053792802077,0.7230818722991614,1.4767876203278507,21.777502059936523,1
216.43761897769423,0.6879712715114044,1.808749751598166,22.83616828918457,1
216.87099657704343,0.0283414609163798,1.098736881340489,20.15640640258789,1
216.83472721242623,-0.696059503867059,1.3721594435129296,21.348310470581055,1
215.16495259130485,-0.8877110455691924,1.4499666020629685,22.492507934570312,1
216.24150559609149,-1.0228862147660482,1.142700891225482,22.831859588623047,1
216.05022926028295,0.6514164611153429,1.412605765286756,19.384292602539062,1
215.30920193287665,-0.518531580344245,1.0215678633231602,21.68463897705078,1
216.6947901130756,0.1912366449462151,1.0863020001382522,21.01811408996582,1
215.7504920354624,0.2904706095363468,1.7704740452399303,21.57014274597168,1
215.36024472536317,0.1171918880797505,1.224535042670161,18.40921401977539,1
214.90515923999263,-0.1509872394683927,1.8944146772459505,21.94458770751953,1
216.156813291109,-1.358681400698147,1.3955258756684006,22.33967399597168,1
215.60931522094887,0.6792661240946058,1.058017925376656,20.01833152770996,1
215.90639693770103,0.6723629854828477,1.989480032644185,22.397741317749023,1
215.61304230038425,-0.2883562076432918,1.9617268048475716,20.768619537353516,1
214.9066299801598,-0.0256883863226226,1.842291502970229,19.18681907653809,1
216.33383571862217,-0.0618931894171687,1.5268045483900845,21.183244705200195,1
216.48495849144305,-0.3052021839519539,1.1487512743872106,18.52845573425293,1
216.89623820517977,-0.1512458670535919,1.531143136010699,20.52666282653809,1
215.91398759756223,0.5435795194988178,1.2374114743042357,19.31687355041504,1
215.94393816310995,0.7683111384347532,1.5386324793046555,19.984996795654297,1
216.23130672287232,-0.4316562536954909,1.3884777487069806,21.35654067993164,1
216.01541531896908,-0.9604538135590868,1.3063318366571566,22.92974853515625,1
216.05116198269857,-1.2365748124652092,1.2672524946650834,22.11313819885254,1
216.95806063699257,-0.2751766221406891,1.2531273569562558,20.829833984375,1
215.05151819321537,-0.7599279928863716,1.303008254784322,19.077375411987305,1
216.49177742024756,-1.236782106168459,1.1263781884401365,21.43275451660156,1
215.26232177259408,-0.3706836001705836,1.4933303708030254,21.3048152923584,1
215.28496289022655,0.0491742234564468,1.1438722313290506,21.992210388183594,1
215.25248335337744,-0.4206413229224929,1.2613925273043105,21.001541137695312,1
215.35242633675736,0.2149823533953201,1.6871520121597166,21.289535522460938,1
216.6256256678416,-0.5238582407691487,1.407864608118801,22.325281143188477,1
215.49880387885065,-0.5478986487406948,1.2968197405441209,21.434717178344727,1
215.8250306365907,-1.2985276391299865,1.7507991940062084,21.95868682861328,1
215.2539523903631,-0.0182351433886881,1.6973301329380603,21.17241096496582,1
215.06862413741356,0.0972796035248437,1.301621863166471,21.850343704223633,1
216.69836113641148,-0.9714707644630178,1.118280256583781,21.428951263427734,1
215.5705777001197,0.2301494975821968,1.9520469606130249,21.23432350158691,1
215.23876266563695,-0.9010291357654576,1.338218523085793,20.983108520507812,1
215.7388410661773,-0.9496753929148264,1.4036344372440517,20.233463287353516,1
216.6409335331766,-0.4245584060823281,1.5436143095080532,22.98883056640625,1
215.39143429285568,-1.2208030874363196,1.3703296800447555,19.742143630981445,1
216.4597093864737,-1.246731817271893,1.3808960355362847,22.252437591552734,1
216.12686372520812,-1.2205291694997196,1.6058465788583194,22.38970184326172,1
215.2539523903631,-0.0182351433886881,1.697986626319043,21.17241096496582,1
216.13262016287587,0.6906920866075922,1.575563613488448,21.59825897216797,1
214.86907514906997,-0.1248495170187189,1.9134101725982129,23.28070068359375,1
215.3467570325859,0.4386836218879356,1.9795522544475683,18.841556549072266,1
216.43761897769423,0.6879712715114044,1.809382053442894,22.83616828918457,1
215.06862413741356,0.0972796035248437,1.2999714328948802,21.850343704223633,1
215.13269572202609,0.3933034258177622,1.512213878291155,21.36906623840332,1
216.2708700000001,-0.69640213,1.0371816158294678,21.41510772705078,1
215.742821113136,0.3888708093218538,1.394404467946926,22.497474670410156,1
215.9477798696342,-0.8252632311698992,1.2814852921326445,20.77983856201172,1
216.53498883251152,0.6791928012197147,1.8015409171794552,20.15382957458496,1
216.2152685010533,0.8152188894543548,1.1391358951626844,21.72748565673828,1
215.7504920354624,0.2904706095363468,1.7710073212151136,21.57014274597168,1
215.4519326275849,-0.8556125288129924,1.5420235778654523,19.32427215576172,1
215.64088796712488,-0.0124540229553991,1.8752466989885797,21.14316177368164,1
216.50952750880927,-1.0094497121477248,1.2346944185682944,21.33013153076172,1
216.8266408315352,-0.0385942394140465,1.5293203032095504,23.616968154907227,1
216.4151903053524,-0.3529011071004842,1.1611346983182147,22.407155990600582,1
216.09704471758897,-0.7926936062552569,1.7273216258391295,20.706552505493164,1
216.0014673711723,-0.090260936413617,1.7161187316884703,22.340896606445312,1
215.28318953882243,0.3135981781774188,1.8772011300284013,21.67126083374023,1
216.2152685010533,0.8152188894543548,1.1389791422968134,21.72748565673828,1
215.35505764325777,-0.8942274714795653,1.30791092353932,21.18076515197754,1
216.7546127862314,-0.3298894164101102,1.857810533210012,20.739667892456055,1
216.87099657704343,0.0283414609163798,1.0985448254581145,20.15640640258789,1
216.73024858979977,-0.8894239163943836,1.4270724278267384,21.603923797607425,1
216.1791576141278,-0.9414677590817202,1.614751894839059,20.945140838623047,1
215.4722890328893,-0.2598859994575188,1.573738872107974,21.91562271118164,1
215.05151819321537,-0.7599279928863716,1.303101322723232,19.077375411987305,1
215.5929851136432,0.2126130401572455,1.4033531724922277,21.88974952697754,1
215.57053792802077,0.7230818722991614,1.479962029924745,21.777502059936523,1
216.89833817094296,-0.6276421234522481,1.4761178100089003,21.787918090820312,1
215.22332881420385,0.1712666865259509,1.4930825731364812,21.110445022583008,1
215.22035149131335,-0.2812835796092756,1.0110039238424366,20.47466278076172,1
215.0553841256124,-0.7645095483311184,1.7504389631685455,22.62445831298828,1
215.49880387885065,-0.5478986487406948,1.297000246341559,21.434717178344727,1
215.422864815117,-0.0464426705443329,1.8186191958959137,21.258241653442383,1
216.49177742024756,-1.236782106168459,1.1259102728494452,21.43275451660156,1
214.9605913493211,-0.6060396776925044,1.9749511272071392,23.02721786499023,1
215.21028180064027,-0.9072011667467624,1.4606164143184437,18.638099670410156,1
216.42849618416764,-0.5289065740931433,1.885377462476692,23.04094123840332,1
215.51787407906355,-0.9478218420362784,1.3060298943226205,21.986270904541016,1
215.9560695787067,-0.6458200991013626,1.2905848299729066,19.44823455810547,1
215.1583544123856,-0.9789170175162896,1.1908874865580967,22.4291934967041,1
215.7066693935722,0.2620583475868113,1.5548780657884569,20.967145919799805,1
216.82098638397753,0.1779046795773106,1.6473419496838413,21.54317855834961,1
216.42852483343975,-0.8877975538757752,1.8265440768865,21.555641174316406,1
216.20666941169335,-0.3855486641334145,1.378466418693457,19.0402889251709,1
216.5343924109131,-1.2504197961923254,1.973515053476555,22.575260162353516,1
216.31816080633212,0.4309042313958061,1.2022192378602028,19.92997360229492,1
215.69586631091985,-1.147675480110769,1.7681396873301418,21.35918426513672,1
216.01411724898125,0.1291341606117962,1.0749978256799313,21.23573875427246,1
215.96432021803665,-0.047352732618066,1.5483162579746297,22.351652145385746,1
216.033183843903,-0.7391305541388714,1.4431684456086027,21.200748443603516,1
215.23876266563695,-0.9010291357654576,1.338182930097627,20.983108520507812,1
215.1676531453108,0.051982596416037,1.669413228626263,21.962018966674805,1
215.22035149131335,-0.2812835796092756,1.011118450435308,20.47466278076172,1
215.70024838261295,-0.0379147083843246,1.90375852062376,20.6866455078125,1
216.5300596978499,-0.9942001367741292,1.4667857527373385,20.995670318603516,1
215.83642005478424,-0.2788011214999254,1.778669701798859,22.26918029785156,1
215.83265576313087,0.2250666938575597,1.8853088670927016,20.18608665466309,1
215.99445833079344,0.1325672695039428,1.5602757385173995,21.30716133117676,1
216.09344771201089,-0.6131248896920054,1.1976428499252618,21.367366790771484,1
215.6755569733319,0.2342477467915869,1.4182078727543206,22.202287673950195,1
215.3467570325859,0.4386836218879356,1.9793164331072464,18.841556549072266,1
216.28597534034355,0.2225739110209003,1.4770161573178315,21.914447784423828,1
216.37471049051695,0.7421232226586039,1.169560270094817,20.479936599731445,1
216.44883615166637,-0.9228532568771682,1.364207939166392,19.399093627929688,1
215.9323785497757,-0.6824009460780236,1.2924910539137284,22.4331111907959,1
216.6271121081604,-0.8446418151371021,1.313698508837179,23.404199600219727,1
216.4839419116988,0.2804588903663475,1.4567167139743613,21.663408279418945,1
215.88215352612525,-0.3848651527531833,1.0342597099784987,22.557130813598633,1
216.03064053382417,-0.3137101053768213,1.092026934927846,21.000003814697266,1
216.39313709309585,-0.8220682863689114,1.935609024986704,22.05156135559082,1
217.01200672360736,-0.5338500196448444,1.5618073541507618,20.45689582824707,1
216.0424851452813,0.2663721477885503,1.333736345451919,22.34088706970215,1
215.5809978128048,0.7239233954197349,1.7093679898635517,21.31355857849121,1
216.42703747902496,-0.9299475771915507,1.967869789369057,22.49979782104492,1
215.8855170356615,-1.133770650092637,1.9647208783046008,22.56616973876953,1
216.72824028499275,0.389591866677944,1.0478451706272751,20.29454803466797,1
215.380557099479,-0.0913008230703711,1.812439056031002,23.03689193725586,1
215.68328285295107,-0.2354955251365348,1.2426112610309004,22.229482650756836,1
215.00643490608888,-0.8257281284407154,1.940840946051611,21.628501892089844,1
216.24649300182972,-0.5967653393665068,1.664501370306675,23.10590362548828,1
215.192312576871,-0.117342639054728,1.0151776291823138,22.69601058959961,1
216.39313709309585,-0.8220682863689114,1.9361807469504704,22.05156135559082,1
216.1883235284107,-1.1126952899308309,1.5740891871371057,19.53200912475586,1
215.57124482832452,0.1638630739472364,1.4790144123164388,22.882143020629883,1
216.09344771201089,-0.6131248896920054,1.1973115170412365,21.367366790771484,1
216.43525704399505,0.3881070067387523,1.6564405144314511,20.58980941772461,1
215.12471460015817,-0.4907617524769738,1.1515110263729162,19.954811096191406,1
216.01541531896908,-0.9604538135590868,1.305799909062675,22.92974853515625,1
216.89833817094296,-0.6276421234522481,1.4740552880478834,21.787918090820312,1
216.47303296477216,-1.1018979636961488,1.9252182861669984,19.550064086914062,1
216.19114407591087,-0.3437049854454455,1.3990194789806134,20.337928771972656,1
215.192312576871,-0.117342639054728,1.0138432757857994,22.69601058959961,1
216.91586790773263,-0.166178245660328,1.8706180491008169,22.344411849975582,1
214.92731060768148,0.0360680525259563,1.0492124286355264,21.735794067382812,1
216.7891508188332,-0.5248261989315527,1.4808280607324382,21.98556327819824,1
215.56455418399327,-0.1984531657970054,1.909452860618184,23.76482391357422,1
215.6423070475636,-0.1655092394538723,1.2123482077005054,20.8192138671875,1
216.2256264829523,-0.7187009219924937,1.669191433824741,22.477205276489254,1
216.09603586972943,0.2457537098612601,1.651034205183273,22.174379348754883,1
215.21177672599285,0.437300233107414,1.4066057776726573,21.44781494140625,1
215.5520803910618,-0.0377746377970226,1.40498612301204,21.263885498046875,1
215.6601010556724,-0.8087163544514981,1.0310261081346042,21.712841033935547,1
216.2756496555188,-0.0491124845005254,1.6710656523310776,22.88817024230957,1
216.42763505965345,0.069160444645372,1.1516375934938314,21.939910888671875,1
215.01999653541515,-0.228042909987699,1.731357274283223,22.58055305480957,1
216.03943445902695,-0.075517157109241,1.1096572628970487,21.001541137695312,1
215.69400878825337,0.2855852328519658,1.3894170959827488,21.08892822265625,1
216.5669802548926,0.1068254156467383,1.1454081017076594,21.176265716552734,1
215.56961870072809,-1.149728635353357,1.093566785788933,22.296886444091797,1
215.7870818614564,-0.2545058093050223,1.5200114091088452,23.304658889770508,1
216.30476377302233,0.4188439743193948,1.9688707331257715,20.26828384399414,1
215.00643490608888,-0.8257281284407154,1.9395715097299735,21.628501892089844,1
215.722135336536,-0.0302752240728471,1.0825213728866407,19.107534408569336,1
216.2738191990633,0.1876921471152753,1.764546199753322,21.887048721313477,1
216.0522861278738,-0.6656998077729634,1.3875702816499165,22.04488182067871,1
215.36024472536317,0.1171918880797505,1.2245532827841052,18.40921401977539,1
215.10463612054943,0.3867129324631518,1.5676425430117915,21.587831497192383,1
215.3437459460266,-0.784159964022613,1.441520164469461,21.51283264160156,1
216.813973626963,-0.6706458326528738,1.7721452338716583,21.59533309936523,1
215.1996261355377,-1.0316564417052223,1.3457782322285443,20.96309280395508,1
215.35242633675736,0.2149823533953201,1.6884037507535608,21.289535522460938,1
216.28765808558984,-1.3127038211360973,1.9333015629843355,22.696365356445312,1
215.6437641407325,0.4402345049188604,1.7078095170827683,22.40347671508789,1
216.53145533358128,-1.0106200186477454,1.5103551419322605,19.986164093017575,1
216.82729327660277,0.4172309497529473,1.089167275414225,20.94644546508789,1
216.9136954103892,-0.2965788610815215,1.285766699403626,19.840530395507812,1
216.22160594897417,0.0214240873525532,1.307653770944679,21.955551147460938,1
215.10715848860067,0.0937439806698795,1.649126377374467,20.99592399597168,1
217.01200672360736,-0.5338500196448444,1.5617975184796324,20.45689582824707,1
216.66418408014664,0.1204308319393026,1.296346842660941,21.735960006713867,1
216.10073047874153,0.5662888013847835,1.4098319961879828,20.900882720947266,1
215.21028180064027,-0.9072011667467624,1.4599721920939757,18.638099670410156,1
216.15204612544625,-0.9407479984443554,1.3740032080405349,22.330219268798828,1
216.13273364736517,-1.105422769612243,1.588953414404526,22.681049346923828,1
216.58099671489887,-1.0165752105682229,1.1405157158921828,18.84785842895508,1
215.9078323205177,-1.191653734151557,1.7909094134724848,21.32864761352539,1
215.23660169635275,0.0195559902319046,2.737187103785453,21.91873359680176,1
215.8249951016273,0.779611843483885,0.9887560937079122,22.078346252441406,1
216.32443390612897,-0.1233618196521196,2.0300383103904913,21.88056755065918,1
216.41287693595612,-1.222496452197163,2.885957913014345,21.3448429107666,1
215.6278379858332,-0.7026119906568982,1.7372136018301492,21.880035400390625,1
215.98434130859764,0.610603934296143,2.261186354562874,22.370512008666992,1
217.00318805424504,-0.2278562412060825,2.379323587231758,19.58230972290039,1
215.32770705951876,0.1088608529373438,1.7468375589133611,23.597339630126953,1
215.8004056520681,-0.3736690102513799,0.2774879230638734,19.93092155456543,1
216.4664663131647,-0.3313934573940827,1.4662339673904587,22.29180908203125,1
216.09787493231244,-0.8228523629126706,1.6600322367430154,21.22020149230957,1
215.2657047210665,0.0803222606386849,1.4947443600295511,22.510639190673828,1
216.42570840894356,-1.2254092873823372,0.9221824638011308,20.91986656188965,1
215.51295508719895,-0.1546324633520123,0.5841940316858205,20.33199691772461,1
215.5001186595705,0.2669031672423247,3.109044080500292,19.909332275390625,1
215.64318073135527,-0.7183863713216466,2.435408399047912,20.77427864074707,1
216.50587956227548,-0.7344851386889233,1.5874070671608291,21.343008041381836,1
215.822394072164,-1.2568455564395906,1.420594063513552,20.59116554260254,1
215.8803425385093,-0.1636281744898431,1.5496167633901514,21.881011962890625,1
216.28869637057585,-0.1113220306187634,2.2517095655684836,22.014585494995117,1
216.70374512175303,0.216792119469097,2.235267344263335,21.01915740966797,1
216.8262693100328,0.1734934000219676,2.209745482121808,21.13709831237793,1
216.9827185522323,-0.4975390476611326,3.369484551213846,17.839778900146484,1
216.08238865600177,0.5361712705189771,0.8754551323642382,21.65738296508789,1
216.0762835783969,-0.1119465029679661,1.2863115923813284,21.22068214416504,1
215.45613282607337,0.6813088522740876,0.8097368960400407,21.45878219604492,1
215.79010057328296,0.220040417139048,0.541234502386957,19.713565826416016,1
216.44607120955575,-1.1835717135999737,2.44569868187763,23.057716369628903,1
215.89698525560252,-0.4448621850989149,1.5714038279828295,21.417572021484375,1
216.697013103816,0.1716427200132774,1.4631521746460865,21.71283912658691,1
216.60317118326793,-0.3525515170898878,1.2971329559883038,21.923337936401367,1
215.7712650711308,0.172054491701156,2.641810528624044,23.58458137512207,1
215.14349678635145,0.0808941607861785,2.6613888283330827,19.842952728271484,1
216.0783227187886,-0.3156012004930358,0.3837339961598218,19.741954803466797,1
216.73890407293703,0.2549514365278692,1.3990128949335905,21.804872512817383,1
215.6282149871807,0.0506776271901605,0.3851472488605592,18.88956069946289,1
215.86353466288145,0.496433357814015,1.263609475960821,21.36283493041992,1
215.2998607200435,-0.4131753404167994,2.223708048595239,23.63898277282715,1
215.65452829803,-1.3467741818290573,0.7212231578637839,19.468034744262695,1
215.46749292589155,0.4577436206055796,1.5623098404521976,21.46991729736328,1
216.25797238818635,-1.1441276472146904,2.076458501098287,22.175138473510746,1
215.3838197135453,-0.3880633819443874,2.311813624221184,22.528324127197266,1
215.12844947398517,-0.2577418618754442,2.241522522856641,22.831233978271484,1
215.96670686611708,-0.1181120215719901,0.6812762523528375,18.85386848449707,1
215.94393816310995,0.7683111384347532,1.5387405120682045,19.984996795654297,1
216.7440559466164,-0.3490110622347686,0.6280350486898684,16.236751556396484,1
216.98508320586956,-0.3164235164501978,1.650029766841025,20.517663955688477,1
216.45044799100936,-0.4910719218672005,1.7462167081907785,22.6104736328125,1
216.39721389436176,0.5886650561138791,1.5616149329147613,20.75889778137207,1
216.08603262303177,0.2032274258614431,3.0933702672869217,20.7423152923584,1
216.26906367233423,-1.3111240501394728,0.83807881613327,21.060867309570312,1
215.0859524022108,-0.6936053297009802,1.1476945845012374,21.699378967285156,1
216.48986855735905,0.730722645559516,0.2227385035474776,17.969432830810547,1
215.28114947612036,-0.2603484305127282,0.8022153218638411,20.792264938354492,1
216.89562919160377,-0.8902921961035505,2.299450633828282,22.74599838256836,1
216.40612223504945,-1.3039195601041846,0.9802848636528024,22.44087791442871,1
216.5300596978499,-0.9942001367741292,1.4667483736006606,20.995670318603516,1
216.67987421954248,0.5378303452157293,2.94415898503224,21.25345993041992,1
216.92746365367464,0.2070295454757797,2.2099775679870253,22.58431053161621,1
216.30830817692083,-0.5765158410525687,1.1897432343520356,22.27499771118164,1
215.8550718332369,-0.3922715033913847,1.086774801117086,22.27348899841309,1
215.22706266310135,-0.1437610116467919,0.3848093559024451,20.65544891357422,1
215.2847273730056,0.467468376646926,2.010859362689734,19.68226623535156,1
215.3281213117456,0.168799759149135,2.1936964931602607,21.090375900268555,1
215.30854094868303,0.6196699203700541,0.7359286043541489,19.09538459777832,1
215.76764956164791,-0.1700132067086956,2.267109310524499,23.134567260742188,1
215.51169024093855,0.5906381885843035,0.3174019881983059,19.94615173339844,1
215.77554944583775,-0.859638598710371,2.0772669068322096,17.924896240234375,1
217.04106841888927,-0.4979404782459384,1.4693189957601276,20.731595993041992,1
215.48167406546895,-1.0266339889056084,1.2728461116406593,21.532054901123047,1
215.40531732385296,-0.7969235280999873,1.7447065828580142,22.1004638671875,1
215.36293972711505,-0.1318620724669975,2.44709514314128,21.342803955078125,1
216.27120153016705,-0.8289757447623355,1.4917874773360034,20.24712371826172,1
215.74344731590327,-0.6540752725264805,1.024023321863934,21.45072555541992,1
216.3589662216475,-1.3174650248157025,1.6486903145422265,22.045156478881836,1
215.7544194066235,0.7277417236324781,2.0508901252441993,21.07413673400879,1
216.81895770069545,-1.0351137806924169,2.328510275294224,21.09871482849121,1
215.5608806772941,0.5409914141848182,0.7223206408410621,20.651552200317383,1
215.7656975803252,-0.9135023967920192,2.5821899041392347,21.229061126708984,1
216.8971598570276,-0.6601354061162128,2.645790012228456,19.477394104003903,1
215.4065287702759,-0.458610659754076,2.8692619818959697,21.077579498291016,1
216.3386846307096,0.5162326154025274,1.5791927020363532,22.184419631958008,1
215.9586754763244,-0.6992264002947481,1.5700060191407514,20.57254409790039,1
215.75188441787753,-0.6784647378399095,1.2005960726858442,22.743518829345703,1
216.8530765067802,-0.0630476209539802,0.6964429618180332,20.183013916015625,1
215.97133941042551,-0.2415451163636297,1.0333618744869058,22.0907039642334,1
215.66400605067872,0.7853389423352654,2.3791389462431276,22.34939765930176,1
217.0451602729992,-0.0519512172912564,1.286751883439959,22.020421981811523,1
216.0990238147252,0.2475083647339871,2.1764037318011624,19.352684020996097,1
216.2827274186276,-0.1109513199547931,2.3883886912907815,22.804004669189453,1
216.5624464168244,-0.4449675297261556,2.313556072030043,22.800312042236328,1
215.72913481724495,-0.7091203051930783,1.2645264844793151,20.44683837890625,1
215.87479896424455,-0.0304277067038596,1.8895707029890556,23.231718063354492,1
216.87915174693447,-0.9060046651513826,2.298848656182924,18.779281616210938,1
215.91414508807875,-0.9217122322417438,1.8631303007350943,20.892688751220703,1
216.09603586972943,0.2457537098612601,1.6505508876280737,22.174379348754883,1
215.582851023414,-0.0904517859407631,3.034671997934459,22.465673446655273,1
215.24227208635105,0.4403925654315448,1.1121135197351153,21.622142791748047,1
215.76087680913497,-0.8403957599511038,1.0250873428454312,21.78341484069824,1
216.1640410105192,0.1021549500074179,0.3225359025128412,19.350643157958984,1
215.13727632281612,-0.4724858917992975,1.2765413343692076,21.008081436157227,1
216.12844832525695,-0.9773841615779626,1.1586513557585028,18.370704650878903,1
215.582851023414,-0.0904517859407631,3.0348431499754662,22.465673446655273,1
216.10803617220824,0.3585156188213036,1.7796287499780854,21.74583625793457,1
215.3073926634769,0.0092122765772667,1.4681875912394289,22.80302047729492,1
216.0097174662581,0.8403779633418538,0.5584781341714787,19.49645614624023,1
215.1916154684329,-0.0883544961659503,2.1915674090592123,19.088966369628903,1
215.69400878825337,0.2855852328519658,1.39148480571061,21.08892822265625,1
216.01936784474387,-0.1479005632565947,2.013071983884645,20.20130157470703,1
215.41652903375717,-0.863449570209511,0.8770916607551695,19.18103790283203,1
216.46970124504475,-0.7311039311990112,0.2591720819104001,19.962017059326172,1
215.84363307104135,-1.1550094052471351,0.4619071439776783,19.460920333862305,1
215.8714649887326,-0.7984553867226778,2.010574457954334,21.77818298339844,1
215.00739436709924,-0.5536848083777139,0.923427839296826,20.884662628173828,1
215.4681675690476,0.2480807807816316,1.3716224432200288,22.33972930908203,1
215.8492582052395,-0.6437116733852726,0.3672607854005004,20.196121215820312,1
216.29192637666583,0.6273990273054334,1.5683260679918916,21.80076789855957,1
216.26872966975608,-1.0744650935198146,1.8379448659712836,22.46124267578125,1
216.1856422532333,0.5791975568154923,1.566941432873432,22.825448989868164,1
215.22131169869112,0.2472547566760333,1.497429646096212,18.80936050415039,1
216.64256829376657,-0.6783855563160106,1.5543634984140255,21.606767654418945,1
216.95902208417385,-0.033645355918599,1.8993341318039496,21.955232620239254,1
216.4949069181419,-0.8521467223478718,2.684795775833414,21.23988151550293,1
215.60591369645329,0.6064269252973553,2.4769993694686128,19.71826934814453,1
216.6343799330336,-0.3397395684779873,1.4552915215808189,21.94707298278809,1
215.93790916568085,-0.9639631270336134,0.8816655280404573,21.17585563659668,1
216.01936784474387,-0.1479005632565947,2.0132724959402752,20.20130157470703,1
215.06230124229927,-0.8562474213549436,2.3682552717539203,19.82742500305176,1
215.5766160671699,0.5245022585202229,2.6752192801444763,22.66916847229004,1
216.4100318811956,-1.0548094634461196,0.1757279027738717,18.719287872314453,1
214.9569369338632,-0.3735596928433013,2.2337473117388287,19.239992141723633,1
216.42923452640156,0.5390452255142774,1.5776812701984924,22.728227615356445,1
216.78318215463503,-0.7484538005171513,1.2601322822181844,21.381206512451172,1
216.70226958335647,0.2941519302233812,1.2054094660048498,22.845314025878903,1
215.380557099479,-0.0913008230703711,1.8106385167305783,23.03689193725586,1
216.36109623827775,-0.0814063675432896,1.6538266487128468,21.92352867126465,1
215.54757005350388,-0.8389434322936485,2.265233203203336,20.584630966186523,1
216.819781652805,0.2523212485369686,1.0894134504643207,21.068418502807617,1
216.20931267299989,-1.030684321525351,1.9267904867593144,20.54547691345215,1
216.62521020088383,-0.3224153650262702,2.8851284821772403,21.298555374145508,1
216.21876241923405,-1.2226781710314307,1.8982802557755347,22.05842399597168,1
215.03206835924655,0.023653706252525,2.8416568624024885,21.4392147064209,1
216.48986855735905,0.730722645559516,0.222725159175882,17.969432830810547,1
216.44507234814145,0.2972604046190347,1.458218125406341,20.655277252197266,1
215.55874637608977,0.5839785495510464,2.703479389658799,19.064050674438477,1
215.52317402269543,0.6953637733965902,2.1515236961011106,19.997291564941406,1
216.42703747902496,-0.9299475771915507,1.967764414040886,22.49979782104492,1
216.2386600811141,-0.435277180390574,2.9918738049990936,20.96425437927246,1
216.01612514023515,-0.136438477334857,0.6349465133168656,20.566160202026367,1
215.2728646630235,-0.6377578461284235,3.169063952107068,23.00835418701172,1
216.20666941169335,-0.3855486641334145,1.3790627907474036,19.0402889251709,1
215.6073703644107,-1.2805937486341006,2.0982017850120926,23.774166107177734,1
215.9253132075316,-0.6984157940321677,2.512796899695525,21.270063400268555,1
216.47924525399569,0.562834208144659,2.101504580541216,20.006004333496097,1
216.57055717396688,-0.7920335639254946,0.5368215449459868,19.713075637817383,1
216.1058775693482,-0.7665929423938053,1.7382268530013032,22.60669708251953,1
215.84363307104135,-1.1550094052471351,0.4620305333340929,19.460920333862305,1
215.1212884178634,-0.5336712524612257,1.7279316695114952,20.76679229736328,1
215.4065287702759,-0.458610659754076,2.873020618240379,21.077579498291016,1
216.8974759726379,-0.3456411578056564,1.6103786158593034,22.33925437927246,1
215.14935805887,-0.1847159157732636,2.2181510706791694,20.299043655395508,1
217.06956682039063,-0.5135018221081606,0.8566556200787073,18.775466918945312,1
216.30090380533477,0.7264692708063921,2.897373883218618,19.735443115234375,1
215.1091245120458,0.2158506228050383,2.4321052109993957,22.54532814025879,1
216.03795652458427,0.0749005884188077,2.244372396786556,22.85770034790039,1
216.7558462694366,-0.6080717855423856,1.5736873949269528,20.912036895751953,1
215.85585214927733,-0.2953564472148457,2.0703304131216855,20.509632110595703,1
216.25797238818635,-1.1441276472146904,2.0849418230871772,22.175138473510746,1
215.79987024518368,0.4188878780873246,1.927701944350571,22.477767944335938,1
215.7621096244617,0.5267698463168494,0.8599969948694511,21.84430694580078,1
215.69240265585995,0.7052192193177051,2.3673534886438388,21.801956176757812,1
216.10078034111015,-0.3891496910377574,0.7142257965771768,21.61440086364746,1
216.45027000000005,-0.42726289,3.7408289909362793,20.807600021362305,1
215.43257417242177,-0.4379646085191065,2.242990542759314,23.343137741088867,1
215.57124482832452,0.1638630739472364,1.478864253964731,22.882143020629883,1
215.15868,-1.0035957,2.9685328006744385,21.91924095153809,1
216.70785731267392,0.1677131746317634,2.3367464434079497,20.61134147644043,1
215.96930874644195,-0.8234911935577487,0.5982175259607584,20.633501052856445,1
215.16761774926795,0.4053974413188067,2.8750842585050767,21.4488468170166,1
216.2295923967519,0.1119359668126699,1.5312249582862705,21.20737075805664,1
216.40053348005512,-0.2839332352667532,2.679467421296415,18.46872329711914,1
216.3594578494131,0.6571161409373886,0.5240810784238612,19.86219024658203,1
215.09147871227825,0.1772296747494539,0.6194302126716318,20.474342346191406,1
215.67339303776316,-0.0548855205466917,1.3301152750106164,22.28040313720703,1
215.65213117583536,-0.5810268204318257,1.9897984077714517,21.263473510742188,1
215.32069073142836,-1.0611909572264082,3.232034592284786,20.871376037597656,1
214.920880655714,-0.449194056939445,0.2610459414462706,18.378570556640625,1
215.92604615822933,-0.2112232721338519,1.0999747248326706,22.44390296936035,1
216.5905339712417,-0.6817599835515569,0.8583422529690765,21.574277877807617,1
215.12471460015817,-0.4907617524769738,1.1516155656941665,19.954811096191406,1
215.77554944583775,-0.859638598710371,2.075606286368676,17.924896240234375,1
215.7450222164529,0.6801470885165303,2.482153086346303,18.847726821899418,1
216.7805972889116,0.4529751160681769,2.1970714547371957,20.206634521484375,1
216.0424851452813,0.2663721477885503,1.3343365306800816,22.34088706970215,1
215.20502407305483,0.0988463698570971,2.7349400782343616,20.73740577697754,1
215.56961870072809,-1.149728635353357,1.0938589834038015,22.296886444091797,1
216.71994776012704,0.2370641615163397,2.426505790263002,22.007204055786133,1
215.92441821231793,-0.5393950182725467,2.5634234789549577,23.72060203552246,1
216.6130153474732,-0.8905777893051453,1.247169493572217,21.185054779052734,1
216.14882077344953,-0.0197751257013874,1.8967777147301716,21.66077423095703,1
215.8749370429947,0.6940119140582917,3.786491763494204,19.420852661132812,1
216.06656584754103,0.2329472802161127,2.196361927634784,22.82400894165039,1
215.70060377482164,-0.8561012745495161,2.6313859747851627,22.689043045043945,1
216.83472721242623,-0.696059503867059,1.372274026685173,21.348310470581055,1
216.11669281753203,-0.0395780900697094,1.658123284618621,21.107799530029297,1
215.43276012153,-0.5870738312990077,0.6212642526687477,22.205018997192383,1
215.96798629604584,0.0878942338850897,1.585876469214352,22.316722869873047,1
216.3864858566457,-0.9745056061586144,2.411702657727866,20.36161994934082,1
215.22131169869112,0.2472547566760333,1.497592337275286,18.80936050415039,1
216.21876241923405,-1.2226781710314307,1.89758791157933,22.05842399597168,1
215.14451237376153,-0.916918589960776,1.4784605199939758,22.22326278686523,1
216.5156537650564,0.3449163504683478,2.009147773177663,21.510210037231445,1
216.37910517556804,-0.2193831232022563,0.5681975167044637,20.076990127563477,1
216.77644871840644,-0.2558445913457484,2.530123149506115,19.47162437438965,1
216.68271792079307,-0.174110562736657,0.7045027485610766,20.484283447265625,1
216.0860523208518,-0.7407618782540615,2.1761322844064757,20.491016387939453,1
216.1405410299207,0.0894333892748055,0.7437236534130932,18.192386627197266,1
216.95806063699257,-0.2751766221406891,1.2530825513746584,20.829833984375,1
215.82799979039515,0.3286525543581495,1.5990054970652854,22.51332092285156,1
216.54778243319544,-1.133584721350665,0.2652726919652198,19.35497283935547,1
215.54923844952305,0.2324588842837111,0.3287656571180946,19.883316040039062,1
215.84733160567737,0.443430503894376,1.5770532668245625,21.376798629760746,1
216.65828984840005,-0.2585130932300334,1.095374271706781,21.961483001708984,1
215.97286297881544,0.2271378758276228,1.136760724383002,18.896785736083984,1
215.27783303203776,-0.389809757633329,1.4868705329167604,23.072265625,1
216.28035807597635,-0.8464890244297254,1.4266476681463642,22.5277042388916,1
216.39356828850427,-0.1993698651941928,1.4889221440367737,21.881628036499023,1
215.320921958897,0.5460899285034918,1.564464965493106,20.98194122314453,1
215.96751930569033,-0.4055528956189209,1.6599238138782322,22.273412704467773,1
214.9953084898164,-0.0416094093996918,2.0213133457520347,19.99936294555664,1
216.4569205864658,0.5744956894752872,1.0979123273114364,21.87124252319336,1
215.26273031506616,-1.0757974572471072,2.0206307527482927,22.387392044067383,1
217.09253585868893,-0.4947748774216703,1.5952873607053488,21.861629486083984,1
215.6091591905136,0.7059141083140916,0.6321484408780068,17.812280654907227,1
216.40612223504945,-1.3039195601041846,0.9810131574452792,22.44087791442871,1
216.81895770069545,-1.0351137806924169,2.328572137103451,21.09871482849121,1
214.9576382938385,-0.1121307128566682,0.5136264903583787,19.537927627563477,1
216.15204612544625,-0.9407479984443554,1.3741645487418317,22.330219268798828,1
216.74756370199367,-0.6022684958622203,2.197637770451104,21.120420455932617,1
216.68814189933488,-0.0901661047694873,1.73805997620219,21.421306610107425,1
215.0350991484379,-0.7966367695143849,0.6105735698970363,21.04846572875977,1
215.70944568218164,-0.10065054261314,2.45568393520217,20.66666603088379,1
216.70660823196275,-0.7882774508749177,1.8313635349182316,19.077957153320312,1
215.42561221787483,-0.9082574820305732,2.2245020817907952,22.59387969970703,1
216.12844832525695,-0.9773841615779626,1.1582534469875458,18.370704650878903,1
216.33484403724535,-0.960741902186861,2.7221172936619,22.27225112915039,1
216.0860523208518,-0.7407618782540615,2.1776431858778347,20.491016387939453,1
216.7528755174241,0.4914612368168474,0.9970286590466592,22.757719039916992,1
215.2327640351903,-0.4322109432733773,1.0318912014357324,21.865217208862305,1
215.96930874644195,-0.8234911935577487,0.5982182982625344,20.633501052856445,1
216.64445571544897,-1.141359149198487,0.9236547329394632,21.274452209472656,1
215.27893232166576,0.4748129568802877,3.739876801970032,21.96809959411621,1
216.70785731267392,0.1677131746317634,2.3366482263341672,20.61134147644043,1
215.38735635655863,-0.3693120502287497,2.646010341837584,21.41513442993164,1
216.3732410036251,-0.7211424026637318,1.5729051974483672,22.39704704284668,1
216.57669577067003,-0.1132994127837323,1.7757258175090858,19.578773498535156,1
216.69176619659663,-0.3112180162103898,2.3593037055287565,22.285497665405273,1
216.1075841049416,-0.8212701502550768,1.6488414563547256,21.527313232421875,1
216.67405772501013,-0.8177366101067721,0.8984781452980756,21.61587905883789,1
214.8728916781549,-0.1998263907087345,1.2300617569163683,21.034696578979492,1
216.43525704399505,0.3881070067387523,1.654698040066452,20.58980941772461,1
215.6917453094607,0.33134428654228,0.7193227481894471,19.56869888305664,1
215.57745645234476,-1.243123166635211,2.0643427084563477,20.122032165527344,1
216.6991993746211,0.4611074469433813,3.6965907262705864,19.383514404296875,1
215.79594456891056,-1.2914451355195704,2.027178127761448,18.10915756225586,1
215.3873590267359,-0.1368067166981748,0.8660659752370772,21.20098876953125,1
215.98730419196423,-1.117111348772018,0.7699908656608625,20.581079483032227,1
216.52184998552983,0.0684783713409,0.7498135110305792,21.43917465209961,1
215.32094879404517,0.0924304409895155,1.720695277695128,20.604507446289062,1
215.74586780582757,0.3511681676244906,1.578099233594891,20.23609161376953,1
215.0025034097758,-0.2825265223232586,0.3151404919793416,20.05391502380371,1
216.1287589375835,-1.1089124407284512,1.3706948301828126,21.918434143066406,1
216.018589940714,-0.6290106179711568,1.3894778856157086,20.960134506225582,1
216.16566931880695,-0.7990910058285329,0.5456068650637595,20.01991271972656,1
216.81209718455068,-0.8815445739483225,0.8849075206743262,20.68022918701172,1
216.12844832525695,-0.9773841615779626,1.1579126996611986,18.370704650878903,1
215.0416737180357,-0.3754413288002375,1.146653190026601,21.648557662963867,1
216.36042346483185,-0.739274617383865,0.568273333154058,18.63103675842285,1
216.79089397065735,0.2472884447858631,2.907489953055772,18.577695846557617,1
215.5606150337282,-0.4876130021867597,1.5648684622435003,19.10673713684082,1
216.7222088599751,-0.2626028175953165,2.5725106452222093,20.691688537597656,1
215.36175716053273,-0.2772334519983469,1.432704404079394,22.076480865478516,1
216.96453026002916,-0.6694042866307377,2.3072702544804224,21.93337631225586,1
215.1996261355377,-1.0316564417052223,1.3468543160089763,20.96309280395508,1
216.67987421954248,0.5378303452157293,2.944910054926077,21.25345993041992,1
216.31067342899004,-1.265526207960283,3.2459945306604214,20.65025520324707,1
215.9617656784329,-0.023436369521873,1.1561141240953752,22.65050506591797,1
215.51787407906355,-0.9478218420362784,1.3059100684477625,21.986270904541016,1
215.1916154684329,-0.0883544961659503,2.191545824110624,19.088966369628903,1
215.71015180427025,-1.2797654172128743,0.814742478503441,21.51463508605957,1
216.06133035110588,-0.849528554465642,2.3017034164226056,20.90708923339844,1
216.10571096135672,-0.0901065596094978,1.7748248044969572,20.61299514770508,1
215.97565816610657,0.5857365828063825,1.1893640388415945,22.529876708984375,1
215.47850548673617,0.0993500079163831,2.1742990498136447,23.065532684326172,1
216.14659552063716,0.5989072441494645,2.113454861057808,19.867572784423828,1
215.632793520131,-0.7856745083732264,2.343792504006867,22.778486251831055,1
215.20973507230045,-0.4314134314419715,2.088406526955374,19.283794403076172,1
216.1320217026931,0.1552576379304334,3.0839742279651365,20.851089477539062,1
215.5421703408172,-1.2909289024205572,2.637604985403642,22.76443099975586,1
216.97454591411213,0.1755389607819547,1.7907729334358913,23.20871925354004,1
216.05632976481613,0.6494630050010415,0.9974621180702532,20.58230781555176,1
215.96670686611708,-0.1181120215719901,0.6808362373403176,18.85386848449707,1
216.89562919160377,-0.8902921961035505,2.2998043685868184,22.74599838256836,1
216.6832500299679,0.4953057199582729,2.534235216589347,22.428667068481445,1
215.9763685986464,-0.0504049482684677,0.716730598712639,20.18221664428711,1
216.89410176560483,0.3646934152796043,1.633658818000538,21.74030303955078,1
215.20096364391384,0.1506711743444966,1.4757997029757413,21.170751571655273,1
215.8249951016273,0.779611843483885,0.9885342070734344,22.078346252441406,1
216.0074670056522,-0.5315056835934622,2.8836345268093857,21.172561645507812,1
216.32443390612897,-0.1233618196521196,2.0318865245001976,21.88056755065918,1
216.14036,0.33090286,1.2607344388961792,21.967777252197266,1
215.89698525560252,-0.4448621850989149,1.5711809389134113,21.417572021484375,1
215.39851143698945,-0.1122242132684737,2.082004180819135,21.19910430908203,1
216.3831305933237,-1.140748896835336,0.9378802261310516,20.928831100463867,1
215.10715848860067,0.0937439806698795,1.64891668331708,20.99592399597168,1
216.3831305933237,-1.140748896835336,0.9379492162574504,20.928831100463867,1
216.1405410299207,0.0894333892748055,0.7437998983556505,18.192386627197266,1
216.7528755174241,0.4914612368168474,0.9967950016558738,22.757719039916992,1
215.6282149871807,0.0506776271901605,0.3851937066937441,18.88956069946289,1
215.2317514178024,-0.1611697789763858,2.1897061529667297,19.067792892456055,1
216.47814629280873,0.3888039290851359,0.4113077471200288,19.61035919189453,2
216.60307602383625,0.558154510899961,0.129621386026399,18.662317276000977,2
215.58135741631077,-0.2113579750451162,1.2422201058908795,23.47382164001465,2
216.58795374915724,0.3919952166047757,0.4368985195213368,20.404451370239254,2
215.49235486769825,-0.6509798158117279,0.3946244899375823,18.697303771972656,2
215.4133574060549,0.4396743557565199,0.1215091192324698,17.243831634521484,2
215.437219794721,0.2384855217472332,1.026354615923347,22.567968368530273,2
216.85446212728033,-0.3287101701018551,0.161667933901219,18.706016540527344,2
216.1636239517363,-0.3899799925684875,0.8779500950288973,23.020206451416016,2
215.7645256917695,-0.0810844131685014,1.4449691376939753,23.0036563873291,2
215.3073476098546,-0.4590751918579726,0.2757541184975092,18.137306213378903,2
215.3921977431893,-0.6089578423712316,1.304953131851636,23.036123275756836,2
215.17675502603427,-0.5338644118783471,0.3231712534151963,22.1210994720459,2
216.1510497001124,-0.7687613965474968,0.4557068975828114,23.060033798217773,2
217.06742033504696,-0.2687159745276312,1.0021563308465105,22.792312622070312,2
215.21948671413912,0.0168632495647831,0.2998782615056137,19.778947830200195,2
216.04287744012,0.5213217984880106,0.1247698703303672,18.8160343170166,2
216.44371121918027,0.4458082190562121,0.3282289266273698,19.05497169494629,2
216.37646583656044,0.4962023196122289,0.1083567423334714,17.68541717529297,2
216.41206741194117,0.2333406388713373,0.8226144551147478,23.225597381591797,2
216.09636098767777,-0.6246176822434728,0.1932595800288236,19.526573181152344,2
216.50299342004917,-0.4794755301825591,0.8663814874389115,23.097421646118164,2
215.0940218385495,-0.3660047757591926,0.2491985511798851,18.6079044342041,2
215.6360944227048,-1.2410781324490148,1.1956070165246238,23.7457332611084,2
215.96466299878432,0.3028872205742404,0.2777233249935746,19.819873809814453,2
216.2239451379008,0.7439702274621787,0.9661209379205896,22.434864044189453,2
216.5256880732963,0.3731702225049443,0.2454883509522283,19.028928756713867,2
215.04112883518889,-0.32793447003956,0.1901403925769541,22.52826881408691,2
215.77252820639913,-0.7096693251235172,1.0490299786704849,22.92563819885254,2
215.17602335705996,-0.0761354026573739,0.8376453798032691,22.7695369720459,2
216.21384374628616,-0.218327069009254,0.2704101600393596,19.897327423095703,2
216.2802560506616,0.8091281924056598,0.9360074751745948,23.608596801757812,2
214.9130789052286,-0.3468963014908062,0.2606056056453847,19.789154052734375,2
216.1808147828166,-1.341351688308293,0.4593646387458135,20.054414749145508,2
216.43086760648904,0.2460990173353112,0.5712028887210041,21.172550201416016,2
215.3277275987328,-0.9937336206097904,0.9946827251321816,22.91451835632324,2
215.34258095574916,-1.0652292173111553,0.8627253625080171,23.47041130065918,2
215.25378678872227,-0.2861352387877011,1.0689546733529278,22.105243682861328,2
216.45406408010905,-0.9705783030912664,1.1452761911868108,22.88970375061035,2
216.18436446725937,-1.141959886301579,1.052175560202146,22.746984481811523,2
216.72810315379553,-0.3505634854532814,1.3522530507426624,22.890722274780273,2
216.2236028786924,-0.5521688030879988,0.1030857223955394,22.1439151763916,2
216.06602874510153,-0.8028126466818183,0.2854637383347519,18.95082664489746,2
216.12093520147656,-1.1927904196411132,0.9206106341992528,23.18552017211914,2
216.17143073433652,0.7811996243376217,1.139353209640749,22.8052978515625,2
216.5279290241278,-1.1627894149232492,0.8870808860320526,22.7116641998291,2
215.9704838869653,-0.2221524354788549,0.1974932440953541,23.44376564025879,2
214.99356020246984,0.0076806751709644,1.5271040064943542,23.870838165283203,2
215.1691894934187,-0.5458049816346043,0.8347791627221729,23.275590896606445,2
215.487374603589,-0.771697125237149,0.1559672868080991,22.014772415161133,2
215.91577000000007,-0.0026651404,0.4642578363418579,21.19466209411621,2
215.8437419807071,0.3820795380436745,0.722334106902492,22.657163619995117,2
216.00296517230396,0.6546746045336981,0.9282952064271794,23.116962432861328,2
215.77802087390884,-1.058294598315152,0.5877699698318285,21.237079620361328,2
216.4045469871445,-1.047472198082284,0.5789168634163435,23.667659759521484,2
216.5571890698668,-1.1501465111991245,0.2638189614179959,19.944400787353516,2
216.39374851527228,-0.3300497837356965,0.2686324213908704,18.359743118286133,2
215.78736643025937,0.0501891087614407,1.5331816479618638,23.625646591186523,2
215.95978918895247,-0.18428379356754,1.1785943544582578,21.871746063232425,2
216.8755019485955,0.3909120878398693,0.8531489770291,22.27607536315918,2
216.91116638492073,-0.0728835515879518,0.9576439096945816,22.70536231994629,2
215.71719090616676,-0.1116116460549359,0.871187731586688,23.801525115966797,2
215.49235486769825,-0.6509798158117279,0.3945754011115254,18.697303771972656,2
216.77840207585828,-0.8669085242699477,0.5743470635798041,21.11626434326172,2
216.27822743665703,-0.6998359161638299,0.2594969371370328,20.116220474243164,2
215.86324556904515,-0.7592030638249752,0.1916473792850381,17.091270446777344,2
215.99829776973908,-0.6354572376456081,0.8888806781269155,23.32948112487793,2
215.87730188402764,-0.8603281874694673,0.9460549503758712,23.86997985839844,2
215.40097831482348,-0.0294926629528185,0.2367186206519848,18.502458572387695,2
215.0526425447649,-0.3093303456508441,0.8939843901995614,22.86939239501953,2
215.3810015771742,-1.0541053631550357,1.0911140899594365,23.144832611083984,2
216.4789095334679,-0.7748259546359375,0.8578852675046265,22.0767765045166,2
215.62153330605997,0.1835734506308704,0.1303066108999399,22.52613067626953,2
215.89102376349476,-1.0380533400014804,0.8820516833050865,23.36243057250977,2
215.57583605797976,0.5073707602630916,0.3280307454791543,19.15743064880371,2
216.38727601833548,0.3564512211493479,0.134488563656996,18.993602752685547,2
215.7054104647181,-0.2801188167475505,0.4633065002382481,19.347736358642575,2
216.1286547913057,0.5907592050635517,0.637482778974254,20.94354820251465,2
216.72235557201515,-0.9937417270102258,0.9048247355541126,22.863187789916992,2
214.9517405239254,-0.2546047010027376,0.5421086882109234,18.754077911376953,2
216.67936873200648,-0.2779772493602097,0.8554934824991974,22.93798828125,2
215.28101853344623,-1.077768082392472,0.942951422122285,23.35160255432129,2
216.02174612191197,0.5401324270003659,0.9250559045611032,22.901321411132812,2
216.5049897266545,0.1968911940206191,0.2813488741311534,19.561176300048828,2
215.3358257466501,0.0576477772059906,0.624589808644599,21.34264373779297,2
215.97976245560335,-0.050042317227051,0.9231308664647272,22.712142944335938,2
215.95241250174445,-0.7411592185023707,0.9295912287326124,23.05643653869629,2
215.6664910139233,-0.6253797601300687,0.7134974887083029,21.16659927368164,2
216.23883699285727,-0.1463431290538976,0.1306534409699223,22.448017120361328,2
216.72469492457395,-0.8511954870788171,0.6682227716679334,23.8962459564209,2
215.13618180260136,0.1252160056176885,0.1561860992730323,19.246091842651367,2
216.28147144140843,0.1841377432019862,0.9142408813860738,22.777416229248047,2
216.43193828129213,-1.1984060430008434,1.0766072518583496,23.04480743408203,2
216.545405430246,0.6058537502249571,0.3278406362725756,19.202903747558594,2
215.34191265513493,0.0383003590418837,0.599278052759242,21.130687713623047,2
215.03425058872455,-0.0388978751569442,0.6257277431309031,21.38373374938965,2
217.0075049488308,-0.7095932995146838,0.8597613770863115,22.040233612060547,2
216.4223640426657,0.3463021313249995,0.1310574384130344,17.198192596435547,2
215.8110319840833,-0.2435354947201664,0.2091935051867401,19.750347137451172,2
215.3216217702936,0.3369640902868032,0.410389748786847,20.015459060668945,2
215.8916461961088,-1.3282712743296474,0.1782549311739789,19.445146560668945,2
215.91938970586423,-1.3865963967195016,0.9468630215741902,23.516490936279297,2
215.14999514564624,-0.7341580897104699,0.2542768749839675,19.474328994750977,2
215.37786801840664,0.470381582893746,0.888558305494764,22.711305618286133,2
217.0408940682079,-0.5352416607738248,0.3118083726051689,19.717140197753903,2
216.87467868993767,-0.7382830558271197,1.0141499778261331,23.38690948486328,2
216.6529400377782,0.246063458864461,0.2887079347220974,19.615442276000977,2
215.12853050040948,-0.6458130178880074,0.1690925515015305,18.30592155456543,2
215.65322237148425,-0.6478409219366296,1.5809430534443338,22.37749290466309,2
216.4585979683374,-0.3863631296149554,0.7232121488323205,21.9871883392334,2
215.2353908512761,0.1667741183547676,1.027145875327064,22.723291397094727,2
215.27634474999385,-0.5718498557999693,1.2170546633655162,24.591136932373047,2
215.3996821791862,-1.0611656137901115,1.329055701900412,23.04889678955078,2
216.1665920084347,0.7129488456973008,0.4773869628381221,20.276565551757812,2
216.9689050868437,-0.0337136129994696,0.8211917862217009,22.237146377563477,2
215.83884165636255,0.6581073836760901,0.8368321845332952,21.869380950927734,2
215.59165935969227,0.2273357068864265,1.4694167861302632,22.63697052001953,2
215.15883969202324,0.2865345916217437,0.102028685403126,18.710956573486328,2
216.62327492073248,0.0500893507013601,0.1969361973395795,18.74010467529297,2
216.6523126606161,-0.1821010738232722,0.3240126078300306,19.40340805053711,2
215.13778478489905,-0.4953130778364339,1.0751697871500214,22.522432327270508,2
215.6586355561637,-0.9816252404133812,0.5728208003381943,20.61841583251953,2
214.9092477498421,-0.550012321652293,0.187807202621545,21.82203483581543,2
216.62090672081072,-0.9650065937600988,0.1185786021161357,22.379959106445312,2
216.60134791736613,-0.7873734735920062,0.8599062517451667,23.081453323364254,2
215.5520813106853,-0.8470536228364015,0.9423351285476368,23.564144134521484,2
215.2939046640317,-0.2983806113793942,0.1253094735944887,23.56672477722168,2
215.78905623374655,0.4959643962930386,1.4727722119501732,23.34300422668457,2
215.19375526749275,0.1389318702647677,1.2773672784729568,23.04357528686523,2
216.71545456857808,-0.3535778228484821,0.157447883391021,18.846532821655273,2
215.58084860566387,-1.0087971709773669,0.3687109032567739,19.631982803344727,2
216.7538282724439,-0.5359067515840422,0.8785243011734123,22.787870407104492,2
216.4169344040613,-0.4126727316337004,0.6151261527101849,20.757781982421875,2
216.39700271683557,-0.9276950300526297,0.7662530372940317,22.889474868774418,2
215.9036444536645,0.5362752278353848,1.0953366997433212,23.76681137084961,2
215.2207500606259,-0.7242530621256599,0.8604208226974419,22.8745174407959,2
216.36605282115497,-1.1543228970994823,0.2894017005458819,19.134803771972656,2
215.76656514771628,0.2958054204681963,0.1500290060590868,23.268144607543945,2
215.06704495300508,-0.7356509602376587,0.6224051546713975,21.12326431274414,2
215.65582271522072,0.0849395850476773,1.1382662463474489,22.99597549438477,2
215.6222083619136,0.172705971347412,0.3536139306429373,20.26161193847656,2
216.88576637498196,0.1526182083591753,0.4610867194026225,20.64409065246582,2
215.12669314083576,-0.8039716038895741,1.072268939782768,23.879947662353516,2
216.4942211711644,0.1645441122460882,1.4559505811264697,23.32751846313477,2
216.23126117322957,-1.3434427840213985,1.10162267252614,21.9204158782959,2
215.84086193948252,-0.4458542552070881,0.1925229992830718,19.33826446533203,2
215.19050046437343,-0.2407314263405479,0.8349750742244689,23.74842071533203,2
216.86283055908112,-0.7965264495856594,1.2267418616852823,23.535396575927734,2
215.49703350497865,0.6301949963622544,0.9741585052540852,22.38208770751953,2
215.38558772427115,0.5594801589551326,0.2294126480057375,19.473255157470703,2
215.67148152140024,-0.3602850655984634,0.9200656773866428,22.800743103027344,2
215.8718425143687,0.7325350448673749,1.0009355476941095,22.539949417114254,2
215.03171225020787,-0.2087227261002919,1.1010737163942736,22.965150833129883,2
217.0251214540366,-0.0270936808078465,0.8232988652704234,22.277692794799805,2
215.19117007802828,-0.1884189834049149,0.5601734752681942,20.20029640197754,2
216.520562322739,-0.8713219021138672,1.026193488319561,22.91952896118164,2
216.94843533130708,-0.063318117975479,0.8489453908319036,23.55249786376953,2
215.6721751964211,-1.238386886795285,1.4177009319088314,22.755224227905273,2
216.57035450762913,0.3377709399999783,0.968598624749062,22.56743049621582,2
216.02441359597805,0.1189648156547738,0.32404212773806,20.22184181213379,2
216.6426255871021,-0.4496735381732956,1.276244004522442,23.218442916870117,2
215.6172198873097,-1.0243168953855943,0.717020956812363,21.29471969604492,2
215.2650833288123,0.3413508173307309,0.5138820350517397,19.97683334350586,2
215.77934883016076,-1.0604888012297224,0.5877520005218647,20.769866943359375,2
215.88385137347615,-0.5210403790734828,0.3635540948219445,19.11454200744629,2
215.7940338777108,-0.9370951739046416,0.9698148084502428,23.28386688232422,2
215.11266232628896,-0.5088066324475755,0.1388165438041049,23.42990493774414,2
216.02895140726272,-1.3335842527422508,1.2512885762442694,23.728639602661133,2
215.85534113405348,-0.4054873662827988,0.8255577982134719,22.480161666870117,2
215.8093796884773,-0.0984513113374767,1.215785349442118,23.4339656829834,2
216.33726094603787,-0.2531158956203224,0.3506540536067948,18.74014663696289,2
215.1242841616302,-0.3973452812212724,1.2116920752183968,23.449331283569336,2
215.7470598098712,0.2069221346961708,0.140055530074999,18.576688766479492,2
216.29413151238907,-1.191656658829222,0.9648367278793398,23.17587661743164,2
216.9730632387983,-0.446728660687573,0.958712529136531,23.55245590209961,2
216.20010100943043,0.0890128075009608,1.512629977401309,22.975082397460938,2
215.99405806500252,-0.540324834664535,0.8917415069657272,22.532573699951172,2
214.9852951228317,-0.7528605703878832,0.5024286812902503,21.557891845703125,2
214.8929177922313,-0.1176108951487705,0.344001311478553,19.41844367980957,2
216.00700949877668,0.7349156912937831,0.5608389365773345,21.056623458862305,2
215.7367294266953,-0.6825340374305905,1.28318385998136,22.954164505004883,2
216.61743789724076,-0.8623942529451625,0.2635888655645123,19.015457153320312,2
216.4415057545036,0.3856084278696493,0.3281425365415209,19.27077293395996,2
217.0523458720103,-0.2637389548801521,0.5611854426419918,22.877466201782227,2
215.0397526384761,-0.8538253791029377,1.0206115736536718,23.381855010986328,2
215.6193772144622,-0.5576243021626931,0.1263066627087889,19.50229835510254,2
215.8916461961088,-1.3282712743296474,0.1782307012489441,19.445146560668945,2
215.32656186937436,0.244755012603835,0.3079229423926507,19.892255783081055,2
215.07844631569444,-0.3033962289302647,1.0105712902959465,22.54197120666504,2
215.17216215472885,0.3702873808318741,0.357082424332653,22.595497131347656,2
215.57134599281827,0.2791045910442983,0.1407007632869419,20.138208389282227,2
216.85936602125972,-0.7813223739652381,0.7335125553350949,21.82292938232422,2
215.54297937749104,0.4738584125492693,0.1714930883148793,21.726289749145508,2
217.05755489841195,0.0415703350985731,0.2439237493088425,19.090744018554688,2
215.42918334523085,0.0733037498623989,0.4534645122370938,19.991575241088867,2
216.46423723178995,-0.9964281331737572,0.8639370900114403,22.09328269958496,2
215.57801871794047,0.3523398841580331,0.8845542361574099,22.69474983215332,2
216.93638861473448,-0.1619740996612894,1.547580294153248,23.164731979370117,2
215.35020269266215,-0.3883647900282607,0.3197455056872721,20.01344108581543,2
215.14796126543231,0.2250649148485133,0.4994887477640831,19.974897384643555,2
216.04224762301897,-0.2661685113234775,1.5068814745988262,22.8438720703125,2
215.63714734902211,0.3758370085033343,0.2584881477297822,20.34514045715332,2
215.89105064349903,-1.0929604751898354,0.2668663965582334,21.03894424438477,2
215.97560050531737,0.6965764620168273,1.243836380642752,23.671485900878903,2
216.2924041045024,-0.361340123512872,0.1027263971535505,17.06773567199707,2
216.53162240146227,-0.0239285432285338,0.806585968308472,23.049259185791016,2
216.04612444877057,-0.2933448451049973,1.3925951426315015,22.270259857177734,2
215.95034333762104,-1.3355285436734834,0.6741543560607379,21.11834716796875,2
216.47138345220048,-0.2929310206029146,0.3219320806393479,19.927703857421875,2
216.02831653860747,-0.7928406362625762,1.4308383592551108,23.4588565826416,2
217.0954020757362,-0.4292385809228879,0.1369021356990997,18.00971221923828,2
215.25074761058684,-0.6212650095705007,0.8197318527153153,22.32808303833008,2
216.02399567598903,-0.9422806656057252,1.185530611329192,22.421483993530273,2
215.5896843002504,0.1701780833168466,1.404391781044739,23.2133731842041,2
216.39490183543663,0.6238427123946622,0.1262762538493532,16.406524658203125,2
216.3355589046424,-1.0846611891294435,0.3310415170963595,20.381216049194336,2
216.1457145297646,0.0521883735739016,0.6887792262149436,21.915945053100582,2
216.02392446895857,-0.2838990803956832,1.1324540560875105,23.062414169311523,2
215.6060099154708,0.7256027479624121,0.8745333262464539,22.165027618408203,2
215.7138312828424,-0.9061074663012118,0.2456591288300385,18.629392623901367,2
215.03391204023893,-0.7336491782568291,1.0227065161018702,23.020313262939453,2
215.77393920294676,-1.1254281029120976,0.6991176623007175,22.85837173461914,2
216.21970157295144,-1.3471349361158955,0.3564506613580369,20.29560661315918,2
216.6959486280322,-0.1228385358840455,0.280474954256012,19.630258560180664,2
215.99115719668157,0.0884553308795767,0.3218112801165362,19.92415428161621,2
215.882717489274,0.0890598014962349,0.3669270070491474,19.735084533691406,2
215.6228029215665,0.2784197155445809,0.8269262800994204,22.129241943359375,2
215.36260538274516,0.1152065119194217,0.8151287476675323,23.125093460083008,2
215.36269211788897,-0.6921000904118777,0.2497885438816608,17.91839027404785,2
215.46041918702167,0.0263618856593314,1.1429556638060947,23.129804611206055,2
215.1422696646625,-0.5870484296457847,1.0765080370511608,23.79782485961914,2
216.29121134687273,-1.032963475300944,0.8335193814614082,23.26226043701172,2
216.22402903458868,-0.3022494603137535,0.6193342089020313,20.82252311706543,2
216.21243778817592,-0.7996326052331143,1.1914231638347952,23.070575714111328,2
216.79314562654233,-0.2563037475928452,0.8574089809026589,22.259666442871097,2
215.1412739328074,-0.8999284752447997,0.0844898542992446,15.44931411743164,2
215.37249158798352,-0.3486355181371718,0.1390652500565614,18.69982147216797,2
215.4145825510997,-1.2236340958156111,0.1388845924289637,20.077953338623047,2
215.89983448795985,0.0047697023961715,0.2582208402178397,19.341323852539062,2
215.72268375471745,-0.7043076326706905,0.225065174871595,18.460582733154297,2
216.46193427456143,-1.1408281985311044,0.2643267190335375,19.982742309570312,2
216.06969680273815,-0.6017581185651778,0.0524208554643175,18.38811492919922,2
216.19102820770016,-0.2690330761705926,0.1728762078595549,20.162973403930664,2
216.23458937804864,-0.4594751652820306,0.3843321072295247,19.42654800415039,2
215.46176519231287,0.192760263860872,1.0275450978695713,22.809598922729492,2
216.8953832333972,-0.8301313943861645,0.6363630222141673,20.777599334716797,2
215.4328410421178,-0.898688667245352,0.1482065342952314,17.92038345336914,2
216.9744216549401,-0.4915519613885527,0.0887456639199113,17.811176300048828,2
216.00199635934544,-1.3927515457745183,0.468134468830781,19.208593368530273,2
215.68295727148407,-1.0160938275013007,1.1132118559232604,23.66619300842285,2
216.79761742357616,-0.7743170457204869,0.8570624260041436,21.391742706298828,2
215.8527896986288,-0.6977044723807848,1.1988410849614164,23.209739685058594,2
216.0941279009583,-0.5547496455599505,1.4930911388096153,23.67134475708008,2
216.92062215605895,-0.4725530785560991,0.1363099467137191,16.4921817779541,2
215.1288578429674,-0.8547923103966755,0.6374979428051268,21.02029609680176,2
216.30226857749284,0.4816875467811317,0.0788425216542994,19.324867248535156,2
215.3015791568573,-0.4564727093381778,0.3208840855116001,19.210369110107425,2
215.20428783468708,0.1675181133002839,0.1936385288181787,18.793787002563477,2
216.74625645259243,0.5094196294406711,0.2959246913507564,17.857250213623047,2
216.00870493788443,0.6494732469497159,0.7258397610002364,21.617406845092773,2
216.4314395165482,-0.8809953106586461,0.3031704041275291,19.948917388916016,2
215.6484652232301,-1.121429756493953,0.4477898218027775,19.991498947143555,2
215.4402638814529,-0.6143202267333292,0.4659824182337448,20.1228084564209,2
215.1626546431347,-0.4556896120605673,0.8331967509010817,23.77180290222168,2
216.62086409210823,0.128805144643411,0.5452606259900366,20.113100051879883,2
214.93626113375063,0.0586882412888487,0.9428334767557464,23.387998580932617,2
215.87179183258957,0.2210234149242105,1.174246602588582,23.41452407836914,2
215.37986577186123,-1.040086184156798,1.044299368855298,23.404706954956055,2
214.8600614141207,-0.2362281754698622,1.0949942162769932,23.881023406982425,2
216.35853652823667,-0.8061375659181622,0.6189171325835038,21.117843627929688,2
215.83181452587607,0.168779875089144,0.6558788389643688,20.906951904296875,2
216.65211343963975,-0.1606354186344432,0.2508529492185508,19.19837760925293,2
216.30646094015756,-0.5032091199231589,0.1702010750570682,19.84925842285156,2
215.34476337129232,-0.5217564957914529,0.782806729772518,21.46601295471191,2
216.838124631049,-0.5277164565715965,1.4675719105758749,23.63126564025879,2
216.3004904477437,-0.7409848525080353,0.1609824671834046,19.480051040649418,2
216.82942161233777,-0.2257029063150676,1.5287090215020092,22.93422508239746,2
216.4004981075188,0.5279444685319075,0.1361894269302116,19.650619506835938,2
215.31205802285797,-0.4383210620143233,0.2533592139541916,20.18207740783691,2
215.29524611551184,-0.9576487460841664,0.3674385457541778,20.03702735900879,2
216.582865980076,-1.1765306577609935,0.8490458785928816,21.79914665222168,2
215.48130684863065,-1.1841578281211769,0.2755384707293235,19.29984664916992,2
215.67491613242055,0.2383775527286758,0.3185207269562781,19.50733757019043,2
216.20482323257073,-0.9908481671382532,0.5457602144940209,19.40898895263672,2
215.4418113616284,-1.043620597615437,0.3546640254701217,19.73363494873047,2
215.37114969038117,0.0930999464387629,1.2012333008182037,22.621139526367188,2
215.73367002540485,0.1523599147901017,1.1316551864590074,23.117143630981445,2
215.28726428631197,0.2104255018985835,0.9992176736099578,23.06841278076172,2
216.0858375857548,-0.0969865161448555,0.7517383282369272,22.00567626953125,2
215.91480110494876,-1.2474083473529043,0.909533229825514,22.32758140563965,2
216.59612953842733,-1.0867702906196028,0.5735673920248281,20.987960815429688,2
216.84136512992035,-0.215413048565922,0.8506145235051124,22.848047256469727,2
216.5214535359421,-0.4070274444927296,0.3206289805846682,20.328407287597656,2
216.0177035142369,0.2548442969609149,0.1347634044160669,18.930688858032227,2
215.99139994056367,-0.9857311484871436,0.8962410549136207,22.163347244262695,2
215.62060243333644,0.4074684383174825,0.3144895807087082,18.782394409179688,2
215.4487326003901,-0.4154497183081678,1.3783168558532777,22.979347229003903,2
216.20949755344208,0.2105820524773307,0.8766828436487618,22.210037231445312,2
215.0880226071738,-0.7251186727306608,0.3184292086389683,19.948673248291016,2
216.16898000000003,0.63582207,0.4357870221138,20.92222595214844,2
216.77005389362768,0.4601001163567111,0.855550688369247,23.271320343017575,2
216.3074138032195,-1.2524911761497834,0.646590368270984,21.20233154296875,2
215.9037160235408,-1.2111636095857006,1.5525834952041973,23.526750564575195,2
215.2561654240834,-0.1201691329723801,0.0575147084687554,20.18223762512207,2
216.52551647250635,-0.3150604853328722,0.2551041551168644,19.948986053466797,2
216.78137781881813,-0.6406167269985769,0.2061883151024121,18.63141632080078,2
215.47179799096753,-0.3292097857262708,0.1193067768535875,19.116771697998047,2
215.99206896407773,-0.6364131207261758,0.1346214103273573,18.5191650390625,2
216.29816516997303,-0.2889087506937464,0.3160994866517223,19.253074645996097,2
216.84432298703015,0.150269592384827,1.4987689137165738,23.149261474609375,2
215.24193830224425,-0.2464879517286542,0.1012845962042532,19.20160865783691,2
216.33088767984705,-0.1804893861472319,0.0789627665888025,18.268383026123047,2
215.1907339128396,-0.8961844845677515,1.3596584461092067,23.430627822875977,2
216.7379220626775,0.2929745524310656,1.077718478690271,23.19477653503418,2
215.7055476998928,-0.3463160065552704,0.5929748656781599,19.961528778076172,2
215.7891200015052,-0.9082558510084864,0.2505367687015202,19.516021728515625,2
215.9707121216009,-0.697410103279239,0.1913985319825203,19.32387924194336,2
216.3905950326078,0.4872298708032851,0.6511044391909395,21.44853401184082,2
215.1149318017394,-0.8878336425719591,0.1261638138375337,19.32463836669922,2
215.85451087389015,-1.036072238441428,0.0550187917724544,16.824275970458984,2
214.86014417386497,-0.2454356574040399,0.8909754918152473,23.238683700561523,2
216.6133378818941,0.3761825564587311,0.8606504453940291,23.135719299316406,2
216.02376703419463,-0.7065422553510446,0.6529225157457984,20.35197639465332,2
216.59750740799703,-0.6927337771065732,0.7575902129713572,21.760461807250977,2
215.07266302194455,0.2705271193804403,0.6193199030301848,21.232831954956055,2
214.97144727417515,-0.597233568897928,0.9794126442978928,23.355308532714844,2
216.18456330965563,0.4479357033225287,0.6208848909678586,21.12270736694336,2
216.5006934063806,0.6968959249865877,0.1271258429824387,18.56344413757324,2
216.7920015314399,0.2029924180429753,0.7913360454526289,22.663738250732425,2
215.5133468775599,-1.0752680121065703,0.289811902023771,20.221107482910156,2
216.6495072691363,-0.6378274273814565,0.1751689002367366,18.716358184814453,2
215.88011739338793,-0.4125770500493307,0.1911034658069411,19.186038970947266,2
216.3873370153267,-0.8508832053310464,0.2602574856617208,20.114097595214844,2
216.1411871684325,0.5495550503933004,0.2613189659738356,18.668724060058594,2
215.05472464789915,0.3148154106220581,0.5760860391066048,20.47451400756836,2
216.10297662153096,0.602188797854935,1.1610807228109166,23.15472984313965,2
216.65704305836465,0.5412860849816078,0.9801398027192084,23.74095916748047,2
214.9018187315161,-0.1727496278716672,0.8131093358045104,21.81889533996582,2
216.22830654842187,-0.8875908514101724,0.7639768242542051,22.017913818359375,2
215.95492540537848,0.7893631978699829,0.1909014693001919,19.344663619995117,2
215.4693627871255,-0.2471540816926346,1.0151685196297484,22.603763580322266,2
215.7788916307447,0.1544419341068059,0.9733048690763968,22.62221908569336,2
216.2378796695566,-0.417739489719182,0.7702049554209176,23.36754035949707,2
216.67487526390093,-0.881076178339443,0.1338115363351724,22.954898834228516,2
215.0935631103601,0.0356915254820855,1.1716821070934194,23.43025779724121,2
216.4221977410803,-0.5836378275987475,0.1363338803494498,17.361141204833984,2
216.38338822690625,-0.604798710087119,0.0733522579895294,18.75103187561035,2
216.63352517836,0.1506711990261263,0.5399188892975675,19.449703216552734,2
215.4492076077874,-0.2509352710693064,0.1389652870732488,17.097816467285156,2
216.10411179737764,-0.1253912288133849,0.3021049919229921,20.149066925048828,2
215.7325256707383,-0.4225808400386935,1.1059907012835035,24.009145736694336,2
216.91228445908447,-0.8697431615692306,0.5224059919413556,22.000261306762695,2
214.9778216122045,-0.5677215958387479,1.0388410327055395,22.27020263671875,2
215.60638545490136,0.3200004601025323,0.7995081352379605,22.803022384643555,2
215.192877936938,-0.6529201748170815,0.7852533898156862,21.76519203186035,2
216.37290050559355,0.1934767461860834,0.1634305946272628,18.345230102539062,2
215.06660058795265,-0.0429865548674752,1.0777595421423858,23.315797805786133,2
215.72221838217388,0.660373297611802,0.1642065993429968,19.354808807373047,2
215.85238116006684,-0.7332722070421014,1.1960685378554432,23.513774871826172,2
216.07902592811936,0.5127152912167265,0.8889147340703866,23.006269454956055,2
216.18449131631425,0.4638741596478342,0.7596416459477512,23.627941131591797,2
215.49900013244147,-1.0512199597635832,0.6144815795692645,22.510713577270508,2
216.5959331152622,-0.130122112135048,0.97746612692694,22.79539680480957,2
215.80469818498452,-1.3427222505851484,0.1668543008117116,19.61162757873535,2
216.61319493058824,0.434859048073557,0.2250835006670691,19.23953628540039,2
215.6873888098812,0.511749885653028,0.1667644231111806,18.695165634155273,2
216.21072072228577,0.1013767467960383,0.6543316074182601,23.29178237915039,2
215.81224242477197,-0.4726204598130551,0.2780697713997753,19.441478729248047,2
215.13220640665023,-0.3898242740419714,0.7819671338492132,22.84737777709961,2
215.81749336124568,0.6723796737646716,0.1629804922472603,20.125411987304688,2
216.0805391279863,-1.1666272511765698,0.2786882250574878,19.462169647216797,2
215.5636505357943,0.0071180405056996,1.3138331820181826,23.50241470336914,2
214.9558823789276,-0.5944247493658692,0.2215312260168329,18.9563045501709,2
215.23165180529455,0.2039236205351335,1.1450303607814147,22.779367446899418,2
216.5916964248802,-0.184704698860506,0.6232765662824417,21.410568237304688,2
216.057741546642,0.368466362562503,0.1678368874840729,18.3843994140625,2
216.15530684974505,-0.8304798613461759,1.263175595796792,23.488656997680664,2
215.87177471070348,0.3232482234245543,0.1906802946771685,18.97903823852539,2
215.1290870347119,-0.2252660077429651,0.1851869013747192,20.257482528686523,2
216.4016044335893,0.2623586215130683,0.2178069766762077,19.40617561340332,2
215.33720915453733,-0.3547391409643982,0.3701662168017292,19.56399154663086,2
215.8354420901944,-1.1829232145161177,0.8281114651401594,21.90668678283691,2
215.2500921092334,-0.0734328047911084,0.8241879702595198,22.717164993286133,2
215.22850425227307,-0.1848308977030623,0.6520854629913229,20.255495071411133,2
215.42456979829004,0.5371591849020741,0.3293252172840216,19.49745178222656,2
215.8592417345112,-1.2714939589432903,1.5365560795951512,23.137638092041016,2
216.0919743925329,0.5949984621954774,0.7848979641953148,22.108530044555664,2
215.69215781241752,-0.1520972609598531,0.6354999020250609,21.242713928222656,2
216.7421897192081,-0.4014360379481629,0.1729849935946781,19.94010353088379,2
215.86027284672804,0.54585918181427,0.891749977170167,22.91898727416992,2
215.36029119174,-0.8018979775784505,1.4362553209409612,23.511390686035156,2
215.49710746636077,-0.01504732491632,1.3435776561387864,23.11019515991211,2
215.94495306216675,-0.949593453079104,0.1926581443908029,17.670272827148438,2
215.21667207528657,0.3181888894303131,0.8268421101037834,23.34337043762207,2
216.82864350965517,-0.968088694281494,1.2939975475018906,23.279563903808594,2
216.82068052867575,-0.9212343059214592,0.0536795397519301,15.699533462524414,2
215.2412322663693,0.2640326274420008,0.879355233194047,22.396827697753903,2
216.08160287144284,0.3334331193553503,1.0799704056467934,23.48109245300293,2
215.70284611591137,-0.3057435050486856,0.1961878647253463,17.835052490234375,2
216.17213373960627,-1.386994669055219,0.0448850911948985,17.844491958618164,2
216.10511754510657,-0.7828978207517927,0.7914243356480957,22.38341903686523,2
216.25191427976176,-0.5710771776337132,0.1758058326627385,18.541927337646484,2
216.2216913831113,0.1407124423565103,0.150269114556681,21.013397216796875,2
215.62539313551116,-0.6579124534219355,0.3634144022456191,18.245792388916016,2
215.24244083180767,0.3931955587136524,1.0277986788339557,23.134754180908203,2
215.2019898163332,0.2504149155300391,1.2136925782484236,23.59738540649414,2
216.02485519450312,-1.0736772481662422,0.1773487878038105,19.83921813964844,2
216.41432468031235,-1.1948782810030236,0.9196154394143804,22.126806259155273,2
215.86879553237415,0.8281498511450779,1.1998059143214588,22.782527923583984,2
216.33490533889048,-0.2321980717154359,0.2346477249052742,19.33985710144043,2
215.7552154835204,-0.822377199115957,0.1692094713796569,17.362537384033203,2
215.28802411100676,-0.7358532355897452,0.778247208355381,23.40256118774414,2
216.2141008442227,-0.8457918935300005,0.727635829313218,21.711490631103516,2
216.36110428482704,-0.0778410227982589,0.1298298923513379,19.100757598876953,2
216.51950822141364,-0.5388476111854011,0.1263919511973826,22.979328155517575,2
216.2015806323277,0.0079634498203778,0.3220735211524525,19.839094161987305,2
215.83885150392487,0.2786177561767508,0.1440962437240634,19.41930770874023,2
215.9148982539705,0.4091594545416717,0.7554514276789407,23.430126190185547,2
216.61249720744055,-0.3297250797108163,0.255782209918457,19.55404281616211,2
215.65164388316543,0.4406970552161985,0.3167278518234816,18.495685577392575,2
215.6170570934034,0.561994882245372,0.2550597712728102,19.083003997802734,2
216.8973306709053,-0.0271162911885903,0.0306650312086292,18.857641220092773,2
215.68485504946645,-1.2484425619669062,1.2710725444435973,22.41028594970703,2
216.8165398369966,0.3121132155794771,1.5047085680241488,23.877775192260746,2
215.69703656227148,-0.9392679999350906,0.1193989266131516,17.663433074951172,2
215.8459780589687,-1.253261044470542,0.1892479191402068,19.065690994262695,2
215.789500471868,0.2288383205891458,0.3844119604704126,24.80235290527344,2
215.55259742245545,0.0873084600767796,0.8464645646196619,22.872159957885746,2
215.0929849751505,-0.6546861156911126,1.018520544480832,23.160308837890625,2
216.3201901958811,-0.0058656003120272,0.6242352391548741,20.61272621154785,2
216.2747399471177,0.4768043396453909,0.9274000041290338,22.97484588623047,2
216.07654909255993,-0.6801964422530786,0.1756632370625288,18.70502281188965,2
216.47221648296812,-0.5299984675002807,0.1651526928073373,18.755847930908203,2
216.18167775896225,-1.0790118933105426,0.9442501557654752,22.982107162475582,2
216.2036418402009,0.3602078049627869,0.3310748249892765,19.30255699157715,2
216.58647090721743,-0.708620729042548,0.2345846022420454,19.19249153137207,2
216.1002901512304,-1.1743804688940027,0.2780993784826381,18.60818862915039,2
215.10628473170917,-0.5971552659859781,0.3199682909838818,18.76395034790039,2
215.67847048273077,-0.832252907250211,1.223981525362325,23.317216873168945,2
216.20987703038304,-1.2382454562766556,0.7656725800546631,23.19072532653809,2
216.912152476236,0.2191190808646485,0.5935734180226774,20.96242904663086,2
216.5363812717631,-1.072629257225051,0.9208632151990088,23.2243709564209,2
215.91749457116225,-0.6617259232679584,0.0747276139611446,18.656585693359375,2
215.73666821200857,0.3837518392180971,0.1245800139947103,17.227909088134766,2
215.6863054294095,-0.4330940424701342,1.4078989326512612,23.09209442138672,2
215.7982076277845,-0.8757292755425586,0.552505412795303,20.177038192749023,2
215.88166699778745,-1.0609423786323189,0.8853105400505966,22.939001083374023,2
215.1964934737627,0.3368774184742586,0.7355968221401716,21.484861373901367,2
216.63780379469455,0.6201675123244373,1.3732695513456266,23.45380592346191,2
216.6754611830684,0.2605970050167954,0.8224970566442191,23.254541397094727,2
216.1807606308472,0.4272787955258738,0.899382102465711,22.7370662689209,2
215.52827973375017,-1.0024374762680184,0.1012000402175765,16.26784324645996,2
216.79346104825387,-0.0128341186126892,1.099459779171576,23.899911880493164,2
216.92758286798613,-0.4030324613311323,0.5269308274862926,20.748878479003903,2
215.94054808478307,0.6977565072159079,1.1627425012711223,22.92412376403809,2
215.7334952912153,-0.0478433348471338,0.8585976392920385,22.909034729003903,2
216.1633139464072,0.4277481692672145,1.2218972308754454,23.30829620361328,2
215.94854834798969,-0.916105542177598,0.7716019167559929,22.134286880493164,2
215.344131714534,-0.2861902479343414,0.8894420760155956,22.666738510131836,2
214.9032050081621,-0.2480947406120708,0.444776876027684,19.30692672729492,2
216.48160917293197,0.481998925918668,1.076078730896105,23.75897789001465,2
215.53387456688068,-1.1555642623209872,0.7900625584634191,22.95227813720703,2
215.8835778310711,-0.4292963678456137,1.457447128493561,23.174365997314453,2
216.90858733511385,-0.8285392385890513,0.3037652590964229,19.469696044921875,2
216.6337224832738,0.1488517129549249,0.5430170382507545,20.62959098815918,2
215.56796414820144,0.0772071862206881,0.909897174139426,23.1497859954834,2
215.242287207998,-0.0860490912411103,1.1419480595652312,23.429763793945312,2
215.048940515552,-0.3696343387903768,0.0834631792419781,18.415817260742188,2
215.10672294326912,-0.5110027760431122,1.12498884185945,21.330596923828125,2
216.1168391132088,-0.3541432766140255,1.2781035262084135,23.27633285522461,2
215.5186191691274,-0.3357913907673865,1.0576212502846754,23.974855422973633,2
216.4652826980912,0.1883858596387173,1.168892641015289,23.15608787536621,2
215.83307868529496,0.5192103156375338,0.1673360424441596,17.220794677734375,2
215.76751843851616,0.2673888181735872,0.12555377713763,18.738000869750977,2
215.71804545713073,0.2416511418631579,0.8649388118592058,23.383750915527344,2
214.9101601493157,-0.4591459387669588,0.2597920122710207,19.68965530395508,2
215.71444996214188,0.4670321892560168,0.1869438601571578,19.744306564331055,2
215.1041725056334,-0.6289653808357241,1.012122548443653,23.406219482421875,2
217.06350291692735,-0.5703971742958941,1.2500357482073694,23.66937255859375,2
215.14665918672983,0.1153656420974322,0.9628158828873312,23.3410587310791,2
215.48040541433355,-1.0271561936280122,,,3
216.25990673948127,-0.9714583194413864,,,3
215.57631110497368,-0.5159283122475187,,,3
216.82822760344277,0.415938294118752,,,3
215.7712721496426,-0.1409908984181142,,,3
216.48632722769827,-0.3049670721849862,,,3
216.0758958889303,-0.6014361377143801,,,3
215.22010294360473,0.2484663343317916,,,3
215.3241810699456,0.2961783578323519,,,3
215.12685364844737,-0.6778713248641693,,,3
215.93490071182768,0.7817999218069989,,,3
216.91413687977527,-0.297225542540834,,,3
216.0224619036175,-1.0452050449070869,,,3
217.02666732713743,-0.3061055936970558,,,3
216.70702785091336,-0.788978775110327,,,3
215.45565235494067,0.6814141814104594,,,3
215.8464804627478,-0.6927524726372893,,,3
215.2008001018135,0.1510880313117649,,,3
216.52385353750836,0.6055657185173624,,,3
216.0822440387464,0.8420628732367695,,,3
215.74513350916163,0.6806857675372229,,,3
215.350217819717,-0.6907829312808238,,,3
215.58420824689253,-0.3916407248110591,,,3
215.30897039327937,0.6191825988342692,,,3
216.9834336764217,-0.4992425753223717,,,3
215.96693567236616,-0.1172857090957635,,,3
215.3015718502283,-0.5756440563072156,,,3
215.66342753682284,-0.4121347062831361,,,3
216.42476545768625,-1.2240370237629163,,,3
216.363146034925,0.3416977103494192,,,3
215.52289897216855,-0.0633137460694735,,,3
215.2328043630114,0.1835350807229429,,,3
215.91517523098773,0.5427982063920643,,,3
216.1425651716365,0.1279226312625867,,,3
216.93285715270292,-0.0703138176312274,,,3
216.4042948044618,-0.6176295887832257,,,3
215.1654160435968,-0.4177161235707368,,,3
216.2801661487848,-1.0469310311683548,,,3
216.21874124937867,-0.5116747587570316,,,3
215.3688970513228,0.3121193651433295,,,3
217.0043905725575,-0.2268105862994141,,,3
215.7797399747928,-0.8584212605969588,,,3
216.06799687287537,-0.0279343698878922,,,3
216.9532522074592,-0.7551334544250831,,,3
216.3607392314102,-0.741128772136123,,,3
215.65428218277,-1.3463246901963593,,,3
216.53309850936455,-0.4082022415380516,,,3
216.31439498032313,-0.4972443321355195,,,3
215.1376447094019,0.4647463105566651,,,3
215.2432353825593,0.4413005772472755,,,3
216.13261850618863,-0.8817607493655484,,,3
216.63581721006204,0.5381617689844768,,,3
215.85109038077175,-1.3062529142679835,,,3
216.68594809113767,-0.8248437270702109,,,3
215.89753589916992,-0.150358327548728,,,3
216.7318396714687,-0.3171108236422875,,,3
216.11826445052668,-1.3149563783787206,,,3
215.87528283318628,-1.2526243295576365,,,3
216.4395649709681,-0.4999955042605941,,,3
216.2894152151572,0.5393630368785091,,,3
215.2725348400261,0.0538698251675319,,,3
215.1401994679205,-0.5421191596236158,,,3
215.04143780808735,-0.2337014192303651,,,3
216.31692836536976,0.103388918189407,,,3
215.35784223719813,-0.0370925438480962,,,3
215.6072327516521,0.6063236648928699,,,3
215.95430134327097,-0.6460922978846444,,,3
215.4524597727045,0.487547223858562,,,3
215.34418099533283,-0.9100324660830024,,,3
215.20521903142412,-0.9127524613302348,,,3
215.38824316366183,-0.9500898154306564,,,3
216.14194495648383,-0.6337447539235893,,,3
215.87364882092888,0.1382633884359143,,,3
216.26805006913276,-1.133707535014918,,,3
216.54620470325236,-1.133158665355207,,,3
216.9743204852786,0.0111497947756422,,,3
215.41367315294215,-0.8659724405083453,,,3
215.6243026837583,-0.8323395220816525,,,3
215.72270898574104,-0.1736550641664941,,,3
215.61850302055333,0.7835471483583707,,,3
215.66881806402495,-1.017949442965058,,,3
216.37489013771545,0.7480288958426161,,,3
215.26462964274376,0.388110596690036,,,3
216.56258016960436,-0.7309980345067736,,,3
215.45498365429503,-1.189912087441993,,,3
216.7426814852699,0.2569189192006337,,,3
216.2879515390184,-1.2664473563887442,,,3
215.48188518229313,-0.393534958397559,,,3
215.2851266794364,0.4308263803849751,,,3
216.21830417157133,0.2239151676272723,,,3
215.8846776278741,-1.1511356494292728,,,3
216.86176030215532,-0.3311261094244666,,,3
215.4336100661579,-0.6484850507920593,,,3
216.23488705006392,0.6488838293819087,,,3
215.82367320475117,-0.4864305951661528,,,3
215.0705843418228,-0.579134384128488,,,3
216.1714824831207,-0.1109836232674613,,,3
216.8348779987349,-0.1888712822092779,,,3
215.72016373281411,-0.5975361279653878,,,3
216.50216189255713,-0.4501468808605184,,,3
215.61667448434395,-1.0903018721800282,,,3
215.6911682498428,-0.6797764948706279,,,3
216.44598229128044,-0.1168068312163276,,,3
216.18233448237697,-0.8511907938463062,,,3
216.3858790378181,0.2308648856135579,,,3
216.1760323700477,-0.794431265432926,,,3
215.8649074642657,0.4365623819813868,,,3
215.93835326417633,-0.9641872267421002,,,3
217.07029442264357,-0.5139864715927983,,,3
215.05540532945503,-0.1132815180952337,,,3
215.89020952287663,0.787511815281007,,,3
215.58453502919411,0.2655737762378657,,,3
215.35960386244707,0.1145322613425183,,,3
216.02868897880035,-1.3265159297197309,,,3
215.88726127180337,-0.0481121049976215,,,3
214.9683033915717,-0.18466411120888,,,3
216.46026272706365,-1.247427542047432,,,3
216.21440132466896,0.5180593732069887,,,3
216.98827981260416,-0.4019120069650725,,,3
216.3588167770218,0.6570137181393292,,,3
215.8943379912097,-0.615336840430384,,,3
215.62786932877185,0.0502210281772676,,,3
215.0050799166825,0.0992392982617541,,,3
215.99069111432937,0.7102973852408154,,,3
216.06860986079877,-0.2949503065281065,,,3
216.64490983096096,0.4129004286184181,,,3
216.9251702125217,-0.6466772859466259,,,3
215.31303419268392,-0.5278873766844681,,,3
216.96665252443125,-0.6650436713602637,,,3
216.74305196974188,-0.3493301170990564,,,3
215.51158815293311,0.5896489482848466,,,3
215.72309659232587,-0.0303261074365467,,,3
215.76535208794016,-0.9171109183942492,,,3
215.51187611734065,0.5276497003610597,,,3
216.7027967292199,-0.4821290757761743,,,3
216.18922419573136,-1.113026552750183,,,3
215.9686202356576,-0.8242037249499092,,,3
217.03245895514945,-0.5477875086193172,,,3
216.64515150472175,-1.1402398917044578,,,3
215.4310266652141,-0.2088597726787925,,,3
216.0291368044216,0.104435521917007,,,3
216.9819206174724,-0.2645846236722103,,,3
216.983569723956,-0.3717961307592993,,,3
216.07314287386785,-0.2171836313599192,,,3
215.975485668253,-0.0207864142818253,,,3
215.1346862467937,-0.0181099908036114,,,3
215.12624144095295,0.0358773116873125,,,3
216.8534808622897,-0.8711085746460322,,,3
215.5391960080536,-1.2204745354351088,,,3
215.8940158121499,-0.9790586033665188,,,3
216.90110980831636,-0.153466513076838,,,3
216.71160680556528,-1.1086799103887268,,,3
216.73385553703343,0.1355731679440509,,,3
215.7470837813976,-0.3897074169474482,,,3
216.69450879241157,-0.3090636021894877,,,3
215.9310378855317,-0.5883596296354976,,,3
216.8105750254612,0.4724247210326388,,,3
215.13440847885548,0.4496835698897816,,,3
216.16124251409687,0.1044503051072676,,,3
216.94223945554617,0.1086822901279054,,,3
215.4643236171216,0.3382901992891105,,,3
216.6390711675276,0.3212181169355535,,,3
216.72404796362585,-0.9940348590978813,,,3
216.92671841518288,0.1082727103867326,,,3
216.85257443672512,-0.2525441324519532,,,3
216.88738915765396,-0.178212428755175,,,3
216.2805480298331,0.59768383869438,,,3
215.75138284334,-0.5010133840234839,,,3
216.1359597906229,-0.2905247930813679,,,3
216.20739996566184,-0.3852974374715981,,,3
214.88571964057604,-0.1400919916749305,,,3
215.94628188392252,0.7664423130007558,,,3
216.3098129159303,0.1597389508823501,,,3
216.7294859515769,0.5007942735900404,,,3
216.3505987721257,-0.2053827607392566,,,3
216.89209671450575,-0.2016871159035149,,,3
216.2014195609888,-0.8925873373612787,,,3
216.31872174165852,0.4327899076112878,,,3
216.35763998440552,-1.307029007191331,,,3
217.0006995367794,-0.1749627482158287,,,3
216.7386258311797,-0.2071164966792657,,,3
215.8498652838316,-0.6426437826617624,,,3
215.99310932114372,0.6048281114224886,,,3
215.8230220336862,-0.2917699614204034,,,3
215.43802844863495,0.6351519101939979,,,3
216.66167197906387,0.1193771235814366,,,3
216.5717279494068,-0.7922478280239247,,,3
216.2718607670841,-1.072148496695503,,,3
216.1194616868634,0.6997592071822867,,,3
216.17205682421343,-0.1240257895566465,,,3
215.49271770511788,-1.131779994706577,,,3
215.69371571850385,0.3309294421897001,,,3
216.41944994189984,-0.4046402902520433,,,3
216.6322091743304,-0.0475246181090588,,,3
215.5142229054256,-0.572831979548418,,,3
215.56450246378805,-0.9060438303039972,,,3
215.66774308720403,-1.1126139940569504,,,3
216.17921401927995,-0.9419814824288538,,,3
215.6919904934633,-0.6374857979313568,,,3
215.8777365121701,0.4897272435271855,,,3
215.08717205582877,0.3610649884515386,,,3
216.78289501318855,-0.4055934136230124,,,3
216.76087555095415,-0.2292296269321816,,,3
216.6815482935444,-0.6649096224049724,,,3
215.97525726141131,0.1750501827361626,,,3
216.6971625607734,0.017912577181631,,,3
216.6415480681578,0.1550667251735284,,,3
217.04108763210905,-0.4969091741168788,,,3
216.4491445081696,-0.9239200485294424,,,3
216.44184289934523,-1.2136232509998224,,,3
215.38500903675376,0.2459955202660668,,,3
215.88272681813703,0.7979924410539141,,,3
215.10983328474865,-0.7138744777758711,,,3
215.9591898645224,0.247272441799011,,,3
216.64227587379008,-0.7411932236469574,,,3
215.4051834026117,0.2362559388342045,,,3
215.88025722420477,-0.6973097659053227,,,3
216.48005758227993,-0.9566026363448914,,,3
215.56147365108112,-0.4877064194794557,,,3
216.01161245112888,0.840561661568848,,,3
216.2130323148503,0.5791242304538949,,,3
216.51286914820787,-0.6921410633791029,,,3
216.81272607242153,-0.883105884542571,,,3
215.44983941575904,-0.8837508873470145,,,3
216.77047552051317,0.4531042339117669,,,3
215.28617612443372,-0.2921099936000016,,,3
215.850231055799,0.4124527113097295,,,3
215.22611597959113,-0.1441369959355752,,,3
215.9707549941202,-0.4377420722615925,,,3
216.1905706037455,-0.8721703089514191,,,3
216.05086064478135,-0.9972996383146672,,,3
216.63655272872825,0.4383077968226501,,,3
216.01523700219684,0.0021285604133498,,,3
214.9435022648701,-0.2941174377199762,,,3
214.946052673226,-0.3907622124529573,,,3
216.5655139877571,0.6113253857937547,,,3
216.25345582990664,-1.0344886541026483,,,3
216.476953956485,-0.8808085765086795,,,3
215.11943585,-0.40300535,,,3
215.82623905,0.16548909,,,3
216.07089204,-0.9531583,,,3
216.01776774,0.08201082,,,3
215.56418271,0.46183315,,,3
215.85947373,0.7551633,,,3
216.87980891,-0.76601383,,,3
215.68559309,-0.23517402,,,3
216.78900408,-0.15967746,,,3
214.89674545,-0.10814997,,,3
216.2345706,-0.50572479,,,3
216.58336462,-0.20056766,,,3
215.9490035,-0.05909113,,,3
215.62190567,0.74239823,,,3
216.0743808,-0.00880254,,,3
215.51452943,0.61442204,,,3
215.23047438,0.50962767,,,3
215.64765031,0.77930225,,,3
216.17133993,-0.94471507,,,3
215.84702317,-0.97284462,,,3
215.78039052,-1.06439059,,,3
215.96959326,-0.89315459,,,3
216.4467092,-0.51091234,,,3
216.15624355,-1.06166912,,,3
215.76800473,-0.59686161,,,3
216.85110275,0.35778766,,,3
216.91667375,-0.65226067,,,3
215.55825405,-0.02618523,,,3
216.7569541,-0.36736811,,,3
216.4467369,-0.38132576,,,3
216.72257853,0.50674128,,,3
216.80960077,0.26142838,,,3
216.36095326,0.52559015,,,3
216.16013591,0.52843221,,,3
216.08924361,-0.75532917,,,3
216.02777327,-0.08588459,,,3
216.43422733,-0.2530282,,,3
216.04224829,0.8212555,,,3
215.2209741,0.07508865,,,3
215.83945895,0.63878063,,,3
216.08262669,0.45689524,,,3
214.96254201,-0.00702153,,,3
215.51439825,-0.59671308,,,3
216.23715268,0.13343943,,,3
215.63228705,0.58179658,,,3
216.27006464,0.13549877,,,3
216.50369927,-1.07317091,,,3
215.73186532,0.07832964,,,3
215.55091944,0.7178666,,,3
217.06220241,-0.54888799,,,3
215.82328496,-1.06897176,,,3
216.60100263,-0.91103318,,,3
216.48500997,-0.43803975,,,3
216.60763418,-1.03880093,,,3
215.73146743,-0.25329963,,,3
215.54093192,-1.25014115,,,3
216.9354163,0.20147125,,,3
215.8948035,-0.377381,,,3
215.18934977,0.1591075,,,3
216.52352341,-0.73235268,,,3
215.54740242,-0.78539208,,,3
216.86682373,0.41548044,,,3
216.2421278,0.68769334,,,3
216.42883136,-1.00186187,,,3
215.70764225,-0.30917183,,,3
216.90359867,-0.69135698,,,3
215.52147807,0.50612358,,,3
215.71038845,-0.80870996,,,3
215.90960039,-0.82023927,,,3
215.46657538,-1.12057418,,,3
216.08525537,-1.12161754,,,3
216.86035312,0.37902111,,,3
215.47414916,-0.53409125,,,3
215.39600512,-0.01095383,,,3
216.25189707,-0.94275823,,,3
215.84629754,0.76604722,,,3
215.02061817,-0.62053045,,,3
216.97851618,-0.47738538,,,3
215.43241844,-0.34642622,,,3
216.77370409,-0.1789237,,,3
215.54885639,0.72498339,,,3
217.03085833,-0.59230005,,,3
215.46162829,-0.70142081,,,3
216.84301453,0.45184159,,,3
215.53880889,-0.78286084,,,3
216.96426071,-0.78513543,,,3
216.10461415,0.3036656,,,3
216.30417888,-0.50418561,,,3
216.91099695,-0.33640614,,,3
216.39367865,-0.54775973,,,3
216.72959398,-0.78334614,,,3
216.23523261,0.54613985,,,3
216.88571536,-0.17526246,,,3
215.78707845,-0.84046254,,,3
215.95859556,0.50930016,,,3
215.39357053,0.49415425,,,3
215.0242403,-0.37839015,,,3
216.74488778,-1.03015965,,,3
216.54310764,-0.26058684,,,3
215.4791658,-0.98360649,,,3
214.91644331,-0.60967461,,,3
216.06389258,0.83237438,,,3
215.56207148,-0.01882479,,,3
217.07461832,-0.00913046,,,3
215.41249005,-0.32935163,,,3
216.8404701,-0.03887946,,,3
215.9600738,-0.64876841,,,3
216.22136991,0.33837258,,,3
215.89591754,0.83459523,,,3
215.82036011,-0.93095651,,,3
215.73980939,-0.92177084,,,3
215.79290692,-0.48108671,,,3
216.83991933,-0.95778846,,,3
215.40894931,-0.71031405,,,3
216.05701475,0.7433509,,,3
216.10764312,-0.88048818,,,3
216.82201303,0.44347124,,,3
216.01621975,-0.13636301,,,3
214.97980573,-0.314377,,,3
216.91581648,-0.68614129,,,3
215.22618932,-0.9105953,,,3
215.43260069,0.33375213,,,3
215.88743519,0.48099216,,,3
215.92060398,-0.81642839,,,3
215.92676424,-0.43470342,,,3
216.13283363,-0.19040017,,,3
217.04144914,-0.07167344,,,3
215.3225315,0.06152949,,,3
216.37290656,0.65176553,,,3
215.10839255,-0.59882142,,,3
217.07492552,-0.26633403,,,3
215.82925385,-0.84735425,,,3
215.48727262,0.13227422,,,3
216.26492608,-0.9100198,,,3
215.55678686,-0.34253947,,,3
215.18637062,-0.91040085,,,3
215.7876731,-0.75433742,,,3
215.31415335,-0.28969761,,,3
216.36461819,-0.89677314,,,3
215.69009286,0.36144484,,,3
216.92318294,-0.79381837,,,3
216.32645768,-1.02796649,,,3
215.83797404,-0.43623715,,,3
215.34429486,-1.04138491,,,3
216.04459894,0.22146135,,,3
215.0275589,-0.42530882,,,3
215.2586059,-0.99669739,,,3
215.92191172,-1.29151254,,,3
215.5819395,0.11877157,,,3
216.58398966,-0.05225957,,,3
215.57120917,0.3118527,,,3
216.72488537,0.20663891,,,3
216.42714347,-0.62843207,,,3
216.3844939,-1.24176111,,,3
215.32748767,-0.72473403,,,3
216.59943131,-1.12666666,,,3
215.71756572,0.08973994,,,3
215.65894386,0.66987793,,,3
216.23023906,-0.55507305,,,3
216.39093674,0.54614552,,,3
217.02372789,0.13915517,,,3
216.7695613,0.08034568,,,3
216.30622272,-0.23484603,,,3
216.81820068,-0.54317431,,,3
215.54990681,-0.75313292,,,3
215.09096234,-0.70742794,,,3
216.88483093,-0.0645058,,,3
215.91342738,0.82898188,,,3
215.06793175,-0.59394453,,,3
216.06369277,-0.68724189,,,3
215.70340256,0.06875287,,,3
216.44546692,-0.58163009,,,3
216.44066374,0.05661821,,,3
215.64981056,-1.24944337,,,3
216.19569538,-1.16494514,,,3
215.35516189,-1.1561651,,,3
216.65964511,0.52300037,,,3
216.70623688,0.19361281,,,3
215.92261665,0.25053503,,,3
215.43185575,-0.41695609,,,3
215.89685948,-0.14868674,,,3
216.08442361,-0.5501495,,,3
216.11092953,-1.15032716,,,3
215.2448885,-1.02264656,,,3
216.18109968,0.36865023,,,3
216.34576709,0.09995449,,,3
216.09872584,0.67067361,,,3
215.90015999,-0.16591305,,,3
216.32580957,0.1649529,,,3
215.29524565,-0.74659143,,,3
215.69884405,-0.18597128,,,3
215.82772926,0.75640304,,,3
217.05033936,-0.64119144,,,3
216.47966429,0.27279544,,,3
215.74364614,0.47638425,,,3
217.06506281,-0.35845707,,,3
216.49086786,-0.59095482,,,3
215.18835221,-0.55363747,,,3
216.24179365,-0.33463506,,,3
217.04496087,-0.25794378,,,3
216.55629238,0.54978086,,,3
216.57839237,-0.85664663,,,3
215.04919223,-0.26306577,,,3
216.74192989,-0.43940619,,,3
215.96662303,-0.29918761,,,3
215.41309466,-1.02258834,,,3
215.43221944,-0.5791447,,,3
215.40738991,-0.36595708,,,3
214.98794283,-0.17655916,,,3
215.96866695,-1.12606479,,,3
215.38979032,-0.02855457,,,3
215.47214334,-0.1987408,,,3
216.35687663,0.53323335,,,3
215.71870352,0.08031793,,,3
215.7884454,0.11532347,,,3
216.66471762,-0.00818738,,,3
215.46046123,-0.97939021,,,3
215.81048469,0.71880843,,,3
215.37194145,-0.65115544,,,3
216.80610587,0.28307562,,,3
216.58401466,-1.12822537,,,3
216.98680284,0.18181398,,,3
215.76722536,0.69523105,,,3
215.34048975,-0.56253532,,,3
214.96324361,-0.69284075,,,3
215.9801489,-0.11306032,,,3
216.64156711,-1.12704389,,,3
215.29330984,-0.74880704,,,3
215.64660511,-0.5996498,,,3
216.83773928,-0.03615701,,,3
216.31000141,-0.93557211,,,3
215.86275776,0.67713114,,,3
216.8188966,-1.0281754,,,3
216.4699697,0.18910462,,,3
216.46280229,-1.04173742,,,3
216.23804446,-0.53608586,,,3
216.45133675,0.12496247,,,3
214.96816291,-0.59395062,,,3
216.41870097,0.00509166,,,3
216.59876529,-0.50300871,,,3
214.92876952,-0.47619348,,,3
216.80618954,-0.77216978,,,3
