RA,Dec,redshift,rmag,set_id
210.12637604935185,6.058972481858704,1.961208171833316,19.825944900512695,1
209.94583086130783,5.839232868074779,1.7131738640327991,21.80995750427246,1
209.1004966620509,4.398039105460218,1.2662751678482556,21.55723762512207,1
209.55018821915328,6.231657791971317,1.0996384318370118,19.73653030395508,1
209.06945835594524,5.402389343329201,1.905551241740806,21.194541931152344,1
208.580894098124,5.242705415808036,1.702226561541512,22.60299491882324,1
209.18963224363185,4.656152895121727,1.8144109951632892,19.74709701538086,1
210.06877331149911,5.232953408709765,1.8370344618494776,22.735363006591797,1
209.14885567634195,4.703866781114741,1.027707169770757,21.544099807739254,1
209.65623373304484,5.778951124552298,1.4118795845205705,21.141355514526367,1
209.14072400270396,6.043816277578407,1.273710046974842,21.16297912597656,1
210.76793833789137,5.489301779584501,1.462802829906479,21.693532943725582,1
210.8012116145121,5.151786774825197,1.081279139176006,21.48546028137207,1
210.79934531331617,5.3899472803255515,1.4296912956113246,19.735036849975582,1
208.8243537244594,4.912809267056092,1.7048401925805148,20.711217880249023,1
209.5490991644013,5.313112191943994,1.1387429245649665,21.20271873474121,1
209.8749919638197,4.992397084600733,1.0661859852814004,21.520328521728516,1
209.35947668583032,4.594865661190572,1.234967457340317,16.630535125732422,1
209.3087052152407,6.065339016161171,1.5231616301869204,18.58898162841797,1
209.0825792328087,5.768273520073166,1.6105829484540812,21.256816864013672,1
209.98620436574456,5.297504895517042,1.8406343941112828,22.13187026977539,1
209.21497003224957,5.334249173035599,1.99334613191502,23.414505004882812,1
208.83389192426347,4.496889406585942,1.7110575068662823,22.260122299194336,1
209.57184886519295,4.99921620815487,1.4225932111686914,19.474084854125977,1
210.3322940747356,4.78384217168399,1.8585460698240084,21.19407081604004,1
209.47717063898477,5.145751150078089,1.0375346372949923,21.368316650390625,1
208.8167437733029,4.561235970746841,1.501935684255526,20.608154296875,1
208.85112038162475,5.660126165196958,1.9513105430018456,22.108177185058594,1
210.32964138299135,5.510075416574,1.0877432117704815,20.67548370361328,1
209.471934455886,5.526168300037673,1.3866704767334743,20.96527099609375,1
210.01227625821457,5.963108005604204,1.5252747047354007,20.2198486328125,1
210.1550039996342,6.109890972681762,1.9512916553302309,22.761741638183594,1
209.35554922365804,4.322054742183106,1.6850386329112343,21.925039291381836,1
209.81917078344296,4.404723384348225,1.6007451008422329,22.64870262145996,1
208.9747574945828,4.8862349727032095,1.3959490039991251,21.676742553710938,1
209.82526145261585,6.182525395774,1.5486378356837398,22.70102882385254,1
210.08108193796397,4.4416752840872045,1.472183350382408,22.073657989501953,1
210.72279011708895,5.199630775198202,1.4310392550244675,20.509668350219727,1
210.12637604935185,6.058972481858704,1.958752423458322,19.825944900512695,1
210.4665444723067,5.6546795059553245,1.6036308352950894,20.856351852416992,1
210.3009095006827,5.1888111280911895,1.144896744734806,21.805034637451172,1
209.66206079586104,5.710928380796526,1.630335147152122,22.58127784729004,1
209.2446422910774,4.113048297055044,1.3363870636865218,22.72446632385254,1
209.05143186091897,4.797238703179184,1.186448725427576,20.480823516845703,1
208.7997174363055,4.749209872512704,1.2924862342823076,20.86114501953125,1
209.1188342211436,5.1626935608779245,1.398650123774425,20.44403839111328,1
208.99751968248395,4.716104876858929,1.2412584452362954,20.69184684753418,1
209.71040503558487,4.205369966324754,1.617049010518108,21.86483383178711,1
209.13785693591697,5.830390712739841,1.6103583331646698,21.811748504638672,1
210.37412157223292,5.387717707393026,1.2961165311531238,21.788795471191406,1
209.07286810082925,5.875591716651458,1.3984065194984732,22.250656127929688,1
209.06945835594524,5.402389343329201,1.90595022160514,21.194541931152344,1
210.7607343529104,4.831511502947826,1.9478664138501405,22.58697509765625,1
209.42876812922552,5.642061004742605,1.219751056206793,21.816272735595703,1
210.23811929631563,4.827755954180184,1.2933062879759654,18.926082611083984,1
208.84880546140596,4.837169714927821,1.287212893239502,20.28348159790039,1
209.93582456022287,4.794510241805433,1.042892013648314,21.25459098815918,1
209.28045585577507,4.994806806818323,1.8001254628181134,19.81930923461914,1
209.75234075382303,4.7880565227743395,1.678980127874414,21.17323112487793,1
210.20256761902723,4.45496150628044,1.2758162189346578,22.74376678466797,1
209.77565643878796,4.420215051497755,1.8871489932691876,22.439960479736328,1
208.97871501037724,5.544998328414728,1.1212281743321408,21.959041595458984,1
209.64572467228385,5.408823444756976,1.6350633215448669,21.263381958007812,1
209.64572467228385,5.408823444756976,1.6332756342914685,21.263381958007812,1
210.2608533211094,5.44820166572695,1.8904886029614631,22.129297256469727,1
210.13693510211485,5.986524755930625,1.4040881625403634,19.090343475341797,1
210.5841540783447,4.649253514034794,1.387659455378471,20.321861267089844,1
209.04423240044835,5.3119371246965565,1.4466875078626598,20.75686264038086,1
209.02794002402612,5.651614488539484,1.1345364757792151,18.892412185668945,1
210.72115986192804,5.38345960708689,1.504375625180464,20.283491134643555,1
209.9016788405317,4.866780697683257,1.505279261736143,20.921043395996097,1
209.78320608555424,5.14478267552058,1.167187106236462,21.485340118408203,1
209.3085129407653,4.140346192981308,1.1433682647102623,19.6629638671875,1
210.19850050247567,4.251556234016681,1.6190659789280808,22.29741477966309,1
208.75412289432975,4.792676173148315,1.8621412157425472,22.134523391723633,1
209.74482236983303,5.320877971190332,1.8359179367608405,22.619749069213867,1
209.09231633399037,5.845900735369338,1.2986423442089203,21.9829158782959,1
208.87474473418587,5.121533288997005,1.893639246230272,23.261402130126953,1
209.48355328736432,4.32657598508409,1.5868265899124203,20.400653839111328,1
209.13785693591697,5.830390712739841,1.6106233402353634,21.811748504638672,1
210.0305241490375,5.612772774344902,1.7776820852058506,21.13713836669922,1
209.4747347467684,5.44431746070263,1.8276129771653455,20.77949333190918,1
209.88867498170643,5.369164587594368,1.8227353187931723,21.201704025268555,1
210.28958058156263,4.506179530348526,1.6105410139641028,22.98883628845215,1
209.88867498170643,5.369164587594368,1.823558810295484,21.201704025268555,1
210.24765663400336,4.5643594006622115,1.078416016954494,21.40857315063477,1
210.4212030049471,5.856080115215018,1.648681656511923,23.04046630859375,1
209.08979262011584,5.880245888257268,1.611078822251948,22.10397720336914,1
209.49183227932903,5.745211488810842,1.904544604977538,22.788991928100582,1
210.7255982485586,5.255877909974409,1.07549027703914,22.41996383666992,1
209.53549889711428,5.4876413584065595,1.589772228023412,22.357139587402344,1
209.8892150619996,6.105803456956713,1.6125322939923126,23.005163192749023,1
208.83419705852077,4.415935600332052,1.1873249457744004,21.772838592529297,1
209.22892155551563,4.634490724879581,1.391415125787265,23.088972091674805,1
208.71063926421212,5.571863218610702,1.603049477163102,23.03714942932129,1
210.68864709329955,4.821358923116145,1.0431454808966674,21.123029708862305,1
210.20046422456684,5.96082545606578,1.1120775961637637,19.23572540283203,1
210.42854255407897,4.438319338962052,1.975068242788666,23.056018829345703,1
210.7029015936612,4.9086181113064224,1.5422479474177735,21.172548294067383,1
209.35947668583032,4.594865661190572,1.2349708224885831,16.630535125732422,1
210.7196103125622,5.034810174669661,1.4231349076179614,22.888427734375,1
209.0120186820973,4.348703490190879,1.4665424518745374,21.80901336669922,1
210.60452263364795,5.504139192024116,1.1508053500151707,19.690710067749023,1
210.083955539874,5.019581129347319,1.8721109806992149,20.05832862854004,1
209.1630374611434,5.330846198635931,1.397659014610166,19.017553329467773,1
209.84998588903431,5.059857673760345,1.7674066036743756,20.257369995117188,1
209.05671561343644,4.9154732502838305,1.7622470136368598,23.370262145996097,1
209.53053926061213,4.701289103671524,1.3761260010988536,20.783540725708008,1
210.285680255886,4.176185070817772,1.6975457506087492,21.76980972290039,1
208.9215698462751,5.70670257810261,1.322593378551305,20.870485305786133,1
209.7379198983816,5.844384892683816,1.6078808011771442,21.68962287902832,1
209.13843856606977,4.351882685745443,1.7511357991734091,22.73725700378418,1
209.7013593581129,4.249476633741896,1.2904687820295788,22.32533073425293,1
209.29473879805468,5.614951182590908,1.224115294577233,20.177087783813477,1
210.2608533211094,5.44820166572695,1.8925020537410808,22.129297256469727,1
210.54628153003603,5.416504828563713,1.3096190978404405,22.106590270996097,1
208.86430710783193,5.115342037018641,1.1951189909485191,20.820405960083008,1
209.38293966919943,5.854391729108573,1.7565575917597194,22.653879165649418,1
209.0858038361058,5.185439330626125,1.6045653491150025,22.46368980407715,1
209.60858057735683,5.23680372864294,1.5959364262523357,20.693695068359375,1
209.85855564855515,4.851013592361755,1.692597732368567,19.91083717346191,1
209.17197771851943,4.559921369900375,1.9564904419464153,22.28114318847656,1
209.12466486527765,4.54820582761457,1.048390303793202,21.090415954589844,1
210.1838376059636,5.239272536259968,1.0186071555092269,21.953636169433594,1
209.4433969776935,4.956262792326019,1.0190285174176634,20.160036087036133,1
210.17356344528207,6.116263490634929,1.1742534161343576,19.675880432128903,1
210.20751444913563,4.284481751017282,1.7601096104839988,22.918643951416016,1
209.98821526173117,5.771170766408063,1.4320521942996949,21.57726287841797,1
209.384961638171,5.91725815121918,1.809415677502265,20.61702537536621,1
209.2765385099404,4.622415256406823,1.3850571922676382,21.415864944458008,1
209.8320326001836,4.634153377793898,1.8914079485685016,23.60655975341797,1
210.65084593873837,5.57353621793193,1.2605423915545308,21.61031723022461,1
210.467332048971,5.07297277263429,1.1701731834737443,21.071826934814453,1
210.8237404918803,5.017439880709494,1.1206059484089486,21.547588348388672,1
208.6094204046478,4.99201264253252,1.7812143228098465,20.541553497314453,1
210.43845821095368,5.781520903592089,1.3781353327015324,22.207576751708984,1
209.18939664584465,4.274527919956305,1.4092663295143733,22.242603302001953,1
209.0868070731412,5.808074566955333,1.9808844298215644,19.01291847229004,1
209.88796382911696,5.56106367105393,1.844734458038952,21.85655403137207,1
208.63082630106777,4.871208684273999,1.599833175586028,22.67937469482422,1
210.54219546624796,5.099100334934465,1.8663147536660325,22.394495010375977,1
210.13087792609457,5.520622872188248,1.8480504714806256,21.25961685180664,1
210.4286216461708,5.289797074676381,1.107255300151042,20.58881568908691,1
209.36661040742445,5.8515925561597015,1.886104744897674,22.893814086914062,1
209.63773671462013,5.244352041482625,1.3763324486754482,20.97970390319824,1
209.24266491987063,5.771089794402003,1.6629980020261097,20.522384643554688,1
209.2216132159129,5.341272468820665,1.456765362743074,23.788074493408203,1
209.55018821915328,6.231657791971317,1.0981448666319018,19.73653030395508,1
210.1615789096362,4.781135996097515,1.25413318418665,22.579669952392575,1
209.674031921376,4.851106765696661,1.3996528768873928,20.931901931762695,1
209.07286810082925,5.875591716651458,1.3980242221499335,22.250656127929688,1
210.54642109058784,4.61228895800367,1.0824158046492582,21.585180282592773,1
209.49573917428935,5.507276245137056,1.7440817398240744,21.661787033081055,1
208.9281362992226,4.762965016940253,1.8517491366555767,22.137269973754883,1
209.1191083191501,6.054808391531432,1.5581930751387287,22.12674903869629,1
209.0868070731412,5.808074566955333,1.9811920880888572,19.01291847229004,1
209.8472337775008,5.873316599267289,1.384907504885863,20.385427474975582,1
209.66744532238909,4.386530813144359,1.4163018193826225,20.305023193359375,1
208.81800882122835,5.059356416309249,1.1452142043741258,18.808040618896484,1
209.87223211096492,5.274106562015608,1.200812296226535,21.685945510864254,1
210.43737293881173,5.086324526427719,1.2904503402968013,20.401491165161133,1
209.2420044701924,4.350411444515171,1.5715719223774018,22.206117630004883,1
209.9221420720144,4.539195421900807,1.7520018809656566,21.757774353027344,1
208.64062343616223,5.111311732387746,1.7669902189273263,21.726806640625,1
208.67435210589636,5.0616096903401635,1.060860503947261,18.53778839111328,1
209.67190316003513,4.778712815424321,1.8385865905665617,21.941118240356445,1
210.44091104363247,5.046483803164428,1.4331538090361,21.441774368286133,1
210.48447059076867,5.2753595175581856,1.8452460045201915,22.723644256591797,1
209.8617257686611,4.576559098985402,1.8213677323307236,22.54887580871582,1
209.04656518108425,4.84309862199023,1.661397651909883,22.51664924621582,1
208.97871501037724,5.544998328414728,1.120142859079018,21.959041595458984,1
208.83389192426347,4.496889406585942,1.7131571852615537,22.260122299194336,1
209.68672049742844,4.465924577687356,1.694388814663983,20.668737411499023,1
209.44094253634069,4.404570359603361,1.5958707944198096,22.478042602539062,1
209.7013593581129,4.249476633741896,1.2911486449602194,22.32533073425293,1
210.3085702377084,4.75566983067803,1.3330966204029893,21.983457565307617,1
209.93516660014043,4.827019501786434,1.500885147051912,21.03775978088379,1
209.384961638171,5.91725815121918,1.806514823038174,20.61702537536621,1
209.41872968728103,5.774570239419295,1.3923827918263665,21.115440368652344,1
209.3169107588869,5.584509470080769,1.5430666735228762,22.432891845703125,1
208.95101895696055,5.643204681315584,1.9502919518050712,23.30064582824707,1
208.74339585705127,5.180740106981828,1.2896357024621048,19.67034339904785,1
209.2058037950094,5.19540549524509,1.2103608088046478,21.700769424438477,1
209.34388913344245,4.689684953506628,1.1236588813577992,21.718236923217773,1
209.67625437335187,5.847391237423459,1.7641730986743271,22.459980010986328,1
210.42854255407897,4.438319338962052,1.9738700253569352,23.056018829345703,1
208.98545236262595,4.539450819701517,1.7589401673212917,22.21177101135254,1
208.71959908544403,5.068748846668358,1.5670454638464242,20.99441719055176,1
208.79772975916873,4.786506596744011,1.688799376350297,22.509944915771484,1
209.8617257686611,4.576559098985402,1.8237568623113256,22.54887580871582,1
209.2420044701924,4.350411444515171,1.579024121837162,22.206117630004883,1
210.1631041936889,4.5059171165706,1.949445233691571,21.246057510375977,1
209.3729806576656,4.642929569679341,1.3777716157212436,21.05992317199707,1
209.91363637322576,4.3047043755478525,1.974168801530921,23.356849670410156,1
209.91044875402005,5.147994538080476,1.9067819472878815,22.85483741760254,1
209.5920761883035,4.280704687741968,1.0558105893191243,22.765180587768555,1
209.55430619227883,6.0396074943327305,1.264740041722687,20.84674644470215,1
209.3169107588869,5.584509470080769,1.547430675506757,22.432891845703125,1
209.72192369301453,5.003506227730311,1.950522112094961,21.033714294433594,1
209.72331263235276,5.835744101464186,1.740106250592912,22.638671875,1
210.36827217886645,5.296705918910646,1.1581161768549415,20.552715301513672,1
209.95821750462432,4.12937151596586,1.5339277595959333,22.662134170532227,1
209.9841537490589,4.525078913158175,1.4043780963351955,21.94512176513672,1
208.71959908544403,5.068748846668358,1.5658232691585654,20.99441719055176,1
208.74339585705127,5.180740106981828,1.2901956368463798,19.67034339904785,1
209.01378137534,4.607153532012253,1.9206745931146856,22.618162155151367,1
208.88714696009933,5.006464414687645,1.383256458794007,21.278390884399418,1
210.41774821236748,4.776688001881038,1.5499220412601804,22.52649307250977,1
210.4208754510125,4.342126850246259,1.2569105862615968,22.491477966308594,1
208.93167401919484,4.400373318345624,1.7720097126636172,21.687175750732425,1
209.8698879976821,4.1765235773643274,1.5908347507544816,22.82736015319824,1
209.16643093824297,5.336677063114507,1.6049673959011714,22.366458892822266,1
210.5841540783447,4.649253514034794,1.387487893987515,20.321861267089844,1
209.2968509939815,4.936949003548202,1.76231679011748,21.6871280670166,1
209.06360316516995,5.943798256835108,1.9658031191629075,20.46710205078125,1
209.8665215583819,6.209122278542592,1.7739728944237532,21.936342239379883,1
209.42876812922552,5.642061004742605,1.2198594269945078,21.816272735595703,1
208.93653936054136,4.467731613159459,1.7631945961915565,21.50255584716797,1
209.32262874555104,5.001990896957521,1.6132936270856046,21.798139572143555,1
209.66206079586104,5.710928380796526,1.6290565997608613,22.58127784729004,1
210.5175572588249,5.174074770630993,1.933821827347,21.972484588623047,1
209.32620958141143,4.6236497715428575,1.3830750067531077,22.109901428222656,1
209.8465046440568,4.135138761304776,1.295838216641054,22.473970413208008,1
208.5780485726266,5.131687031294003,1.576953497906401,23.655412673950195,1
210.76793833789137,5.489301779584501,1.4615631692460185,21.693532943725582,1
210.6032575287335,5.327531025919495,1.1260932750623385,21.970190048217773,1
209.90687308752467,4.834983088303054,1.761681878379634,21.787813186645508,1
210.6498855472696,4.672893026285461,1.83881357783627,22.31044006347656,1
209.29473879805468,5.614951182590908,1.222424247191796,20.177087783813477,1
209.3104027367868,4.2755943076725105,1.0373850423347704,20.1424503326416,1
210.32810500348552,4.263337405194011,1.0474640931105683,21.680370330810547,1
208.83419705852077,4.415935600332052,1.1868254337467796,21.772838592529297,1
208.68409666537224,5.123073221181483,1.5348112420529518,20.519996643066406,1
209.21497003224957,5.334249173035599,1.9912823747564548,23.414505004882812,1
209.52663136151983,4.071134928645358,1.2493757016221223,23.008411407470703,1
210.1223336096554,6.054203695381993,1.8099527420307215,20.34565162658691,1
210.65197893159407,5.734770930471382,1.1376661513218769,21.868257522583008,1
208.989285530004,4.922677965163857,1.8656795641088575,22.850303649902344,1
209.509893744117,5.845438556902603,1.520747376438954,20.833913803100582,1
210.5437241385499,5.432843391996587,1.0740303943545773,20.93999481201172,1
208.7065908090212,5.0451983675603325,1.6877153899009214,19.92338180541992,1
210.04297864334657,6.018317133661956,1.2005465037844396,20.444026947021484,1
210.8237404918803,5.017439880709494,1.1200085196256997,21.547588348388672,1
209.398256784849,4.6291727872757225,1.2341416122583255,20.153366088867188,1
209.80365806200177,4.339862159084395,1.87150800573928,21.991708755493164,1
209.7353806972436,4.2932897910296175,1.2567310935267817,21.869739532470703,1
209.79337173111492,5.110692900964839,1.3413877119545208,22.771587371826172,1
209.65612970699635,5.022971818300104,1.177044475419594,21.28535842895508,1
209.76870436222833,5.100110541838423,1.3014947426443562,20.67449378967285,1
209.6532485320428,5.825361357676464,1.4434723830447742,21.58829116821289,1
209.00061928855743,6.022965963681262,1.2987864924368204,20.614791870117188,1
210.01227625821457,5.963108005604204,1.5247132357558044,20.2198486328125,1
210.51707224977048,5.12067617608909,1.0818045891065156,20.6114559173584,1
209.8558285710005,4.590993424177751,1.7842649228797582,21.876972198486328,1
209.91414972055696,4.689950022153415,1.7776841648871242,21.36105728149414,1
209.14786026180303,4.533753969440353,1.9508467916193153,23.12146759033203,1
209.93582456022287,4.794510241805433,1.0428808318517957,21.25459098815918,1
210.17927211690431,4.886085857992995,1.8944458864163751,22.56113624572754,1
210.44389207508132,4.398102827608176,1.769720122827779,19.641136169433594,1
209.6017622822817,4.577621005232127,1.6778017255699562,22.061410903930664,1
210.4208754510125,4.342126850246259,1.2578398944535218,22.491477966308594,1
209.14235054155017,6.026029131495627,1.3903864086059734,19.14725112915039,1
209.4576606076348,5.464781598137542,1.852688520802517,21.37468719482422,1
210.5727314549752,5.782237913483717,1.430001761172834,22.77215576171875,1
208.6906469548097,5.534796097975017,1.7083641427896574,19.650678634643555,1
209.35554922365804,4.322054742183106,1.6830631301617724,21.925039291381836,1
209.3004528936519,5.620159199635399,1.2241992002181927,22.32783317565918,1
209.53053926061213,4.701289103671524,1.375385629522787,20.783540725708008,1
208.73663702526136,4.823458915117062,1.565358177279862,20.18114471435547,1
209.9016788405317,4.866780697683257,1.5049324590278623,20.921043395996097,1
209.50951241641135,5.616355823785192,1.308548858208506,21.006893157958984,1
209.9455509531957,4.770822504718213,1.353122801884283,19.23328971862793,1
210.3085702377084,4.75566983067803,1.332177768545964,21.983457565307617,1
209.90687308752467,4.834983088303054,1.7642919534297865,21.787813186645508,1
210.13757346285024,5.196643946001569,1.7631098348054253,22.36886405944824,1
209.47458897318444,5.252889278735655,1.6698570152496768,23.00663948059082,1
210.47182621910005,4.597647848241615,1.7089670014001492,22.670631408691406,1
209.2392992407756,5.5137544847294935,1.4237690299458436,21.409473419189453,1
210.23811929631563,4.827755954180184,1.2931251569583635,18.926082611083984,1
209.60713075640575,5.884218461376531,1.697543027692069,21.980167388916016,1
208.6902138766585,4.709388306223994,1.3815362222546073,20.04173469543457,1
209.6624438834789,4.37622831692067,1.507062125369909,22.259048461914062,1
210.310664865282,5.514211004889216,1.995304625732594,23.48817443847656,1
209.02794002402612,5.651614488539484,1.1348500716247605,18.892412185668945,1
209.0838017792639,5.083385159244707,1.5986371224089737,22.39217185974121,1
209.5978948276339,4.905136662738653,1.4148103092359483,20.382463455200195,1
210.43759984156156,4.510461576306906,1.475543439064917,20.7762508392334,1
210.04297864334657,6.018317133661956,1.199928232900635,20.444026947021484,1
209.8892150619996,6.105803456956713,1.6127134329030168,23.005163192749023,1
209.9195138091756,4.721786468056981,1.8339046679562403,22.03575134277344,1
209.4493669504534,4.654898101933267,1.2816678122217686,20.68092155456543,1
210.6100643554032,5.711266216215573,1.4945861325406855,22.07203483581543,1
209.674031921376,4.851106765696661,1.3993171864194671,20.931901931762695,1
209.5980064120178,5.022141925193263,1.5891428365124396,22.62518310546875,1
209.6634229111833,4.12734298175093,1.481567379020924,21.89550018310547,1
209.4673341782873,5.262411152713703,1.597399799302665,19.305355072021484,1
210.1615789096362,4.781135996097515,1.2546453179640238,22.579669952392575,1
210.60546580839005,4.7381429238051265,1.8595535426263272,20.961565017700195,1
210.09159023629752,4.72297382000576,1.38266620218952,21.21441650390625,1
209.75226496755013,4.504153703098176,1.2189001131309969,22.890377044677734,1
209.13843856606977,4.351882685745443,1.7520873071594565,22.73725700378418,1
210.48569423502303,5.1870939166986325,1.5015143016027703,20.937591552734375,1
209.4078380260328,4.209780740887222,1.3104589010769792,22.996841430664062,1
209.7527344394109,4.459933798685422,1.22347259383058,21.861610412597656,1
210.72115986192804,5.38345960708689,1.504297953144489,20.283491134643555,1
209.30651494289577,5.1422031469109735,1.2139842780980514,21.191068649291992,1
210.50921812646777,5.878379222483712,1.8573739477240772,21.815732955932617,1
209.33711205576145,4.929105162222397,1.3806224281769734,20.51234436035156,1
209.67625437335187,5.847391237423459,1.7619303881828992,22.459980010986328,1
209.9455509531957,4.770822504718213,1.3524336156907637,19.23328971862793,1
209.0825792328087,5.768273520073166,1.6097481586977902,21.256816864013672,1
210.42013117468616,5.174920484418111,1.830624973298948,20.241500854492188,1
210.6538810104683,5.011377686692762,1.5574823167687215,20.634790420532227,1
210.6100643554032,5.711266216215573,1.5003407654012646,22.07203483581543,1
210.4379745226738,5.680569846485251,1.4469396721773735,19.614145278930664,1
210.72667780481433,5.127481489918671,1.434136762047874,19.287181854248047,1
210.0847461284879,4.726354601321532,1.4875099566199903,21.049381256103516,1
210.1550039996342,6.109890972681762,1.9522294468744372,22.761741638183594,1
209.74782096900725,4.6625323857245045,1.396307846004394,21.43167495727539,1
209.42230896376583,6.162679327389128,1.8708459441944665,21.896520614624023,1
210.6978640297876,5.3660945090348875,0.919912797678674,19.36583709716797,1
210.63905958773543,4.518495090503677,0.9589416090358692,22.19942092895508,1
209.184780778802,4.18049336740884,2.8901847772987304,23.5570011138916,1
209.91677588979456,5.971143761610804,0.9973944450950346,20.80931282043457,1
209.55430619227883,6.0396074943327305,1.263331007027256,20.84674644470215,1
208.96510785199695,4.88230706205497,0.44311029571363,19.670917510986328,1
209.19981010199317,5.403921970705633,0.9215149866868076,20.394187927246097,1
209.90152400123097,4.8281666329729855,2.040292845544221,21.48489570617676,1
210.26307999999997,5.6539633,3.7184691429138184,19.69083595275879,1
209.71957552247363,5.839875010927088,0.6555080783706503,21.54572868347168,1
210.21096273265275,5.418402335910724,2.007175860137466,22.2746524810791,1
208.91754305220087,4.541516143088284,2.512211855511401,19.815053939819336,1
210.5169757806284,5.709887900598669,0.9547470195544088,21.20606231689453,1
209.33711205576145,4.929105162222397,1.3805114835548784,20.51234436035156,1
209.37195959319035,5.758993612112734,1.5444810600781371,20.963886260986328,1
210.62112910238935,4.908873872832067,2.228306819030772,21.78780937194824,1
209.80365806200177,4.339862159084395,1.8724646655548136,21.991708755493164,1
209.25795104469267,5.802278113829982,1.4457765975231287,22.37446403503418,1
208.80282545046623,4.88606710941697,1.9882342132058797,23.151214599609375,1
209.79389204097737,4.895953834425124,1.644175809234747,20.316648483276367,1
210.3935257495536,4.938127118947468,1.43606761618789,20.820707321166992,1
209.9947291263644,4.449576264934434,2.34975981417801,20.815032958984375,1
210.35600721532515,4.857578474191918,2.2757126846800895,22.48029899597168,1
210.712255607035,5.096857252918492,1.4182909423419805,21.21609687805176,1
210.2818231994462,4.853648929040832,2.475834673331141,21.10454368591309,1
210.21096273265275,5.418402335910724,2.006697949119759,22.2746524810791,1
209.88348310489164,5.482336062188114,2.152710989807254,20.152809143066406,1
209.43099882753316,5.128170078116893,0.7196747441376422,19.41693115234375,1
210.2583986595081,4.953493322813587,1.248777910694053,21.539072036743164,1
208.9137180971104,5.557241376006378,1.5311260103133066,21.63192367553711,1
209.5204167020472,6.022441850480493,1.455263221777389,18.661945343017575,1
209.9464907083035,4.645581504139063,1.3865057693224891,21.244592666625977,1
209.40511715104824,5.5641942791434085,2.6259486425993463,22.211503982543945,1
208.70397671911329,5.111308585758084,2.02828820804554,22.46561813354492,1
209.25044350009057,4.451540967473353,0.5352452046973477,21.747699737548828,1
209.7495163435496,4.571389399924626,0.9665394578853452,21.753511428833008,1
209.6673496594633,5.555118840763823,2.9343340708511856,22.152591705322266,1
209.4493669504534,4.654898101933267,1.2817490185695677,20.68092155456543,1
209.9384505724897,6.150072686909645,0.9560090803947024,21.8425350189209,1
209.83029801943945,4.563462082432557,0.8999271411930254,22.018932342529297,1
209.5313654545789,4.845457821914926,2.394664864427566,22.55929374694824,1
209.86385898543537,4.332249619628895,0.901693893692196,19.4124813079834,1
210.43737293881173,5.086324526427719,1.289351971918982,20.401491165161133,1
209.0063723296004,5.8093603938604526,0.9104173293394164,21.249799728393555,1
210.43968746593973,4.326107509316677,2.141389580769433,22.282562255859375,1
210.00270313278455,5.312721592045138,1.8139611867780143,22.46540641784668,1
210.19820382245803,5.6723585923413875,0.21319095552301,19.797700881958008,1
210.6039633320936,5.3824345260756745,2.5330229447903756,22.693689346313477,1
210.0899960092437,4.237853997982833,2.015571283146148,23.32312774658203,1
210.22207221632027,5.751607443755412,2.694365148613655,19.40347671508789,1
209.2585989081598,4.575007361813612,2.143825615952865,21.946063995361328,1
208.70096202756804,4.9570365136216585,2.08913497425723,20.01064109802246,1
209.99218726245093,4.581701639697186,2.4315964126965133,22.74009132385254,1
210.06821977410175,4.864365879196505,1.7411894681555098,22.325345993041992,1
208.7457584045892,4.9355953385428695,1.1293641046850895,20.820472717285156,1
209.81880870470155,4.584328532086288,2.469741510748149,22.24845314025879,1
209.4895949777548,6.0947534348852255,2.8979302685526114,20.625709533691406,1
209.63244242322048,5.089657636832033,2.4535961797399057,17.09711265563965,1
209.88421945880685,5.042681631089725,2.8162787544477736,21.16461181640625,1
210.52828571033712,5.825557623392013,0.5980880513719478,21.57613754272461,1
209.11207082490657,5.385541625734922,0.9546488667298884,21.16669464111328,1
209.66358475523057,4.495905798999092,3.7843884979000713,20.73695373535156,1
209.53271228461497,5.778883919160028,2.243571213175799,23.082853317260746,1
209.93516660014043,4.827019501786434,1.5014175836933592,21.03775978088379,1
210.1820450985448,4.915246526706568,0.910996815236974,20.688844680786133,1
209.31400005287148,5.54581352390249,1.2264117703666488,21.158721923828125,1
209.66909755992796,4.505136968215104,0.9130259032894212,20.062480926513672,1
210.4165202627683,5.769188950408711,2.168465085232289,22.543502807617188,1
210.712255607035,5.096857252918492,1.4178249047652605,21.21609687805176,1
210.383679096104,5.8091160411268215,1.543127670113969,20.345409393310547,1
209.43447661887572,4.585847124377656,1.5474020169475038,22.021194458007812,1
209.01143,5.4967816,2.4781854152679443,20.902103424072266,1
208.96861231881203,5.023502435595781,2.3131614636397844,20.927549362182617,1
209.5665820472988,5.293520834817888,1.8423844277140544,23.694141387939453,1
208.7077022291421,4.891829858854388,0.8923308516946636,20.948871612548828,1
209.94353796625865,4.669901354201423,0.4092925887073611,19.297775268554688,1
209.5631244804048,6.154533171271443,1.149024428297189,19.3851375579834,1
210.3935257495536,4.938127118947468,1.4376189926958682,20.820707321166992,1
209.96280608562049,4.805000079346715,1.4921075500740355,21.8583927154541,1
209.19981010199317,5.403921970705633,0.9216142703389972,20.394187927246097,1
209.23197655606657,4.911939717253678,0.8396349680825987,22.259471893310547,1
210.1373235381544,5.093210932963017,1.662978636897844,22.17762756347656,1
210.0449153226431,4.5257904874583295,1.7084427783841916,20.539682388305664,1
209.8698879976821,4.1765235773643274,1.5887901189113205,22.82736015319824,1
210.48569423502303,5.1870939166986325,1.50267256322486,20.937591552734375,1
209.0987712002524,4.763845934469621,2.1696646476591464,20.5853214263916,1
210.1317162592912,4.774528790156136,3.281299847477116,20.061492919921875,1
209.86941497722933,4.072707061030335,2.456694859545554,21.49434471130371,1
210.3970945543189,4.991318755367815,3.2125271562085764,21.62569236755371,1
210.19602655472175,4.989603861555578,2.7574557231342345,20.84674072265625,1
209.72299411850892,6.098839081141504,1.7724307742942929,19.638107299804688,1
208.97864917813868,4.52054844199111,2.0049973155779814,22.564186096191406,1
210.1838376059636,5.239272536259968,1.0187411569816684,21.953636169433594,1
209.5141561182596,4.748786787177389,2.3599603859943636,22.100879669189453,1
210.45658972693485,4.529412934993044,0.2653158310394282,18.947450637817383,1
209.35810514134465,5.748564610895861,2.87558526570663,21.04403305053711,1
209.91332730466507,5.317398555064623,0.7266188446747597,21.916250228881836,1
210.42013117468616,5.174920484418111,1.8303356010039225,20.241500854492188,1
210.62270371830792,5.749817794291518,1.1341364891382608,20.979713439941406,1
208.7860710081177,5.478673735467916,3.3822163939679726,22.52356338500977,1
209.81542410471172,5.254886564464269,1.2024856855636497,18.508350372314453,1
209.22662818689673,5.643297073261425,3.485210957693421,21.201322555541992,1
210.43845821095368,5.781520903592089,1.3775798915825683,22.207576751708984,1
209.66358475523057,4.495905798999092,3.7832255815001408,20.73695373535156,1
208.5780485726266,5.131687031294003,1.5767423492511483,23.655412673950195,1
210.5486078504883,4.800040635299028,0.7752736179886635,21.387126922607425,1
210.0607216163372,6.076048010378091,0.9674575245437028,20.883752822875977,1
209.29907263259548,4.165728967495685,0.9646752949181048,21.961576461791992,1
208.7313058871402,5.60565332780534,2.82163673530284,22.683408737182617,1
210.60502342340615,4.65699375403449,2.488461224357152,19.78740882873535,1
210.7255982485586,5.255877909974409,1.075897111124463,22.41996383666992,1
209.9996706974969,6.159013934670641,1.0176539161554257,21.18234062194824,1
209.24776755492144,4.9828750374398645,2.1079163115224797,22.787548065185547,1
209.04249646566663,5.635563943070961,0.94061733131479,20.19064140319824,1
210.20238044403595,5.987170343723558,2.2505365796439833,22.655895233154297,1
209.9214028037268,4.58608308928838,1.7015785327702933,20.708721160888672,1
209.53301408722365,5.529399846281199,1.627636407974295,21.34691619873047,1
208.7132468183458,4.986968573557308,2.601815680900111,20.46741485595703,1
209.7133945725734,4.305165981741669,2.0985819520139852,21.948566436767575,1
209.43368941519736,6.221673530090835,2.7130241299663904,19.793787002563477,1
209.42356197582103,5.430170095804116,0.7417782818457138,18.535078048706055,1
210.13921225230743,5.177723411796134,1.811744771436436,20.0664119720459,1
210.64341281651969,5.511596554438737,2.4561804049189786,23.60288429260254,1
209.58595814623183,4.833724376190387,0.4998189873204173,21.594104766845703,1
209.25699140752107,4.2973172478425115,0.5253167632087459,18.994178771972656,1
209.11961544379545,5.362410592568163,0.2604982609456182,20.00661277770996,1
209.9812518472566,4.432992430797567,2.843867382288706,21.98098373413086,1
209.7805513134045,4.287213212404451,1.3331124960244494,21.386680603027344,1
208.9496915488817,5.442725539029849,2.1357706145564577,20.7447509765625,1
209.83721717707567,5.3991573463661275,2.1473351876299187,20.97239875793457,1
209.62880237008264,5.430852845581978,1.7027854450944095,19.8724365234375,1
208.88457801283997,5.350383644052791,1.3938701927517276,19.343355178833008,1
208.839508697772,4.7580813671270334,1.5311314998668433,21.79162216186523,1
209.46535109972788,4.605708043704706,0.7717763668258393,19.914573669433594,1
210.67637886281233,4.718132724942772,1.8851607585134529,20.599536895751953,1
209.49704670719856,4.983674078317394,1.6052080139673364,22.751739501953125,1
210.38573945195827,5.878795038929143,1.1681957238857967,19.350725173950195,1
209.442040318077,5.396341531861489,0.7259184319130935,20.470054626464844,1
210.22606626428745,4.975726994050425,2.2037470752062926,19.957426071166992,1
209.73295565565132,4.5184144818614795,2.1989424743428745,22.547218322753903,1
209.5822543144401,4.927786168729364,1.7846659161516447,20.681774139404297,1
210.40952798651645,4.65023821115599,2.332805385415151,21.381959915161133,1
208.86079409455212,4.473441273788583,2.4817330121654466,23.039934158325195,1
210.20598813677,4.60259082607063,3.551040694623799,21.905168533325195,1
208.6589446069769,5.450993207484836,3.091164820784008,19.952512741088867,1
210.2539407371957,5.792825269776091,1.7978394042797563,22.035236358642575,1
210.21294717168473,5.31407308134979,0.9904710580195252,22.55082321166992,1
210.34493147851668,5.043771522071517,1.6114948344291615,21.915124893188477,1
208.8215037139624,5.41798724210454,2.212779655850256,21.816404342651367,1
210.7882871670568,5.001129728062527,2.357567097250095,22.92891502380371,1
209.0426311697065,5.584450950424672,2.123704033223084,20.111881256103516,1
210.6530825297224,5.0721655821100855,2.743482585444358,20.08540916442871,1
209.39968941460216,5.88736283304588,2.1255101594239436,22.03702163696289,1
209.74576107952228,5.754090706915298,3.5385037805519226,20.869874954223633,1
210.21937786950025,5.502930324852429,0.9489735525763452,20.181427001953125,1
208.9234840246557,5.193395627910337,2.799471576927414,21.831083297729492,1
210.0298198487404,5.812854783499345,2.2558905354374046,18.59244155883789,1
209.82840449180568,5.923890709344547,0.9453977770331782,21.50339126586914,1
209.13515423950275,4.181479288388484,1.395854982098771,21.641101837158203,1
208.92879998704004,5.118473476311774,1.6848036642623228,21.75694465637207,1
209.51005917187248,5.223868458365079,1.2052942182094817,22.07541847229004,1
209.0643139333664,5.674609115698057,1.793000682854443,20.148212432861328,1
209.17568483840645,4.536468756473283,2.361065280952424,20.477088928222656,1
208.8855962566464,5.091961915147255,0.080713566568992,19.335186004638672,1
209.14072400270396,6.043816277578407,1.2735770858464477,21.16297912597656,1
209.2690428079283,5.604906847030579,3.4923058478172093,21.25255966186523,1
210.62073736290785,4.702649226585872,2.284796473371237,21.889055252075195,1
210.28432621013928,5.05514801659632,1.1565769168683917,21.779367446899418,1
209.7240315403536,5.405808350843041,2.0921355869389866,21.109695434570312,1
210.592696371234,5.79731328053137,0.9266534465762432,20.89555931091309,1
210.1182175181272,4.484924363720619,2.6212282560593994,22.680469512939453,1
210.2630625182601,5.653952273347219,3.711814974921081,19.82823181152344,1
210.7359217354266,5.0328901178086625,0.4319285378357036,19.137096405029297,1
208.7065908090212,5.0451983675603325,1.6864099288669538,19.92338180541992,1
209.7133945725734,4.305165981741669,2.095984190965551,21.948566436767575,1
210.2045184621588,5.623598609604741,2.653147033490356,22.22515106201172,1
210.61129189931177,5.0649301398628035,2.970340080941145,18.602245330810547,1
209.5134801565702,4.083466110499299,2.124238045980175,22.052387237548828,1
209.18997419109985,5.587608561980804,1.6513780548979171,22.172956466674805,1
209.4895949777548,6.0947534348852255,2.8975003006452296,20.625709533691406,1
209.19662590856657,5.150244189363875,1.6894245822108809,22.04545211791992,1
210.61095198843609,4.971119897405459,3.709367299877206,20.67566680908203,1
209.17197771851943,4.559921369900375,1.9647893671975147,22.28114318847656,1
208.7951606488193,5.191595150053815,0.6064712185667306,18.772571563720703,1
208.9676229472622,5.2614217065314675,3.1385029357642806,21.190786361694336,1
210.3395134994726,4.773760534965381,0.6329042802699953,18.918325424194336,1
209.2529608044492,5.047389822988883,2.04853080680964,22.67559242248535,1
210.60546580839005,4.7381429238051265,1.857490147531315,20.961565017700195,1
208.96242258643633,5.70011960805491,2.468679686285842,22.934167861938477,1
209.6893,5.0227403,2.9757063388824463,21.676830291748047,1
210.18982300380412,4.446692307012194,1.9733842257422327,22.743831634521484,1
209.8465046440568,4.135138761304776,1.2963103288854378,22.473970413208008,1
209.81214611653087,4.667417974561888,2.4080556837292857,22.27851104736328,1
209.026339744378,5.6600317754856215,0.4327690466575729,19.033193588256836,1
210.09947883056395,5.494754843637568,1.3145022757294484,20.351905822753903,1
209.5126421671048,4.046795715899414,1.4678024404626948,21.025074005126953,1
209.0217345601695,5.056158642471261,0.94454026572104,19.568927764892575,1
209.98290072267497,4.669079066761547,1.8530037469558425,21.42551612854004,1
209.32887113890263,4.141755772953285,2.5263891662863167,23.565256118774418,1
210.45497442366732,5.260636827808135,2.7048195542063462,21.68739318847656,1
209.74975615542365,4.181625327242784,1.6642475212299708,18.16141700744629,1
210.44389207508132,4.398102827608176,1.7697128045672244,19.641136169433594,1
209.07960195833417,5.176331263071082,2.1809181110006084,22.716882705688477,1
209.95943845719088,4.041586337059521,0.5564753589964626,20.052480697631836,1
209.97052328447305,4.667564693157145,0.4444127230362543,20.01285171508789,1
209.2553800000001,5.5384777,0.908781111240387,21.531137466430664,1
209.05671561343644,4.9154732502838305,1.7640676753291966,23.370262145996097,1
209.85998798294128,5.117670662252138,1.3386950981712182,21.275367736816406,1
210.58791112293807,4.4402593526832606,1.1295131352109384,22.324003219604492,1
210.37005853393325,4.57705995085204,1.400931126475614,21.003650665283203,1
210.60786305709053,5.38508845473178,2.1076007008864144,20.45069122314453,1
209.1917401138724,4.313412575131408,2.74143863312308,20.999784469604492,1
210.5351932986074,4.691280545423951,2.445583091019578,21.07505226135254,1
210.68212649173716,4.9996574249833134,0.5654583689276471,21.580078125,1
210.2830605042705,5.357404761651855,1.1639332471258987,21.940185546875,1
209.868817066478,5.49266721723223,1.348320249489822,20.912986755371097,1
210.3321075519292,4.375409957055008,2.9193829611065314,23.152633666992188,1
209.85132593188445,5.887163929373005,0.5823183459618295,20.80523681640625,1
208.59159692197903,5.316943947941713,1.1148484615038858,21.127832412719727,1
210.48520700385916,5.235017873863235,3.3964581346262226,21.984743118286133,1
210.42988881844252,4.407106416563484,1.2841954645494005,21.51614570617676,1
209.5980064120178,5.022141925193263,1.5907300926136978,22.62518310546875,1
209.7353806972436,4.2932897910296175,1.2565647102284203,21.869739532470703,1
210.6498855472696,4.672893026285461,1.837211519794116,22.31044006347656,1
209.8552368616716,5.125139872353038,1.5674804135569766,21.23534393310547,1
209.16528125190283,6.098909065901653,1.7944185034710245,21.443126678466797,1
209.96280608562049,4.805000079346715,1.4947056847670468,21.8583927154541,1
209.12438812817348,5.583009823705869,2.1236727312191412,22.204092025756836,1
208.77572625781733,5.711798713285674,0.8175959160385219,22.59627914428711,1
210.6978640297876,5.3660945090348875,0.9198708101265975,19.36583709716797,1
209.68728470327272,5.437587319693451,2.491499857363882,23.42861557006836,1
210.6221538895749,5.018360670462644,2.5727545267722087,19.741426467895508,1
209.68900805340436,5.174290476270444,3.0814949090597357,21.828941345214844,1
208.8727223433553,4.946046231213012,1.7876270178796188,20.926185607910156,1
208.7896349943755,5.546892545121739,0.925496176806324,19.259267807006836,1
209.35947668583032,4.594865661190572,1.2347453796475976,16.630535125732422,1
209.16860270122345,5.962068213637187,0.3210213655533396,19.30195045471191,1
210.2896453517475,4.350493482414022,2.0266306956627993,23.195770263671875,1
210.1498926489068,4.32986792539071,1.4336761008395824,21.68294906616211,1
208.7393984532032,5.074731556139659,1.568518164342191,22.604188919067383,1
210.1008282946258,5.876051137988079,2.7465228322588766,22.390209197998047,1
209.7829465817158,5.148450016054186,2.467307961260453,22.437408447265625,1
210.07570793904324,5.279313744246257,0.4415528459761896,19.46013641357422,1
209.68692757717525,5.892175429355641,0.5191894499315112,19.172100067138672,1
209.1107557795013,4.86983533013848,1.885637200694668,20.71232032775879,1
209.57066981366583,6.051846964914521,1.2192630088086562,22.535255432128903,1
209.901168487286,5.174277512868429,2.391442480786091,20.624643325805664,1
209.598442304976,5.9931615568454095,0.9782843683665728,21.32411193847656,1
209.48965487092983,5.96541719367038,2.2889987874061823,23.756813049316406,1
210.50574046091867,5.763318750643482,3.5741526436259856,21.196109771728516,1
209.96393542184023,4.999344011976298,3.2599834415978624,19.442474365234375,1
209.9859327658842,6.08157538521397,1.9875313144321425,21.40614891052246,1
209.31134732937127,5.443983866135037,1.1517963930146178,18.89889335632324,1
210.62073736290785,4.702649226585872,2.287011652096952,21.889055252075195,1
210.28407336112417,5.732267579217977,1.3531812610040317,21.642335891723633,1
209.52676875896057,5.4948443085363206,2.36736721236307,21.190101623535156,1
208.8477003014232,5.061393680431386,1.7264240081714357,21.653963088989254,1
208.97864917813868,4.52054844199111,2.0045879045990342,22.564186096191406,1
210.6538810104683,5.011377686692762,1.5567334839739158,20.634790420532227,1
210.58391945977996,5.361765942763163,0.1967856070588801,22.923614501953125,1
209.6652385867936,5.161064882152366,1.2029299468664962,19.872787475585938,1
209.026339744378,5.6600317754856215,0.4327402170456641,19.033193588256836,1
208.63037588012415,4.951017851083513,2.266957749190138,22.819419860839844,1
210.592696371234,5.79731328053137,0.9272662580248416,20.89555931091309,1
208.76256960274577,5.423571513212246,0.9534710763124564,20.77357292175293,1
208.92879998704004,5.118473476311774,1.6842321767963957,21.75694465637207,1
209.13149524629907,4.872502670642468,2.5610154729984473,20.790246963500977,1
209.7790855425168,4.68265524478976,2.260844670138506,20.779300689697266,1
208.8180982205436,4.673253620466175,1.225907635800196,21.316434860229492,1
209.8787331069782,5.406524235869369,2.1287867011134862,21.554637908935547,1
210.63471832494292,4.955126938155931,2.2466126742168693,20.78884506225586,1
209.73295565565132,4.5184144818614795,2.1992309945571633,22.547218322753903,1
210.3395134994726,4.773760534965381,0.6329715537907165,18.918325424194336,1
210.4580178986479,5.330027379238874,0.2012408593703238,23.183673858642575,1
209.3087052152407,6.065339016161171,1.5225284936134988,18.58898162841797,1
210.4408875806837,5.2392021462348835,2.463396775655088,22.921855926513672,1
209.62880237008264,5.430852845581978,1.7031314719701252,19.8724365234375,1
210.3596963015704,4.62007855721175,2.4967279553616697,19.649547576904297,1
209.899020001432,5.201235992625428,2.225839823634431,21.615625381469727,1
210.14330086311423,5.643657011308276,1.6361824593858871,21.867406845092773,1
209.59798306261652,5.077160285123387,2.121002459265497,22.100950241088867,1
209.10115626919128,6.089425730330128,2.292816032752815,22.400726318359375,1
210.5701034739975,5.390208877856319,0.754471008312493,21.00302505493164,1
210.7439418215994,4.9413985911922245,0.4856837433794965,20.001991271972656,1
209.99232221177988,5.931351046228331,1.451818649103248,23.50172996520996,1
210.71950195800716,4.644120752108376,0.9661722741093484,23.025888442993164,1
209.11961544379545,5.362410592568163,0.2604793913497017,20.00661277770996,1
209.07762094318343,6.0118575519661315,1.8338046287413932,22.39118194580078,1
210.190141779016,4.461166260538838,0.7911221671454328,21.64783096313477,1
208.9496915488817,5.442725539029849,2.1382413926192356,20.7447509765625,1
209.23502221949144,5.783267347191524,1.6718299595117112,21.822900772094727,1
210.5107714108771,5.807778438077554,2.472331385141915,21.04708480834961,1
209.1667358379356,5.927717604152119,0.513327726060727,19.392879486083984,1
209.11207082490657,5.385541625734922,0.955563939675972,21.16669464111328,1
209.65529502608783,5.28727959265035,3.296295126320961,20.161176681518555,1
209.5665820472988,5.293520834817888,1.848226821702184,23.694141387939453,1
209.55898628408536,5.731516628678961,2.0188372773240686,22.568628311157227,1
210.5175572588249,5.174074770630993,1.9341410644931256,21.972484588623047,1
209.8558285710005,4.590993424177751,1.7860095763535009,21.876972198486328,1
210.11126277387712,4.788626280939818,2.4465353858918837,19.75891494750977,1
209.9595634253565,5.611727431317343,1.7557628193553394,21.86618995666504,1
209.92481688873067,6.23372670207005,2.838756528445367,22.57750701904297,1
209.19042547365697,5.442048688249694,0.6868453723478897,20.808637619018555,1
210.62112910238935,4.908873872832067,2.227501957238793,21.78780937194824,1
210.7196103125622,5.034810174669661,1.4301178973279018,22.888427734375,1
208.6793766400681,5.182213802477386,2.2313135875038297,19.845720291137695,1
210.32696460087925,5.5454123744422095,3.2287863960728576,23.29730224609375,1
210.11451727304444,5.912075182720703,2.9855567661949705,21.47536849975586,1
210.51046320830864,5.18081603954681,1.5728962865862537,21.38617897033691,1
210.1223336096554,6.054203695381993,1.8098031634890408,20.34565162658691,1
209.24266491987063,5.771089794402003,1.663452249871644,20.522384643554688,1
209.25806171390005,6.158788356100285,0.1834409968654345,18.410404205322266,1
210.58753078222273,4.439663153995828,1.1286831508423356,20.55489921569824,1
208.65438298372575,4.95981706960409,3.03562573955834,21.422771453857425,1
210.63905958773543,4.518495090503677,0.9589715541892968,22.19942092895508,1
210.74122023335667,4.97730218879544,2.6558001783445575,20.813541412353516,1
209.75884012526893,5.795711024376936,0.9574148180630851,21.715959548950195,1
209.24055379435657,4.571361829980706,1.3924695135364098,22.17632484436035,1
209.74482236983303,5.320877971190332,1.8394536154007424,22.619749069213867,1
208.71063926421212,5.571863218610702,1.6043164151868703,23.03714942932129,1
210.77696477169948,4.791126608783002,1.432052168591453,23.18825340270996,2
209.17970881285532,5.331760666775918,0.1365901743360946,23.30586051940918,2
209.14864315608037,5.757128863132554,0.0807474498216097,18.036537170410156,2
210.19675861708777,5.841957473613608,1.1049689480285296,22.48042869567871,2
210.13938384166147,5.658383229789757,0.9412054946348932,22.78302001953125,2
209.1733438392365,4.630954745125792,0.8963739844660642,23.41229820251465,2
210.2101414444076,5.392205886518214,0.249555898989697,20.316062927246097,2
208.8870903720876,5.893073448174402,0.1890134773265105,17.571046829223633,2
209.36630720631587,6.123424084503,0.2449781221777729,18.336145401000977,2
209.25197242367025,4.793177249151266,0.9881819916090872,23.26579475402832,2
209.97064859161637,4.25366031621907,0.1372835229992524,18.51647567749023,2
209.8926911996185,4.404312783900374,0.1982616002981063,18.610576629638672,2
210.19117597972505,4.446543960904599,0.7460385498511939,21.921051025390625,2
209.09266114129056,4.409570646445104,0.2661689039488668,19.760339736938477,2
209.8891941635852,6.247327729733063,0.6161740941072378,21.223190307617188,2
209.24447439379452,4.504141712289173,1.2427398775560488,22.107500076293945,2
208.6951249735444,5.548311517015671,0.2194319946142968,17.34626579284668,2
209.8789046192091,4.285033152690097,0.707084793525265,23.255273818969727,2
209.6670305237634,5.429796342150334,0.6437745918367022,20.47182846069336,2
209.4132889567408,5.20115714141965,0.150630390198543,19.89286231994629,2
209.9786462948736,5.563233387521013,0.2853797623119395,19.37598991394043,2
209.9876393132532,4.842693284489767,0.957084333135262,23.07504653930664,2
210.2680668384198,4.467730954383313,0.1567208221327103,18.36096572875977,2
209.60730582520512,4.082980100600333,1.1417432640039131,23.434247970581055,2
209.44371426527607,4.884128420951521,0.2459845161152142,19.21764755249023,2
210.42581950669523,4.34930850767381,0.247776724266609,19.206701278686523,2
208.8373845940512,5.286645666283537,0.9518614308410812,23.39952850341797,2
209.27983379715633,5.4828762711879175,1.1793249682005915,23.245685577392575,2
209.98986043474125,4.203934441624175,0.565770807023684,20.2030029296875,2
210.59506669609385,5.732586702858182,0.8891785441097023,21.158344268798828,2
210.4572912799313,5.656991303725104,0.8727675691652659,22.133678436279297,2
209.3161997022084,6.067216705157291,0.1578870100599133,19.85022735595703,2
208.9608299665179,4.3329574291567265,1.483722167861227,23.52357482910156,2
209.92445080122383,4.561100931806368,0.7321690083703042,22.37992286682129,2
209.20958430913777,4.76768518491882,1.1898182750904889,23.20293426513672,2
209.84188587601625,5.30462210832714,0.2621913120221346,19.207103729248047,2
209.6348902627778,4.642941844409504,0.9581693372085016,22.755006790161133,2
209.4129714270926,4.272540700089949,0.0512006827236117,18.464031219482425,2
209.5911456948394,4.367512084609379,0.7780463844426123,22.466875076293945,2
209.90989847779835,5.094154228475636,0.903848757614952,22.1652774810791,2
209.01293047282675,6.033535448895922,0.8778955351966086,22.40293884277344,2
210.5413959675974,5.257312534132248,0.2430450182974373,19.177709579467773,2
209.27456535742692,4.959110978446033,0.0797869767532527,18.46398162841797,2
209.57667096342576,4.566914466209805,1.0609072443822558,23.61136054992676,2
209.44089469574263,6.015724436498429,0.1397302508685753,22.457042694091797,2
209.9893868040474,4.562611201144276,1.013895214651512,23.04372215270996,2
209.9539758990711,5.709039004610447,0.8568280274232783,23.262554168701172,2
210.28232866275204,5.952574110169541,0.0774814672990332,16.020736694335938,2
209.18123769807536,5.93104806114945,1.208967597860949,23.449085235595703,2
208.90619376400304,4.567984212410672,1.2660665248050629,23.081554412841797,2
210.4362412684929,4.7226307123559605,0.8236782816671939,22.461706161499023,2
208.88776997464777,4.359084360070084,0.1906139339937326,22.94284439086914,2
209.57050900429957,5.643462299994863,0.1937242857960146,23.175859451293945,2
208.89349339877623,4.563048795036715,1.0359147514147824,24.23881721496582,2
210.6300008666128,5.533462267264537,0.9282557911586058,23.662376403808594,2
209.61361743741415,5.463434889945486,0.2438463160364564,18.403793334960938,2
209.43231027998215,5.159240360612149,0.7309227267691997,20.41459274291992,2
210.69201339324013,4.7194374309739064,0.2666894070317693,19.36371612548828,2
209.0623635535499,5.940769921946461,0.9671144813794263,23.26949691772461,2
210.64457171298935,5.171520842610757,1.2146655429608442,23.200708389282227,2
208.90423686588412,5.052823418600169,0.4401807603999216,20.624910354614254,2
209.10265386617843,5.290831138387014,1.1739763575544568,22.893484115600582,2
209.13818439834705,5.980672709106982,0.256879892216058,18.7246036529541,2
209.08592721308725,4.885651634236648,1.3600758881212147,22.468746185302734,2
209.7109052999349,4.893923119478197,1.0881912760059722,23.513126373291016,2
208.84731965875105,5.7660107980654205,0.5496587407852075,21.16575813293457,2
209.12623584933857,5.358328486427161,0.9574591094005656,22.401546478271484,2
209.04027743983409,4.913396888636738,0.7197454317163693,20.989559173583984,2
210.3695667984263,5.591099429339975,0.9057911444011196,23.05749130249023,2
208.76859908613653,5.188992300726929,0.0047008622745805,16.431110382080078,2
209.48229807201065,5.806420351915092,0.9430993150650384,22.372859954833984,2
209.61858963373504,6.16114737913674,1.2140434042344803,23.16287612915039,2
209.1091016454845,5.9166383164968925,0.8873969074147248,22.675769805908203,2
209.12747336278417,4.331626591208705,0.2487647287441891,18.44168472290039,2
210.2613248322772,5.843767878773979,1.3101658230603668,23.50507545471191,2
208.92617078167035,5.240425046829667,0.0030236193331945,21.952207565307617,2
210.71524518972316,5.334812958264905,1.431720717642793,22.909170150756836,2
209.96673191646784,5.049334417345349,0.1754691097194966,19.72341537475586,2
210.30574990349567,4.256823598562698,0.2460772010283222,19.043136596679688,2
210.68076817650203,4.988213412119736,1.1220217488161752,22.689632415771484,2
208.93305228072688,4.364087135996153,0.8511019412372887,21.58510971069336,2
210.2132665971535,5.329700215034365,0.0803360302330338,15.7803955078125,2
209.7967541306174,4.462638266394424,0.9019081966642268,21.94573974609375,2
209.958175995837,5.1544643461035875,0.1876693400248363,20.013416290283203,2
208.96228379734873,5.601440207613638,0.148405799245839,19.64712142944336,2
209.75338033179696,4.511595189962945,0.1155605343194515,18.964160919189453,2
210.310219643112,4.9484350506706045,0.0875307450001942,19.3704776763916,2
210.17686128358048,5.487074727437931,1.2645819567066046,23.852867126464844,2
209.25555620276256,4.960861595393979,0.2454050875023996,19.623685836791992,2
210.6539361240135,5.343553181494572,1.243960897222939,24.006267547607425,2
209.94235818070817,4.453804924332125,0.1186745719663731,17.154388427734375,2
210.50529667318057,4.833442963489684,0.1963301392611738,18.300979614257812,2
209.84483931914104,5.32184024851674,0.3000371774449886,19.879667282104492,2
209.4840137487568,4.954356156252951,1.3807892976355185,22.77104377746582,2
209.3915088568163,6.1686583079473625,0.9153797696455644,23.14580726623535,2
210.63531204483783,5.454397354974304,1.1674757966140394,22.007354736328125,2
209.32463509079315,4.881536505828766,0.9926888662145568,23.159090042114254,2
209.36674364486873,5.824739720072657,0.8969852052290067,22.830747604370117,2
210.22008343511104,5.491615204276661,0.0395374780733107,23.15293312072754,2
209.29438440261856,5.1279435654093986,0.3083823483523982,19.43778610229492,2
209.30288113395557,5.377675218903623,0.1378441148912451,17.139448165893555,2
210.31102676248932,5.877059990216341,0.1763228004036349,19.19039535522461,2
209.92823477045496,4.799594316640094,0.9134083442737866,22.804338455200195,2
210.0375730363657,4.428982596646928,0.0683554332376956,23.07988739013672,2
209.5859282869341,5.833207029302494,0.976104092267906,23.26945686340332,2
209.6217576446555,4.6964482103724485,0.1869098023582816,17.65582275390625,2
209.19180830726356,6.127255707600953,0.2167444848029095,20.04166603088379,2
209.25448298583385,5.84120813383238,0.915204793023869,22.92632484436035,2
210.4545350109154,4.587186302561795,1.3681676563578158,21.272443771362305,2
209.66186763694583,4.937467505789088,0.5010689954312663,20.048812866210938,2
209.0503894430941,5.603666211051994,0.0812573843843153,18.99703788757324,2
209.6193283265966,4.914795215580516,1.3938615322205945,23.19468879699707,2
210.26386101254764,5.538144620660072,0.2865267961177289,19.24051856994629,2
209.83319721552223,5.778310185953891,0.2731294711199504,19.334796905517575,2
209.33005279863804,5.477325391118001,1.3469604233701615,23.1204776763916,2
208.61443608237747,5.114341197361316,0.2270574712253266,19.275081634521484,2
209.55876511902517,5.281211150117187,1.1741597115631404,22.6551456451416,2
210.61185761630247,5.148183638485785,1.0851303215145238,22.766294479370117,2
209.049542340499,6.032720038957644,1.0230261862374512,22.8830623626709,2
209.2288318559751,4.650763245499106,1.5424550455543322,23.022720336914062,2
209.6667700026294,5.50008205932762,0.0796390410098432,17.251033782958984,2
210.40013825465215,4.97611185884816,0.136265757635694,19.457162857055664,2
210.02877966513944,5.9406008895573725,0.4186061897466134,19.801456451416016,2
209.74508414540173,5.585758604447171,0.9248769276645123,23.38830184936523,2
210.0779090613439,4.455001410392376,0.1914140105752919,18.73987197875977,2
210.1410868321513,4.366272119346486,0.265343038083447,20.03985595703125,2
209.57676076522935,4.403322690413703,1.516662346545862,23.655597686767575,2
209.06658575716204,4.55447508253309,1.3969228404814664,23.2982234954834,2
209.2030811435682,5.238087967037932,1.016091344606989,22.578706741333008,2
209.81029441210427,4.153031788365776,0.1238628860710429,19.000240325927734,2
210.66278413036048,4.7902274731231005,0.7647438518160341,21.752927780151367,2
209.63957313256176,4.549184706068419,0.1249103490393966,17.115463256835938,2
209.80886872078472,4.479052096360937,0.8884090210051674,21.969825744628903,2
209.7530365505712,4.785260660163359,1.0399857017345833,22.373435974121097,2
210.08399378318975,4.279550584243632,0.935227854812096,21.988117218017575,2
209.02249582151532,4.30111162729495,0.1152568103223153,19.60696029663086,2
209.54553661508544,5.928198034059573,0.1513382135839834,19.981645584106445,2
209.02066838392577,4.734136631937123,1.1572940165880996,22.6729679107666,2
209.57935409816432,4.401392564479196,0.3493835303218903,19.464244842529297,2
209.94090391341527,5.841883290902118,1.4391682018479388,23.47976875305176,2
208.80111675794143,4.749704510929615,1.009371984167441,23.020429611206055,2
210.244565341974,5.077666823411771,0.2144038223084954,17.49876594543457,2
209.82461515617447,4.030841692562207,1.0123354390293209,23.523052215576172,2
209.61554389181296,4.4410231000026466,1.3806209696170644,23.69118309020996,2
210.057843297227,5.1530530332432045,0.2976733772374655,19.523277282714844,2
208.73009986335632,5.186705550967696,0.0795987007565813,17.550004959106445,2
208.7975044898247,5.042547365521034,0.486344700783732,21.124135971069336,2
210.27725875570096,5.105791665840431,1.3355039809724902,23.857892990112305,2
209.5291539622133,4.362883291534309,0.1268559441224655,19.9851131439209,2
209.66186557005827,5.441571788120142,0.1034892365432936,18.33155632019043,2
209.48017841948788,5.984167710336263,0.08160319523588,16.260265350341797,2
208.73389015695037,5.1785875110116075,1.4607306817020096,23.811355590820312,2
210.2667533849139,4.373998870981188,0.1078723650747614,23.10274124145508,2
210.46641486284335,5.234096673509369,0.7082704217730855,21.694726943969727,2
209.77991999999995,4.3997271,0.4945243299007416,21.31400680541992,2
209.45094877547453,5.009078535325166,1.4910771319283271,22.954254150390625,2
210.18445693544967,5.056701826391133,1.280184411690231,23.052885055541992,2
210.0468303420682,4.389842357465422,0.5513265062678759,19.929746627807617,2
210.18456760190344,6.145193901414789,1.0459147344832602,22.90076065063477,2
209.1437208141791,5.884502658789433,0.7329805226391339,21.955135345458984,2
210.55154028617443,5.613058374261126,0.2123525269567988,19.39197158813477,2
209.8602199954226,4.632038888730941,0.4510239154471135,20.25873565673828,2
208.73497029553604,4.881120265291963,0.3194075362248996,20.12889862060547,2
210.50988691735344,5.50380324331914,0.1606582975856638,19.36456298828125,2
208.63492380679497,5.167493409757847,0.6694071741017159,21.191850662231445,2
210.74348310074583,5.0767210821632975,0.9972846417550082,23.158174514770508,2
209.49913503827597,4.70256470067617,0.0518098238801219,17.255216598510742,2
210.16074051190665,5.706563676975298,1.1171667975327353,23.753625869750977,2
209.2379691334406,6.042959991015002,0.7287573965669405,22.51369857788086,2
209.1655041910225,5.227842699182384,0.6304998350811847,22.65080451965332,2
209.81754560317628,4.136320943451282,0.2002518995134521,19.172365188598633,2
210.02398710968072,4.143880966232323,0.6094043434538623,21.37171173095703,2
210.36457596947673,4.977726461041696,0.7242357192582433,21.030458450317383,2
209.2367826972187,5.776826316607467,0.7018288398316995,21.35500717163086,2
209.05399253857635,4.978837440129504,0.0043772684908559,17.395469665527344,2
210.43344134919815,5.562315816503256,1.2927454237926392,22.519102096557617,2
210.2336325222208,5.974876910082061,0.4329136863358571,19.52220916748047,2
209.7335111729305,5.796885097121248,0.246382444673452,19.260433197021484,2
210.6240528664863,5.341700410387977,1.1013560528207138,23.201539993286133,2
209.95739265200243,4.367261286122562,0.610541029285457,22.57822608947754,2
209.93380495193256,5.275502823579006,1.2532478802992109,23.18147850036621,2
209.74781990110975,4.944922162101376,1.338969122260234,24.134281158447266,2
209.9458679063116,5.491970617460134,1.3528611232297405,23.341291427612305,2
209.39647357427128,4.079524863765431,0.2611145393737278,20.15040397644043,2
209.3569688102676,5.661513634007828,0.5061201796789394,20.096519470214844,2
210.45133162665024,5.1721364374969605,0.301128936471222,19.98661422729492,2
210.62362753667225,5.124961697607444,1.4157469803682838,23.687294006347656,2
209.88683329549357,4.042809730507194,0.9876620779734498,22.856348037719727,2
209.89230503063004,4.337393696485854,0.0776043020832783,23.258953094482425,2
209.3080404340364,4.836836947071123,0.98155300500415,23.01862335205078,2
209.600395192663,5.930069736741581,0.082438851243281,17.189788818359375,2
210.53941242575115,4.701392919391531,1.2156393944607935,22.40109634399414,2
209.67292491556128,5.5000558552550185,0.9562568119507288,21.86323356628418,2
209.30736339428069,4.505284824439565,0.5153959500209573,20.09211540222168,2
209.7494207369001,5.236297123993388,0.869820463335175,22.789569854736328,2
209.89614233102017,4.073225554260081,1.1266380870393833,23.861087799072266,2
210.17345918154183,5.006002745441799,0.9475961604307148,22.616086959838867,2
209.3735981582649,4.379451937618181,0.9102019272116032,22.427587509155273,2
210.76522928343056,5.220928116714978,0.1257667269993979,17.595312118530273,2
209.04154944237624,5.84077985089768,0.1241936648368544,17.949989318847656,2
208.90242776668887,4.345986365979543,0.1351749939135496,18.82044219970703,2
209.83975492012115,5.284117930134817,0.3857940143656113,18.86054229736328,2
210.30525677051855,5.078972044252004,0.3312532444985241,18.875598907470703,2
210.50235871599477,5.354577826793322,1.1139906209543462,23.285736083984375,2
209.9313531311106,4.129499674458829,1.1938245890246009,22.61504364013672,2
209.63746849636428,5.152997497325976,0.1706222122346788,23.320817947387695,2
210.4060786019324,5.751337292775659,0.7955421852908513,23.20488166809082,2
209.86363590908803,5.109058965276885,0.1224476183963274,20.79568862915039,2
209.93785886795905,5.775276179821262,0.1166517883065366,22.984472274780273,2
209.06780409144272,4.22059594678033,0.9016523941250628,22.142641067504883,2
209.3567249444933,5.755832166475779,0.2578951210852052,17.945537567138672,2
210.15317440776775,4.526196408707348,0.1634151107744803,19.13265609741211,2
210.05839382622017,4.793966062825553,1.4093601685203865,23.184661865234375,2
210.43703856115607,5.188931655600561,0.0239780996805762,15.02723217010498,2
210.34495579719993,4.839827158272673,0.1572563601948687,17.055191040039062,2
209.86122,4.8369627,0.4762709140777588,21.151350021362305,2
209.74459277510883,4.177826302725393,1.430439101286706,23.638547897338867,2
208.7667002599947,5.715199279253643,0.0822277285324902,16.42535972595215,2
210.49311833863783,5.297814892682219,0.4452140077864758,19.235111236572266,2
209.9821269636594,5.4372884779487585,0.2278809777168481,20.68045425415039,2
209.35354841568983,5.949270668997253,0.0535136166975556,14.860603332519531,2
209.6989163648487,5.003866138950626,0.1137597483842617,17.373069763183594,2
209.38863000000003,5.7911174,0.4849176108837127,21.61787986755371,2
209.99911077029057,4.8079280784631075,1.0298491415070097,22.888444900512695,2
209.1209952208062,5.991797596760822,0.1488048180604374,20.40814208984375,2
209.72697506920704,5.045839619327166,0.3531198732088246,19.903717041015625,2
210.0687989285529,4.4682388856670165,0.3285824185606341,19.21153259277344,2
208.96960661142143,5.008047417296745,0.7437231855208319,21.79296112060547,2
209.5484629947126,5.7418924898531145,0.8668973996598346,22.33288192749023,2
209.85889975381644,4.499573560423656,1.22463380104618,23.303945541381836,2
209.2505245519449,5.467676676599133,0.333716501714446,19.745258331298828,2
210.52725241415465,4.653916015278031,0.137004810202153,18.567506790161133,2
210.28213171719415,4.586750924927897,0.2422385928340545,19.64629554748535,2
210.52419640841737,4.7975021184647835,1.3017674898759328,22.46645164489746,2
208.93855475438923,4.587862812611494,1.119868286782526,23.21752166748047,2
210.00821943189916,4.302109264471395,0.8870965030307083,23.144012451171875,2
210.2872795457164,5.281963433130057,0.0861641595394875,19.566137313842773,2
209.67028589433656,6.19799489256537,0.974507136980879,22.29633331298828,2
209.24995602995932,5.4045778333606425,0.3333921691002277,18.662643432617188,2
210.06326843239867,5.091051154437314,0.7420684017576985,21.356365203857425,2
208.66970966725268,5.300967255032977,0.0802267627842179,19.32767868041992,2
210.44118000000003,4.608669,0.2536853849887848,19.437299728393555,2
209.50814263507888,4.956346593309641,0.1131572322479683,17.389610290527344,2
209.8245310092934,4.766711165235643,0.940164441086593,22.99715805053711,2
208.65016917290052,5.01471110200061,1.0792028291352378,23.622709274291992,2
209.43291490216143,4.523031623270673,1.352815676684615,24.12747383117676,2
209.5637000444615,5.358694666786714,0.1861226638710264,17.66343116760254,2
210.79013920367632,4.874995469300711,0.787998575987106,22.364580154418945,2
208.9236971250512,4.705460703390497,1.1559698598531205,24.08193588256836,2
209.76490107938668,5.067983688063169,1.478430807962186,23.490367889404297,2
210.39699278800467,4.6273740418341225,0.108173697903303,17.968231201171875,2
209.99756038048343,4.498119091993369,0.1574592087257582,20.209949493408203,2
209.23859333424787,4.248810087184159,0.427652969752465,19.439516067504883,2
210.07803422571152,4.159925414156482,1.0504793211848382,23.364789962768555,2
208.71430632325476,4.731367323507704,0.1021300162988192,19.105506896972656,2
208.8387937427302,5.534911521968617,0.6765833241642675,21.510568618774418,2
208.93274050705168,4.469120395484254,0.1754241355581484,17.524709701538086,2
209.34177174327215,4.087482356008074,1.5415462651671612,22.263425827026367,2
210.19904487107743,4.744250315728016,0.6334051220406892,21.623321533203125,2
209.1918357565881,5.124865016336107,1.0355082076235125,23.38215446472168,2
210.05962921684457,5.63666945944372,0.2474271910602546,20.127384185791016,2
209.97543144196288,4.10720365688098,1.0754970063416858,21.87959861755371,2
209.24730331145207,5.607949093067171,1.214144507864707,22.84620475769043,2
210.3453521835985,5.327087389119213,1.139864715517524,23.227863311767575,2
209.76833940828988,4.655190994277143,1.0336627669712193,23.404787063598633,2
210.3135581162208,5.587573307518901,1.0392825680984823,23.090660095214844,2
210.3029106714043,5.4689110029243135,0.2438791270382548,19.892820358276367,2
209.3501299959801,4.144030311951299,0.124738157496842,20.32011985778809,2
209.1416737044024,4.159864538098245,0.1559480473061327,17.795372009277344,2
208.8319267505921,5.529746920501248,1.340437143664791,23.43626594543457,2
209.7925747250354,4.217131683547318,0.4376443049825638,19.69483184814453,2
209.99792039916272,4.265231112111001,0.8837688963301433,23.335718154907227,2
210.49885892028328,4.96552135025499,0.8458143804773727,23.734010696411133,2
208.96633196132916,4.3901787995799015,0.4915279238490154,20.065689086914062,2
208.7230113028835,5.441596721561943,0.309853958364774,19.642698287963867,2
209.20834551148204,4.561765645234286,0.3196260704167036,18.456249237060547,2
209.06421688869256,4.53834043201042,0.8200479165524202,22.604000091552734,2
210.04043372102552,5.124870250808031,0.1216663093855333,18.99973487854004,2
209.24600970428205,4.135270160004035,1.0579026595713623,23.59946060180664,2
209.4893024118782,4.812320375622218,0.2462316535711155,19.65326499938965,2
209.50542497881543,4.749521907740414,0.1143384357018647,23.180103302001953,2
210.60284193232928,5.596475968180029,1.0191258965888903,23.519580841064453,2
210.35130563838536,5.973071599832438,1.4869552752437545,23.594005584716797,2
209.9745887483491,4.291799491098731,0.4973004571412712,19.74490737915039,2
209.97928338315043,4.836789313118213,0.6806687637165946,22.211820602416992,2
210.3227168373935,4.975895822560631,0.7456444798351315,21.058387756347656,2
209.745718947829,5.97799766418668,1.0084790889185826,23.236574172973633,2
209.651665122721,5.649582305179256,0.630314249634744,21.591228485107425,2
209.16050604013577,4.866650803061682,0.8972713564304937,23.659029006958008,2
210.45342835393163,5.914011399535375,1.3989534433584494,23.671483993530273,2
209.19658684563768,4.773064679641933,0.6662054075049334,21.400482177734375,2
209.35305875784093,5.610219485796134,0.7566442225792802,21.61945915222168,2
210.75799172222983,5.505948826722515,0.2422504377977024,23.392377853393555,2
209.5395520085244,5.484268909568204,1.2955224517731618,23.403732299804688,2
209.5993156117238,5.0023162140824695,0.2450401571818671,19.080476760864254,2
209.74839104947372,5.951460744506927,1.0355748580322377,21.78778076171875,2
209.8347604634942,4.276911773194399,1.6040148696166077,23.38310432434082,2
209.747239231329,4.970103436646732,0.2494744529103718,19.785564422607425,2
209.1696666819436,5.744799129339417,1.0405040344951937,23.15411376953125,2
210.2063035694617,5.198428507732879,0.2497703866648814,19.743144989013672,2
209.02506518814613,6.028899844843662,0.0242168033522073,18.397239685058594,2
210.05578680967884,4.838865391093404,0.7392326201455968,21.489044189453125,2
208.91155811792123,4.98509767135168,0.0039524398259195,18.923648834228516,2
210.17991132111192,5.494493040859607,0.8953468599249123,23.42988967895508,2
209.5858490885076,4.509789718575384,1.283713057784901,23.469327926635746,2
209.33425883302925,4.181507385688804,0.9554975350722162,21.46065330505371,2
209.8268195635279,5.9312466820352485,0.2221886227421535,19.40701675415039,2
209.53472717079825,5.873806289150829,1.5352282073149,23.00174331665039,2
210.3654206238075,4.883238448145157,0.1954636015871404,19.400821685791016,2
209.33824998964815,4.401146853981793,0.5043584215567682,19.996536254882812,2
210.54348852562117,5.757026422768633,0.0549348716560403,17.76180076599121,2
210.51079274709605,5.811264911725011,1.4199750004144231,22.27142333984375,2
208.83965202105296,5.450237448807743,0.0766751596760648,15.682730674743652,2
209.59463335031137,5.19717255441757,0.8455020650831128,21.898374557495117,2
209.751939460798,5.985807913471801,0.3190263131032038,18.825714111328125,2
209.8967468638945,6.101508047396088,1.3403022571930945,23.66826438903809,2
210.68785063439637,5.4528715840953685,0.9353283880615314,23.136951446533203,2
209.88322447123252,5.8783909001369405,0.2422442452369386,19.752668380737305,2
208.8021673542822,4.637241174914736,0.1175317143598483,22.043336868286133,2
210.52407831141144,5.255469397357995,1.3377874006340589,23.02810287475586,2
209.66562043690203,5.401173327324662,1.3526141167054984,22.003602981567383,2
210.11366067889156,4.950667729634179,0.8006507075424887,21.91143798828125,2
210.36787084004084,4.291296772742544,0.3730366845801145,18.673171997070312,2
210.58000407290425,5.006221679346345,0.8583108832931324,22.82169532775879,2
208.75366593234787,5.530464471906373,1.3384153970924997,23.263280868530273,2
209.34349757142533,5.632737404219743,1.196108456098687,23.16957092285156,2
209.1064104103624,4.481899707951107,0.1132309294649935,18.407217025756836,2
210.26629129349115,4.572047078866105,0.0298619838992454,20.007720947265625,2
209.7236639372558,5.96488786224289,1.4086530185377042,22.614463806152344,2
209.30984309125287,5.285501208693633,1.1504640114252902,22.47190284729004,2
209.2832368737222,5.998681405604652,0.7884853488068451,23.117874145507812,2
210.09319899447488,5.571187348040263,0.3352871867999591,19.936168670654297,2
209.44554157701845,4.9443817638761915,0.4329247673389,19.417400360107425,2
208.95661290337583,5.962887113782708,0.906324259021104,22.64313507080078,2
209.6581491856003,4.50681495966869,0.2432916982747017,19.96504020690918,2
209.42338295010777,5.248804822009019,1.1447598075006724,23.089584350585938,2
209.35154860956473,6.178943790027604,1.1171323630886831,22.201013565063477,2
210.60302187507935,4.4648236038899825,0.8895139601097523,23.928611755371097,2
209.4549789550814,5.073688966203079,1.0764156078418543,23.07343292236328,2
210.67748182345193,5.6600111273732585,0.0799109607999358,23.82783317565918,2
210.02358659798696,4.5899283030258475,0.2499368818327074,17.926612854003906,2
209.4997832760268,4.78031815524335,1.158379255457535,22.604351043701172,2
209.3226123791622,4.1441042335479255,0.124081164356168,17.57733917236328,2
209.0677440831714,5.421225882192462,1.1166347306506672,22.896947860717773,2
209.49004076792144,5.283087320567312,0.1848165665621806,17.344654083251953,2
210.3022337603195,5.729384370636105,0.6113147337783723,20.746427536010746,2
210.04846316913603,4.68009291222567,1.1113112997848735,23.153654098510746,2
210.07493082430693,5.317198803385804,0.862425627650396,22.608901977539062,2
209.4859877301991,4.9702512144944215,0.3552815582916298,20.03060531616211,2
210.02937908677615,4.981214013568885,0.2458320797820441,19.741470336914062,2
209.20109586208395,4.661970764156365,0.4121518884632606,20.22374725341797,2
210.09999102358867,5.576466233060722,0.1847492369844632,19.15274429321289,2
209.2553383003167,4.585245166915722,0.1124895773991446,19.517868041992188,2
210.27483023393745,5.37443007248142,0.2434329709478221,19.732967376708984,2
209.46930693073008,5.133970873922845,0.8701123208726527,21.64741897583008,2
210.2153123236098,6.009905979330895,0.2070684475779378,20.00436782836914,2
209.02145713065264,5.1854007439651495,0.1836556712191983,18.67631721496582,2
209.8010853257083,4.64804261248703,0.4057202917145266,19.985031127929688,2
209.77824201040175,4.083899856646172,0.1906511928349317,18.678394317626953,2
210.74815867865692,5.030517439988658,0.139801690026785,18.091876983642575,2
208.72787039485505,4.568990629074889,1.1794410288011474,22.968008041381836,2
210.4364073795812,5.100643449381735,0.3010752735950512,20.230728149414062,2
210.6686482479048,5.149285291151918,0.087203959502814,21.744810104370117,2
208.9847998568003,5.2763174254611185,0.1502568488917922,18.756757736206055,2
209.22426871055964,5.214793340099821,0.7384844512033187,23.58539581298828,2
209.58118067135615,5.328015757317996,0.8322483339521175,24.36234664916992,2
210.10922041124425,5.996722778775087,1.6103155860824414,22.65266990661621,2
208.752610259268,4.719479361335255,0.8915829420419418,22.493955612182617,2
209.22258360095407,5.893156071208557,0.3072693136837003,19.32373809814453,2
210.52129241996147,5.662666162182153,0.854927606559331,21.862606048583984,2
209.44023922803376,5.127295129874998,0.2288539225860965,19.616708755493164,2
210.0721277471501,4.715765658257024,0.874367759818646,22.991764068603516,2
210.3833766769532,5.62987959204174,1.4985819940427143,23.87049674987793,2
209.9985387342275,4.309212165616771,0.1231306271728379,18.174938201904297,2
209.6281545069475,6.103434608566918,0.7292507185667306,21.991695404052734,2
208.88955968121493,4.479208729792166,1.3206362384763914,23.07966423034668,2
209.0494015955662,5.626513103760365,0.0792946549837094,17.09274673461914,2
209.87848516052352,4.462284733731086,0.5547662500526283,19.50988388061523,2
209.922305153434,5.911978590402887,0.0783011654321167,18.75950813293457,2
209.26035707073743,4.7101422767176375,1.0119530996093953,22.599796295166016,2
209.5360515667568,4.160755258733744,0.1079793493910378,22.623207092285156,2
210.05216693418188,5.690106377443694,0.2264149431687848,19.542892456054688,2
209.27220773763943,5.589484263181981,1.3193305396985266,22.35995101928711,2
208.89405571210975,5.53106264662151,0.1241268285787248,23.085681915283203,2
209.9825474987637,4.060793685471938,1.1749978947323492,24.24661636352539,2
209.30874569050223,4.233391813979242,0.127711349455336,23.349851608276367,2
208.8955004510356,4.83066773745306,0.1503631696885408,18.99709701538086,2
210.2928179063648,5.798398460075157,1.2057505917904483,22.445667266845703,2
210.1282362572115,6.147531736984293,1.400332256960552,23.305145263671875,2
209.5433854962504,4.444708417139139,0.1189323844358147,23.715248107910156,2
208.7734132383247,5.56606441521296,1.1478234250787422,23.625261306762695,2
210.18620477223607,4.49423595737308,1.2293231011140844,23.78187370300293,2
210.45110520396233,5.209696760709789,0.2418030130010614,19.744020462036133,2
209.57519135667863,5.246675832460022,0.4999501641423413,19.775035858154297,2
209.1873667015496,4.656842532522236,1.0498383291601403,22.751394271850582,2
209.67921814811936,4.939106349138046,0.867938491065456,23.09035301208496,2
209.745718947829,5.97799766418668,1.0082205244806572,23.236574172973633,2
210.2516650605601,5.195189483900872,0.2788395736935616,19.22802734375,2
209.3927281294212,5.720610424527143,0.6282078899926526,20.865766525268555,2
210.5083532469974,4.7831968797745175,0.9120554355487532,21.9359073638916,2
209.40926852370364,5.071878606664909,0.869760366591599,23.135835647583008,2
209.62290231128463,4.52167345789101,0.4254933894486631,19.322694778442383,2
210.45394447156175,5.305978468735981,0.1984597535011195,19.793493270874023,2
210.7688148723547,4.9178087390566985,0.4343415769883556,19.408296585083008,2
209.4459429503821,4.239421190238851,0.3549858270491465,19.39629364013672,2
210.45106845338432,5.897659281457049,0.0794051121010088,20.006237030029297,2
209.22986188222868,5.9198324756002245,1.116985550152663,23.00105094909668,2
208.70383687217551,5.4211857143909175,0.8628644569933234,23.65864944458008,2
210.1382416576638,4.555398348428359,0.1539802754410837,19.98500061035156,2
210.7095301263419,5.228607836689271,1.034843556460891,23.305757522583008,2
208.84181910495,4.994023575520786,0.546951920840374,19.90041160583496,2
208.8723439242008,5.3594238191222106,0.1588579443120629,22.99759292602539,2
209.4742806314352,5.8174459785129855,1.5729446710061057,23.809776306152344,2
209.90930448647484,4.400788107625374,0.9355435092601776,23.1981258392334,2
209.60506939287544,5.425708911213246,1.0284051503957952,21.44661521911621,2
209.8456653174523,4.8720994089752185,1.379238518112474,23.466636657714844,2
210.05140913250364,4.6564160152859975,0.2431445051475213,17.61132049560547,2
209.6027629103636,5.717304625989453,0.1925318313679252,19.722185134887695,2
208.94042676301757,4.479939268561165,0.175433239483468,19.865737915039062,2
210.5851558295267,5.368790039967248,1.4808939342492136,23.65520668029785,2
209.205547320509,4.754971957503431,0.2809837320623629,20.21707534790039,2
209.66451036670983,5.260143020505925,1.5560400830836594,23.648847579956055,2
210.10882982647283,5.650738274599913,0.8945226428988332,22.689605712890625,2
210.20002,5.1822751,0.5012811422348022,21.215803146362305,2
208.7090235635504,4.651033219842414,0.8522156650114623,22.97791290283203,2
208.98117084269984,5.060507823904013,1.3070846531661569,22.438940048217773,2
209.0356384413571,5.740209922727069,0.8684894883782921,22.35934829711914,2
208.8461939552663,5.383354243196793,0.6432205110468276,21.106056213378903,2
209.38753152261836,4.437657940896243,0.0656174011072841,18.88636779785156,2
209.16437984685393,4.2390050889222906,0.1255431294768624,19.82344627380371,2
210.09995462603297,5.6922667097979,0.1202576142534389,18.009679794311523,2
210.65754421964095,5.586891301868058,0.361401838827589,20.080446243286133,2
210.15839932879547,4.614886619449374,0.3030889786493342,18.4600772857666,2
208.85404667896415,4.5782124787984255,0.249864471646739,19.768159866333008,2
208.9558370231664,4.516702989514482,1.0853369156785813,23.04329490661621,2
210.77704469538503,5.1048179501344,1.5783150087508415,22.68274307250977,2
210.7081319441288,5.228611493432758,1.0350597344501786,23.3237361907959,2
210.29084685561313,5.593573006997903,0.0345315886735142,18.7080078125,2
208.8077578101204,5.353872647207786,0.1822609094641195,19.448226928710938,2
209.00335115714327,4.754054138272766,0.8072479671978133,22.95928382873535,2
209.53557496194824,5.0014707816956685,0.2441122383886254,19.522808074951172,2
209.45005663619904,6.035501239590367,0.1390267885707388,19.38704490661621,2
209.16725557660575,5.570275663873746,1.0044125517508864,23.24521827697754,2
209.3800038570906,4.295241190182511,1.2342636948129382,23.550931930541992,2
209.26963712227507,4.751665747137618,1.0096484980125766,23.635082244873047,2
209.14045487072863,5.498992502203343,0.8492905477362812,23.11919212341309,2
210.12655161257615,4.121252414180116,0.2451112849500207,19.75033950805664,2
208.97795793538765,4.464129209251187,0.8062811384021646,21.366626739501953,2
209.37703529620495,5.47393155342124,0.2142586720984265,19.84417152404785,2
209.27983701497828,5.290348814548429,0.3321115825128879,20.182680130004883,2
209.05377083417275,5.922599496131441,0.1390901117401425,18.73800277709961,2
210.13742767997212,4.8809223903498005,0.8674851434507171,23.52545928955078,2
209.59524510942504,4.4610977351641,0.9435113045889632,23.00642204284668,2
210.25685347092804,5.9615788722064185,1.0532775548611244,23.119731903076172,2
209.1462255588929,4.983815318262832,1.3040302480206796,22.96078872680664,2
209.59322509946213,5.424562207616975,0.1575329260875802,19.748302459716797,2
210.2006347800177,4.73867673791149,0.1835044831890898,20.085187911987305,2
208.78705264245332,5.5356483334090045,1.1876449152028674,22.641387939453125,2
210.25413760209815,5.432318191188989,0.4960854573426483,20.19476318359375,2
210.4232161472328,5.26855516028179,0.744122131445906,21.88434600830078,2
210.39647104007804,4.45923987631273,0.2545104911216533,23.033376693725582,2
208.9949958230627,4.329761597536441,0.4423133644379741,20.311325073242188,2
209.6434811452472,5.689564848695978,0.9847673693484044,23.3317928314209,2
210.0179055526851,4.37053172231596,0.6443101056098165,22.476383209228516,2
209.31519145561364,4.623734784849036,0.4433124511330907,19.59194564819336,2
209.046807298967,5.848645269369564,0.9113698393846736,23.513721466064453,2
209.8924474246972,4.173476143018325,1.0446241719233766,23.125282287597656,2
209.2932506994202,4.4130298429701345,0.3212244315916233,19.13148307800293,2
209.57935409816432,4.401392564479196,0.3492063107258834,19.464244842529297,2
209.48143264172165,4.310758802861315,0.10607482048463,18.25544548034668,2
209.8990943339271,5.477520825649707,0.856634257888027,23.2867431640625,2
209.26470890246856,4.949257387990632,0.9887128964819945,22.9853572845459,2
210.55256526969697,5.709051010692306,0.4292354256312467,18.466148376464844,2
210.3524771455433,4.310305379830048,1.5861584110906497,24.106048583984375,2
210.41104700155591,5.841437769167919,1.3241606583183327,22.546741485595703,2
210.46969960650148,5.379593574090971,0.1613729310910391,18.160581588745117,2
209.16163583829928,5.403990148776117,0.1715382779737758,20.121889114379883,2
210.1098108790865,4.873025347469202,1.3966404497533702,23.19500160217285,2
209.6248596119175,5.5380637744028185,0.1212093100133626,18.79611587524414,2
209.93314,5.6978383,0.517368495464325,20.774839401245117,2
210.32193486631633,5.324623835708526,,,3
210.4855800670935,5.911649790080843,,,3
210.4244268153984,5.537107253317687,,,3
208.9033286458483,5.851654940979543,,,3
210.76543314282696,4.754560932647394,,,3
210.38996525829057,4.944697266430525,,,3
210.3627507447825,5.059491159406632,,,3
209.10594113472663,5.3875022395859045,,,3
209.36661524098523,5.329166393042803,,,3
209.8846768883594,5.531397172656604,,,3
209.59223457899273,5.201182963347198,,,3
208.82052897248977,5.061988232998926,,,3
209.0439155263159,5.584789730391001,,,3
210.69712122594495,5.364816602821807,,,3
209.9205452376282,4.565183750496881,,,3
210.02348135587096,5.795397540223044,,,3
209.2799529180384,4.579429059670554,,,3
209.16225293672295,5.332927132237145,,,3
209.68635033362168,5.8927222895856834,,,3
209.86531558068404,4.3319868748648975,,,3
210.41740804907477,5.174100554419512,,,3
210.20094151100847,4.425260929410553,,,3
209.15399566308267,5.553057145734893,,,3
209.798814448858,5.7945022097070495,,,3
210.66655292765375,4.789127593599122,,,3
210.17222207350073,5.393334401681808,,,3
209.040046173301,5.3448378609121745,,,3
209.3115176768468,5.393297035407023,,,3
210.38542824861935,5.883872328655009,,,3
209.1187022606103,4.8491690521459425,,,3
208.9217043878708,5.013641532010985,,,3
208.67938107153788,5.183655962428369,,,3
210.05482923975555,6.204774068742582,,,3
210.4619719093907,5.652756303369092,,,3
209.93598124456472,4.133560141696212,,,3
209.2407503733063,6.0328104603332,,,3
209.88316287604903,5.837011258699849,,,3
209.37842838921665,4.664693501466788,,,3
209.43258168919337,4.147551639165847,,,3
208.6277560174129,5.1143510313327845,,,3
208.74247546298056,5.692388828958332,,,3
208.9707500694327,4.279852510041018,,,3
210.2429828034432,5.089673469938058,,,3
210.04463445432097,6.020394661486253,,,3
209.02962323201103,5.256555854545586,,,3
209.59420145904832,4.593378381926728,,,3
210.256158139544,4.927518374553741,,,3
209.07344291897869,5.191421481276267,,,3
210.38555339122877,4.271326673004638,,,3
210.2636999111969,5.361743195425148,,,3
210.68792292838503,4.7129965039062895,,,3
210.40316993193144,4.2743187386672785,,,3
210.60785062614443,5.382716112381771,,,3
210.06799188096656,4.655308502422524,,,3
210.5297367027794,5.467776810148235,,,3
209.42279024566176,5.430336413194287,,,3
210.08319539882416,4.727336300879541,,,3
209.92685856776868,5.279740167379048,,,3
209.47452727479245,4.376949933653729,,,3
209.25726509187035,4.296494228583338,,,3
209.1211635941294,5.36012082604096,,,3
210.4066704378551,5.645562224094031,,,3
210.5544838691921,5.195194780708711,,,3
209.56635765721575,6.1549220243275835,,,3
209.3691605497228,4.950067393382282,,,3
209.6317790552959,5.089972929598921,,,3
209.4998513033281,5.202885281659982,,,3
210.3160044521092,4.235387395602505,,,3
209.55062425457604,6.232468508566704,,,3
209.94312591676277,4.669722800825965,,,3
209.49598345780285,6.1525367146757635,,,3
209.83690783781273,4.272372080861085,,,3
209.92527407005355,4.46761044869647,,,3
210.2803194039964,4.653451360070238,,,3
209.25604286037677,5.541027678973705,,,3
210.34017816473,4.773381792635257,,,3
208.7404898245607,5.323108372662624,,,3
209.5487736489121,5.314566191767281,,,3
209.31065272340092,4.2765613822592865,,,3
208.7070946023455,5.04531460957874,,,3
208.80167978355183,4.496500022032234,,,3
209.02794022899727,5.656874707730681,,,3
208.67404717254448,5.061693928735399,,,3
210.09786499982937,4.39189703178623,,,3
209.0842987075256,5.291758747963613,,,3
209.0118520814121,4.760831673207216,,,3
209.8758924667028,5.268933121049439,,,3
210.39693004135185,4.310768505431243,,,3
209.0099057805644,4.38013166468426,,,3
210.19896697635355,5.961402470956358,,,3
210.10680856515015,5.8690948069583335,,,3
208.9749232896548,4.893761797118008,,,3
210.02744353054757,5.206668143736915,,,3
210.56163952535704,5.241514410432945,,,3
209.5652044032961,4.4947873384050485,,,3
210.20688899970392,4.924776837783336,,,3
209.1659255402241,4.632862865392934,,,3
210.02697502735072,5.4720178220089055,,,3
208.9448778528292,5.276318119454455,,,3
210.55481163594789,5.428636272268547,,,3
210.07613681758093,5.044919713090961,,,3
210.53665777664048,5.8391430819494685,,,3
209.4886382779171,5.118779175252063,,,3
209.30908492515607,6.064816816853827,,,3
209.3097674756537,5.444669000105331,,,3
209.00126000035743,6.021595578646151,,,3
209.9994662222543,6.159543122440456,,,3
209.44121781578073,4.130646095877953,,,3
209.57259543671037,4.815312745785222,,,3
210.29813935863572,5.416880446396481,,,3
209.14074930513755,6.026020968264264,,,3
210.18586870802864,4.133261038285676,,,3
210.05047510953057,5.691228854628049,,,3
210.46366807569615,4.655362655162377,,,3
210.478264406219,4.756664892863663,,,3
209.47187983021675,5.5275529115697335,,,3
209.68085947597712,5.109441032677882,,,3
209.25552257671697,5.11866945245237,,,3
210.45195595029753,5.219190660785303,,,3
209.5947778613381,5.633612316441912,,,3
210.74715114475995,5.561829363662006,,,3
210.3617062686496,4.6188693554578855,,,3
209.5310665115295,4.475859068334143,,,3
209.04086145828867,5.635778684330084,,,3
210.764387232598,5.034508005729054,,,3
209.74137316248135,4.104425355717647,,,3
209.4069326053875,4.88890978107288,,,3
209.81086750500563,4.287590495549341,,,3
209.66105995733943,4.503409358885147,,,3
209.26895842245568,4.1714795013630805,,,3
209.9822539873712,4.670677831740335,,,3
209.55621015513037,5.224716129170192,,,3
208.94004033160743,5.691139314787473,,,3
209.6686373732819,4.3876505943655335,,,3
209.59176494683095,5.138606560604831,,,3
209.92984818063297,4.911041955013345,,,3
209.47960678793444,4.278451256019699,,,3
210.3919215908336,4.64738263523316,,,3
208.9525588050759,5.4410052821273345,,,3
210.5812986053181,5.3673089006429455,,,3
210.33257022891365,5.508881660933962,,,3
208.85988710734185,4.433596140767355,,,3
208.8196394804504,5.014252144054025,,,3
209.9589982404445,4.040537240716953,,,3
209.70917853380936,5.441015146030283,,,3
209.46884428270067,5.262371265011241,,,3
210.48573888097417,5.186030634223154,,,3
209.02535991939288,4.985611241055281,,,3
209.35625417273923,4.617418578098759,,,3
210.74346746654444,4.941542750354482,,,3
209.11898112214067,5.16330676883198,,,3
210.4294942147879,5.289867438571822,,,3
208.6086465434606,5.259179491741039,,,3
209.0282638447568,5.097457570487022,,,3
209.60000475777943,5.602812277569249,,,3
209.6787501620613,4.754241528474694,,,3
210.29740271459633,5.848490948660411,,,3
209.4722346095371,5.148654994653122,,,3
209.78398165704095,5.144623800449916,,,3
209.12021868622307,5.2917169215879785,,,3
208.9850898327203,5.664744884218907,,,3
210.610268829942,5.680184176042886,,,3
209.57307578522017,4.9987380086438336,,,3
209.65623885380236,5.299135304522165,,,3
209.2160089829806,4.861727391649578,,,3
210.35869343952143,5.0453609873068785,,,3
208.6254619235584,5.127188304832754,,,3
210.6735793088685,4.837122974556248,,,3
209.3593655398765,4.595572323537309,,,3
210.34161032152025,5.263425027065809,,,3
210.25469347054255,4.462469801431502,,,3
210.1967239286207,4.4421389714423665,,,3
209.37000921759335,6.098488764334945,,,3
208.76138069359877,5.422996788312083,,,3
209.7183508051363,5.840726087109736,,,3
210.17847442351612,5.904799420078507,,,3
209.2882659923759,5.627926738149825,,,3
209.51022067120644,5.617467288487573,,,3
208.6747743659464,5.484089861589878,,,3
209.93422210462708,4.947471608233791,,,3
208.9620463794001,4.880202032230351,,,3
209.5990559413499,4.451334842213452,,,3
210.33366601230017,6.049513276438095,,,3
209.01926337710967,5.0552637571424235,,,3
210.1762864578648,5.279850426016324,,,3
209.8572797066231,5.703592103102388,,,3
209.06132035,5.74832248,,,3
209.64962173,5.98321792,,,3
209.09243047,5.18454225,,,3
209.50121252,5.96665406,,,3
210.19881016,5.46376456,,,3
209.98628065,5.2974459,,,3
210.36916573,4.54986386,,,3
210.55879179,4.87218322,,,3
209.85588604,5.11186573,,,3
210.20517418,4.94352148,,,3
209.18305374,4.62925883,,,3
209.9719938,4.84074638,,,3
210.64255937,5.76004314,,,3
210.61233857,4.77117396,,,3
209.38220356,5.05664232,,,3
210.11652743,4.89814625,,,3
209.22471947,4.9675685,,,3
210.50374898,5.5235709,,,3
210.21950778,4.22525634,,,3
208.77788658,5.57727812,,,3
209.94250862,4.21711399,,,3
209.14750027,5.05621464,,,3
209.1418716,5.93095583,,,3
209.84773603,4.77338707,,,3
210.43322207,4.59637054,,,3
210.58460237,5.51784269,,,3
208.7709469,5.39451296,,,3
209.79391516,4.89595136,,,3
210.21924355,4.66298564,,,3
209.14547882,5.30626387,,,3
210.70348546,5.30139601,,,3
210.30049079,5.13581705,,,3
208.7669425,4.86308426,,,3
210.20554414,4.80412828,,,3
209.73576557,5.07072812,,,3
210.34555926,4.27154104,,,3
210.43232396,5.19301153,,,3
208.9477249,5.45738462,,,3
209.41169934,4.11801413,,,3
209.90051682,5.91507673,,,3
208.96331201,4.51828276,,,3
209.21881042,4.50396443,,,3
209.74469022,4.18817387,,,3
209.09822397,5.17034008,,,3
209.98977201,4.12952822,,,3
209.31020288,4.65642245,,,3
209.95947752,4.04152887,,,3
209.58092354,4.90161248,,,3
209.58248782,4.92778654,,,3
209.95100909,4.35398779,,,3
210.13757027,5.7989431,,,3
209.85314073,4.53663473,,,3
208.66642863,5.05642485,,,3
210.76400705,4.7653432,,,3
210.70223406,5.26586,,,3
210.43190702,5.32370977,,,3
209.77876887,5.94022373,,,3
210.31369905,5.62011439,,,3
209.93113037,5.21137738,,,3
210.37317729,5.34157451,,,3
210.38983374,5.23016113,,,3
208.94572295,4.73909951,,,3
210.04612423,5.2690726,,,3
209.4849998,4.80181183,,,3
210.3194518,4.97621437,,,3
209.58990583,5.91438402,,,3
210.1770998,5.96004214,,,3
209.97986567,4.16604195,,,3
210.41771265,4.93664224,,,3
210.33251508,4.92603322,,,3
210.16638263,4.8260324,,,3
210.42085367,4.34217854,,,3
209.22476463,5.84326833,,,3
210.17300897,4.42416955,,,3
209.35434156,5.84725889,,,3
209.83724285,4.14566908,,,3
210.50528173,4.95888907,,,3
210.34318065,5.75815921,,,3
210.05369666,5.83003948,,,3
209.76729932,4.05286319,,,3
209.70963748,4.32857002,,,3
209.73235177,4.53707233,,,3
210.43133439,4.59909265,,,3
208.71956859,5.60824721,,,3
210.35471703,4.42577114,,,3
209.73343937,4.15871473,,,3
209.6587805,4.37279903,,,3
209.95788479,4.94570328,,,3
210.20431865,4.49073401,,,3
209.89871846,5.02282348,,,3
210.2207302,4.59654541,,,3
210.57359365,4.52973627,,,3
210.50349545,5.50294335,,,3
210.58395446,4.92901063,,,3
209.79827359,4.02047986,,,3
210.43678422,4.75549086,,,3
209.10722831,5.74644538,,,3
209.65280486,4.64984541,,,3
210.02939941,4.98124727,,,3
209.00012996,5.57740389,,,3
210.36222751,4.58552117,,,3
210.25273449,5.46535101,,,3
210.10289702,4.75545054,,,3
209.94192438,5.70276766,,,3
208.87685279,4.37682513,,,3
208.8611256,4.56909584,,,3
208.99591658,5.29735332,,,3
210.37463595,4.42792649,,,3
209.93773644,5.69053879,,,3
210.34468977,5.25568361,,,3
209.78813313,4.13503688,,,3
210.22317599,5.0180951,,,3
210.58653574,5.50347143,,,3
210.30247932,4.53273067,,,3
208.80201472,4.92693789,,,3
210.3916384,4.42093118,,,3
210.42822991,4.42435167,,,3
208.703923,5.57870652,,,3
208.60139151,5.26075556,,,3
209.93298413,4.48324435,,,3
208.85316661,5.02038487,,,3
209.16504783,4.92073448,,,3
210.39046452,4.28003862,,,3
209.55793885,4.62845925,,,3
208.75805592,5.56399411,,,3
209.15734013,5.56410432,,,3
208.91682499,5.66757005,,,3
209.1041021,5.70328178,,,3
209.61387626,5.46363269,,,3
209.04660044,4.66102261,,,3
209.62281234,5.74617615,,,3
209.68939318,4.58109411,,,3
208.91410645,5.4040475,,,3
209.67404683,4.36798346,,,3
210.76349118,5.062937,,,3
209.21899407,5.3020433,,,3
210.08330588,5.0581839,,,3
209.64327461,5.15755305,,,3
209.25603645,5.35296449,,,3
210.60326704,5.32745923,,,3
209.40400327,4.75226226,,,3
210.27804465,5.36179938,,,3
209.82393885,5.60341964,,,3
209.72795342,5.59287486,,,3
209.03503378,5.19000211,,,3
209.70549953,4.09824996,,,3
210.16734693,4.80358985,,,3
209.76166685,5.01037857,,,3
209.51303522,4.79983259,,,3
209.43936124,4.69409331,,,3
210.36985292,5.98032606,,,3
209.91291006,4.11860183,,,3
208.86955459,5.48767845,,,3
210.53044062,5.84795986,,,3
209.50734126,4.0732884,,,3
209.44146839,4.13089043,,,3
208.70226499,5.53066785,,,3
209.28398681,5.64390159,,,3
208.83976586,4.99419942,,,3
210.00621063,4.40398513,,,3
208.83995791,5.27801731,,,3
208.93728528,5.80190016,,,3
209.85760216,5.51802448,,,3
209.97965399,5.53687788,,,3
210.50533237,5.6848299,,,3
208.81370651,4.70593279,,,3
209.1291642,5.68512644,,,3
210.51623671,4.6143769,,,3
210.07295394,5.19246452,,,3
208.7879413,4.84114719,,,3
210.80524173,5.30594327,,,3
209.88387205,4.95735049,,,3
208.99367709,5.3538143,,,3
209.67362231,4.94495103,,,3
209.9103841,5.14784253,,,3
209.81206934,5.45325159,,,3
210.63877802,5.58418552,,,3
210.49995429,5.37311895,,,3
209.44924693,5.49624562,,,3
208.76905184,5.13803246,,,3
210.17291169,4.62422061,,,3
208.92063731,4.93830923,,,3
210.13985523,5.32748049,,,3
210.38205926,5.76187862,,,3
210.383425,4.60535408,,,3
208.88309462,5.2229292,,,3
208.8535231,5.27717054,,,3
208.81493843,5.51346865,,,3
210.25082838,5.44575464,,,3
210.35367795,5.33519909,,,3
210.13535916,4.83736205,,,3
209.65876984,5.02600053,,,3
210.21615707,5.67834939,,,3
209.99662047,5.90789091,,,3
209.11532205,4.19187047,,,3
209.23487971,5.05253066,,,3
210.17709806,5.694329,,,3
210.75047415,4.94090267,,,3
209.81237921,5.86505437,,,3
210.24379155,4.24973321,,,3
209.50494899,5.59451086,,,3
210.00104633,5.46005619,,,3
210.13547242,5.3651048,,,3
208.78041785,5.20429255,,,3
209.56962964,5.22124531,,,3
209.65920758,5.75309393,,,3
209.14894399,5.47008657,,,3
208.8806032,5.02859343,,,3
210.19177745,5.41246056,,,3
209.65217309,5.02049946,,,3
209.89354844,4.51436671,,,3
209.37480976,5.85234992,,,3
209.16999748,5.37497067,,,3
210.37383738,4.77257398,,,3
209.93064306,5.18169643,,,3
210.09003277,4.19738602,,,3
210.07970808,5.53171244,,,3
209.31897694,4.20187878,,,3
210.70136037,5.64825572,,,3
208.80937874,4.58585988,,,3
209.0999348,5.2446165,,,3
209.83335247,4.41897246,,,3
209.36117914,5.70463859,,,3
210.29157986,4.61608623,,,3
209.48807058,4.78587451,,,3
209.56484184,5.8975736,,,3
209.94069719,4.89023188,,,3
210.17241301,5.57440388,,,3
210.22389447,5.59241141,,,3
209.7058014,5.90639749,,,3
209.36830384,4.62912031,,,3
208.66944484,5.10182423,,,3
209.82573249,4.02431835,,,3
208.91381399,5.55715102,,,3
209.60353218,5.56241837,,,3
209.66270033,4.81853791,,,3
209.59767937,4.59295302,,,3
208.88502902,4.40104657,,,3
210.40445866,5.31206934,,,3
209.5687392,4.27693104,,,3
209.35250325,5.28491817,,,3
210.57531187,5.71410922,,,3
210.32649021,4.81211388,,,3
210.66188572,5.17410802,,,3
209.16387378,5.71492898,,,3
209.52115329,4.90067982,,,3
209.94642965,4.39358582,,,3
210.25937389,5.79018311,,,3
209.65828621,5.36366192,,,3
209.85915069,4.26125291,,,3
209.37418249,4.71352937,,,3
210.11472543,4.53779374,,,3
210.17568828,5.15407116,,,3
208.8706258,5.47983843,,,3
208.98055051,4.6115,,,3
209.32713774,5.54464877,,,3
209.48932624,4.07553521,,,3
210.24067873,5.22245236,,,3
209.49765698,4.15981741,,,3
208.77558992,4.98107126,,,3
210.55624394,5.56096187,,,3
208.90558113,4.43155294,,,3
210.54233036,5.55032792,,,3
209.84249515,4.23290775,,,3
210.04016798,5.7445634,,,3
209.30974073,5.43817237,,,3
208.72259168,5.24671186,,,3
208.95073846,4.6367521,,,3
208.88491195,4.74014976,,,3
209.06659941,4.45710069,,,3
209.45494315,4.32128962,,,3
210.13247594,5.02606717,,,3
209.99801928,4.94989768,,,3
209.58882038,4.52646406,,,3
209.58826736,5.77644283,,,3
210.53545967,4.43663495,,,3
210.75808294,5.32452136,,,3
209.71974349,5.84971146,,,3
208.9504853,5.34591305,,,3
209.691435,5.81812448,,,3
210.19809557,5.75638076,,,3
209.58110026,5.28845841,,,3
210.63115928,5.50815903,,,3
209.13125993,4.562199,,,3
209.35250402,4.64206006,,,3
209.92969281,5.97470272,,,3
209.95200946,5.5919012,,,3
210.22761066,5.37650672,,,3
209.9188404,5.27545861,,,3
209.77478681,5.95669329,,,3
209.29957569,4.84178549,,,3
209.96058859,5.55580273,,,3
210.38453091,5.58282991,,,3
208.88075038,4.74229337,,,3
