RA,Dec,redshift,rmag,set_id
178.78839654684978,1.053492307806451,1.5214596926514146,21.562435150146484,1
178.97446365138157,1.4076918440085138,1.009812192195502,18.341951370239254,1
178.96011452018408,1.7911648852412478,1.0160392308474386,19.32604598999023,1
178.8237035841477,0.7064658609166616,1.6346396674770922,18.692861557006836,1
178.5573008792614,0.3771038843992232,1.0042932377496725,21.11607360839844,1
178.67566075448676,1.0462123708660531,1.796366521022335,21.316898345947266,1
178.86717671236863,1.1581093751803182,1.9568326812420775,22.82716941833496,1
179.07371289258242,1.2158053571364658,1.9036499312514152,22.925701141357425,1
179.4500591170843,1.7224573358231992,1.3671430368099666,18.947145462036133,1
177.90054416475246,1.5065193889771016,1.098636628865998,20.12506675720215,1
179.43201126265478,1.6908852696730547,1.4953236295876875,22.153209686279297,1
177.87107156994355,1.7305747714840816,1.4624740048461449,20.917816162109375,1
179.34585143110516,1.920124759774151,1.1937272333614486,20.949607849121097,1
179.17074136760078,0.8774153445253834,1.5244096091334336,20.34675407409668,1
178.24600161226542,0.6751627465997978,1.2447015640792614,21.862634658813477,1
179.01580930846475,1.3469867253212784,1.2760123918434918,20.478618621826172,1
179.70737745120937,1.55525581644649,1.006610681176793,22.1610050201416,1
179.34633775824872,1.8497689778292628,1.1938373095704804,21.642993927001953,1
179.21882391293337,1.2352659422048666,1.2143917571413525,20.808027267456055,1
179.21882391293337,1.2352659422048666,1.2143729021833067,20.808027267456055,1
178.4264022543856,0.9281229558231278,1.0747524321465438,18.68558883666992,1
179.48506526722448,1.3466428959443562,1.2810733946773372,19.62445640563965,1
178.93965864188948,2.389720727520298,1.1502664864514702,22.074228286743164,1
177.99683991551797,1.744969985501012,1.2991925706033052,21.622032165527344,1
178.60245861969818,0.621685886539912,1.3267436306852107,21.006568908691406,1
178.90546452439793,0.7511064347735865,1.50484117601239,22.49993896484375,1
179.21575321207013,1.2502033172292204,1.672146714250387,22.764917373657227,1
179.37812717594943,0.9677662913593066,1.053909296303098,22.56894874572754,1
178.9848196062108,1.0894697488240423,1.5091694520324557,22.37479591369629,1
179.13951517503872,0.3501526536779472,1.5676252553779042,22.08564567565918,1
179.66414421898884,1.3475908311580629,1.89144302236305,21.51471710205078,1
178.6770464338918,2.3216505307967914,1.614811764013496,20.96405792236328,1
178.1753695363801,0.8426758172262251,1.013672327149925,21.10284423828125,1
179.28446599054692,1.6579985526855694,1.1895792029667458,21.685546875,1
179.55460110041255,1.4297966920657257,1.74133916855157,19.80701446533203,1
178.59534886824102,1.6937616402366804,1.2420085255839362,20.789695739746097,1
179.31705111016282,1.632298463010184,1.1707538856594133,22.50679588317871,1
179.41470616083723,1.116680067134028,1.5606190119004657,21.846981048583984,1
178.68830579600152,1.517627393505784,1.7159957239303785,21.488569259643555,1
179.53939971289887,2.1188466022405636,1.766566922443857,22.43304443359375,1
178.08078588416646,1.899034099822977,1.7886501455304156,22.664335250854492,1
178.57420819028894,1.8864331705694548,1.205582783425782,21.320995330810547,1
178.95457999999996,1.2128418,1.1565308570861816,21.76852226257324,1
178.90476043379942,1.8439900509192215,1.871613315922939,23.561452865600582,1
178.62652319516155,1.4817730196489494,1.5447353299139377,21.79868507385254,1
179.06263157171676,0.4303098950843969,1.250075401883296,22.721107482910156,1
178.02317418210671,1.4696071019174544,1.4749482280571224,21.44676399230957,1
178.8544449949399,0.4226456916127707,1.735630604217188,21.818737030029297,1
178.8198333068557,0.6300161951236802,1.122428229201106,21.021190643310547,1
179.62121182490998,1.868681060041942,1.0442282242499197,20.604198455810547,1
179.8915432310806,1.2586004949091296,1.8630655294650489,21.20764923095703,1
179.12701228995056,0.4140817434015859,1.1746694898458747,21.881574630737305,1
179.40061093430336,0.7871797051156043,1.1394138974998589,21.71381568908691,1
179.41374779907366,0.7274553610450477,1.9676702031372144,21.636947631835938,1
177.9096757341178,1.0697623892464934,1.5568417262014915,20.630149841308594,1
178.8644522734891,0.8877065143212962,1.8546535332209295,22.909055709838867,1
178.71264290847137,0.648125661482727,1.7872157911500473,22.416887283325195,1
179.89535986674636,1.4194909236688042,1.3118425265200129,20.14017677307129,1
179.07584426355348,2.0203781303461383,1.0167290376433658,20.825244903564453,1
179.28733012978165,1.5874877136599057,1.0040288577690968,21.5457820892334,1
178.33165005443942,1.807394012722362,1.9329876374222323,19.832799911499023,1
179.17997526044823,1.7780879849094604,1.7992755072397095,22.646533966064453,1
178.34127690383457,0.7841821132340164,1.030340049454348,20.322328567504883,1
179.2452077025752,0.9320661122453936,1.2267811824025543,18.08234214782715,1
179.05131813427127,0.7096453350324569,1.016045483368845,21.92447280883789,1
179.05971618043043,1.0608581850929697,1.932132855413495,21.156455993652344,1
179.47674071390597,1.039363967012764,1.9503458381405503,21.682878494262695,1
179.73907568362958,1.5396121764733883,1.101553678396166,22.041791915893555,1
179.93678273208957,1.201940071021533,1.9784262957818848,17.399234771728516,1
178.81003075076583,1.9663183586446684,1.1518639663816597,21.045745849609375,1
178.3129403642516,0.5255143034358185,1.8677171254727176,21.34924697875977,1
178.4526317733995,1.237718952660433,1.9510897766798352,21.497047424316406,1
179.5442087485784,0.6174500733735568,1.594962924160554,21.886106491088867,1
178.7519450767107,0.7364586804988031,1.816677181326838,22.905344009399418,1
178.02816724407637,0.6729913312397336,1.6853007687660997,23.18761825561523,1
178.72955378759156,1.7000753097338035,1.8042549995444337,18.08599853515625,1
178.91766718804507,2.0222996013277648,1.9577274124368225,21.64692115783691,1
178.7519450767107,0.7364586804988031,1.8205886800409543,22.905344009399418,1
179.54674235313976,1.503355085303101,1.2586483732275644,21.921754837036133,1
179.0320543207919,1.0661745124381607,1.218828903777854,21.52016258239746,1
179.89382555796738,1.5106112524325317,1.9323953486465344,23.192459106445312,1
177.76974041526927,1.5662085747213592,1.428935162428133,21.117883682250977,1
179.69021895619272,1.3055867531399186,1.683618253404055,21.16435432434082,1
179.8315447224676,1.415595595902266,1.4729569482070026,22.222455978393555,1
178.49551005554716,2.352646614632715,1.9472140995926983,20.13757705688477,1
178.5498560416025,2.500243532639816,1.107282656712386,20.5114803314209,1
178.76661091259518,1.243834074961313,1.1020104605633398,19.957286834716797,1
179.01604453150426,1.5783036793021312,1.7502886639156878,20.01093482971191,1
178.35315426359463,1.3145907791504932,1.7653429698425351,20.287307739257812,1
179.66129773614313,1.106189446883386,1.3040070565586162,20.167102813720703,1
178.35826489927086,0.6544215283002314,1.3963682567723237,21.4281005859375,1
179.25020921526945,1.2424786296203918,1.1420236601024445,21.544153213500977,1
178.17311344077007,1.409203221705094,1.12277336150353,21.164966583251953,1
179.4500591170843,1.7224573358231992,1.3672423562090896,18.947145462036133,1
179.89218594667804,1.5541769907905894,1.3389069356858727,20.799219131469727,1
179.53276654860994,0.6642829334782994,1.2285087765774487,21.33799743652344,1
178.5241621217882,2.169971853698625,1.937329048027621,20.50701904296875,1
178.7089523904745,0.6681866868269782,1.170307672572469,22.016883850097656,1
178.05264368663657,1.9074808111850032,1.031669878822363,20.190114974975582,1
178.08414336994235,1.271210133802831,1.4076249182172398,20.072690963745117,1
178.7340137186482,0.7085076816659317,1.351009491283891,20.04789352416992,1
178.5660238897553,1.3003180845453075,1.5900664021174855,22.585460662841797,1
178.69589303570228,1.4426182576929765,1.189892666301812,21.351537704467773,1
179.10652000000005,1.3503158,1.3305063247680664,21.43255043029785,1
179.48582342897507,1.38665513124434,1.5854419716526145,22.521163940429688,1
179.8564889971154,1.4706156497112663,1.084042663112131,22.69224548339844,1
179.47693539910716,1.7500137359382395,1.4826798028453525,21.98369407653809,1
178.80282969171148,0.7716605971044127,1.2582037557819803,20.567665100097656,1
178.90546452439793,0.7511064347735865,1.5040625065205222,22.49993896484375,1
179.2452077025752,0.9320661122453936,1.2265888311832671,18.08234214782715,1
177.7670397284047,1.297140666288492,1.6375635141714822,23.68390655517578,1
178.13950566319895,0.8153603559265138,1.5744434758864188,22.640806198120117,1
179.8564889971154,1.4706156497112663,1.0837348031677427,22.69224548339844,1
179.93678273208957,1.201940071021533,1.982147558748824,17.399234771728516,1
178.1782588249658,2.307462596189557,1.8665628818467863,21.082231521606445,1
178.48577619716582,1.1994572436906217,1.8757455251987507,20.874061584472656,1
178.50725844213125,2.3294288271162538,1.6510493445286305,21.210540771484375,1
178.97446365138157,1.4076918440085138,1.0103946397679593,18.341951370239254,1
178.7867061960763,0.5354572623222079,1.052911067146488,21.94396209716797,1
178.7685685229717,0.4499263370848198,1.701216435007593,22.037534713745117,1
177.88888652283472,1.7521462069824103,1.4164835618637273,23.135982513427734,1
179.3505723058749,1.1259719120915863,1.3767604583463562,20.565406799316406,1
178.61250009596296,1.925893437340458,1.2592285740781322,22.81360244750977,1
178.4264022543856,0.9281229558231278,1.074309602486022,18.68558883666992,1
179.18891907022854,2.19230765581099,1.7258322653035747,21.762889862060547,1
179.18831960761665,2.3430121511891766,1.6206594552301057,21.329774856567383,1
178.97446365138157,1.4076918440085138,1.009965493393487,18.341951370239254,1
178.76960867922986,0.4430945383176557,1.9113746666359288,21.666458129882812,1
178.64994056069455,1.189618057625209,1.42799875741482,19.278724670410156,1
179.1291556466351,1.4619399247249985,1.37063267208229,21.24462890625,1
179.28855449239856,1.8283246018277208,1.332611404398229,21.357343673706055,1
178.75893899306055,0.3291938771248976,1.0180345488463574,20.88102912902832,1
179.07115747091967,0.7249767805487037,1.1738734260115171,18.545589447021484,1
178.31207525892313,0.7838906096830658,1.5211204816236368,21.969160079956055,1
179.33350664100686,1.5905796120087443,1.7707765978105467,22.221920013427734,1
179.19825582130747,1.8451222458860368,1.9074807098468056,21.417375564575195,1
179.0711814933244,0.890501341603905,1.4236829943347074,20.39566421508789,1
179.60670830993163,1.1817382362517048,1.2116148413474028,21.80270767211914,1
178.4264022543856,0.9281229558231278,1.0736024989651465,18.68558883666992,1
178.16366124314976,1.1883862618471006,1.644284539770475,17.45279884338379,1
178.7089523904745,0.6681866868269782,1.170186108001047,22.016883850097656,1
178.7804222358327,0.4999777882966844,1.9177402051485584,21.036657333374023,1
178.4264022543856,0.9281229558231278,1.074606443208788,18.68558883666992,1
179.15000396725085,0.5429049479366596,1.5234765033270792,20.06126594543457,1
179.27121962409691,0.4059611420844462,1.5063685445305384,20.49513053894043,1
179.51420794232524,0.6175690710960267,1.227926139635051,22.611894607543945,1
179.22411931926615,1.939701715157058,1.1357887531685855,22.279052734375,1
178.6905611492203,0.4134323822222014,1.938201665014136,21.561908721923828,1
178.15664288512764,1.1742909854868218,1.656438057030538,22.53527450561523,1
179.08723798189214,2.137441897520814,1.1689903829427093,20.481830596923828,1
179.17095513460606,1.2860283518827376,1.748039808409631,22.416671752929688,1
178.06170812654128,1.995871858651244,1.850452289573228,21.6695556640625,1
179.55949673255012,0.9103671788179556,1.9309946472244812,20.873516082763672,1
179.1255143928139,2.495657422209223,1.4370482161125206,20.639404296875,1
178.22445333789005,1.7204388760898583,1.1903919251719155,21.76380157470703,1
178.1753695363801,0.8426758172262251,1.014018563675294,21.10284423828125,1
179.0058265347286,0.6843163261830726,1.609909147214415,20.823101043701172,1
179.35538596489732,0.5466564410389553,1.7866833290346271,19.13229179382324,1
178.81612002136242,0.3675094795552227,1.9493350521209132,22.165796279907227,1
179.24237378202633,2.0458219902143853,1.3769050449676068,21.88661193847656,1
178.89243541952985,0.918077655232658,1.054698982103797,20.7808780670166,1
179.75299495596,1.406089594671081,1.7411062192933773,20.996349334716797,1
179.94002355207866,1.4843354929262325,1.8319310990560231,22.49988174438477,1
178.9630626432466,0.9350039280238108,1.3338448965791303,22.071861267089844,1
177.883096784024,1.2532605870562452,1.9302260983378063,20.647706985473633,1
179.59996403345298,1.1017778757036685,1.4308360681816288,20.979251861572266,1
177.99027202902985,0.7621354686319514,1.5287322538729553,19.60257339477539,1
179.09477748651628,1.0468370999534304,1.9030152735743555,19.486255645751953,1
179.80981677745592,0.9653862977853216,1.6632500517190685,20.707172393798828,1
179.3490280574931,0.9054786361155204,1.8536252356400875,18.679702758789062,1
179.11784999999998,1.2616652,1.2633298635482788,20.42506980895996,1
179.3505723058749,1.1259719120915863,1.377352534923624,20.565406799316406,1
178.56969869946587,2.1746934771137956,1.896908962987785,23.055423736572266,1
178.49084955953776,1.3865051469662295,1.3387706748650636,22.04124641418457,1
179.19305824351613,1.492100790230473,1.2064236702161486,22.29591178894043,1
178.22635447473516,0.813458823391663,1.5862997422612992,21.699562072753903,1
178.96244205270202,2.418787712715329,1.396570474273953,20.737958908081055,1
179.53276654860994,0.6642829334782994,1.228606032677371,21.33799743652344,1
179.05131813427127,0.7096453350324569,1.0154612463010366,21.92447280883789,1
179.83650695972688,1.5475689187058026,1.4409104997369755,21.638242721557617,1
179.61898924888402,1.2319251558792474,1.5950375371508276,21.58685874938965,1
179.01580930846475,1.3469867253212784,1.2758071312397206,20.478618621826172,1
179.1539991257257,1.4224341149648727,1.0095004767741949,20.875734329223633,1
179.24130678159014,1.4227921686656602,1.2196529514741214,20.756616592407227,1
179.26089618213243,1.840213983941429,1.9991974705060305,20.18787956237793,1
178.71050471687985,0.4881010279201367,1.071820312274428,21.843263626098633,1
178.80282969171148,0.7716605971044127,1.2577864734930506,20.567665100097656,1
178.50371177985036,1.3317409819514934,1.2473068933068965,21.125682830810547,1
179.3174443005036,0.4521924386719854,1.1423787267814294,21.942970275878903,1
177.8122544482257,1.0316697985617456,1.6876154586950038,20.928054809570312,1
178.7938790544983,1.5127406813238953,1.5619413311205017,17.961729049682617,1
178.16863064196414,0.8518603583480632,1.078619869290237,21.575666427612305,1
178.66196948092193,2.393147591445984,1.5025544689783727,21.88090705871582,1
179.38610834270182,0.6996301931488806,1.6179820125529387,22.557838439941406,1
179.66414421898884,1.3475908311580629,1.8925988621760028,21.51471710205078,1
178.61127788014977,1.7928967265554436,1.0155850581453318,21.62956428527832,1
178.50787482982736,1.002330705411725,1.8198210111070332,23.57706642150879,1
178.7919982033929,1.4884491920466136,1.813957120443875,21.152626037597656,1
178.43854409499497,1.622746823100716,1.8707362727822456,21.548126220703125,1
179.60071824047898,2.0960833065641875,1.0152891050633883,21.54779052734375,1
178.56502465545643,2.3437460295494827,1.4747929120012515,19.873144149780273,1
179.6023241711252,1.7786179218478178,1.466787913079593,22.461936950683594,1
179.41374779907366,0.7274553610450477,1.965743986033078,21.636947631835938,1
179.39471131534555,1.2181602557302256,1.3044412974771242,18.56218147277832,1
179.47674071390597,1.039363967012764,1.950911282244756,21.682878494262695,1
178.380846984024,1.9001332384623753,1.039797529467669,22.45778465270996,1
178.69970876745668,1.0147964731702743,1.9843336051594176,23.496551513671875,1
178.76004857474803,0.5001979207715135,1.250520230957185,22.54619407653809,1
179.19096273045335,1.5821540436224284,1.5347628473372512,22.01628303527832,1
179.37844965464907,1.418457211001482,1.8939573596506627,21.807716369628903,1
179.02078862833858,1.8113959375605868,1.1465026866131034,19.596725463867188,1
178.9351100968833,2.485085513387176,1.436914627140449,19.562097549438477,1
179.57684437004704,2.0877645850757944,1.4368713642864614,21.44585227966309,1
179.01179170423706,0.6733986415547583,1.604026938240971,21.600114822387695,1
178.8279367396061,1.2567320576024668,1.9254388797430064,21.42916488647461,1
179.7826166746654,1.3319602734728693,1.8888320035129125,21.30147933959961,1
178.79069591820846,1.0080176193103183,1.6005500671697035,23.28424072265625,1
178.40598714934808,1.521770929396772,1.2463522029789316,20.113037109375,1
179.4500591170843,1.7224573358231992,1.367743788126326,18.947145462036133,1
178.24203618309377,2.2903625088293773,1.9188791398681149,23.106334686279297,1
179.76906151257407,0.991713862657598,1.667766065048013,22.069847106933594,1
178.7938790544983,1.5127406813238953,1.562809926130469,17.961729049682617,1
178.14558308098697,1.6940240675986784,1.3315706325971046,20.793657302856445,1
179.46503605522432,1.923776411435851,1.9355970725404543,21.45444107055664,1
179.83896513591117,1.57880308415116,1.5628540394544312,21.414615631103516,1
177.89865550325962,1.0236024887688782,1.560076855571233,22.367738723754883,1
179.13374819828545,1.3697629701644212,1.4980737685628456,22.809429168701172,1
179.6450826049898,1.2991461490277183,1.1830450601401865,20.82789421081543,1
178.87687858484355,0.3687347370161933,1.3798854100520157,20.88672637939453,1
179.76255091291426,0.8232952209452881,1.4698535495422855,23.03194236755371,1
179.56009262538842,1.665878897451499,1.0069424998929124,22.636381149291992,1
178.29426115030714,1.003696875339394,1.6450804252500149,21.00141143798828,1
179.02055518092362,0.4499576248263585,1.451317580551013,21.561857223510746,1
178.643574860608,2.382690097620484,1.6953736383396754,22.94503402709961,1
179.8915432310806,1.2586004949091296,1.8624752015325243,21.20764923095703,1
179.21872437859253,0.6028804586745927,1.243258226769242,21.921703338623047,1
179.67506946278073,1.139130472033366,1.5061196154939325,21.40288543701172,1
178.81444086973718,1.8742395321097285,1.1163160407085622,19.564342498779297,1
178.85168881966675,1.606075626912583,1.649630788422675,22.600656509399418,1
178.86717671236863,1.1581093751803182,1.9598677632715535,22.82716941833496,1
178.36649904500007,0.9089280269134856,1.2527025497555502,19.383865356445312,1
179.611274866601,1.7424721267103338,1.361400860385514,22.300079345703125,1
179.02055518092362,0.4499576248263585,1.4508831371671709,21.561857223510746,1
178.7685685229717,0.4499263370848198,1.7026119773598405,22.037534713745117,1
178.59742643914336,1.071858844638165,1.801430977397368,22.847558975219727,1
177.99517890302224,1.1572108801928798,1.5460105042499683,22.482023239135746,1
178.05446764280333,1.6658259155503423,1.207216782241018,21.18169212341309,1
179.05215516844368,0.5032167746705045,1.2502519578723634,20.25143051147461,1
178.1593596379915,0.7186949289082778,1.5601282163842896,20.7435302734375,1
178.6572120377299,0.3297004615647989,1.0529526333731978,20.023523330688477,1
178.35826489927086,0.6544215283002314,1.3965745629351474,21.4281005859375,1
178.87687858484355,0.3687347370161933,1.3742427719920254,20.88672637939453,1
177.93882319103773,0.9770179339227052,1.4228319599710726,20.688371658325195,1
179.8651655633008,1.454471444585915,1.0826403185533091,19.659982681274418,1
177.94221819384313,2.093613709167772,1.544896460727491,22.31904983520508,1
179.5442087485784,0.6174500733735568,1.5959357051127676,21.886106491088867,1
178.29426115030714,1.003696875339394,1.64613173426708,21.00141143798828,1
179.32017282360025,1.6915554115711418,1.635500319424776,22.339012145996097,1
178.87120199101835,0.8853748507802252,1.850662113073479,22.54359436035156,1
177.85024358862833,1.224593934628951,1.900790882806693,20.325084686279297,1
179.55460110041255,1.4297966920657257,1.740878964606014,19.80701446533203,1
178.78839654684978,1.053492307806451,1.5208961512976449,21.562435150146484,1
178.79517826896802,1.0216285734748445,1.4468743045099397,22.291650772094727,1
179.1539991257257,1.4224341149648727,1.008915494765647,20.875734329223633,1
179.7325966284652,1.3199992640156692,1.730802026087625,19.990169525146484,1
179.14510608385757,1.0975719459159934,1.4238696966685709,22.689098358154297,1
178.71264290847137,0.648125661482727,1.7860187153396656,22.416887283325195,1
178.09121727905318,1.0468164914784646,1.457109266799045,21.96575355529785,1
179.3093792505155,0.7071011498919924,1.8307015715801904,20.065937042236328,1
179.0618866039006,1.519767261634439,1.7452987055060487,21.693981170654297,1
178.1762685761038,1.7720414996046872,1.8129644890833712,22.27935028076172,1
179.83912900503972,1.7506612616245012,1.4007083839745391,22.793182373046875,1
178.77202327169698,1.596540828679252,1.8061112120054827,21.23832130432129,1
179.15000396725085,0.5429049479366596,1.523194587667246,20.06126594543457,1
179.69021895619272,1.3055867531399186,1.6833668437307023,21.16435432434082,1
179.00382431256634,2.4185530825493307,1.2918263706014073,19.881532669067383,1
179.28750379245977,2.3927445273629977,1.985380968405341,21.490739822387695,1
179.09228593405385,0.8579403487930991,1.0265995126799066,19.75515937805176,1
178.78436507339788,1.1062451842608216,1.0144735838551218,21.06289291381836,1
179.39471131534555,1.2181602557302256,1.3038310462023877,18.56218147277832,1
178.2768733241614,1.7398580526326526,1.8685214417567728,21.28948974609375,1
179.0320543207919,1.0661745124381607,1.2197153398968723,21.52016258239746,1
178.3835352772421,2.063311952706796,1.76899892930222,21.493101119995117,1
178.9222554020997,0.3087009722808972,1.568776753495272,23.016332626342773,1
178.50371177985036,1.3317409819514934,1.246934658754612,21.125682830810547,1
179.38447462800042,1.835334458136712,1.8999062499512596,19.559894561767575,1
178.09276152482607,1.9601796455575633,1.234025564252512,20.514066696166992,1
179.90477656086293,1.5365838479509888,1.6262258419114022,21.70062828063965,1
178.60205941838535,1.7453121653361994,1.964621843858614,23.07434463500977,1
178.94093039730492,1.806025662844724,1.980283614140467,21.64042854309082,1
179.80063279779432,1.0575132195965529,1.4948905727422546,22.601619720458984,1
178.13950566319895,0.8153603559265138,1.5738331313895226,22.640806198120117,1
178.98772521371973,1.3762582383296391,1.0303000582455564,22.02198028564453,1
179.46489217916388,2.005590052808458,1.7950055739400037,19.921239852905273,1
178.94707835946377,1.8124702046473409,1.839440485547295,21.011215209960938,1
178.17029672548256,2.0760234797080965,1.0112101060101162,22.237913131713867,1
178.7919982033929,1.4884491920466136,1.814249632786862,21.152626037597656,1
178.7804222358327,0.4999777882966844,1.915930105838652,21.036657333374023,1
179.13171931095715,0.4209767485702963,1.4989897024870351,22.013307571411133,1
178.7642930274598,0.776241873565522,1.510493728829908,22.15398406982422,1
178.76977593349366,0.8837256694137062,1.4955352465369995,19.990262985229492,1
177.96348645811116,1.6562372834021053,1.686167773788549,21.46185874938965,1
178.32788541482324,2.0516636348409305,1.8468423727816763,20.58342170715332,1
177.79783246451268,1.2246508106116565,1.7280029752330486,23.20448875427246,1
177.91518543741665,1.6811373839117203,1.5445870313693446,21.78682327270508,1
178.63457779050887,2.1793599298263757,1.0940429682792363,22.827423095703125,1
179.01604453150426,1.5783036793021312,1.7509620684311165,20.01093482971191,1
178.76960867922986,0.4430945383176557,1.9109295609121917,21.666458129882812,1
179.7912746899959,1.174125580058263,1.5684309498566116,21.784557342529297,1
178.2410605278954,1.6737792952216282,1.34297041852993,20.74197006225586,1
179.55802831029985,0.7665332772955371,1.915589370640378,22.110519409179688,1
179.1291556466351,1.4619399247249985,1.3688663879842635,21.24462890625,1
179.26562904321153,1.5427670780162075,1.8804743608481915,22.119428634643555,1
179.63359378049225,1.7776207210960269,1.4839435073181493,19.93787956237793,1
179.611274866601,1.7424721267103338,1.361895641424512,22.300079345703125,1
179.1290176241112,0.9176423370730364,1.1549139178677654,22.867839813232425,1
179.83650695972688,1.5475689187058026,1.4418321978808788,21.638242721557617,1
179.61609470548188,1.6182981123625289,1.0346136229674838,21.73932647705078,1
179.73907568362958,1.5396121764733883,1.1011532994534043,22.041791915893555,1
178.5139740014816,2.044984042646692,1.5072056319341147,22.15617561340332,1
179.33832286583404,1.3326380488165803,0.3678500649073956,19.315994262695312,1
179.03406409750573,2.530866726231112,0.8228822574730758,21.302318572998047,1
178.76661091259518,1.243834074961313,1.101546390429347,19.957286834716797,1
179.1276056898637,0.5975365532516079,1.8146819595217631,20.057641983032227,1
179.08551114063957,1.0669040853493112,2.3968393397207017,21.98750686645508,1
178.47631408457593,0.9233906784980594,2.801412804111081,20.74741554260254,1
179.09083373023984,2.2112729498637327,2.0166459102878496,20.085289001464844,1
178.34685276139734,1.2479475995251397,1.7211211270832003,22.520334243774418,1
179.41470616083723,1.116680067134028,1.561095191551772,21.846981048583984,1
179.73075547108027,1.5610214714952406,2.4773323421022804,21.90513038635254,1
179.59805664018631,0.8094443940043627,1.7377982246903203,22.79520797729492,1
179.48314470547467,0.7122852593796837,0.4771779386105205,20.017972946166992,1
179.79426713268768,0.9088575728965406,0.9607134000656276,21.26923370361328,1
178.98883323480953,2.210393347997938,0.9081762434777424,19.748857498168945,1
178.5298627097445,0.5958509312145435,0.9573181036091816,20.840551376342773,1
179.4744218071765,1.3955093146929245,2.5076046047638347,22.473617553710938,1
178.80569364054696,2.040912978082785,1.3109892505309246,21.200422286987305,1
178.3537435897214,1.947112760127604,2.958785677631849,19.780174255371097,1
179.76906151257407,0.991713862657598,1.666190912069108,22.069847106933594,1
177.95458177951252,2.025054753928236,1.2953394165971377,20.693527221679688,1
179.07115747091967,0.7249767805487037,1.173385005667654,18.545589447021484,1
177.79810626850136,1.6057953341055755,2.091704320879951,19.738786697387695,1
179.36897152490647,2.275790435602137,4.508462471561021,21.471099853515625,1
178.2688863471888,2.2741412209208707,2.583191822943138,22.20692253112793,1
179.42586677980864,1.2599630048573351,0.1317139097396575,17.691329956054688,1
179.0711814933244,0.890501341603905,1.4237962628959595,20.39566421508789,1
179.08750119215085,0.4738669798378201,2.895673052038308,21.35711097717285,1
179.54498009361328,1.8105474769176928,1.719405799431664,21.936138153076172,1
179.4744218071765,1.3955093146929245,2.5078274612700016,22.473617553710938,1
179.31581577324224,1.88155387356742,3.5172389476310686,19.408239364624023,1
179.37535397727834,1.548488378518435,1.5334591885117566,21.418128967285156,1
179.18490501531645,0.4130193984110487,2.1783984443406843,21.75529670715332,1
179.32178391326156,1.9827824598062087,1.780091199453236,22.981231689453125,1
178.2202055069415,1.990114186988153,1.9735346396376063,21.066978454589844,1
177.76256540201922,1.094037316176956,0.538782594926823,20.68740463256836,1
178.3593608493071,0.6242708144353213,0.8154797268805124,20.7552433013916,1
178.87227037837943,1.4925903800564275,0.240867694621978,18.59914779663086,1
179.15219397682563,1.3549215529766627,1.3659663683592749,22.580076217651367,1
178.87227037837943,1.4925903800564275,0.240943797435168,18.59914779663086,1
179.3554300226008,0.5877936654526327,1.4230215653341367,22.49410057067871,1
178.88450724698916,1.544256741355101,2.606885583976651,21.342723846435547,1
179.24181382987447,0.9497914557245236,2.018473657105265,20.418882369995117,1
179.09297423342488,1.104637696023191,1.8499890104991672,22.958730697631836,1
179.88971397330917,1.2531304904569818,2.8015830446755037,23.63631820678711,1
178.8237035841477,0.7064658609166616,1.6348382872521103,18.692861557006836,1
178.55364488886974,2.4539615861553505,2.6143223991937545,21.22010803222656,1
178.0791013209261,1.811217157507357,0.4390336028670506,20.35136985778809,1
178.9848196062108,1.0894697488240423,1.5099822861498249,22.37479591369629,1
178.22284822349286,1.7445202006397291,0.2825699061966685,18.384180068969727,1
178.29615140485902,2.1673271777440877,2.533601642822397,21.837726593017575,1
178.32478711577855,2.0262144752094913,0.6996460799909671,18.91002655029297,1
178.90423940715417,2.4967182313010574,0.992467620476074,21.823822021484375,1
178.1220606395492,0.5710126761238306,1.904937168382412,22.912933349609375,1
178.6373692146837,1.6588095392183568,0.7776098671535429,19.894542694091797,1
178.3730252354542,1.0867295317340566,0.4921742428920285,19.91116714477539,1
179.09874992108436,1.7911251485108588,1.361911357491618,21.94709587097168,1
179.10955264770325,0.7232811453335641,2.0341567900315867,21.87131690979004,1
178.85775809113997,1.55874908447376,2.275300225464093,20.411148071289062,1
178.1593596379915,0.7186949289082778,1.5607771675321624,20.7435302734375,1
178.87014093307334,0.9954273179896728,0.7029810310076473,19.95408821105957,1
179.26325127640345,1.4839923230106933,0.570211684053021,21.73761749267578,1
179.6892564037214,1.0782906998239126,1.4436253291882977,19.556699752807617,1
177.84246731129903,1.7476708425336522,0.8804102086864057,20.023530960083008,1
179.12280909465676,1.7562249726043146,0.7000820317197697,20.960317611694336,1
179.19096273045335,1.5821540436224284,1.5343114367428423,22.01628303527832,1
179.26749772392716,0.7752050587761738,2.083507026379471,20.228824615478516,1
179.36791246912892,1.2166690173088996,1.4918195866852395,21.376150131225582,1
177.99859554968367,1.3446145472701576,1.932288401312719,19.686750411987305,1
178.83648282624125,1.2387472509796642,1.916268978530063,23.003856658935547,1
178.62179111835775,1.0562332656865865,2.070302445325077,19.954824447631836,1
179.41468889078394,1.7006495962968866,1.5699402731992964,20.72296714782715,1
179.8315447224676,1.415595595902266,1.4728603040495392,22.222455978393555,1
178.45860584479382,1.222789185016944,1.8227524982500232,19.932079315185547,1
179.73887548066597,0.9624725574569166,2.049843045782806,21.905317306518555,1
178.72812180178374,0.5674834594934265,0.998127522276834,21.234596252441406,1
178.10020140034675,1.2425595586470906,0.7071362602036215,21.91145133972168,1
179.67334576748527,1.3821382968307747,2.2151378223663647,23.081573486328125,1
178.2506173103483,0.5244263429078169,0.2736544303884371,19.82493019104004,1
179.06192966226456,1.7528526031195493,0.9400348078052158,20.875553131103516,1
179.7826166746654,1.3319602734728693,1.8878558115326336,21.30147933959961,1
179.5172996267045,2.1701645875890585,2.428571056363749,21.161664962768555,1
178.7325271587355,2.3083425964390027,2.1247271080006533,21.602313995361328,1
178.76868109599414,1.487785939091257,0.8074757465302761,20.28776741027832,1
178.8685844136101,1.4199922925153068,2.249757372824819,20.65245056152344,1
179.01179170423706,0.6733986415547583,1.6047955789760844,21.600114822387695,1
179.15223748453724,2.1408415262829683,0.4854857580205274,18.731353759765625,1
178.15900962318864,2.116270107177716,1.519065220040784,21.47290802001953,1
177.9520871603241,1.329115947949674,2.2699925914778274,22.69291305541992,1
179.37802330345636,1.299421746207548,0.7902406467222874,22.08978271484375,1
178.76868109599414,1.487785939091257,0.8075300910509003,20.28776741027832,1
178.9630626432466,0.9350039280238108,1.3344194279214827,22.071861267089844,1
178.37469466232946,2.292281818157387,1.8124470738903444,20.880205154418945,1
179.20049800827493,0.9255259481347018,2.0098783559085,22.706377029418945,1
178.81585260501018,0.5844182167920289,0.9456671205536524,21.768604278564453,1
178.33481398002954,0.6940574929757994,0.5756357736222979,21.635028839111328,1
179.08551114063957,1.0669040853493112,2.397206204530068,21.98750686645508,1
178.386753060161,2.316392124346567,1.9057820377653083,22.37582015991211,1
179.2947871639234,2.031526062304542,2.5862629201334375,21.34750747680664,1
179.858834968077,1.4813157676780206,2.023967070076504,23.630796432495117,1
177.96501028706305,1.0320745540254828,1.5743273279568604,19.39596176147461,1
179.48134643267653,1.4422934127634115,2.015613690007843,21.076824188232425,1
179.8651655633008,1.454471444585915,1.0827139954831264,19.659982681274418,1
179.63672148496397,0.8608718308442036,0.5917427233587874,18.29098129272461,1
179.35165862023686,1.2645497068203084,2.083590519612319,20.92432403564453,1
178.32478711577855,2.0262144752094913,0.6996642294755283,18.91002655029297,1
178.24600161226542,0.6751627465997978,1.2448257532131035,21.862634658813477,1
179.6254953248452,1.8582006061585763,2.5324216861971927,21.69657516479492,1
178.46436564383907,1.4523760358670708,2.8332707302950304,21.08645820617676,1
178.82027345537736,1.1860454675461702,2.202057676521221,22.285015106201172,1
178.59198089487907,2.506123151806765,2.525043613556199,22.579532623291016,1
178.44167940944746,2.292130112755796,2.6951805343618394,21.743783950805664,1
178.91338067249933,0.3655430761441493,2.034690584389415,22.263227462768555,1
179.7325966284652,1.3199992640156692,1.7310556954657794,19.990169525146484,1
178.1938557405477,1.587753414411443,2.8435541665270003,21.66053009033203,1
178.25879838318937,1.1394184482433245,3.607716939245615,21.520143508911133,1
178.79848373394427,0.5622384892876208,0.3034391148175993,19.3807373046875,1
179.34080152414057,0.9277248553608743,1.5017653065813965,21.170211791992188,1
178.74946808950216,1.297947554014819,0.9974882046165348,20.34941291809082,1
178.389545072108,1.4002036668004134,1.8863194705446795,21.66474151611328,1
179.11336595895563,1.025331110405117,1.7996218077984498,21.333742141723633,1
179.65968498525643,1.178324332488467,2.2636444759652306,22.626996994018555,1
179.25322173254904,2.1588681731980333,0.4207346693751398,19.13365173339844,1
178.8411026539239,0.7950539557804349,2.592542329440319,21.86054229736328,1
179.23917458465883,1.4731998003854,0.807537560802439,21.37164878845215,1
179.24795132185432,0.4327074930945389,2.1776503569155277,23.19731903076172,1
179.12280909465676,1.7562249726043146,0.7000392990650558,20.960317611694336,1
179.53276654860994,0.6642829334782994,1.2288665988842726,21.33799743652344,1
179.55498650521676,2.1329153123619906,1.5118003113122085,20.159809112548828,1
179.5057051475603,1.5191433323264631,1.1457269195200084,20.868980407714844,1
178.90255642509527,1.4169246031116771,2.724176286980472,20.196325302124023,1
179.69733662823623,1.264640552777733,2.80788777113557,21.20998764038086,1
178.09560352797766,2.038647807049822,0.447021831484854,19.985322952270508,1
178.13718916037118,0.7433151161254525,0.6275613510107129,20.995059967041016,1
179.15064200349013,2.2851443593692187,2.0200484257767797,20.965900421142575,1
178.95837396302068,0.4014477845702821,2.1746882528067,21.21215057373047,1
179.36252797452164,1.766885380086754,0.9975777620568226,21.12226676940918,1
179.5714561055603,1.023801546460741,2.0317164130686893,22.216777801513672,1
179.6972574617041,1.913009001778396,2.6279169754073446,22.055400848388672,1
179.13171931095715,0.4209767485702963,1.4996734322632754,22.013307571411133,1
178.1186523595619,1.2367192161453036,1.7504335792591257,21.47211456298828,1
179.08420193165114,2.136572884764132,2.7889157717574444,23.217435836791992,1
179.7308693715545,1.1466875392269094,1.295276686636093,21.202327728271484,1
178.70592756783427,1.5787730908232285,0.456873753639598,18.650270462036133,1
179.40061093430336,0.7871797051156043,1.1393126446727464,21.71381568908691,1
179.54498009361328,1.8105474769176928,1.7226419413754412,21.936138153076172,1
179.03775338750756,0.6083388843100079,2.6538349918577016,22.324886322021484,1
178.70597945678432,1.6686452651831871,3.133936887568633,23.793758392333984,1
178.16811684325393,1.9554191500542537,2.9737542140152415,23.52501678466797,1
179.04424306079054,2.1997136334359313,0.9705891756208596,20.470518112182617,1
179.174721176269,2.42425763449811,2.0172822141440134,22.373729705810547,1
178.00028184871726,1.5705116973257678,2.078809156934602,22.9713191986084,1
178.70152694191205,1.060797341840356,2.568959577299466,22.67462158203125,1
179.7090565832156,2.083964098475854,1.040581646408442,22.600919723510746,1
179.27122289443807,0.6838979810467479,0.6960234266651593,20.99645614624023,1
178.85795558075606,1.4734611084569118,2.213131527763335,22.366491317749023,1
179.04507666133927,0.3856617678909579,1.8372066890641456,22.48005485534668,1
179.1893863356662,2.1134620638249917,2.440802702354327,23.277965545654297,1
179.5717324699148,1.52403519031021,1.7795476766478424,21.945802688598633,1
178.85742645717886,2.250327080980987,0.7161208489465984,20.774831771850582,1
178.76868109599414,1.487785939091257,0.8073209398745695,20.28776741027832,1
179.270859671102,2.1285847304114585,2.3435810158879145,21.21674919128418,1
179.812603478096,1.4573567713537154,0.8205286596351138,20.37466049194336,1
179.855619001324,1.251640078757096,2.6667947992576235,22.492204666137695,1
178.62593081732288,1.860761664180591,2.4823292933777923,22.86520004272461,1
178.70844448297325,1.646799906781666,1.8882663446986512,22.20258331298828,1
179.6180035159868,1.7168984966318686,1.4623741710519855,20.42068672180176,1
179.58723425887064,0.9629839668710252,1.303922099128373,22.07090187072754,1
179.01399618960764,0.6317753760823075,1.6666870968969398,22.358278274536133,1
178.95892877503312,0.453819313630125,2.039722481883424,22.265838623046875,1
178.90256,1.4169278,2.7248294353485107,20.75433349609375,1
179.14903804225835,0.9772605178411532,1.5748426708770802,23.304656982421875,1
178.28881570210936,1.6229081482827583,0.4258317718222556,19.34582901000977,1
178.51238999999998,1.1193599,3.10909652709961,21.266679763793945,1
178.43958396063533,2.4214441245428646,1.302662091635809,22.02853012084961,1
178.75595217520538,0.934763943819192,1.05096487179491,20.81987190246582,1
178.9620382228266,1.3321894247374002,1.188841452442591,19.25509262084961,1
178.58836292893926,2.07808711247717,2.923440293432754,23.007232666015625,1
178.6181930899555,0.6876791124118828,0.2289441856239082,18.47855758666992,1
179.666093201944,0.7097064011858076,0.5700437761418269,20.237003326416016,1
179.29395184466213,1.330446534238905,1.2871773173250127,20.79867172241211,1
177.94333340118223,1.6174934547441315,1.4627028364250851,20.110095977783203,1
179.48738717964497,0.969267076976962,1.724405737864116,22.55516815185547,1
179.18817407350434,0.9380368919707418,2.392988269538189,20.65525245666504,1
178.90853350185705,1.3022871212570624,1.274956593239876,21.654239654541016,1
178.3828037413353,0.7593464238678822,0.9720614151248416,20.515003204345703,1
179.49256479340676,1.7737656045695342,1.3687683647174926,17.474536895751953,1
178.49014523603998,1.9624654635334455,1.2377383842586878,21.822612762451172,1
178.8553949690119,1.8919448948394544,2.8739891671895856,21.96374130249023,1
179.00839195763402,0.4846828939129819,2.6203443438597698,22.487194061279297,1
179.21288957652487,0.4820706708842212,0.7087901454442339,20.904800415039062,1
179.24181382987447,0.9497914557245236,2.018457829227106,20.418882369995117,1
179.69529412173858,1.120440243007284,1.0104456945982083,22.531814575195312,1
179.71551037397197,1.2220896977079667,1.8008614222803287,23.37116050720215,1
179.79619188779952,1.6478865124183293,0.7018114077173242,21.397581100463867,1
179.90477656086293,1.5365838479509888,1.6265394168008072,21.70062828063965,1
178.1432014365482,0.6324897725772879,0.8591332588372255,20.138195037841797,1
178.37268932721153,2.1997803062651844,1.5539111705324555,21.79732131958008,1
179.4537133447912,0.6275172461788537,2.3702929814971654,23.532638549804688,1
179.55473240525438,1.6662368146193602,0.2121760226193561,19.690776824951172,1
179.66622808874442,1.365140036704137,0.2576352995581246,17.956050872802734,1
178.45860584479382,1.222789185016944,1.822992357425404,19.932079315185547,1
179.4537133447912,0.6275172461788537,2.3685609673962515,23.532638549804688,1
178.4739859569878,2.3768151630220067,0.455880159098856,18.23538589477539,1
179.4811380086946,1.066483663975419,0.9056455450670726,20.89565658569336,1
178.3749235370914,1.9468123883962556,2.70150415312213,21.064178466796875,1
179.22073108452403,1.7725810624557312,2.2854588900707338,22.239913940429688,1
178.74361695926578,1.1523993101313563,1.141799930998433,20.29474449157715,1
179.05876477356307,0.7730020048594001,0.6761264508349629,21.53020477294922,1
178.4599303979063,2.391920513884755,1.5914045961846963,22.107009887695312,1
177.96985026046966,2.064129204048247,1.7683845973535597,20.92125701904297,1
179.31122452053785,1.9038222533229543,1.0360957483260795,20.95757102966309,1
179.5461621528064,1.06287851486868,0.9010219152128416,20.657468795776367,1
179.294978600227,1.93689941433906,0.3648041454777788,19.30548095703125,1
178.99314858889468,1.909434428274075,2.538980108576096,23.27956771850586,1
179.12629972122312,2.033342243500006,1.2876337399128102,21.787750244140625,1
178.97912289277158,1.3024875152800943,1.276747715922632,21.41289710998535,1
178.41881066603446,0.7346560553525303,0.3581916311398796,20.5395565032959,1
178.86672065640843,2.3531090956579424,1.2800448284583468,23.203752517700195,1
178.91468548706752,2.3733439327261943,2.0714276218029384,20.982196807861328,1
179.43624756772076,1.731087959311549,2.086178261514698,20.65810203552246,1
178.2803696824484,1.8974141018858497,2.280564139580904,19.6438045501709,1
178.67566075448676,1.0462123708660531,1.7948224732221156,21.316898345947266,1
179.4268717515498,0.7134037044838071,0.3054112181618544,19.529098510742188,1
177.9436186372072,1.6709543496983432,1.574933362326804,21.804141998291016,1
178.5573008792614,0.3771038843992232,1.0045273972019453,21.11607360839844,1
179.10184731674258,1.4087357198271988,2.004657397632746,21.699954986572266,1
179.36030782391217,1.6310695484740054,0.9606500859027628,19.822755813598633,1
177.95223706515807,1.2468345287272562,2.40731210629936,22.78993797302246,1
179.15820135833417,0.5620789374454064,3.1838458406543935,22.448745727539062,1
178.20326336779627,0.7136422670607786,4.30400672810287,21.08168029785156,1
178.23229923888397,1.9858217894626884,0.8949571046303586,21.75083351135254,1
179.66129773614313,1.106189446883386,1.304109667473892,20.167102813720703,1
179.52353376259498,2.107550949350411,0.8073244736444534,20.980579376220703,1
179.53335868326437,0.9046908882389468,1.7498191334966744,22.289947509765625,1
178.5123664395499,1.1193617838494343,3.101437637167592,21.41956901550293,1
178.41881066603446,0.7346560553525303,0.3581863815251007,20.5395565032959,1
178.55320310272035,1.364172415648496,0.0776919617025226,17.346099853515625,1
179.16131779402068,0.7534681673005403,3.744888697380702,21.473068237304688,1
178.8540581904662,1.2991469707210614,1.793594175069628,22.887706756591797,1
179.75299495596,1.406089594671081,1.7409537428893105,20.996349334716797,1
178.50692222336082,2.264531250130942,1.9261988129354533,19.79241180419922,1
178.4651376777423,2.3969141351264063,0.8352333826037889,19.807449340820312,1
178.74241125637565,1.6548779925889523,0.911195016279339,19.10666847229004,1
179.5018160999678,1.979119761146054,2.3047644144306254,22.522171020507812,1
178.93478708814803,2.123551226974599,1.4340024692565754,21.85763359069824,1
178.97912289277158,1.3024875152800943,1.2769905244563144,21.41289710998535,1
178.72955378759156,1.7000753097338035,1.805738421128788,18.08599853515625,1
177.90431672868837,1.4030980622784015,2.518208885931205,20.76564598083496,1
179.13447180056377,0.7939250626426132,0.3756009968558727,19.318649291992188,1
178.7271644190264,1.2578025486463589,2.7178360589797523,20.823423385620117,1
178.4400638594838,0.3856356581499958,2.1423799063560947,22.38351249694824,1
179.1252898371925,0.7356123730398137,1.0036024083202426,22.514394760131836,1
178.94854569523883,0.8144664958978847,0.2091975769683715,17.685880661010742,1
179.39471131534555,1.2181602557302256,1.304173520012327,18.56218147277832,1
179.2489854872132,1.1272771694597743,2.3917897070980225,22.99734115600586,1
179.06059024820087,1.132125706338106,2.7758114045644935,21.257583618164062,1
179.58723425887064,0.9629839668710252,1.3042506278885964,22.07090187072754,1
178.33123669864568,1.6155095448861976,0.9610063116283836,21.22779655456543,1
179.14149149383314,0.7818033346131124,2.78137296740907,22.05994415283203,1
178.05439,1.0942114,0.5221850872039795,21.01959800720215,1
179.23782808900637,1.3545203450891652,2.877527975990225,20.21008682250977,1
179.4555925243011,1.2603786380986677,0.1333043641519349,16.623336791992188,1
179.70999744748607,1.2315733519746055,1.6579206527201138,22.083223342895508,1
179.17404144936617,0.6784340037462382,2.5340407769171045,20.103431701660156,1
178.85795558075606,1.4734611084569118,2.2131793379940543,22.366491317749023,1
179.22688802522956,0.939502365446493,2.013518818214328,21.58489227294922,1
179.48582342897507,1.38665513124434,1.5810145324092668,22.521163940429688,1
178.46794453530055,2.3253692057101523,1.8810325155816392,21.01875686645508,1
179.17095513460606,1.2860283518827376,1.7490387840295112,22.416671752929688,1
178.88450724698916,1.544256741355101,2.606494228596851,21.342723846435547,1
178.3553374622761,1.4773868803267307,2.292691305165583,22.799867630004883,1
178.47313136286445,0.8766655993454655,0.8133638025327377,20.584531784057617,1
179.60669082956844,0.8056162535697547,0.2002390777753603,20.02714157104492,1
177.87705642268978,1.1928620963728085,1.5687297292373583,19.292131423950195,1
178.79517826896802,1.0216285734748445,1.446085169620711,22.291650772094727,1
179.24795132185432,0.4327074930945389,2.1788158728716387,23.19731903076172,1
178.04488453748274,1.27087947523135,2.685508998045882,21.24864959716797,1
179.1147876406267,1.094684962386746,2.027300729175748,22.5673885345459,1
179.49084176018968,0.6822248501505381,1.576446390329126,22.67397117614746,1
178.51089754294125,0.3578608703604319,0.6634474242177534,20.806331634521484,1
179.15820135833417,0.5620789374454064,3.1825174509755003,22.448745727539062,1
179.29683459470965,0.8653293931776931,2.209921273473109,21.918832778930664,1
179.43227560110526,1.89898566715868,2.8404559288796047,19.08087158203125,1
179.666932556454,1.7264406175264688,2.985610809169696,21.4199161529541,1
178.30612707235488,1.104619605011353,2.863573744302039,20.775737762451172,1
178.70592756783427,1.5787730908232285,0.4569815642870611,18.650270462036133,1
179.21174653541638,2.34813102258524,2.212141450740475,22.005409240722656,1
178.9272351554646,2.2364135368065026,0.8731115959249895,17.7161865234375,1
179.2759816224444,1.5755653188021743,1.3320473378190705,20.1464786529541,1
178.75595217520538,0.934763943819192,1.0509372500608587,20.81987190246582,1
179.13951517503872,0.3501526536779472,1.5673946507970964,22.08564567565918,1
179.15219397682563,1.3549215529766627,1.3651513251579177,22.580076217651367,1
178.6494671170886,0.9311537394721136,2.3895106268927075,22.642175674438477,1
178.47279620876628,1.3259852112499502,3.174097803393314,21.555025100708008,1
178.88290349279094,1.4897433117345829,0.8501739396522846,21.68135643005371,1
179.11988895739833,0.6237262513054767,2.0467532321884794,20.57807159423828,1
179.12863525936137,2.470717766172379,1.3937453763367942,20.915691375732425,1
179.6226865174149,1.8178325833276137,1.1439959210555464,21.763280868530273,1
178.7832070982927,1.4110324755146568,1.5419682244698458,22.642250061035156,1
179.5442087485784,0.6174500733735568,1.593700169321437,21.886106491088867,1
178.6453869897791,0.6277270486553242,0.715736554449294,21.656051635742188,1
179.09228593405385,0.8579403487930991,1.0269527672914975,19.75515937805176,1
179.20587422747798,0.4859381613060954,2.409183750170946,19.35397720336914,1
179.05215516844368,0.5032167746705045,1.2497659443889972,20.25143051147461,1
178.81612002136242,0.3675094795552227,1.949288117213791,22.165796279907227,1
179.01399618960764,0.6317753760823075,1.6645763508087827,22.358278274536133,1
178.72812180178374,0.5674834594934265,0.9981581495789456,21.234596252441406,1
178.36215399693197,1.2953083390833904,1.2289295567018488,21.794397354125977,1
178.09560352797766,2.038647807049822,0.4469175138667215,19.985322952270508,1
178.23312782802276,1.1880726498045706,2.2228213460288515,22.990938186645508,1
179.80809014556115,1.4109945709748708,2.4369131398951622,21.34263038635254,1
179.2452077025752,0.9320661122453936,1.2264223286544378,18.08234214782715,1
179.70078864562453,1.696392148955319,2.947606576540295,22.326086044311523,1
178.496077766878,1.1273431802299818,1.191604191121869,22.7672176361084,1
179.11988895739833,0.6237262513054767,2.0471572878928503,20.57807159423828,1
178.95928802901363,2.4327241482070847,1.961420281887012,20.96341133117676,1
179.09477748651628,1.0468370999534304,1.902178669861036,19.486255645751953,1
179.24857613362997,1.2290897516697068,2.9778562582485275,21.800617218017575,1
179.61409500537496,1.2647156578855825,1.148948970105171,19.999008178710938,1
178.73461144388205,1.2654588120225982,3.40877941226127,21.012346267700195,1
179.34357230046135,2.1169703533793927,1.5460127740265308,24.988115310668945,2
178.294434288164,0.8739158636694636,0.47792419316751,19.933441162109375,2
179.3925117624696,1.2526827061520145,0.1689950534906841,19.41385841369629,2
178.69552514956538,0.3440786794332638,0.9345583736150456,22.676006317138672,2
178.190148113377,1.5990822081828664,0.2687243646457806,19.78700065612793,2
179.51696544302948,2.160291293256666,1.2907635040383496,23.153583526611328,2
179.10358625217415,1.139931922481238,0.195959297273881,23.17653465270996,2
178.60677119480843,1.1466233996755877,0.154875562292867,19.480003356933594,2
179.1178516570158,1.1421539848052211,0.3326310868501435,19.598846435546875,2
179.16628252038578,2.3451668139659247,0.9798089209847936,22.113786697387695,2
179.87441001289915,1.6482224672009922,0.2726792289847599,19.22962188720703,2
179.2254284685295,1.9312797927847252,0.788891249732551,21.951929092407227,2
179.47493922761345,1.0831028553357074,0.1311600158299823,19.269166946411133,2
177.87776957233262,1.3628771819071412,0.3626972180201791,18.83194351196289,2
178.6861041785705,1.754587068339209,0.9856798363219078,22.657482147216797,2
179.10612521887975,0.9811784305123756,0.7108465373303253,23.939002990722656,2
178.40437289471174,0.4967597039466661,0.8307359335889644,23.46405029296875,2
178.45836074935056,1.7914055351538547,1.034709515815546,22.449695587158203,2
179.6127170778859,1.305465170588413,0.2722164161559445,20.18523597717285,2
178.8122553086524,1.4144840057394936,0.1435565156071321,19.43543243408203,2
178.29503620419638,1.6464470401585347,1.5217169868345122,22.720428466796875,2
179.1075351046509,0.8729183681854159,0.2413514802130891,19.676780700683594,2
178.79213486278903,1.2473120162714173,0.308439018112161,19.422269821166992,2
178.17134256089523,1.2710885746751983,0.2142358701088276,18.464187622070312,2
178.8985286323903,0.9527157848886504,0.2342524758447285,19.81578063964844,2
177.98983989408976,0.6878649352974157,0.2563172067810581,19.373790740966797,2
178.72113663448474,2.202670843451334,0.9881014682770234,22.843271255493164,2
177.74993688135038,1.3607284012531096,0.5351470956507282,19.94319725036621,2
179.40080344837594,2.3974006441359825,0.6262669828996823,20.679758071899418,2
179.09945893255795,1.9013999154006904,0.2250875233357695,20.16242027282715,2
179.20818128583082,1.95070160716627,0.3599664038406991,19.771873474121097,2
178.74618744032438,1.8341506911994692,1.2545572260531257,23.61111831665039,2
179.09270913496735,0.8228090082789207,0.8502169122449666,22.192806243896484,2
179.05378503256537,0.9275684229306552,0.2355422914739398,22.923480987548828,2
178.74511019078403,1.202303579713992,0.2689178957802247,20.014434814453125,2
179.2375578888409,1.1159101185747289,0.0392354977626709,15.167665481567385,2
179.5435631904732,0.5909076787659583,0.9272564441943484,23.094791412353516,2
179.2801661089483,0.4798737355622934,0.948285259300788,22.623952865600582,2
178.48756515877542,0.5335404220219297,0.2282190969886748,20.243309020996097,2
178.72185002342331,0.8422869841517112,0.2663146760699482,23.10727310180664,2
179.25811917422428,1.601333071823625,0.3042127026814317,19.161819458007812,2
178.99429967510855,1.3879831614795206,0.4316119999537739,19.292556762695312,2
179.67666295177503,1.989516049606947,0.1702589891196315,22.173831939697266,2
179.63581854518225,2.0729399758030196,1.4368461705921969,23.140369415283203,2
179.6611561240659,0.7492665232763208,1.0366067725398544,22.698774337768555,2
178.39483190233346,2.185125113119982,0.7825289836510617,22.688467025756836,2
179.31779407644967,0.943932491282764,1.031890735199929,23.0627498626709,2
178.11626,0.63498837,0.6624764800071716,22.39790916442871,2
178.9073953333795,1.0778624310850642,1.2438408198240196,23.0614013671875,2
179.06998432537648,2.390399034956544,0.1679564449435337,18.944089889526367,2
178.43711405162404,0.9697487801600252,1.0367927472837295,22.118589401245117,2
178.1436712538674,2.303623288344477,1.1679339174410757,23.065689086914062,2
178.98643079127453,0.9740994890357162,1.521848044914942,22.93331527709961,2
178.00711285945488,2.061445096559392,0.1593738163922153,20.131423950195312,2
179.8488068686649,1.2107569487967915,0.1391237572743129,19.517820358276367,2
178.11263140929685,1.2374671602536769,0.0945600026826495,19.48531723022461,2
179.58074152642945,1.0218552713441829,0.9612433961033612,23.810312271118164,2
178.9654936401414,1.264382062826486,0.8211165162805479,21.92239570617676,2
179.03928476029043,1.044053075320576,0.8540674924198771,22.66060256958008,2
178.21892288409714,1.2531787906651073,0.0940423223719724,19.38607406616211,2
179.42715108627362,1.430124191051582,0.7879333031229315,23.190187454223633,2
179.1495566435603,2.1060504867732757,0.8594550984746144,23.282398223876953,2
178.12121741233116,0.5627617471081534,0.8065597461284933,23.23794937133789,2
177.88166650305052,1.7869024451499742,0.2327042196168131,18.368974685668945,2
179.6988302430135,1.6072376704109164,0.6381398348868712,21.15616226196289,2
178.83550524297314,1.2689586257393486,1.504889262451162,23.043149948120117,2
179.7402956657054,2.044557445836962,0.9959407045400654,22.053897857666016,2
179.11526196930876,0.4403043906320692,1.0163897508053752,22.1968994140625,2
179.336667846785,0.6644212262514981,0.2003465504066981,17.314529418945312,2
178.2231636186513,1.020934616973758,0.4880868685741262,19.892351150512695,2
177.8173838356678,1.2192079885587777,0.7412565338624437,22.964534759521484,2
178.22116469821506,1.895284373692721,0.1436848006343644,22.587644577026367,2
179.5587144221739,0.7278514073226041,0.2514862838718122,18.547346115112305,2
178.53622059725018,1.20699549392158,0.2844842993692403,18.750898361206055,2
177.78967863498224,1.6622461429081716,0.1570237818152457,20.031158447265625,2
178.76995518376293,1.712492246056938,1.2264624379089204,22.12456512451172,2
179.87492603697018,1.5883944046755485,0.125837293184548,20.07498359680176,2
179.734545055968,1.4696596512505933,0.077854237065223,23.182886123657227,2
179.37085802046963,1.4038520969893726,1.369561349251849,22.81707763671875,2
178.12370326399778,1.2893832555301807,0.7060216050928798,21.15821647644043,2
179.44940392169428,1.0423576069043945,0.1995407343758156,16.99008560180664,2
178.76305071773007,1.2119430329140035,0.9979902552693908,22.516530990600582,2
178.80220413147396,1.0644845561042424,1.5858839331528252,22.89587783813477,2
178.9539125443935,0.3764144002645488,0.2579485296534596,20.073978424072266,2
179.04994293674451,0.942351726415838,1.0456992806057264,22.917505264282227,2
179.48419469625824,1.178895385443286,0.5892260078037168,21.00412940979004,2
177.99275255447972,2.0144912451969637,0.968632597453796,23.138118743896484,2
179.10236761271793,0.3964200715502343,1.364760943851686,23.20848846435547,2
178.66244275869246,0.8020119716164884,0.7477567419462662,23.470048904418945,2
178.51265755968436,2.331643354852732,0.7151907903763818,21.36310577392578,2
178.391649401573,1.9581785087190449,1.323009087108324,23.49937438964844,2
179.43248093031178,0.6729579098381384,1.2299519539384085,23.714534759521484,2
178.82497113094908,1.1746213214903678,0.0763861709670696,18.40996551513672,2
178.60505737713024,0.9329841072899414,0.6648344748012465,20.711137771606445,2
178.76119880880844,2.2538036739052396,0.5275201193960126,22.05194091796875,2
179.46330509480035,1.0708910802181693,0.1305946169419665,18.26611328125,2
177.8031652682914,1.6207325213437476,1.5713519531247828,23.28558349609375,2
178.933155113273,1.7934951915228523,1.0181295092364042,23.739328384399418,2
178.29846917037375,1.0138782367950088,0.3990399272044488,18.67006492614746,2
178.65759494152073,0.5286174872878348,0.864147529111419,22.53030776977539,2
178.9222296989933,2.3560923546450603,0.2135238126708124,17.2041015625,2
178.9901023784018,1.3605080054300298,0.1567895168395467,19.890933990478516,2
178.46414427155216,1.4707491088852245,0.0766004559321502,18.63570022583008,2
178.19272712087152,2.2286573811777872,1.2725599091499724,23.480958938598633,2
179.14678204925806,1.0410227441425466,0.963242077881268,22.601667404174805,2
178.5229551806463,1.6590543123501145,0.3428338911872582,19.912879943847656,2
178.4498119920945,0.4382409684755756,1.490891682493192,23.626441955566406,2
178.8689053985605,2.4152872897019995,1.007456864368123,22.85013198852539,2
178.09002899304818,0.7914126955960079,0.6655054569237134,21.138208389282227,2
179.90813079933992,1.19834748330161,0.2585003898556383,18.374284744262695,2
179.23551457747195,2.238083348340616,0.9713932553060926,23.603424072265625,2
178.76211697016709,2.1181407053507697,0.6681060931607075,21.20017433166504,2
178.48443594288713,1.3802418813404802,1.248231906532912,23.1162166595459,2
179.37880318228576,1.515587428423923,0.1768630845577984,19.412445068359375,2
179.73562412384297,1.195801597158412,1.077899467632298,23.289222717285156,2
178.58437390488703,1.1366030314628317,0.2974521200938494,19.227340698242188,2
179.73609830160544,0.9157544144871052,0.986208806562731,22.41217041015625,2
179.71738317547428,1.113343379963195,1.45384070634823,22.573484420776367,2
179.7575363578535,0.927994253498864,0.0781930223046094,18.80982208251953,2
179.5466006725099,1.311782613665282,0.1774307502392803,17.976146697998047,2
178.2384417267956,1.1300765174653464,1.1945936423511263,23.611804962158203,2
178.6366871098488,0.9585689369058044,1.4559422047517023,22.81512451171875,2
179.17272328495636,0.6039451305787623,0.5247175441102478,20.162092208862305,2
178.53382315197365,1.346703766366154,0.3997022419358666,18.87358665466309,2
179.09278669801455,0.5304010865379443,1.38220770570928,23.2130126953125,2
179.57168334798686,1.1169187202808506,0.196987183820015,17.41573715209961,2
179.65063441834525,1.3215641634688224,1.5888742405017615,23.267555236816406,2
179.7653559634875,1.0053108241633182,0.1383374554270952,20.31077766418457,2
179.04737115380811,0.928123728394208,0.0664418805374123,23.417709350585938,2
178.60267483193172,0.9316337844230796,0.271624369109717,20.083568572998047,2
179.6016167066377,1.8489693197709416,1.1667944989732209,23.264598846435547,2
178.84079506326202,2.194089534820895,0.5433913422865023,20.987056732177734,2
179.0737596668257,1.4605193941402332,0.1525338989841926,19.502649307250977,2
177.87821589971736,0.9506773247970404,1.0899603022942324,22.77187728881836,2
178.90705392227397,2.137605597282775,0.2155478163359868,18.69430160522461,2
178.31907366223416,1.7142359866376742,0.1594748073530375,22.29292678833008,2
178.58492307984662,1.4015879368676465,0.421564714443868,19.398710250854492,2
179.38874949629337,1.2924135374672454,0.1321189764669765,20.17922592163086,2
177.7537681711222,1.6490309585581364,0.4050348424498622,19.90077209472656,2
178.06128289082764,1.2534172574495293,0.2882018041583666,19.60379981994629,2
179.81266970693034,1.4567660463476353,0.8213397479935625,22.452327728271484,2
179.65452615623275,1.279785169757906,0.3428621031478312,19.866390228271484,2
179.6646611226051,1.0813361946019522,0.8119175854244063,21.52222442626953,2
178.81247419630884,1.1455963124904014,1.0150266555179317,22.657939910888672,2
178.66907503072494,0.892590271502844,1.2360022485579107,23.280227661132812,2
178.8985286323903,0.9527157848886504,0.2343389238336691,19.81578063964844,2
178.7798096446698,0.6624197838210075,0.8657982366226158,22.61478042602539,2
179.14713389684005,1.4707424834829388,0.8513611587517582,22.51658058166504,2
179.2283379062546,1.1121869346094488,0.7304017779045455,21.947885513305664,2
179.55072014315027,0.6900996986825197,0.2708570450393576,19.279539108276367,2
179.35292826629217,1.6414949780592294,0.5688895990263383,20.330799102783203,2
178.62966254248008,0.3802459436359457,0.3033893368643636,21.235578536987305,2
178.4655097056159,0.9770611972406148,0.4041509766600224,20.008859634399418,2
179.01108702384528,1.3179222655609564,1.192098771377888,23.29301071166992,2
178.3252172443719,1.5546140758777025,0.0765780348561404,16.26055335998535,2
178.49275919687898,0.363201144467261,0.0473646062868566,18.395992279052734,2
179.15866722721438,1.2025980568871182,0.7388744114616475,22.731203079223633,2
178.18965265582176,0.9756138799601642,0.2890729561086644,22.461650848388672,2
178.9872889074528,0.9970650850881638,0.0481004631683136,22.602962493896484,2
179.03068715450007,0.3609780488675127,0.3112554700204914,20.30480194091797,2
179.36219357664066,2.051133781356658,1.3549550207438206,23.188459396362305,2
179.74602863101205,1.4271900721693809,1.3470442025785774,22.425827026367188,2
178.95253830450807,1.189995761691675,1.1164430758238637,23.603700637817383,2
179.42755752717358,1.02508553463215,0.0782352616134127,18.87114143371582,2
178.38025434333414,1.7518803437258323,0.9537377512019204,23.775630950927734,2
178.12438166774268,1.7703202252391594,0.852705437900315,22.427038192749023,2
178.79338821835,0.7461308275987665,1.0523952950235973,22.52087783813477,2
178.30006247057085,1.9407602656921108,0.8202598225982243,21.89269638061523,2
179.63750723826732,0.9164053332948005,0.4510766687218718,20.54123306274414,2
178.91523258371166,1.4585926365921889,0.3312985889365786,19.352020263671875,2
178.72288964774498,1.0048476921857186,1.390919448135567,23.539575576782227,2
178.5080615010364,1.7984001080291134,1.293291969839677,23.48550033569336,2
178.86315121369492,1.2902168129904783,0.991347097703676,23.176822662353516,2
179.6195901449818,1.6765292641017344,0.1994328315475347,19.533288955688477,2
178.5057002565372,1.6661054638366504,1.0082990967783283,23.026958465576172,2
178.6811165927027,1.1822057329930975,0.9823882804584962,21.69591522216797,2
179.26443549245522,1.329961555569578,1.4171009513987485,23.235837936401367,2
179.5344522391748,1.6029325416314792,0.1257509584215937,22.391103744506836,2
179.89444481309454,1.3375209489494602,0.3605768512629403,18.79303741455078,2
177.97527127690603,1.36327023493964,0.7798255602080415,20.79306411743164,2
178.13102437603615,1.52291499708294,0.2672637135905616,18.716567993164062,2
179.167942115357,0.6596126540835456,0.0762204163060396,23.21910285949707,2
179.4483617611817,0.941080167393092,1.0551232560977546,22.781435012817383,2
178.11081347932543,0.9877405066565392,0.2889145959619208,19.720731735229492,2
178.4246744954339,0.8173523983267169,1.525633765533268,23.008853912353516,2
179.25604275355164,1.214003088832102,0.7158740565131162,23.46388053894043,2
178.69393610344497,0.3672575534790861,0.7858257878501264,22.773366928100582,2
178.87393008315027,0.5850427909147623,0.841027597319477,23.187318801879883,2
178.73171495544554,2.0506838534177567,0.2149362950875623,19.60979461669922,2
178.86009205208634,0.9120775780346762,1.2581626781127375,23.94394874572754,2
179.2571321432832,0.6497025058999342,1.102964164992378,23.388643264770508,2
178.09911078011532,0.7843023720837855,1.1956177556627603,23.487524032592773,2
178.2287646585793,1.7355403332531394,0.9615239815233592,23.56877899169922,2
178.98895852901327,0.6538207371829879,1.5293442885424755,23.795024871826172,2
179.67918959653386,0.9746483996365836,1.05804508106882,22.321521759033203,2
178.92053467467457,0.3315858275081705,1.297494238760656,22.876035690307617,2
179.72105568196932,1.5443653411496492,1.5305138228873494,23.606870651245117,2
178.62573385590926,1.0690811775300084,0.1958438080293226,19.21506690979004,2
178.55175325849348,2.06608095549014,1.6004673233320883,21.643402099609375,2
179.22620368871446,0.848631137977456,0.8024681737359778,22.761058807373047,2
178.0653495197947,0.9292887427209848,0.8275348208564496,23.06960105895996,2
179.50776223649277,0.5871760526855562,1.4225684824469058,22.723474502563477,2
178.96761000000004,2.4880882,0.4386788010597229,20.682823181152344,2
178.32145669497095,1.201131176939067,0.0782854358584011,18.9252872467041,2
178.95912384481505,2.2170595175825296,0.5047976140246067,23.283241271972656,2
178.37091219009304,0.4668131378534338,0.8452491068542818,21.44170570373535,2
179.38461315734855,0.7492980158705079,0.4956009874908443,20.0601749420166,2
178.5151898356171,0.459071891057786,0.7716904170752827,21.25298309326172,2
178.87016477407343,1.3881046234342995,0.3391108908405963,17.85407829284668,2
179.37280318973714,0.7805285253959805,0.2982371830548833,19.529043197631836,2
178.5648967359739,0.6871344928126177,0.3556627630988545,23.84320640563965,2
179.60341840594282,1.9797656159361896,0.4109065082408085,19.294416427612305,2
178.7145527918206,1.0866928909728986,1.430870872342945,23.472917556762695,2
179.75912802085745,1.1076922084174967,0.1986035989155356,19.46275329589844,2
179.18485369363626,1.2509962708403906,1.085879014251704,23.0732421875,2
179.57626811196974,1.2349396473126903,1.4070466902449648,22.974111557006836,2
179.41631759884245,0.5767261380090716,0.2283709114414515,18.97400283813477,2
179.31814389840082,1.243979166488871,0.1624597864878326,19.33552360534668,2
179.6454680446506,1.219049701120908,0.2551588564206867,18.421667098999023,2
178.58979319734266,0.8609856250769257,0.6214623960757781,23.198564529418945,2
179.61041291777246,0.7142591830124173,0.198375746619945,18.513221740722656,2
179.56041718571612,1.0258776958237756,0.8535540268988893,22.708696365356445,2
178.6224325663986,0.3879247755878238,1.066690541235206,22.446632385253903,2
178.8518406963055,0.6723850655547979,0.7160904243879844,21.66828155517578,2
178.3715794479171,0.8664661684515391,0.7845133402050384,23.167530059814453,2
179.50169655088993,1.2145932787068043,0.9417221948424676,22.36317443847656,2
179.1007444141407,1.4558890586013624,0.7000054485747769,23.54398536682129,2
179.08576284963405,0.908329746691453,0.2354526466697506,19.30219268798828,2
178.48773346864883,0.7206290752788116,0.821065631224788,22.71937370300293,2
179.65039720391644,1.1488462098277443,0.8562466794319081,23.56215476989746,2
178.33501662529076,0.5173097717322748,1.2625820680321131,23.29261779785156,2
179.4008794573561,1.7717303127640385,1.000820380637994,23.017135620117188,2
179.43017701699557,1.1354544062651653,0.0786749452107778,22.876646041870117,2
178.46910252034746,2.3323012356678317,0.8024242503685542,22.689903259277344,2
178.88240933748142,2.434444887618601,1.4318694947952493,23.52617454528809,2
178.0615562896716,1.6125708504325658,1.0398054069254523,22.85169219970703,2
179.13424811743656,0.3443105135010758,1.4828677238821075,23.656646728515625,2
178.26689824557067,0.8873400300176792,1.346895230295898,22.45865249633789,2
178.1010584018072,1.0938768407775263,0.8712561557931334,22.804706573486328,2
178.40886105259275,1.6099368933961444,0.8946815225786219,22.189023971557617,2
179.37571884394765,1.1395885986872254,0.1620118638287674,18.740345001220703,2
179.29925102408487,0.5981503095732285,0.9466420589360772,22.264781951904297,2
178.6736642596511,0.4544047593987006,0.758544193835568,22.430931091308594,2
178.16754628336523,0.9459696129647616,0.2361892793388451,19.681150436401367,2
179.33597581096654,1.4432659141402555,1.028143185102434,23.19754219055176,2
179.54002748084832,1.307024812778781,0.2823281767706076,19.534055709838867,2
179.41329941537447,0.6677523057865143,0.5942176330535898,20.666257858276367,2
178.50712548984444,1.5965106108708444,1.087765699634221,22.85583877563477,2
178.92230906387616,0.3591597921266584,0.2653407635722151,19.095394134521484,2
178.79421424863637,1.3754703834052942,0.8717472606292553,23.56015396118164,2
179.56530003368172,1.9144096088143023,1.453720473818315,23.032855987548828,2
178.87658493282797,0.7238032347189931,0.9794963098624312,23.210350036621097,2
178.082443619178,0.5865796404890148,0.0813961020873037,19.59640121459961,2
179.59288642503162,1.5281015981457626,0.2694492458711052,18.94325065612793,2
179.5668515027018,1.2159456501522965,0.0954477461653886,17.358299255371094,2
178.55148153496458,0.9834848365099442,1.085498158139282,23.223783493041992,2
179.37135247907835,1.2024104281923358,0.1370128277245236,22.325000762939453,2
178.50070546608023,0.8068200099579826,1.0065698143886717,23.529096603393555,2
179.838006414327,1.0284339290974975,0.7090115575962183,23.303194046020508,2
178.81835042749316,0.7348175795600832,0.0811871046268147,19.207324981689453,2
179.02142757191453,1.4473943445927524,0.5033955224679612,18.95253562927246,2
179.1532847096897,0.44269702459781,0.4367701857577816,19.75714683532715,2
178.9969966906636,1.4219208214577157,1.193538017005167,23.015357971191406,2
179.46901179294667,1.0613836504830658,0.1707100283768244,18.406238555908203,2
178.4963830968889,2.249630424913696,1.2373602985680672,22.77265739440918,2
179.23934456808138,1.31130342927956,0.1796379813015128,22.28371238708496,2
178.34994867555136,2.189654378373589,0.2831357972070113,19.43520164489746,2
178.78726675323884,0.4571517293923287,0.0763717256009544,19.26609230041504,2
179.08856704198067,0.540558851428357,1.076605665575686,21.972248077392575,2
178.4206247659365,0.8479486506199748,1.1031089385876311,22.516433715820312,2
178.34164194772708,0.5347571559593968,0.4669858927953079,20.85837173461914,2
178.66373801400613,1.2228595249651333,0.077316257187668,20.241897583007812,2
179.174380854778,1.7456917094836146,0.8411961394798451,22.816423416137695,2
178.21317071438074,1.291633436466341,0.2698213906204967,23.915489196777344,2
179.38818181907243,1.654763010351393,1.0549908209969443,23.22352409362793,2
179.16744122197895,2.438811652064097,1.264166139113542,23.079113006591797,2
179.02829430397082,0.9915876992781628,0.0659878789818218,17.187862396240234,2
179.52438309338368,1.4107586298517485,0.5413280253862585,19.73826026916504,2
179.4520360707889,1.5006530824019364,1.0027528270091983,22.10722923278809,2
179.31349650575743,0.597472099019619,0.8672725670637409,22.491804122924805,2
177.77943209154785,1.0625264669724366,0.8616081692358311,23.076486587524418,2
179.82299475466732,1.0407488340834503,0.0766514476252567,18.8558292388916,2
178.84966891375245,1.0101667315714182,0.0765964350694087,21.79892921447754,2
178.29153130313497,1.374868187128434,0.2684546275621392,19.213930130004883,2
178.4430452387593,1.2458205177371282,0.3086911835291793,20.191728591918945,2
179.83122548682212,0.9596471950706372,0.5915309539331092,20.568941116333008,2
178.8750457488493,0.4288591487247417,1.0291985779540689,22.21083068847656,2
179.50839449776768,1.0886372005711356,0.064533882046073,18.753145217895508,2
178.84745635757747,1.9494432982024203,1.2885157136895755,22.854251861572266,2
178.4341511874779,0.6590360551932045,1.2168537488895526,23.141706466674805,2
179.17679999477534,1.6780313204911057,0.7592355063421062,21.432392120361328,2
178.94762237179523,0.6739201532776579,0.9017748029497888,22.84258079528809,2
178.18815798079163,0.9464537884737604,0.2603380474874739,19.062543869018555,2
177.9961161174955,0.995900783675888,1.0266771475162866,23.477500915527344,2
178.72192540463803,1.2266597553818444,0.9395054324813148,23.50254249572754,2
178.81803987742933,0.5021508534887581,0.2834153437836242,19.611045837402344,2
178.60201140843682,0.4534922218000833,0.2566748153778451,18.85108184814453,2
178.4103259655347,0.94303294153146,1.0760000532575429,23.6705322265625,2
178.65941758012383,0.3672604089993148,0.5989811329025476,21.131450653076172,2
178.60067349144717,0.9093916306550436,1.0132585369578593,22.915639877319336,2
178.48381170417355,0.8055277120953356,1.0088577540803338,22.70006942749023,2
178.58097427814994,1.8563761300716952,1.1692684103793634,23.07699203491211,2
178.73745100453297,0.8893130792664491,1.4364384795228051,23.03232192993164,2
179.52438309338368,1.4107586298517485,0.541290971390218,19.73826026916504,2
178.43892528625304,0.5850820929398536,1.4946555843601683,23.515869140625,2
179.2173092031797,1.4778391949609944,0.2758092783146537,18.477493286132812,2
178.55037811135136,1.854051450636142,0.0580867336632502,22.706645965576172,2
179.57187844156584,0.7672999009983841,0.078054147704453,15.984993934631348,2
179.53310222678445,1.813105473085352,0.9603651429054102,23.404308319091797,2
179.37785911004704,2.255693192741779,1.3590929283478062,23.842735290527344,2
178.74845447210714,1.4195648124990548,0.3665068462893927,19.427425384521484,2
179.03807783843703,1.1580059375393743,0.1577196843716084,18.08305931091309,2
179.54826374856248,0.9645024814631756,1.058457238141168,22.460203170776367,2
179.6224265794805,1.257335770171785,1.1485802148197544,23.198402404785156,2
179.7828916756108,1.6435524283918277,0.0788557076486136,16.63666343688965,2
177.86544751808867,1.215743379273452,0.4893696537515024,19.25996208190918,2
179.15334863684308,1.0421712994508996,0.2743050975388001,19.82178497314453,2
178.96180478419146,2.2976252468248988,0.1318584123607447,23.353944778442383,2
179.68455116111784,1.02882544623616,0.336543038956578,19.91097068786621,2
178.64794119699235,1.3733187456598674,0.1366052436534983,17.881912231445312,2
179.89023475950313,1.1854451298314408,1.146197233489146,21.99428939819336,2
179.71144523007143,0.9069077751682822,0.2714068138774406,19.70529556274414,2
178.81943002391012,2.428687266270585,0.7542453490618364,23.590965270996097,2
179.62087125223454,0.6703651534405306,1.0345747243765242,23.02886390686035,2
179.0201239640841,1.393380548022861,0.5726424956723108,20.106359481811523,2
178.78674381520878,0.990385123238026,1.2120514433154648,22.926048278808594,2
178.08963797557846,2.0649709670530862,0.4986834000204845,19.863550186157227,2
178.8250421188863,1.318106924381396,1.0105942354743458,23.20747184753418,2
178.2259265986613,0.8361527414627731,0.6311392337835788,20.904430389404297,2
179.88591536917676,1.7583601725927025,0.1416093031540364,19.940418243408203,2
179.6334164264972,1.618407927113251,1.3767233160409935,23.428281784057617,2
178.27036911429292,0.7564800383046328,0.1589795588356897,19.16183090209961,2
179.95563545936034,1.446536013564397,0.9391529357402668,23.023632049560547,2
178.55113000000006,2.5075638,0.4596515595912933,20.97239112854004,2
179.75875046852258,1.125689361954719,0.2751663809798445,19.63086700439453,2
177.98420021260472,1.6542177830740712,0.1584409345646737,19.101238250732425,2
178.63142287019912,1.136392792865936,0.8520145690238348,23.157604217529297,2
179.11491352137438,1.765979493021837,1.0458185572240253,22.487606048583984,2
178.57129052902363,0.5900147079954146,0.1061766988876731,19.213743209838867,2
179.2871445630335,1.3846442336748543,0.8210753331340599,23.131059646606445,2
179.58751447421108,1.0674140066814926,0.9458262656086944,22.26612091064453,2
179.80944027897658,1.9343161416893908,0.0764028127241436,18.336889266967773,2
179.8049316667177,1.7068847802355671,0.0958912109439698,18.182464599609375,2
179.40802856068802,1.3717159817296631,1.0067225948419771,22.07823944091797,2
178.47135509236645,1.014779714475201,0.5177808041476228,21.17551040649414,2
179.76282056613576,1.7065047754810585,0.079003625274785,18.080726623535156,2
179.75734214140596,1.9599884447319824,0.4099890013663165,19.411439895629883,2
179.0801611334626,1.3635322800652716,0.1577878627854584,22.83223533630371,2
178.41928185173705,0.4152748285300858,0.2027200192419964,21.841569900512695,2
178.94975353289644,1.3028698767429912,0.2095048103176846,20.50482749938965,2
179.4281343303396,1.0945514300401629,0.1708576915078655,19.49032974243164,2
178.94059485568766,0.8412911458433929,0.9736415895015752,23.541324615478516,2
179.34394704660212,1.249937490056758,0.9875452657143182,22.67044258117676,2
179.57875415296732,1.3100595417056604,0.7952599338837644,22.75206756591797,2
178.0780973566017,1.397435653740078,0.9139034780713968,22.559680938720703,2
179.1918633842652,1.3028001880955538,0.9679549063245896,23.22355079650879,2
178.09569113515897,1.7125424753467555,0.9382260251593584,23.027891159057617,2
179.60234854895373,0.9052243709314248,0.6857107856811754,21.220701217651367,2
179.86509499148647,1.2736938799187831,1.09990504513933,22.58712387084961,2
179.16944845579204,2.4934595633783916,1.1671934916602853,22.90415382385254,2
178.17676217119455,1.9694523618364184,0.3282224874539476,19.015972137451172,2
179.16012868200806,1.6971241328508475,0.8329515502442513,23.450902938842773,2
178.32246011995616,0.4995912863409587,0.718593955814544,23.013446807861328,2
178.77739182609398,1.2669701826770954,0.2476829507819588,18.86822509765625,2
178.94081468722683,0.8297204767751658,0.9723105891050414,23.353351593017575,2
179.76664739585237,1.478836048716632,0.2736655301852448,20.06913185119629,2
178.74382374574353,0.7573550225644858,0.8994036185856611,22.44577407836914,2
179.71537415251987,1.3567975391922844,0.7936005937874255,22.723249435424805,2
178.25041105065208,1.2779506740355575,0.4504540796061412,19.44395637512207,2
179.4593257708042,1.703909461759472,0.2832352099585564,19.79537773132324,2
179.40291903831837,1.6221634453864373,0.5500596157186098,20.258712768554688,2
178.7509791510048,0.513007430737413,0.9831618413496545,23.0989990234375,2
178.46813033032893,0.6958978137579622,0.2569463240169728,20.11358070373535,2
178.00018,0.98352447,0.5139531493186951,21.688901901245117,2
179.49190767182577,1.7687287331474515,1.3669131979685802,22.72714614868164,2
178.58081328262224,2.143161435333619,0.3589040212566229,20.174022674560547,2
179.728257405862,1.1009815180525817,0.2366515465372501,23.205799102783203,2
179.17131884766823,2.428320199331409,0.6975997918895653,21.197181701660156,2
178.78752351217264,0.8529946698765503,0.9683256666441818,22.595434188842773,2
179.30621781780624,1.6569885088130438,1.3069818010633178,22.7479305267334,2
177.94786998467424,1.5104417067613125,0.9492849460615652,23.08663749694824,2
179.3459665523568,0.4599918217960607,0.7101489470399236,22.882518768310547,2
178.91622876157757,2.170597099863921,0.9682169594027132,23.544445037841797,2
179.39690664836496,0.7468658260755274,0.4218534337704997,21.065263748168945,2
179.82529756349973,1.4770875499769065,0.7701775860492565,21.747419357299805,2
177.94352511807384,1.9686818196938185,0.932559782401624,22.954652786254883,2
179.7635202831226,1.4088262480111455,0.6792832799127554,23.46426773071289,2
178.99276790300726,2.0880781921792564,0.4905246740545127,20.039535522460938,2
178.01588183280757,0.7079713612256127,1.0244076360793857,22.111003875732425,2
178.7727471302367,1.5740937581087573,0.9092418038742656,22.479398727416992,2
178.70263780684868,0.4649189132596035,0.2302830262450685,19.702226638793945,2
178.40042294664465,0.8925330735661089,0.3031427199871507,19.204254150390625,2
179.25999766326245,0.4983692705216449,0.0205765058744255,17.52585792541504,2
178.66350677777726,2.0817243180896177,0.0671247350670693,15.83745288848877,2
178.2054570969247,0.6025567654858668,0.15653098731341,20.744190216064453,2
178.37077085325728,1.0786041778745423,0.7484543063279769,23.107744216918945,2
178.48120141101313,2.051824672244176,1.4528074748663846,23.251060485839844,2
178.68112651275112,2.0092878317705214,0.499495157049301,20.152559280395508,2
178.96542022502285,0.8161574625687189,0.9725627731902536,23.468996047973633,2
178.0314944298366,1.1037101431777778,0.2013517032093354,20.197040557861328,2
179.03060315585083,1.416959136770453,0.8229128389170556,22.1276798248291,2
179.4156032877698,0.8480441850914981,0.138332728323868,17.888151168823242,2
179.5259821186464,1.7165226802945042,0.3797362186099065,19.41230010986328,2
178.2513731980926,1.5266574033136715,0.196580540471953,19.960662841796875,2
179.6815354954379,1.3179219547914969,1.0579178784914454,22.50355339050293,2
178.65941758012383,0.3672604089993148,0.5991439244638286,21.131450653076172,2
179.5685531466409,0.6444347600290636,0.3321683486101692,18.256685256958008,2
178.06377858047122,1.0434719941896478,0.1573047279315761,17.388835906982422,2
179.17282339635864,1.199597173429063,0.4516518917323057,19.03803443908691,2
179.290534386676,2.296186972678811,0.343575882882293,22.827564239501953,2
179.74954872168666,1.7999337204456862,0.4752286622417696,23.030981063842773,2
178.3394458110661,0.7842870064627188,1.031493837760319,23.334762573242188,2
179.64727280110958,1.208835631091992,1.1006840392058053,22.463848114013672,2
178.65921328383496,0.3374272445023843,1.1534387026193165,22.963115692138672,2
179.51824310570325,1.3268009857558032,0.5402381981362633,20.246723175048828,2
179.76189057801855,1.6003377868568012,1.2590082120057169,23.54857063293457,2
179.65278779761243,0.7804559320744051,0.202383153826753,18.835601806640625,2
178.14130895661768,0.9214364054557774,0.6698698565891824,20.763355255126953,2
178.50327416053284,0.7434076536844324,1.0495797705482088,22.46114921569824,2
178.85254454533913,1.9078433312768583,0.1788881848333857,19.265174865722656,2
179.83839846002766,1.2719616023636586,1.4525115276650908,23.705795288085938,2
179.2623777331339,0.4625828509744072,1.5815227360735915,23.524658203125,2
178.60797757603444,2.171579601982999,0.9146578791775436,22.38226318359375,2
179.3983300209655,0.5059927070750088,0.2005436562411913,18.77431297302246,2
179.3337266763557,1.0559343243189143,0.7101296196382719,23.567665100097656,2
179.37085802046963,1.4038520969893726,1.3697956892478076,22.81707763671875,2
179.5161915098234,1.0408478190885488,0.8365475428094576,22.330303192138672,2
179.61155140962342,2.1381345814648474,1.5410654037486509,23.657310485839844,2
178.46303128235834,0.9345084025548376,1.42253603356614,22.930320739746097,2
178.36520773418113,0.9306475573658958,1.4075354486661618,23.10630989074707,2
179.53197809177658,1.1829458923707457,0.4099737445061089,19.606983184814453,2
178.031600508174,1.4465525152950989,1.1072756345875816,23.114347457885746,2
179.50320330989098,1.2901014161511075,0.7044959359753473,20.805431365966797,2
178.60502108245203,0.9491723989693586,0.309566297498322,20.11845588684082,2
179.18056178467188,1.0957009805149864,1.1992340864027218,23.762521743774418,2
179.27391794226108,1.1275877037267437,0.0385442503915512,20.09994888305664,2
179.67693150553134,0.705170292051795,0.8535164712923087,23.099056243896484,2
179.79779426355194,1.6592711586857662,0.7705692212970673,22.34270477294922,2
178.51994058332662,2.430340690577978,1.3005930942001096,22.724763870239254,2
178.64423009421722,0.9174847366197384,0.3636035973660348,18.77762031555176,2
179.8419731999256,1.1581927516616912,1.2070527392564063,22.840322494506836,2
179.48486628439602,1.1868846624586156,0.2633415847372602,18.98776054382324,2
178.71471209850495,1.159091890110716,1.5480968872973655,23.246917724609375,2
179.09185718222895,0.5574319536666706,0.8468649883011548,22.460874557495117,2
178.51475726848986,1.079530221480415,0.4020625417472845,20.099328994750977,2
179.280029427093,0.7434761545701575,0.7671710800764098,21.86002540588379,2
179.3047302177299,1.5125585569362898,1.2744904741309595,23.17111587524414,2
179.26031925109427,0.7518226386228959,1.4983675882392729,23.42123794555664,2
178.16842214595934,1.0224265837044737,0.5820929959010918,20.892623901367188,2
178.51199171293217,1.6987954909678376,0.5540703864942212,20.45014762878418,2
179.92249022507525,1.434011802076165,0.3608348581782898,18.73418426513672,2
179.7009851824028,1.5396125583278368,0.492940262881086,20.784442901611328,2
179.1421937642181,0.7071976627078289,0.268460512444488,19.967187881469727,2
179.17601240021634,1.512545379876314,1.0070916181871383,23.08263778686523,2
179.02785029294526,1.5909798988716264,0.3115309144396454,20.01113510131836,2
179.27617790588602,2.1488926626855593,0.2616623813559508,17.978309631347656,2
179.4630997864037,0.4984451869716844,0.2356450103572304,18.37095642089844,2
179.5313878374409,1.2747971110863896,1.3023255749412346,24.43077278137207,2
179.60203656935025,1.319425974309886,0.2441255269196977,19.187557220458984,2
179.48180723042353,1.4772103138387662,0.7062191420476094,23.498945236206055,2
178.44158201462338,0.8893646649260994,1.0258014041934784,23.066225051879883,2
177.9599447168306,1.6762744781211552,0.3448182911788737,19.664133071899418,2
179.18847812804302,2.43241039997699,0.2668487508555778,19.167781829833984,2
178.7375775001548,1.1468900954585426,0.9823053797988404,22.08637809753418,2
179.10633153853686,0.9197682913782442,0.2278818981235147,18.585023880004883,2
179.1258469939755,2.199439906518698,0.9905718571738604,23.674219131469727,2
179.61750182349914,1.541641816898988,0.6591709883344664,21.08940887451172,2
178.58071348994048,0.4726237199477245,0.2553845015442456,17.585542678833008,2
179.38893749524678,0.8476929958111191,1.343816638471977,23.399761199951172,2
179.13449176595546,0.4140196548691007,0.0854136217360616,23.12049674987793,2
179.15010018917374,0.6285394272095018,1.0290457482761546,22.772300720214844,2
178.74157697765813,0.6141031441251256,1.3690008481950795,23.385669708251953,2
178.62846053785415,2.3089391874247296,1.346711353170674,23.70500373840332,2
178.69389053171668,0.9545916377277056,1.0567871230734205,22.61989974975586,2
178.13793254991123,1.7941713135855657,1.2282881788249336,23.62040328979492,2
178.65339953048846,0.5169935062494793,0.9459507875314516,23.492918014526367,2
179.55284066456002,1.4615438529838076,0.9092202638030183,22.95785140991211,2
178.70359043212494,1.315548637728822,0.0896719245571488,16.27359390258789,2
179.4218199449061,1.6985149948921754,1.0533292752460643,23.37646484375,2
179.55687828169133,1.7424032945218335,0.405553279740721,20.20378875732422,2
178.78901736225652,1.483854081632589,,,3
178.36023009874725,2.310586695245677,,,3
178.85678103732172,1.875243133725988,,,3
179.024571397455,1.412633673684104,,,3
177.764435534581,1.094520073690555,,,3
178.5258362604532,2.169151807481168,,,3
179.27727625559484,2.0662220534415097,,,3
179.44755329370358,1.9636379276842868,,,3
178.8719688438173,1.492224956034348,,,3
178.8676862213041,0.4633470035429718,,,3
178.82107296082933,0.6311342598065063,,,3
179.7836672546189,1.7861922582330891,,,3
178.4599536702251,1.2237701606380358,,,3
179.2606140459392,2.060768408870123,,,3
179.39421075376407,1.2162941989014286,,,3
178.3777997923376,1.679920021769295,,,3
179.8367948233195,1.550359733840915,,,3
178.68916224066635,0.4121336261165662,,,3
178.8545421595578,0.4223735566306233,,,3
178.47202463359395,2.2280370778107343,,,3
178.8717795934651,1.762545664947999,,,3
177.95433600997657,2.0254801883546643,,,3
177.96222559475564,2.052533530087329,,,3
177.9958602968565,1.7431122022532808,,,3
179.24707885787345,1.9834998010455984,,,3
179.29607621799144,1.936703541199442,,,3
177.9926482465065,2.012385639833407,,,3
179.60487875019547,0.8032127550860179,,,3
177.99815412417263,1.5401198537119487,,,3
177.99506192043452,2.132477355076627,,,3
178.57105485042197,2.356568721261664,,,3
178.6364216621907,0.7532639707940849,,,3
179.6063996713133,0.7445613003359908,,,3
179.0757288446703,1.6371768697184563,,,3
177.85624484741544,1.3861528217880108,,,3
178.8004594001102,1.7236832156639594,,,3
179.5633834803869,1.8010382272479224,,,3
177.8943350581013,1.7055237528902722,,,3
179.2204591124719,0.7394219014944935,,,3
179.40749870252756,2.101192159645663,,,3
179.80836847365373,1.6480707172352134,,,3
179.24699003479043,0.532939151739678,,,3
178.37474013317433,2.1588672066578796,,,3
178.7065038285426,1.57951703078205,,,3
179.52087247658665,2.1080888455461952,,,3
179.45307419989086,1.7322500522290718,,,3
178.00972098370116,1.4068493461609228,,,3
178.11086586590667,1.8346391503568984,,,3
179.2600148523082,1.0403127512384038,,,3
179.48161102312534,1.0666665595727314,,,3
179.53145720826976,2.083939966823346,,,3
179.51683064806662,1.9415696048483833,,,3
178.95216720988898,2.3305755927708742,,,3
178.81473651351854,1.8748321610924452,,,3
179.6132191475528,1.2656363489355902,,,3
178.92597645526652,2.2363183747689717,,,3
179.72967414237826,1.1484092612477206,,,3
179.37259230978475,1.7179266225814034,,,3
179.46378302008966,1.4775224607185542,,,3
178.7003260924137,1.142259171552323,,,3
178.44084591952375,0.3867558216098112,,,3
177.86843040522672,1.915162606654404,,,3
179.50325094343324,1.2536857630343774,,,3
178.7989838386884,0.5627177287828818,,,3
179.60090016132264,2.0967718057507243,,,3
179.07567535621152,2.0192551211399374,,,3
178.7595401445243,1.1952546785791092,,,3
177.9844617998723,1.0784220798368929,,,3
179.08068753976033,1.4665051123447843,,,3
178.07851094427613,1.8121296199088937,,,3
179.3377485590612,1.856710080708926,,,3
177.80764873637224,1.7702568862677055,,,3
179.68864545066066,1.5645176325086494,,,3
178.61287521873783,2.1792763111793247,,,3
178.36384796124565,1.062663014196731,,,3
179.47159890051918,2.1269284947013025,,,3
179.27531288831673,0.7575588382440461,,,3
178.02543885707286,1.470957828358758,,,3
178.45794391024964,1.9320259834981417,,,3
179.55386119624006,0.8708726999071539,,,3
178.4718686926093,0.8770799725358193,,,3
179.9361590875716,1.2024888350602532,,,3
178.61732117694984,0.6871297287568794,,,3
178.32550699892892,2.0261726076432365,,,3
179.77052991931555,1.683985495585394,,,3
179.1884070082136,2.468314971484836,,,3
179.65978810981554,0.7086461406924136,,,3
179.3779847233076,1.7353143761222074,,,3
179.39399150421207,1.4848578128294996,,,3
179.40062102765802,2.058070783169444,,,3
179.06198526553126,1.7498176465121418,,,3
177.827685976525,0.9219382367948428,,,3
179.00002327192337,2.135979675238003,,,3
179.8480761738938,1.872601538012461,,,3
178.0991988907809,2.0395428856895776,,,3
178.52189649836427,0.3884356797755003,,,3
179.28047710827357,2.408126499268998,,,3
178.85988251668337,2.249665806667635,,,3
178.55251612083066,1.0256315734895791,,,3
177.87294558594326,1.14997287629139,,,3
178.21928857480057,0.5570238514765796,,,3
178.84878428311964,1.0945544929696207,,,3
179.47973580064365,1.4918054120483657,,,3
177.91888175834168,1.23902434792729,,,3
178.83850905704273,0.8859579604426886,,,3
178.74281009296914,1.655583854000358,,,3
179.63568590824156,0.861307533685283,,,3
179.45152894558106,1.500567211037913,,,3
179.66696224963886,1.4570052669715392,,,3
178.41822824391517,0.7336632636188721,,,3
178.30441407618147,1.4556788736566864,,,3
179.01631405663116,1.3478166899197328,,,3
179.26149638882526,0.6244707918363398,,,3
178.55694728362238,0.3768712926566183,,,3
179.08766347511303,0.474548543920687,,,3
179.22782017149177,0.7696407217279592,,,3
179.59641814110697,1.6309197248479013,,,3
178.27839866599993,0.6621890503375181,,,3
177.98398348935245,1.3200631644680736,,,3
179.4174408354516,1.2706603000768304,,,3
178.80369587723703,1.701218861307794,,,3
179.2915533842168,1.8211951501434176,,,3
179.2461093463127,0.9295520141331284,,,3
178.52172290516097,0.6018951112902906,,,3
178.47505505765903,2.3768202217111294,,,3
178.67705465027095,2.3529221488185827,,,3
178.99984449295152,2.3356199794435013,,,3
179.12899434849305,2.0344393733566446,,,3
179.47203292394315,1.9755338215361753,,,3
178.0925814011251,1.9604525765097025,,,3
178.72683711348537,1.975293502862504,,,3
178.10129468450197,2.1661436379975516,,,3
178.2705995273305,1.8833857733377468,,,3
178.78337226583042,1.254621001510157,,,3
179.16441367743064,1.2055694262417114,,,3
178.92017816666882,2.078634151266222,,,3
177.84420561228603,1.0370228807003878,,,3
179.5997745931027,1.046567384793282,,,3
179.24295330305046,2.046985652985737,,,3
178.5190074662541,2.219730827732344,,,3
177.8561153118127,1.7083684889046926,,,3
178.94085782326115,0.8501685299679924,,,3
178.92909171185323,0.8048415367051966,,,3
179.40979496191662,1.956240338842637,,,3
177.94157141373026,1.9539916002267272,,,3
178.08531282717794,1.410495197674916,,,3
178.05805342830715,1.0883308072803402,,,3
178.81881736547805,1.9670161390707603,,,3
178.50549481018834,1.6124962360764483,,,3
178.77408926083285,1.5950373775901665,,,3
179.65821966156383,0.8990140755120323,,,3
178.7531683347276,2.1562341682010175,,,3
178.89060809713698,1.1253081454212874,,,3
178.85170124086977,2.1721764932583203,,,3
179.2283299658462,0.6613719863273702,,,3
178.0180764092097,1.272960452349261,,,3
177.97971013790055,1.3437935320639451,,,3
178.1606893619015,1.186312897990013,,,3
179.1641591495549,1.4355772235743145,,,3
179.17200747023634,2.141989470289679,,,3
178.93258003422423,1.739240639170826,,,3
178.91321332,0.47034044,,,3
179.56991627,0.67513744,,,3
179.24181537,1.73484491,,,3
179.28440494,1.13044042,,,3
178.73592442,2.32571998,,,3
178.0046724,2.11586477,,,3
178.70517159,2.32518145,,,3
178.47499998,1.71115246,,,3
179.23603995,1.82961808,,,3
179.2089749,1.67309529,,,3
178.55892628,1.43933594,,,3
179.6862214,2.11165589,,,3
178.89262292,0.31403885,,,3
179.21184935,2.24369238,,,3
179.62684801,0.72743676,,,3
177.72781444,1.39451187,,,3
178.63143567,2.50172313,,,3
177.90846092,1.52966271,,,3
178.20990263,1.81638764,,,3
178.41962539,1.48996184,,,3
178.54671794,0.34848277,,,3
178.26825286,1.83830568,,,3
179.38713854,1.81825721,,,3
179.10236627,0.36397993,,,3
179.5292011,0.5929527,,,3
178.45774623,0.43504397,,,3
179.09422463,0.36156514,,,3
179.20267763,2.15000752,,,3
178.96274446,0.72960561,,,3
179.59836744,0.76972471,,,3
177.960569,1.73563172,,,3
178.80200256,2.26541835,,,3
179.15396181,1.42245933,,,3
179.45640722,1.95010631,,,3
178.53748302,0.78665508,,,3
178.53935712,2.04727943,,,3
179.02815401,0.41919624,,,3
179.39972333,1.78438349,,,3
179.20333626,2.3643859,,,3
179.7815599,1.87299703,,,3
179.34567498,1.17461919,,,3
179.13456082,1.59221663,,,3
177.84676443,1.17769049,,,3
178.5113607,1.58939624,,,3
179.05481821,0.44653803,,,3
179.18020345,0.43768234,,,3
179.34731387,0.89686562,,,3
179.49261246,0.5726381,,,3
177.89269148,1.05592876,,,3
178.24393511,1.67354761,,,3
178.46359112,1.84049728,,,3
179.88280748,1.11786222,,,3
179.03408456,2.53087024,,,3
177.93418417,2.03277866,,,3
179.6261062,1.36853725,,,3
177.89767832,1.47360197,,,3
179.21775506,2.01379733,,,3
179.4768947,1.22520343,,,3
177.70685122,1.48538932,,,3
178.47773461,2.26791026,,,3
179.14222449,1.51995453,,,3
179.82170828,1.31333174,,,3
178.01352627,2.00235835,,,3
178.58173502,2.31816457,,,3
179.42400451,1.37718066,,,3
178.19050473,2.01879048,,,3
178.58841385,1.4337615,,,3
178.44709626,1.29153043,,,3
178.55461433,2.50989163,,,3
178.08124113,1.07268927,,,3
178.7520104,0.75263279,,,3
178.79356111,0.39028437,,,3
179.2844485,1.65799603,,,3
179.01345119,0.43072945,,,3
178.68277534,1.75152515,,,3
177.88605211,1.37910946,,,3
178.06989457,1.37368059,,,3
178.55445028,1.20009672,,,3
179.29960324,2.29435824,,,3
178.67712826,2.32179287,,,3
179.22761569,0.3833897,,,3
178.95559274,1.26969841,,,3
179.38063506,1.46275973,,,3
179.25713957,1.79017055,,,3
178.42327323,1.7698766,,,3
179.57927311,1.26703824,,,3
178.00956526,0.65657766,,,3
179.32439553,1.48309801,,,3
178.36881877,1.71365635,,,3
179.22291905,2.39369166,,,3
179.24063095,1.72241619,,,3
179.25171681,1.9574331,,,3
177.91693447,1.01111249,,,3
178.71939579,1.86381773,,,3
178.9006732,1.67158291,,,3
178.63045559,0.80828678,,,3
179.37295344,1.14054886,,,3
179.79311128,1.27443947,,,3
177.77443094,1.36114481,,,3
178.6961423,1.44288548,,,3
177.79557156,1.20107887,,,3
178.14208566,2.11443128,,,3
178.86316991,1.71909313,,,3
178.8274763,1.92687406,,,3
177.79040962,1.27344352,,,3
178.58015216,1.53236556,,,3
178.47057268,0.66160067,,,3
178.79686897,0.77719054,,,3
177.9116471,0.98518827,,,3
178.70361185,1.64282114,,,3
179.14940231,1.49524691,,,3
178.79771452,0.32577755,,,3
179.50406284,1.32773638,,,3
179.34748143,1.70134374,,,3
178.18534908,1.99906877,,,3
178.95718023,1.90614211,,,3
178.83774616,1.51618404,,,3
178.93465945,1.6508967,,,3
179.24254094,1.46518098,,,3
178.19141362,0.63549208,,,3
179.72044752,1.25263566,,,3
178.93588752,1.80341954,,,3
179.12898532,2.06805412,,,3
179.23918116,2.21627628,,,3
179.3624293,1.76682243,,,3
177.95552239,1.45111923,,,3
177.87958182,0.93522114,,,3
178.40210499,1.31135758,,,3
178.55939799,2.04046167,,,3
178.90467173,1.17728632,,,3
179.49449262,1.14327846,,,3
179.78754632,1.32019218,,,3
177.90858274,0.92039392,,,3
178.13041742,1.27510348,,,3
178.01311044,1.81398152,,,3
179.07808274,1.22087542,,,3
178.99108212,1.97718792,,,3
178.44180825,2.37589497,,,3
179.60449231,1.76540546,,,3
178.08400739,1.27140964,,,3
178.88735213,0.78589702,,,3
179.14513952,1.09752799,,,3
178.56855832,0.51155369,,,3
178.75411463,0.40823065,,,3
177.98591515,1.63329218,,,3
178.88811272,2.40151002,,,3
177.79835364,1.69672075,,,3
179.16029452,0.83924359,,,3
178.74035382,2.2368826,,,3
178.18900642,2.06828557,,,3
179.74979414,1.45452532,,,3
179.35710905,0.46770633,,,3
178.80238107,2.49771945,,,3
179.01796973,0.52600641,,,3
179.69352366,2.05083307,,,3
179.2212642,0.95230485,,,3
178.42655199,0.5091177,,,3
178.27877195,1.00543956,,,3
178.3855104,0.95553108,,,3
179.21713157,0.94435647,,,3
179.36505384,1.36816171,,,3
178.66381773,1.24782883,,,3
178.49928884,1.91692789,,,3
178.6404265,0.73568186,,,3
177.92752867,1.55300696,,,3
178.59619418,1.20800232,,,3
179.66232236,0.74901417,,,3
178.49477308,0.82630514,,,3
178.39318562,1.97643087,,,3
178.43661541,0.56332619,,,3
178.72637235,2.29560918,,,3
179.59155094,0.61559156,,,3
178.88450685,1.91433661,,,3
179.68120355,1.12949788,,,3
179.04604955,0.82786579,,,3
179.67104435,0.89474689,,,3
178.00920509,1.54722254,,,3
179.65587152,2.00503055,,,3
178.44215434,1.85209952,,,3
178.69529339,2.23078649,,,3
178.10690619,1.73227501,,,3
179.21972445,1.84333669,,,3
179.80146714,1.07163034,,,3
179.00131741,1.19889917,,,3
178.82922974,2.04271356,,,3
179.3950073,0.80534077,,,3
179.08551408,2.27730168,,,3
179.46964702,2.34703062,,,3
179.05653362,0.43595881,,,3
179.70801879,1.81954714,,,3
179.54272081,1.35684712,,,3
179.13804432,0.44916714,,,3
178.39767597,1.316541,,,3
179.07689267,2.05743857,,,3
179.5112231,1.24586716,,,3
178.36025099,1.40014296,,,3
178.51904105,2.27791521,,,3
179.18457078,1.38360888,,,3
178.42207925,0.8024229,,,3
178.99456279,0.8383721,,,3
178.45923547,2.19299285,,,3
178.13282773,0.83061229,,,3
177.97399509,1.1673618,,,3
178.20715415,2.13108071,,,3
179.11998548,1.42981245,,,3
178.05966255,1.85027763,,,3
177.87459532,1.84171209,,,3
179.23173706,1.01733294,,,3
178.70354752,2.46628342,,,3
178.4037607,1.16362112,,,3
177.85829352,1.02956952,,,3
179.17065626,0.36485141,,,3
179.06372762,1.77699148,,,3
178.86031083,1.06775965,,,3
177.75337776,1.5669692,,,3
179.8702852,1.445178,,,3
178.1421296,1.81519621,,,3
178.60030992,1.44870628,,,3
179.3985245,1.52792205,,,3
178.87762581,0.95989718,,,3
178.39546776,1.94575884,,,3
177.82885956,0.922347,,,3
177.99722781,0.83828226,,,3
179.23642704,1.67615886,,,3
179.02264546,1.76953856,,,3
178.04675144,1.48387106,,,3
178.82351332,1.81569586,,,3
179.20999788,1.35288183,,,3
179.18093447,1.81515654,,,3
179.14144206,2.02667187,,,3
179.25066536,2.16208207,,,3
178.19906602,1.0755098,,,3
179.24067171,1.72243347,,,3
179.32744488,1.93638639,,,3
179.12557081,1.89834771,,,3
177.99374004,0.88973919,,,3
179.07646111,1.29351996,,,3
178.65205462,1.74808693,,,3
177.77386916,1.37662573,,,3
178.14033873,0.60640272,,,3
178.93441722,1.23956353,,,3
177.9402382,1.16256731,,,3
178.47653266,0.51127124,,,3
178.24813426,2.24980161,,,3
179.15147155,1.58151179,,,3
179.50654262,1.68926434,,,3
178.03336722,0.96965425,,,3
179.20549852,0.91745608,,,3
177.86396028,1.83752288,,,3
178.89647285,2.2665099,,,3
178.31627786,1.89487449,,,3
178.44914524,1.81499876,,,3
178.40311997,1.93165279,,,3
178.56636466,1.61174349,,,3
178.12178252,2.02507136,,,3
178.91807063,2.52309963,,,3
179.08317084,1.75518529,,,3
179.27811287,0.75024846,,,3
178.99362514,1.19086085,,,3
179.14588465,2.06591681,,,3
178.48245511,1.74494825,,,3
178.19637719,1.08683151,,,3
178.93648754,1.18392058,,,3
179.76930734,1.89232845,,,3
178.23603784,1.8099738,,,3
178.40561858,0.62605734,,,3
178.2389818,2.05039889,,,3
178.21123055,1.77063701,,,3
178.34480352,1.91997746,,,3
178.46148313,0.7565065,,,3
178.74437116,1.71916144,,,3
177.85357264,0.88852761,,,3
179.80098623,1.16939419,,,3
178.26753715,2.01365628,,,3
179.23575002,1.23105073,,,3
178.96265877,0.65333143,,,3
179.25618892,1.32324508,,,3
178.23266694,1.7956485,,,3
179.09876983,2.49163118,,,3
178.37434212,0.78297868,,,3
178.80786776,1.7287016,,,3
178.32205326,0.78379421,,,3
178.4304352,0.91304786,,,3
179.35314095,0.92333417,,,3
178.08362175,0.656413,,,3
178.89054404,2.26739185,,,3
179.93404209,1.42774344,,,3
178.25883775,1.02721623,,,3
179.25890956,0.96749192,,,3
178.03441655,2.17780493,,,3
178.25636279,1.2628433,,,3
178.79857818,1.66367309,,,3
179.29766932,1.69083336,,,3
178.41033393,1.82795735,,,3
178.98664867,2.26563362,,,3
179.36849974,0.9991435,,,3
178.71957744,2.15105821,,,3
178.29734998,1.92140368,,,3
178.93090005,1.29151032,,,3
178.05442053,1.09420539,,,3
178.64479464,2.45249857,,,3
179.22467564,2.28541345,,,3
179.85757348,1.49890115,,,3
179.86738709,1.23192817,,,3
179.28903798,1.73003378,,,3
179.23121603,1.47706782,,,3
179.8305532,1.03801143,,,3
179.83814223,1.5509141,,,3
179.38351542,2.25100737,,,3
179.26977005,1.81474592,,,3
179.18193772,1.54505465,,,3
179.15640337,0.65192089,,,3
179.54022585,1.30674867,,,3
179.85488522,1.01143409,,,3
178.83236971,1.72493828,,,3
179.70374403,1.52537,,,3
178.38470035,0.49924669,,,3
178.29869653,1.22156307,,,3
178.28362715,2.27410372,,,3
