RA,Dec,redshift,rmag,set_id
212.5816924191076,-0.4070679264388128,1.5469283584251607,21.03725814819336,1
211.5653193813204,-1.0052318631167574,1.6337500229359907,20.945865631103516,1
211.96488067582953,0.1597727947740072,1.212989883388046,21.915115356445312,1
213.18542575554423,-0.0966001196437286,1.3522962331092572,21.296323776245117,1
211.5216465982573,-0.1182962156636296,1.7461984044942782,22.0816707611084,1
212.65971992304745,0.2899434426289625,1.746337868433928,19.1412353515625,1
212.4082459995987,-0.5702642985269785,1.9945177769328728,20.577516555786133,1
212.34779474061745,-1.5784802369271005,1.75952035179542,22.445985794067383,1
212.6651420860738,0.1488217803660253,1.353323544835013,20.353816986083984,1
212.95706882155991,-0.8516556252090003,1.7045986429515323,22.180694580078125,1
212.50513092822615,-0.3972996170893813,1.5119387928458798,22.424522399902344,1
212.20736979773915,-1.1473819131036715,1.9573423203799536,21.23569107055664,1
211.9381152092434,-0.1004093058009168,1.3476749302211497,21.07951545715332,1
212.58145645037973,0.0054607586541156,1.3814078421184162,21.486085891723633,1
212.7167690223457,-1.29728221878731,1.6073249274528556,22.048612594604492,1
211.2923472316049,-0.9061374209641802,1.4814580827235846,21.21050262451172,1
211.81281364105791,0.092006535684635,1.445094616389865,22.18712997436523,1
212.5204242159788,-1.1532629783665709,1.9383704829845256,22.114212036132812,1
211.30244041741267,-0.7738825824925992,1.4285253788055352,19.29660987854004,1
212.6434482769228,-1.7519213755192302,1.368710700032621,19.219144821166992,1
211.40513838078243,-0.3343327908745074,1.7561852036619496,21.02805519104004,1
212.23134831796665,-1.7811360082925505,1.9209116206386052,22.45203018188477,1
211.2913509717835,-0.398061348346023,1.190587807629418,22.46884536743164,1
212.57692085160537,-0.6831741602304039,1.075621673065048,17.699277877807617,1
212.78252369980385,-1.7325315208225915,1.581555579420244,22.424699783325195,1
211.8327310747348,-0.8982391264788483,1.737251318354654,21.31194496154785,1
211.50558011810477,-0.2392482121209962,1.622287239199032,22.43893241882324,1
212.58826791895257,-0.8039367823814408,1.215165335815025,21.47043800354004,1
212.275652257706,-1.505466576319219,1.5686050927028703,22.76278305053711,1
211.91374707195928,-1.4084781914969904,1.7541403091214107,21.699703216552734,1
213.29172116505143,-0.7612241240903006,1.933914073009843,22.87082290649414,1
212.3647724588037,-1.0116108159809964,1.517933643013781,21.998449325561523,1
213.00701191735016,-1.5932529478229411,1.0813313294978355,21.671796798706055,1
212.86626875484777,0.0832987951181538,1.8797307150614224,21.89814186096191,1
212.56705633491848,-0.5755248380239811,1.080201937346421,21.99270248413086,1
212.8068997835473,0.1955147052111948,1.1235075989919114,21.525428771972656,1
212.03623519778253,-1.6717308220609897,1.990457644414802,21.863256454467773,1
212.05687843980635,-1.4583946989336978,1.4887319586235117,21.266138076782227,1
212.31809167329465,-1.2293172520304625,1.6095766323932763,20.875244140625,1
211.9543972155319,-1.4806641092335269,1.9912215912658304,21.807174682617188,1
212.87261800334664,0.2130049771227467,1.3134377466514129,21.4879150390625,1
211.74830380885012,-0.3276923215274237,1.9000399071170897,19.70380210876465,1
212.28725836613583,-1.5724221734584083,1.0512353667593952,20.843217849731445,1
212.9903807661493,-0.0541894973051001,1.0280808799782652,21.683256149291992,1
212.07053933503244,-0.8262066040404666,1.6363893533494642,22.153684616088867,1
212.8477746783656,-0.996091330837512,1.04090326868257,22.163110733032227,1
212.55412362173445,-0.6642166911687055,1.6092867297331284,20.43763732910156,1
212.143913496522,0.0292261823266737,1.9271492515194508,22.21913146972656,1
211.57044929886757,-0.5946619023249555,1.559478509160486,22.67198181152344,1
211.6699585148328,-0.1968319412625866,1.4395315417997183,22.247154235839844,1
212.68728262903264,-1.3638972192671468,1.3727178949615344,23.071271896362305,1
212.9483514011449,-1.4156313604683644,1.999228253521954,20.012706756591797,1
212.41616620687185,-0.3853971261213891,1.5889729772533452,22.9934139251709,1
212.44046087761177,-0.5052477880844509,1.174684611160382,20.891658782958984,1
213.21888756453353,-1.3710153256310005,1.5560856170084545,20.707693099975582,1
212.3409711598749,-0.8995142521121235,1.8737724499949804,21.34064483642578,1
211.6537600863235,-0.831801319979706,1.9968299570874777,22.87493324279785,1
211.78703591667983,-1.4264241166736134,1.1333415069527346,21.786476135253903,1
212.974867059384,-0.4606640671559603,1.1267668348159188,21.45836639404297,1
212.63110546243112,-0.7759542068956022,1.4843754235069877,21.011022567749023,1
211.77492235748696,-1.1693935842530028,1.3287684012325949,20.7120304107666,1
211.73441634759055,-1.2389148201116114,1.17987016880853,20.95560836791992,1
212.2095724202467,-1.7203524581626144,1.5642351918831232,21.587804794311523,1
212.55412362173445,-0.6642166911687055,1.6075890237140862,20.43763732910156,1
212.08271960013303,-0.0979671380232073,1.1221611155720534,20.73620986938477,1
211.62943875321224,-0.8247170589000831,1.9811050691448135,22.194353103637695,1
213.01071129058187,0.1315407966394104,1.6653910013847628,20.380813598632812,1
213.1264935915337,-0.9729591054415916,1.3365881776616906,21.892807006835938,1
211.49225003392863,-0.7408915351989172,1.0133682537943365,20.718246459960938,1
212.95706882155991,-0.8516556252090003,1.705914391258932,22.180694580078125,1
212.48400631645973,-0.0366507550373078,1.737789870267348,22.29570579528809,1
212.33771330471387,-0.8521750559185631,1.9943518973650325,21.182043075561523,1
212.21692608952432,-1.0488236388197627,1.4947183688235004,19.6783447265625,1
212.1265775722667,-0.928760124811603,1.2568456342124594,23.16685485839844,1
212.7292211760877,-0.6262243983728473,1.623312357016315,22.188386917114254,1
212.45007714883891,-0.4259390426470079,1.7938289767687512,19.93992805480957,1
211.77672945109592,-0.142537796707367,1.0538890445453648,20.905845642089844,1
211.30244041741267,-0.7738825824925992,1.4290917755984345,19.29660987854004,1
212.86880685917103,0.1833816820928798,1.7343544706970422,21.18169403076172,1
212.90490665380668,-0.5432267522090849,1.3850851927316603,21.202001571655273,1
213.30053129791463,-0.5247338907838026,1.1276462308388246,20.05316162109375,1
211.81281364105791,0.092006535684635,1.4463481069303308,22.18712997436523,1
212.28554786303468,-0.1477279132341325,1.3037886001809784,20.735219955444336,1
212.23079438684888,-0.1185128978134289,1.9380714153241525,21.48021125793457,1
212.60668016721365,-1.4195887552854085,1.7190644745605217,21.2560977935791,1
212.68974753672836,-0.1391520508561497,1.024553629794094,22.361377716064453,1
212.97516601068057,-0.01497934166406,1.907945061859932,21.581016540527344,1
213.2210664801069,-1.4091308770282858,1.0810552434168816,21.67119598388672,1
212.6733126978673,-0.3494478115661103,1.5524880454799754,19.144454956054688,1
212.26416170711653,0.1920691983389185,1.9292738811356385,20.15074920654297,1
212.80369858495004,-0.0473132546288945,1.932386303536334,20.910844802856445,1
212.95840816458647,-1.3050511439208827,1.5560999145062646,21.50258445739746,1
212.58145645037973,0.0054607586541156,1.3812925831241776,21.486085891723633,1
213.06866295169183,-1.553424263893882,1.7508925201776604,21.355186462402344,1
211.4541148085199,-0.4846565144172396,1.785629432370582,20.511428833007812,1
212.87282727358317,0.2092602192897795,1.1827785758031348,21.479467391967773,1
211.93315216402664,-0.1031083194844001,1.4795966179695186,22.48663330078125,1
211.677685674449,-0.6693964721679356,1.9500838275330128,18.69713020324707,1
212.67667798995024,-0.6492513014052812,1.311719014634115,22.068870544433594,1
212.04044588110543,-1.1948635897549509,1.9240205419559095,22.725341796875,1
212.08220639701852,-0.0972045475726187,1.1234201428403738,21.856264114379883,1
212.78699217614405,-1.5025079490876003,1.1471752718960335,20.78388023376465,1
212.5111637078221,-0.9272401850444868,1.2914475411091777,20.412757873535156,1
212.7487157729748,-0.7509860497338572,1.600017281936605,21.596187591552734,1
212.19056985790672,-0.9345214583621416,1.6473135805247383,22.038698196411133,1
211.91040758750245,-0.6387620384130626,1.5993624854510642,20.640207290649418,1
211.5049508196388,-1.4120000675837192,1.8376223251236188,18.659557342529297,1
212.6134525837637,-0.4351827189277908,1.7942964558345318,22.936925888061523,1
211.5341304952419,-0.1138557964497226,1.5121465416168642,20.966867446899418,1
211.79160261904053,-1.2027741047864464,1.0680952613983077,19.96474838256836,1
211.66344099390503,0.0316811174580082,1.2207255309027585,23.09145164489746,1
212.6157821996749,-1.6202836396825944,1.6294325112907075,21.833032608032227,1
212.03623519778253,-1.6717308220609897,1.9891935056790584,21.863256454467773,1
212.76595649022653,-0.9084976470303004,1.472756574364718,21.704383850097656,1
212.241854237416,-0.2954600050861265,1.891213848767704,23.062143325805664,1
212.94468947325265,-0.2469284227675398,1.26341871589462,20.67637825012207,1
211.8733520026287,-0.5986574164645172,1.3537875284809338,21.07595443725586,1
211.46423108807235,-1.2112569553936507,1.9552997322591477,23.065746307373047,1
211.78814260973596,-1.58499575094353,1.5560019942596444,21.353355407714844,1
211.99321939354795,-1.0634978670507316,1.6144787471067716,20.704025268554688,1
213.08474950366443,-0.5836567656949445,1.9725749162194588,22.44064712524414,1
212.0332938263392,-1.0687523006317403,1.4196321525345543,19.58692169189453,1
212.94468947325265,-0.2469284227675398,1.2638336107234032,20.67637825012207,1
212.70428010758133,0.0085640356451456,1.6588967466369182,21.60801696777344,1
211.54039375122915,-0.4516041686382377,1.6469862398731838,22.32278823852539,1
212.30598223873383,0.099648295616272,1.7335072264120022,20.52759552001953,1
211.83669059044425,-1.160026039503385,1.2667433030275483,20.287424087524418,1
212.1751661395861,-1.0013456671551186,1.6494927397220194,22.688800811767575,1
212.76379424789957,0.1071109983488267,1.9540584948592925,20.512226104736328,1
211.8327310747348,-0.8982391264788483,1.7363526218640375,21.31194496154785,1
212.08271960013303,-0.0979671380232073,1.1214717687900533,20.73620986938477,1
211.72836576781617,-1.4995274448222284,1.985601349577912,20.669248580932617,1
212.1198615591923,0.203606967847403,1.776151039732541,21.09779930114746,1
212.4255140747626,-1.5255208964093032,1.7561173443136822,21.345813751220703,1
212.4532085669367,0.2471977071953229,1.5467638950170768,21.752901077270508,1
212.23976647588896,-0.0639372625333176,1.363805602764281,22.106584548950195,1
212.05542997002604,-1.4072914999054522,1.944998847799355,22.724842071533203,1
212.74019953814917,0.2663889181976431,1.3597071756641796,21.985822677612305,1
211.8211714314107,-1.257566057459991,1.9875807821636151,22.30538749694824,1
212.83857465326173,-1.5507157117943688,1.758676573518926,20.74004364013672,1
211.4395791810909,-0.1041198812754903,1.7593719458244397,22.806114196777344,1
212.83145722870051,-1.173706837861065,1.5762016095742342,22.29610824584961,1
211.72836576781617,-1.4995274448222284,1.9855581183480393,20.669248580932617,1
213.07774136650085,-1.4176081760703765,1.2828010116124808,21.80272674560547,1
211.5591875377,-0.0141659356031999,1.9673399943261505,22.08075904846191,1
211.42396512864977,-1.3291634161063313,1.6962462416724549,22.354944229125977,1
211.677685674449,-0.6693964721679356,1.949375385417922,18.69713020324707,1
211.8220862202131,-0.4336434266793862,1.2499312731684409,20.66378402709961,1
212.0023829204581,-1.777396459293324,1.2211389516961697,21.607667922973633,1
211.461446745705,-0.6142439534362344,1.8149933293971543,22.29590606689453,1
212.63110546243112,-0.7759542068956022,1.485870665696461,21.011022567749023,1
212.09351984198392,-0.5887077301278923,1.6023892355066691,21.26883125305176,1
212.30143999999996,-1.6412737,1.9534822702407837,21.69258689880371,1
211.39243907688945,-1.3155449617947987,1.0696938727843628,22.200712203979492,1
211.7465064615612,-1.3509290479078389,1.2630433967348813,20.397499084472656,1
212.8597818278669,-0.6638243671540182,1.959408546504071,22.62806510925293,1
212.3647724588037,-1.0116108159809964,1.5170504552811446,21.998449325561523,1
212.98327294683,-0.348598768347603,1.6319910278996366,18.705055236816406,1
212.9087335480285,-1.4060808156740434,1.5098215676924374,22.565797805786133,1
212.05925216183024,-0.0983536916497033,1.596372972251987,23.240720748901367,1
212.6338079227169,0.1975281703404674,1.2552742428068426,22.379697799682617,1
211.77672945109592,-0.142537796707367,1.054561530316242,20.905845642089844,1
212.30811384854343,-0.8826790482299885,1.639511576133054,22.283626556396484,1
212.83145722870051,-1.173706837861065,1.576066114349444,22.29610824584961,1
211.65718220347708,-0.932234598354154,1.9678696353152385,22.525278091430664,1
211.8804814414831,-0.9944012780782172,1.851406657078416,21.96943473815918,1
212.56705633491848,-0.5755248380239811,1.0804282039872826,21.99270248413086,1
212.2868710868588,-1.0152281656083726,1.8721514407731352,22.153953552246097,1
211.56025762410377,-0.1489475440120218,1.1347221826353913,21.279516220092773,1
212.57692085160537,-0.6831741602304039,1.074738002603622,17.699277877807617,1
211.79413521370543,-0.8209078590557184,1.5122233104272187,19.06593894958496,1
212.0430414614256,-0.0432134910685705,1.5457649994355296,21.84779167175293,1
211.55136375336895,-1.5698621273029871,1.4006862238771225,20.88529396057129,1
212.23079438684888,-0.1185128978134289,1.937258890088879,21.48021125793457,1
211.90045817542065,-1.284982649781916,1.635165223184226,21.7182559967041,1
211.9422059811604,-1.586932602061249,1.9242712402681343,22.12396812438965,1
211.91040758750245,-0.6387620384130626,1.5992756506522934,20.640207290649418,1
211.6875763201328,-0.1685846467735832,1.3752857465708763,20.69184112548828,1
212.4082459995987,-0.5702642985269785,1.9943154014685829,20.577516555786133,1
212.28659159537924,-0.1527276036524483,1.1432515236996126,21.738788604736328,1
211.9381152092434,-0.1004093058009168,1.3476259233621366,21.07951545715332,1
211.54119076790653,-0.1084526820413064,1.192232909596676,21.4797420501709,1
211.3084487188237,-1.1605193778751208,1.94618118423283,22.059228897094727,1
211.23602356367664,-0.9313970199886132,1.9618836042978276,21.577760696411133,1
212.56468769317613,0.0014142521338475,1.8340819692529196,22.76143264770508,1
212.35782081615417,-1.029855437978368,1.1543399835666268,20.24647331237793,1
212.59325567262024,-1.772302229853964,1.565107982491612,22.193605422973633,1
213.24986,-1.333243,1.079964280128479,21.88912582397461,1
212.51422901744183,-1.793838582164009,1.9847779643435868,23.27422142028809,1
211.527438984575,-0.9031544412034208,1.4785400931172743,19.60729598999023,1
211.3998522708769,-0.7799868343025584,1.9884341259404923,21.234392166137695,1
212.76379424789957,0.1071109983488267,1.9533585038397605,20.512226104736328,1
212.89325938378917,0.0613111647072457,1.971609734652218,21.210195541381836,1
213.14233664940437,-0.0559476944563929,1.8874454276260693,23.23880386352539,1
212.31481120343403,0.1103495951417134,1.928852821328531,23.2882137298584,1
212.54004722117983,-0.9487324387957644,1.6664259703457815,21.3365421295166,1
212.78252369980385,-1.7325315208225915,1.5799426370210348,22.424699783325195,1
211.54119076790653,-0.1084526820413064,1.1920790671248094,21.4797420501709,1
211.25011372889745,-1.1174590007288587,1.7892830390533538,21.96601104736328,1
212.69885740635488,-0.4318934310727693,1.5106951624385614,18.522212982177734,1
212.92932037521004,0.1515005998438976,1.5124652941383567,21.295902252197266,1
212.62011832389297,-0.3671693615677625,1.8095825335838305,22.232555389404297,1
212.480248263864,0.2934916650181488,1.157678054921833,21.160917282104492,1
212.5643635473044,-0.914713526856127,1.858446626316785,20.72722625732422,1
211.67953024532443,-0.6074396450125115,1.603561107770364,22.784482955932617,1
212.13853497668651,-1.0824731698851522,1.4783120588495775,18.39506149291992,1
212.7773347769761,0.0736286888127868,1.6992279347059682,22.88122177124023,1
212.50510341217617,-1.1466528236612432,1.466261023403729,22.816808700561523,1
212.5117275714012,-0.2042956546662971,1.8253177774797005,20.4329891204834,1
211.8733520026287,-0.5986574164645172,1.353853213138528,21.07595443725586,1
212.54004722117983,-0.9487324387957644,1.6663067704182029,21.3365421295166,1
212.25586579855977,-0.4526137905323578,1.819588801149579,21.529605865478516,1
212.4772503167656,-1.7801672340536328,1.9810705995117717,20.69966697692871,1
212.02730955741137,-1.3790904099587549,1.351974074992333,21.92519187927246,1
212.51422901744183,-1.793838582164009,1.9836383095206551,23.27422142028809,1
212.53626734709636,-1.2336652379663149,1.1461292794517337,22.237585067749023,1
212.143913496522,0.0292261823266737,1.9315132159660984,22.21913146972656,1
212.77215281486156,-1.230769697055046,1.588653731000487,22.922250747680664,1
212.62643627066728,-0.7087889646526602,1.6815542757940891,19.161781311035156,1
211.7631910138741,-0.6500428379991301,1.9327139866879368,21.809066772460938,1
213.07775353583935,-0.5400141175084159,1.6322519232142645,18.29632568359375,1
212.95716422155408,-0.6312867571633286,1.0534102940695165,22.5202693939209,1
213.3807396038403,-0.4090818331627446,1.6201680245247936,22.09710121154785,1
211.5798596199949,-0.4484555275652372,1.5083145518745584,22.84722900390625,1
212.00875639550708,-0.6016515365011226,1.8614722496016327,22.36480140686035,1
212.6694498954552,-0.2661502784610219,1.2562786704603446,20.67155647277832,1
212.86414565732127,-0.8462083917755576,1.4761006374840244,22.703523635864254,1
211.29961780183157,-0.8417409434339956,1.3412528849836682,21.0491943359375,1
212.7292211760877,-0.6262243983728473,1.6243806476706657,22.188386917114254,1
211.86267059887865,0.114229221384612,1.1526666077714731,20.04794692993164,1
212.7487157729748,-0.7509860497338572,1.5978888470221153,21.596187591552734,1
211.96177542799177,-0.8319857388745443,1.5232070420136976,20.60354804992676,1
212.5816924191076,-0.4070679264388128,1.5469851923812026,21.03725814819336,1
211.86224849625532,-0.6463326577232976,1.956042012605617,23.27672004699707,1
212.91365407374084,-0.914226667645516,1.7062413385842976,22.565532684326172,1
212.1817163040502,-1.3300400034271331,1.8201435632707033,21.146623611450195,1
211.41101625141073,-0.2793849612833108,1.1235718571782722,22.30337905883789,1
211.5945907055764,-0.4773651725771556,1.0446153878730378,21.943687438964844,1
212.36345767221113,-0.1257075198001103,1.6659858193639692,22.124217987060547,1
212.62011832389297,-0.3671693615677625,1.8093383246377857,22.232555389404297,1
211.35817757525425,-1.290236451148497,1.9211176327262791,22.274091720581055,1
211.50558011810477,-0.2392482121209962,1.623532464470541,22.43893241882324,1
212.4242094137334,0.0812110273602259,1.5086708129758413,21.553749084472656,1
212.05217129222456,-0.464707586524527,1.835881022202759,21.463300704956055,1
212.58826791895257,-0.8039367823814408,1.2146649205679296,21.47043800354004,1
212.62256748789977,0.0709100488763509,1.6749518896240752,21.930309295654297,1
212.35847326753944,-0.5364095472346802,1.896949039058469,22.680400848388672,1
212.8688280982923,-1.5832804135602565,1.4989437755318231,20.79490852355957,1
212.30144205812363,-1.6412741209933543,1.9625673959780237,21.15846824645996,1
211.8624455000684,-0.7417606930238353,1.8494669194287363,22.50377655029297,1
212.04634956077007,-1.152818791453308,1.1273695823531946,21.70623779296875,1
211.68605417758675,-0.8731032257663041,1.78951584013734,22.642255783081055,1
212.683211978404,-1.4571850014746432,1.593735420341568,20.980144500732425,1
212.7266014595048,-1.1360886878132423,1.4137846460456869,20.522340774536133,1
212.0334241680925,-0.6937296397838401,1.7314846786200109,21.849655151367188,1
212.3947401779502,-0.6864977321541788,1.670590996751704,21.9880428314209,1
212.71047433182497,0.1451633578543581,1.2059581634291867,22.373207092285156,1
211.54476625829787,-0.7947995499859214,1.9639824244915487,23.265113830566406,1
213.00701191735016,-1.5932529478229411,1.0808183162498264,21.671796798706055,1
213.0441835139901,-1.220011263536276,1.9371980892233225,21.88787841796875,1
213.2784426914486,-0.5628284193906604,1.9494882188349865,22.392606735229492,1
211.54039375122915,-0.4516041686382377,1.6491585165500415,22.32278823852539,1
213.36882165296927,-0.6379512067094486,1.7349642712758446,22.09537696838379,1
213.13761557357688,-0.979038128353918,1.4082517998734407,21.297264099121097,1
212.9817790535956,-0.6055457648268605,1.3819602944335192,22.487953186035156,1
211.72311911206748,-0.5361528447503485,1.5759731290723478,21.077383041381836,1
213.3368866435516,-0.8563475571008368,1.318846616940642,22.133100509643555,1
211.73697956253255,-1.2313696071794715,1.8615059880303977,20.8494815826416,1
211.86267059887865,0.114229221384612,1.1527295264915247,20.04794692993164,1
212.86880685917103,0.1833816820928798,1.7338355399149166,21.18169403076172,1
212.40856511842304,-1.092064024395964,1.5851913953544905,19.90776824951172,1
211.9976664920554,-0.0439032093559777,1.8218736013922,21.0872745513916,1
212.8068997835473,0.1955147052111948,1.1234960307014368,21.525428771972656,1
212.85008112500037,-0.963143631422836,1.032116428146098,21.765714645385746,1
212.18072759593144,-0.7113713647346639,1.8231182744023056,23.51869201660156,1
211.6776710401295,-0.837305947513569,1.1022037507168267,21.120332717895508,1
212.67389213505916,-0.6977154655521044,1.891651775428331,20.968658447265625,1
212.30598223873383,0.099648295616272,1.7341122412147496,20.52759552001953,1
212.480248263864,0.2934916650181488,1.1573265280940586,21.160917282104492,1
212.1751661395861,-1.0013456671551186,1.6488484955296157,22.688800811767575,1
211.73441634759055,-1.2389148201116114,1.1790392259373406,20.95560836791992,1
212.65725189870787,0.2100921385649805,1.903386480243716,20.472896575927734,1
212.7859991174813,0.220863160976258,1.970855382179888,21.033605575561523,1
212.04634956077007,-1.152818791453308,1.1278837002574242,21.70623779296875,1
212.4434943137434,-0.9842090992548967,1.2936516082287894,18.38912582397461,1
211.3142538124187,-0.3121351416803081,1.2817481137390203,20.495258331298828,1
211.39771614163175,-1.0618630403978435,1.361538516076966,23.062612533569336,1
212.4059752923872,-1.2231421796078432,1.398239345651788,21.066072463989254,1
211.35817757525425,-1.290236451148497,1.923075843426991,22.274091720581055,1
211.45019405004203,-1.3934665822149044,1.1815351182112734,22.23872947692871,1
212.2098146482018,-0.1788994614296956,1.6897800268201078,22.99486541748047,1
213.18542575554423,-0.0966001196437286,1.3520772051868708,21.296323776245117,1
212.08220639701852,-0.0972045475726187,1.1232621920422403,21.856264114379883,1
211.59086235276425,-0.6947698271426969,1.1573294401319802,22.800373077392575,1
212.6201179930246,0.2744420891753452,1.5724203370628655,21.499408721923828,1
212.96835372784628,-0.6511316016942875,1.7694573977612529,21.578054428100582,1
213.38317621994688,-0.8443193386406443,1.7445997207859638,19.380849838256836,1
212.47619306487144,0.1709948344293087,1.664843520123663,21.696748733520508,1
212.9854339584102,-1.636339852166029,1.4678033149600629,19.806396484375,1
211.9976664920554,-0.0439032093559777,1.8224240475320244,21.0872745513916,1
212.65549355946823,-1.4413567253773485,1.97950443537438,18.592239379882812,1
211.77386720445313,-1.722363683217298,1.6847257082733962,21.28901100158691,1
211.36644280732605,-0.8388554598231731,1.7480008707706165,22.909969329833984,1
212.66226303805695,0.3107796945839247,1.7538396663407307,23.09314346313477,1
212.52113756302407,-1.0877505658203444,1.3552446427267038,18.849451065063477,1
212.05706079069196,-1.48721333665547,1.4841529636727673,20.61251449584961,1
211.37166896837527,-0.3917956918352269,1.6429420183281227,22.00092315673828,1
212.50231523629765,0.2986368454120525,1.9946316520136027,21.5834903717041,1
212.2555153467428,-0.220460947739661,1.773629115524299,21.952070236206055,1
212.7080994362316,-1.39826760771549,1.6047553554807843,22.629749298095703,1
212.34779474061745,-1.5784802369271005,1.7594196531795523,22.445985794067383,1
212.3076268215737,-0.0636895978499393,1.958609599916692,23.075925827026367,1
212.56468769317613,0.0014142521338475,1.834078532450825,22.76143264770508,1
212.4021054097672,-1.5539150043516616,1.8836327621746949,20.980085372924805,1
212.6682804796004,0.0917733006242862,1.5111228095312117,18.585243225097656,1
212.62643627066728,-0.7087889646526602,1.6823112985870845,19.161781311035156,1
212.71047433182497,0.1451633578543581,1.2058281455729187,22.373207092285156,1
212.57692085160537,-0.6831741602304039,1.0763460533185836,17.699277877807617,1
212.4532085669367,0.2471977071953229,1.5479445454039535,21.752901077270508,1
212.30811384854343,-0.8826790482299885,1.6396020536265423,22.283626556396484,1
212.45811900357813,-0.3265365414499719,1.3681564332141094,20.21265411376953,1
211.677685674449,-0.6693964721679356,1.951203967565589,18.69713020324707,1
212.89056138985265,-1.3374824543456816,1.3110103797955084,19.048973083496097,1
212.19349849920056,-1.2887558985875915,2.306317829329532,20.491199493408203,1
211.97722382894423,0.2200510015962354,3.7226188405263625,20.083845138549805,1
212.5117275714012,-0.2042956546662971,1.825676169802119,20.4329891204834,1
212.0152084718674,-0.408763659621034,2.4772171984734053,21.88401222229004,1
212.74900603629197,-1.1870030761051371,0.8404647725988805,18.693218231201172,1
211.6738764779702,-0.537916025446252,2.2042172738440384,22.34231185913086,1
211.294905756316,-0.5798206955673005,2.236985078233464,22.454015731811523,1
212.2634443537029,-0.4057634294107919,0.7455877232222741,21.312101364135746,1
211.47876482787368,-0.8395668317700506,0.9246149692299556,20.582624435424805,1
213.14447415597672,-0.5833444013860725,0.1272033737834534,17.393848419189453,1
211.60012025967697,-0.7217232199922632,2.227812037591456,21.860307693481445,1
212.1545617335504,0.1439973015462024,1.3511253774764107,20.01668357849121,1
212.09693129200215,0.2588056102522835,2.4681727243729954,22.63758087158203,1
213.33518195446197,-0.5131769627230008,0.6996674903897654,21.181716918945312,1
211.98342775566184,-0.8872017072356824,2.297658661742553,20.404521942138672,1
213.2278066988039,-0.863730396834956,2.453083449067175,21.84486389160156,1
211.711901640856,-1.5610325049860845,1.7689390969961658,21.14165687561035,1
211.52161161872704,-0.5803450329820439,2.339238147946676,19.882274627685547,1
211.9362649396839,-1.4920006990696022,2.1755787587605164,23.010093688964844,1
212.13016085820556,-1.4348239470054354,1.49371170501675,23.65546989440918,1
211.5374578073371,-1.540786054484744,0.7484247150101675,20.474855422973633,1
212.72537516519864,-0.0673391704599747,3.2719361114119625,21.350175857543945,1
211.3835702589594,-0.6894420061026127,1.2282585793173424,19.57946395874023,1
211.7683456299664,-0.4880025213002584,2.3908564930215586,21.864728927612305,1
211.42359162806903,-0.944023280565302,1.909545405445657,22.375879287719727,1
212.275652257706,-1.505466576319219,1.5663320600445263,22.76278305053711,1
211.4238728205548,-0.6253438995738339,1.7731461309921697,22.14177131652832,1
212.72422993135635,-1.3962624160298391,1.410757852800051,22.16761779785156,1
211.93315216402664,-0.1031083194844001,1.479020505288923,22.48663330078125,1
211.29564361430545,-1.1464439675870657,1.119301139105735,21.449487686157227,1
212.62755810986064,-0.1002536199535897,0.3605841444763493,20.147859573364254,1
212.12549852981505,-0.8339034300539455,0.5844425674747017,20.30393409729004,1
211.39484393727173,-1.1304933795818404,0.6290863226124334,20.037303924560547,1
213.12158534070048,-1.136234855347668,1.7238479685451225,21.22084045410156,1
211.56194157968497,-1.4938343614213692,0.5523516740184007,18.33329391479492,1
212.72537516519864,-0.0673391704599747,3.2715372464015897,21.350175857543945,1
211.8220862202131,-0.4336434266793862,1.250099738010353,20.66378402709961,1
211.99815274029143,-1.219088121955315,1.9927048524187037,21.201318740844727,1
212.98692368482384,-0.9514431815057844,2.0171286235447727,22.13409423828125,1
211.20387928270557,-0.5643575702259102,1.98417561068699,21.649261474609375,1
211.73141,-0.86374741,2.4258577823638916,19.75018310546875,1
212.21692608952432,-1.0488236388197627,1.494182148510515,19.6783447265625,1
212.32837185808503,-1.6969091744917149,3.2216319808273752,21.107553482055664,1
213.0653933993442,-1.1004425158397129,2.354603044927349,20.97134780883789,1
212.6042476661929,-0.5482242476896879,2.8748007520834404,23.391357421875,1
212.36185151990475,-0.6085178050255606,1.503294697901232,21.79244804382324,1
213.07775353583935,-0.5400141175084159,1.6331523547148008,18.29632568359375,1
213.3617814433835,-1.0622770663080725,1.1857725369503576,20.49011993408203,1
212.1850168662424,-0.0958725769922789,0.2608902992736537,18.825706481933594,1
211.76769742209456,-0.4054521725783515,1.974264255654563,21.17157554626465,1
211.3264952987348,-0.2611014988380845,1.63072937453416,23.625484466552734,1
211.41649070076795,-1.3994931234346395,2.7084602391592036,19.15302276611328,1
212.4023236798331,-1.7410264908541024,2.254189985076267,22.843917846679688,1
211.94102829121056,0.2307597920354292,1.9483036093142505,23.33233070373535,1
211.3142538124187,-0.3121351416803081,1.2816063725737008,20.495258331298828,1
212.15665546972627,-0.5306928124952092,2.1714413704336484,21.410127639770508,1
213.0679802903204,-1.02785766140198,2.4346871550731404,21.94121551513672,1
212.0421872779877,-0.1864469589423307,0.8197818833366977,21.569480895996097,1
212.65110226378224,-0.1319720661589994,1.3642227150854742,21.008901596069336,1
212.32218491562895,0.3084703772283124,0.3301814698865126,19.426877975463867,1
211.60089857711552,-1.5434009971830132,2.163424073820265,23.5710506439209,1
212.37719118908663,-0.3284362981357177,0.6910711031512153,21.844158172607425,1
211.7390431461604,0.2061712491990292,0.8942266937615296,21.456512451171875,1
212.14766559555505,-0.8411795037399777,0.8823556881261818,22.28422164916992,1
212.74065621771243,-0.0939116336934633,1.4497689763154629,21.897106170654297,1
212.35782081615417,-1.029855437978368,1.1521226137696092,20.24647331237793,1
211.29262161541257,-1.2135153320147176,0.8316007635599767,20.66802978515625,1
212.48061399625092,0.1907138608524786,1.814270922804195,22.822017669677734,1
212.241854237416,-0.2954600050861265,1.890950981781096,23.062143325805664,1
212.5296820400134,-1.334082893212671,0.3206294053814786,18.88469886779785,1
212.14412056146645,0.275637577221529,1.2242636748780755,20.56243896484375,1
212.9182178981524,-0.4328792334973312,0.8325577196385803,22.22857666015625,1
211.6966972885539,-0.4067797236261331,2.140058223254648,22.675233840942383,1
212.55586425807184,-0.4250898757733595,0.7868404150694059,20.294103622436523,1
212.29462275803596,-0.1387997988031925,0.9984503045700492,20.666393280029297,1
212.81199155114564,-0.6165070470762288,2.4188796943776256,19.159086227416992,1
213.07469789312833,-0.8911192758476774,0.928802323172081,22.072126388549805,1
211.67632675983475,-0.4768491565284444,2.628030747642944,23.16962432861328,1
212.9659617464793,-1.0102410391716254,1.573378244515887,19.970048904418945,1
211.79413521370543,-0.8209078590557184,1.5119243192461231,19.06593894958496,1
211.4730526664499,-1.041847729940392,1.749962508107599,22.135562896728516,1
212.4948519355976,-1.813882572894547,0.7631112293292613,21.811599731445312,1
212.0978023832652,-1.830751973373159,0.7910506048766339,21.235994338989254,1
212.0006295285266,-0.2804916063563097,1.0494502577773148,21.890485763549805,1
212.9483514011449,-1.4156313604683644,1.9992403789415287,20.012706756591797,1
212.7773347769761,0.0736286888127868,1.7002023033692684,22.88122177124023,1
211.7571534920371,-1.3439624148322014,1.1245795843033086,21.580976486206055,1
211.4709553910272,-0.2879006326988053,1.2529313349041211,22.38669204711914,1
212.1444215590173,-0.7764074154792074,0.3621353567727086,19.856868743896484,1
212.1751944600383,-0.1241049900245848,0.2380687456557864,19.52641487121582,1
211.97471346512697,-0.5051727136473453,0.1672067257206456,17.12689781188965,1
213.03616101607625,-1.5758104559129893,2.314323379669863,22.737327575683594,1
212.56611998884705,-0.1599718856348843,2.306779035352527,22.432233810424805,1
211.26644704783777,-1.038660369244455,0.9019775790139508,21.0377197265625,1
212.98327294683,-0.348598768347603,1.6311326993919677,18.705055236816406,1
213.35129384965887,-1.0677443318368038,1.3082132752727256,21.53042221069336,1
212.27791944697995,-1.2890461720514976,0.6217016221364522,19.076889038085938,1
212.48400631645973,-0.0366507550373078,1.7368834758071896,22.29570579528809,1
212.05706079069196,-1.48721333665547,1.4847238973468175,20.61251449584961,1
212.434568156768,-1.4579628729944911,0.8769961410349859,20.431142807006836,1
213.01868508157497,-0.7640480278517282,2.4559104006973818,23.39271354675293,1
211.43298077641776,-0.4399912047633688,0.7444119883774044,21.745481491088867,1
212.33771330471387,-0.8521750559185631,1.9951692062098272,21.182043075561523,1
212.2537498206132,-0.4633609174336068,2.156826995549826,22.3453369140625,1
212.60160578860925,-1.0828602845757889,0.5436495327223698,20.32491683959961,1
212.7591599526561,-0.4662987464119431,1.793520637948702,22.285694122314453,1
212.97516601068057,-0.01497934166406,1.9082053761488784,21.581016540527344,1
212.37719118908663,-0.3284362981357177,0.6910249844187056,21.844158172607425,1
211.6826129349573,-0.4386259519322687,2.929485157251508,22.545019149780273,1
212.099331094061,-1.5300892991362127,2.6713543339991173,22.82533836364746,1
212.99033503021664,-0.1477639087510444,0.5267328440565924,20.11115264892578,1
211.81262911810236,-0.2584180849857698,2.2687124829597023,20.479026794433594,1
211.68755521888295,-1.6208671956124645,2.8819799783519655,22.018665313720703,1
212.56618064722028,-0.1031311751423809,2.221602569029669,21.838228225708008,1
212.90490665380668,-0.5432267522090849,1.3847393106721917,21.202001571655273,1
212.6161678468476,-1.3108747758750583,1.2155665645249434,22.21800994873047,1
212.29518799488477,-1.3797359189087308,2.6281047805926434,18.24108123779297,1
211.9307188903624,-1.2384921260551485,1.185422660912629,22.14612197875977,1
212.1807522766714,-1.6773198307190378,1.8720350896587017,22.179914474487305,1
212.4616772454006,-1.3106860821651287,0.1392791074101124,16.670413970947266,1
211.94772659570427,0.1945165666687211,2.11374428874888,22.27886962890625,1
212.99161955107843,-0.8227247882206167,2.4572993926572475,22.83938980102539,1
212.41145079460784,-0.0557975819587397,2.083214826311845,21.81914710998535,1
213.3077488540712,-1.191873499796287,0.6932784449370009,21.21674346923828,1
211.8660605270272,-1.0018502403500948,3.122243901985663,22.63033103942871,1
211.527651310312,-0.1419532151519389,2.938475320847247,20.957918167114254,1
212.32439333058772,-1.7662809714643335,2.68231627494035,19.475337982177734,1
212.690483186721,-1.4142110679392983,1.6087810534890643,21.754974365234375,1
212.20442685180453,0.1679114802898808,0.8181001573404627,20.790302276611328,1
211.3419832898615,-0.548091986341869,2.726089748110648,23.117090225219727,1
211.95828471786905,-1.6612612243660771,1.3680272435436571,20.195459365844727,1
212.3496349371769,0.3711855437885962,0.7049946076003002,20.834238052368164,1
213.01944825643355,-0.8434598259344994,0.9262018587525516,22.69204330444336,1
212.82532944104224,-0.1418256582101717,2.6293152985042725,21.04784393310547,1
211.97722382894423,0.2200510015962354,3.722184121768258,20.083845138549805,1
212.6883741916087,-0.4810613722175711,3.5015400945698643,20.334951400756836,1
212.66478968881364,-0.8932306898061181,2.0937604134110774,21.89192008972168,1
212.3409711598749,-0.8995142521121235,1.8746636855992165,21.34064483642578,1
212.22427348895923,-1.4830733254370256,2.3450072765933148,20.49135971069336,1
213.08718563296108,-0.1372892116777561,2.1830888557313295,22.740694046020508,1
212.4747766480569,-0.0315731952172751,0.9069564367746088,21.30672264099121,1
212.59772159386245,-1.0417218462360518,2.519480530393737,20.918701171875,1
212.1236191946948,-0.7037443728172466,2.7226724861711102,22.66758155822754,1
213.23080169024732,-0.9904699782449484,2.3838619169953845,23.404294967651367,1
213.38482101063053,-0.8193319281600685,4.180175871150892,19.579565048217773,1
212.4598136664716,-1.4557024641683884,2.683281883968952,21.699790954589844,1
211.85091961952503,-0.9208841405901276,2.298983723772438,20.211030960083008,1
212.9659617464793,-1.0102410391716254,1.5737112927336523,19.970048904418945,1
213.23890185708373,-0.9846195432561928,0.1878779499876211,18.216270446777344,1
212.99455016823651,-0.6538141863909676,0.8340185082326937,18.81083869934082,1
211.70292263736007,-0.9239481369473694,2.5500642643639746,23.104673385620117,1
213.32698604511012,-0.3518489377438649,2.344183593386619,21.202598571777344,1
211.58989134291153,-1.3559733883185487,2.1511910290517804,18.89151382446289,1
212.208018249375,-0.6345423255534842,2.387069847268485,22.66814422607422,1
211.62542276800065,-0.3276603945262272,0.1067043252848438,19.363990783691406,1
212.91770311294255,-1.668775094882386,2.014176690097696,23.15407943725586,1
211.6877296694528,-1.5083010081564625,2.6373175192997036,22.293684005737305,1
213.1910408021481,-0.1992514444956061,2.297516887451483,22.124765396118164,1
212.6841587087266,-0.2318460498528386,0.7926097187353998,21.10474967956543,1
211.98911984465468,-1.2315610956221978,2.05371148661692,21.776002883911133,1
213.18303692365848,-0.4055184075434037,2.2643133374414366,21.945541381835938,1
212.63626402968455,-0.680351032942289,2.3813799274664933,22.429800033569336,1
213.3368866435516,-0.8563475571008368,1.3183386281753389,22.133100509643555,1
212.35527046861037,-0.4690272746065194,0.8923956056283626,19.894601821899418,1
212.91365407374084,-0.914226667645516,1.7045565454524731,22.565532684326172,1
211.92541163627163,-0.3466706548211204,2.417044763879919,21.86332130432129,1
212.8375467194949,0.148774448018306,0.8528122090618051,20.908891677856445,1
212.28725836613583,-1.5724221734584083,1.0509102297317603,20.843217849731445,1
211.7142523306559,0.1706620755685642,3.021233726551008,22.28208923339844,1
212.26996337492545,-1.284390243123479,0.7491304184554973,21.66802024841309,1
212.90998651715825,-1.0860630834120242,1.418502335251331,19.345157623291016,1
212.3961132059694,-1.0796423420910382,0.6392262526675676,20.41374397277832,1
212.13853450926308,-0.8009853263822472,2.1297892854325795,21.35811424255371,1
212.0768988082025,0.2192493971344405,1.2258406124604175,20.12183380126953,1
212.56061518866508,-1.128360457160552,2.893132175812086,22.141189575195312,1
212.84408501082433,-0.9698139830244416,1.0762296299573793,21.555234909057617,1
212.94108777648896,-0.7015855570261379,1.0244696183325095,20.775142669677734,1
212.04146597204397,-1.5050513408975688,0.4340579665020724,20.09337997436523,1
211.44599541935364,-1.2989708267312463,2.349693466633501,22.707754135131836,1
212.1545617335504,0.1439973015462024,1.35162889895175,20.01668357849121,1
212.4781119297719,-0.4791532197889494,2.0562529437549784,22.75044059753418,1
212.77536680943075,-0.7083963262919355,2.222574440357978,22.563806533813477,1
212.4817231213675,0.3454577714849023,2.8215784231203744,22.512134552001953,1
212.65549355946823,-1.4413567253773485,1.9798959754015664,18.592239379882812,1
213.1019474086425,-0.4947692396112721,0.3788247928287964,20.57010078430176,1
212.73988867306153,-0.6445666139267622,2.0643957661965864,23.122636795043945,1
213.218293644035,-0.8060200552916797,1.6504670784112447,23.204381942749023,1
212.511892279648,-0.9514079625326588,1.4563970322638653,22.418088912963867,1
211.80596285973743,-0.7012000315612311,1.9610026162744256,22.11429786682129,1
211.98342775566184,-0.8872017072356824,2.297475819401085,20.404521942138672,1
213.08178036632023,-0.1621380550369079,2.320604309655329,21.040428161621097,1
211.73697956253255,-1.2313696071794715,1.861595374692272,20.8494815826416,1
211.71968089217535,-1.0329938695943444,2.1331519032522985,20.522722244262695,1
212.73925350436664,-0.2823038134695527,1.8064008646551648,22.98571014404297,1
212.0334241680925,-0.6937296397838401,1.732671218203267,21.849655151367188,1
212.38796534728593,-1.8714985681462557,0.7985774390045757,21.535449981689453,1
213.10745109856575,-1.4477397839851085,1.7859457879251304,23.32289123535156,1
212.32218491562895,0.3084703772283124,0.3301672505032158,19.426877975463867,1
213.20434088379545,-1.1153379375858146,2.7707228418975904,22.16358184814453,1
212.7713813074967,-0.8035477166650972,2.3672727192451304,21.907609939575195,1
211.2064924550425,-0.5447331260485363,0.9904921094289456,22.975566864013672,1
212.82532944104224,-0.1418256582101717,2.6280370361076857,21.04784393310547,1
212.5758149001481,-0.1277629645098524,0.2870120579814178,18.917924880981445,1
212.98144978292927,-1.464674963327436,2.8156353754274006,19.70048141479492,1
212.51787,-1.1457095,2.9770166873931885,19.35049057006836,1
212.7414245757123,-1.1095628838917813,2.326724090262662,22.34892463684082,1
212.73906118715,-0.8402980181145394,1.3791618178200618,20.955276489257812,1
213.4019498147064,-0.4584694567634184,2.154725640609643,21.91459846496582,1
211.65718220347708,-0.932234598354154,1.9685467111119064,22.525278091430664,1
212.81199155114564,-0.6165070470762288,2.418882325079427,19.159086227416992,1
213.10021510138233,-0.5968927838465636,0.7266788307519324,21.422443389892575,1
211.60864802049673,-1.5700176180247123,2.159601829889383,21.875703811645508,1
212.3284,-1.6968869,3.2287867069244385,21.155702590942383,1
213.3170303941017,-0.8698484885046499,1.801996075440935,22.59494972229004,1
212.22427348895923,-1.4830733254370256,2.3448464112535525,20.49135971069336,1
211.82631602746292,-1.725067084240989,1.3499820816727135,22.74478530883789,1
213.1988379175947,-0.4578328003623108,1.606651462332962,20.2739200592041,1
212.03305881287176,-1.6565827298472626,0.6398696892341416,21.076143264770508,1
211.28838891662463,-0.8598008517880943,0.9852173907494932,21.535417556762695,1
212.9817790535956,-0.6055457648268605,1.381774778182557,22.487953186035156,1
212.5239561622006,-1.6793395884943942,2.4663212860139416,20.35424041748047,1
212.59325567262024,-1.772302229853964,1.5659319023043643,22.193605422973633,1
211.58989134291153,-1.3559733883185487,2.1511437380707426,18.89151382446289,1
212.0023829204581,-1.777396459293324,1.2213774951163203,21.607667922973633,1
212.7266014595048,-1.1360886878132423,1.413781205288289,20.522340774536133,1
212.6084452539768,-1.7069470086065637,3.2169258496360267,21.422134399414062,1
212.56618064722028,-0.1031311751423809,2.2218672089635616,21.838228225708008,1
213.3650790874048,-1.1208678898074256,2.080962275294093,21.04014587402344,1
212.7875957094987,-0.5796208184602925,3.0678720554714434,22.074148178100582,1
213.3476493155365,-0.5936124790421098,1.1833553261062768,21.108652114868164,1
212.27470780649415,-0.7716327213777041,2.26915628527856,23.166955947875977,1
211.59981919836875,-0.226707333187944,1.0519211159083897,22.001728057861328,1
211.8804814414831,-0.9944012780782172,1.8524290661264704,21.96943473815918,1
212.6488558310891,-0.7417892602648227,1.8348019712108177,21.749134063720703,1
212.38028570131505,-0.5367002931693448,1.808349410691529,22.49587631225586,1
211.6583654857052,-1.631350741837171,1.946516108954956,20.43990135192871,1
212.97833354435156,-1.536293053825039,1.766609079895267,22.469552993774418,1
212.4187890110759,-1.2188571263285877,1.4727930891502994,20.316001892089844,1
213.05898439073468,-0.4551235272812315,2.125787573398206,22.29511451721191,1
213.0091709068797,-1.050300435085482,1.405507775815587,21.863008499145508,1
213.2433477941101,-0.6798573626864448,0.856359279190735,21.84832191467285,1
213.2191155676867,-1.1439668689470568,2.072102351536155,22.365827560424805,1
211.41764952100925,-0.6364244866247716,2.399692127835626,21.419179916381836,1
211.60939138539345,-1.0417360075062958,2.443381667840518,22.23708724975586,1
212.43044284399997,-1.2457850239439474,2.5451690358041907,22.00704002380371,1
213.01071129058187,0.1315407966394104,1.665576248842375,20.380813598632812,1
213.13142537379403,-1.242451953054197,0.2509554055521155,21.380434036254883,1
212.37626942556795,0.1906286385651408,2.0855414782829773,21.153705596923828,1
212.0325052499678,-0.2133304341944324,1.473029726796463,20.846649169921875,1
211.82426435935872,-0.9867785455327562,1.7807475643385868,21.46779441833496,1
211.60089857711552,-1.5434009971830132,2.1627125122682527,23.5710506439209,1
211.8102503467299,-1.4504668305977504,2.6440818017660805,22.605546951293945,1
212.9013035830908,-0.8595154563850289,0.2131057859064612,18.69787979125977,1
212.90967651375476,-1.4013432853358248,2.3138520337016577,23.39423561096191,1
212.81984711511268,-1.3384658043283884,1.2684672910519377,20.274351119995117,1
213.18431393629265,-0.1534567645280524,2.292903936688486,22.501201629638672,1
213.2550913015653,-0.191868933504381,2.703041395685262,21.12725257873535,1
212.2463989759408,-0.3087471846548687,0.9631354821681865,22.45001983642578,1
212.2492440940203,-1.057403830690099,2.1231865352756336,23.034439086914062,1
212.62202509449816,-0.6065925847156841,1.0586300997114684,21.292308807373047,1
212.47387701569812,-0.7520915166502555,2.0478460568138295,23.797435760498047,1
212.4140679730609,-1.6447940499185485,2.4675209092776793,23.125301361083984,1
212.51027420994103,-0.1028585885606183,0.7106141461538733,22.018047332763672,1
211.6101263695276,-0.1356865086809721,2.225902040579925,21.850942611694336,1
213.08640000000003,-0.24721787,2.2877426147460938,21.94852066040039,1
212.73925350436664,-0.2823038134695527,1.804467494215759,22.98571014404297,1
211.94772659570427,0.1945165666687211,2.1154617912646194,22.27886962890625,1
212.0631567837912,-0.1628304342785784,0.7710434070759752,19.7198429107666,1
211.43313040134456,-0.3161767284536967,1.3995498057985365,20.400165557861328,1
213.02339258145972,-0.8513843904128475,0.9169124647119165,20.95511054992676,1
213.0910197085544,-0.0881870531614608,2.911136471974703,20.598350524902344,1
213.0441835139901,-1.220011263536276,1.937738759315244,21.88787841796875,1
211.79214437421953,-0.0508085563137897,2.01008981186627,21.343353271484375,1
211.5526054286193,-0.7713364188997702,1.1256124404942347,22.256792068481445,1
212.57727616923037,-0.2454120507063623,0.5526995245747242,20.03055191040039,1
213.03797050107025,-1.4525411083591844,1.2833469323955755,21.895009994506836,1
211.3084487188237,-1.1605193778751208,1.9468174063736696,22.059228897094727,1
212.18251272963332,-0.2639151000638629,1.1504978001189197,21.686609268188477,1
213.3053905106072,-0.2898789505470305,2.221307926219635,20.01286506652832,1
212.19593724534633,-1.6793575054113108,3.418658698857179,21.04194068908691,1
211.8051969855488,-1.0315966111414263,1.6196550277991708,20.535703659057617,1
212.7414245757123,-1.1095628838917813,2.3259531883183264,22.34892463684082,1
212.415613814326,-1.502267244192328,1.7573628465635214,21.873937606811523,1
211.35130592025277,-0.5192963950746801,2.0868746052059115,22.49621200561523,1
212.5567413650708,-0.2913960332322935,1.0807075268938378,21.616268157958984,1
211.99905423154135,-0.6829394690352998,2.8420945860479283,23.560775756835938,1
211.45878070917607,-0.09768725736818,2.092267976691425,20.789226531982425,1
211.9479966080881,-1.7242849027344305,3.2135523071456618,20.447885513305664,1
212.2411746472135,-0.88338489376928,0.6362816270588387,20.848438262939453,1
212.4598136664716,-1.4557024641683884,2.6832776277992467,21.699790954589844,1
211.4730526664499,-1.041847729940392,1.7502866334927227,22.135562896728516,1
213.08369685628836,-0.4545057356051971,0.3781841608371626,20.494647979736328,1
213.0504183327895,-0.4586920586323103,1.526037997080144,21.89397621154785,1
211.74830380885012,-0.3276923215274237,1.9001351056123763,19.70380210876465,1
213.3807396038403,-0.4090818331627446,1.619599323216601,22.09710121154785,1
212.0214343097243,-0.8146198190396624,2.567686751170351,20.36459732055664,1
212.5296820400134,-1.334082893212671,0.3205463341117926,18.88469886779785,1
213.02031449182525,-0.3762388099658622,2.2304409539077605,20.05050468444824,1
211.26644704783777,-1.038660369244455,0.9020474229771744,21.0377197265625,1
213.2201629184036,-1.3525435936603725,0.807755516774467,22.82379150390625,1
211.7839573369888,-1.3671136964608437,0.9121340048594524,20.69261360168457,1
211.7300087743376,-1.2859679047147143,0.911663238006151,18.175981521606445,1
213.38433670717615,-0.5094343050983298,2.2380719276668155,21.980348587036133,1
212.78699217614405,-1.5025079490876003,1.1475917949126202,20.78388023376465,1
211.83669059044425,-1.160026039503385,1.2665068376144402,20.287424087524418,1
213.14817344113652,-1.0586710553395284,1.5180565358265965,22.43901824951172,1
211.68428992716605,-0.7944637177891835,1.812675856452755,22.15730094909668,1
211.98911984465468,-1.2315610956221978,2.052485835201522,21.776002883911133,1
212.3429471371558,-0.0292625881743542,3.252063898215137,21.07758903503418,1
212.6262372185105,-0.1011971606704103,0.6930753688500587,21.150175094604492,1
213.12491957154285,-0.7407823988561597,0.8955200881057511,19.30488967895508,1
211.85081745696488,-0.2052446316046541,1.0541805017294148,21.756933212280273,1
212.4804289760139,0.1199530142284045,2.240099378326434,22.53689193725586,1
212.9134389524316,-0.0866725842831639,2.4941785915525485,20.477094650268555,1
211.3998522708769,-0.7799868343025584,1.9897648247125104,21.234392166137695,1
212.59772159386245,-1.0417218462360518,2.519676423528151,20.918701171875,1
212.52505692092984,-1.0003866965634338,2.1533537393707363,21.78409194946289,1
212.5098178281951,-0.7913372169761458,0.3671465900282276,19.198339462280273,2
211.47653873849157,-0.3139069151636144,0.7768403220877311,21.279809951782227,2
213.23815054418563,-0.5470374202614566,0.1269040049928039,17.982215881347656,2
213.13922367678595,-1.159582053244917,0.4012882784520399,19.950754165649418,2
212.6485019239218,-0.0012742983567374,0.7970953100059125,21.900144577026367,2
212.47236153952824,-1.6046433528491388,0.1126969921068336,18.136276245117188,2
211.8741135169671,-0.1120281251333195,1.0127992967746726,23.32911491394043,2
212.66494225076875,-0.2098575170397043,0.9529871563790524,22.700849533081055,2
212.54747748834023,-1.4027394899421577,0.6499272336441543,21.29502868652344,2
213.1970676892695,-0.821149892750852,0.9228928376143158,22.413728713989254,2
213.14058734182785,-0.6718362436121486,0.9547756544924236,22.94945526123047,2
212.95534075011545,-0.5096557699863412,0.9809293289067842,23.772563934326172,2
211.96402028994905,-0.3437164381136057,0.9679672204273926,23.33275032043457,2
211.6399344647795,-0.3599814353442578,1.130409058500916,23.098583221435547,2
212.70250081494495,-1.656676017219847,0.9355550672379552,22.619863510131836,2
211.8421907016428,0.2741731255060791,0.253795756958578,19.897729873657227,2
211.38894781656845,-0.6151526428624228,0.0703122659133483,16.520631790161133,2
213.20989523553737,-1.3848470270955764,1.013489609122015,23.697662353515625,2
211.6903684705663,-0.9731700630119402,0.2707761365170524,22.71636962890625,2
212.98999416666027,-1.0336529292474954,0.9802650410012635,23.51157569885254,2
212.6233453165792,-0.1594048612137967,0.2580263937610336,19.1427001953125,2
212.91954893892,-1.028521639647262,0.9507138733330496,23.655641555786133,2
212.50685949497247,-1.5021624621227998,0.9914963135812388,22.800128936767575,2
212.36883435318185,-1.0877232110224626,0.9148056448724836,21.883623123168945,2
213.26664064917065,-0.969156311875421,0.8108900482629674,22.893001556396484,2
212.35075144233429,-0.128423358780134,0.6276541852358394,23.154193878173828,2
211.77637386584493,-0.213587139916911,0.2112468338446648,23.643115997314453,2
212.631528117402,-0.379735766682924,0.2086836730366911,18.71949577331543,2
213.02383058557265,-1.31119255367662,0.9063865300866544,21.406200408935547,2
211.72530528161192,-0.3274189043711717,0.8232060897085608,23.059690475463867,2
211.25180015465216,-0.5380431746505774,0.6065871190961286,20.879304885864254,2
212.6267363471645,-1.6963952372005284,0.7572825846897469,23.072162628173828,2
212.08698217419732,-1.0759870615070726,1.49883340147532,22.939790725708008,2
212.31600000000003,-1.1209089,0.6316169500350952,21.690275192260746,2
213.30109060849065,-0.9679342573197176,0.7737335741617822,23.284690856933594,2
211.97689068508103,0.2910385782479269,0.8307284782172231,22.64589500427246,2
212.3351212355483,0.3527615883435947,0.7592441042227241,21.878761291503903,2
212.6238545653379,-0.5388906217059594,1.1853869125155403,23.56026840209961,2
212.22099172829087,-0.8810079921893176,0.5339925860562861,19.907255172729492,2
211.49555601140597,-1.0152832928297169,0.9945993111280044,23.508424758911133,2
212.0202763038457,-1.440355495327328,-3.3930509444453076e-05,18.238828659057617,2
213.0259363067991,-0.1473562314475724,0.3592136460075479,19.353382110595703,2
212.78851045478683,0.2595716692964881,0.6403694188088581,20.25524139404297,2
212.3161111257014,-0.7020073045122057,0.9994144068638896,23.872716903686523,2
212.0513805720781,-1.724545382554291,0.4697398764348874,19.883739471435547,2
212.9138335032753,0.0251651725100918,0.1620827468997954,20.81002426147461,2
212.5275665608117,0.3354079728254509,0.9696180181823288,23.097896575927734,2
211.9400010678768,-0.8824628265934267,1.447049078804356,23.870189666748047,2
212.02431311498268,-1.009919570270915,1.1232852043556731,23.48982810974121,2
212.77696572615105,-1.1751621413964597,0.3726619014388548,19.402820587158203,2
211.5086269364548,-0.1811002953895398,1.397294966530604,23.656869888305664,2
212.18562909375163,-0.1201152397783873,1.0924715745874862,22.748266220092773,2
212.88035168630017,-1.2610802815734043,1.2054653289197552,23.257511138916016,2
212.63758888340095,0.0200089651717688,1.1778536432830022,21.974882125854492,2
212.71682615972065,-0.4110188748923709,0.5890319094402101,21.01805877685547,2
211.41449664765,-0.8053457143634002,0.3159116323404248,19.582616806030273,2
212.26808728698063,-1.356141165846727,1.144687196705425,23.605289459228516,2
211.78427,-0.4638353,0.5669532418251038,21.65732765197754,2
212.50225,-0.2371428,0.481877714395523,20.91720962524414,2
213.00105180148157,-1.240487504801368,0.292599142916832,20.235942840576172,2
211.7067548976425,-0.2075296698935032,0.4676445882113783,20.140033721923828,2
213.08645678010288,-0.0203005842093209,1.0475006360196093,22.140928268432617,2
212.69522012245056,-0.0556882543770008,0.1790354619022909,19.240646362304688,2
212.37181681682856,-0.7991273110057173,0.828458530012171,23.468482971191406,2
212.0962981858156,-0.05123302001107,0.839311952520951,23.063419342041016,2
211.35278697647428,-0.3084726329935657,0.2405177257054497,23.00393295288086,2
211.4235292379013,-0.0905664646622447,0.9991124994958136,23.1936092376709,2
212.7047813384617,-0.7251837088462929,0.4206627115683315,19.808483123779297,2
212.808,-0.55853612,0.6912477016448975,22.117910385131836,2
213.1145282123146,-1.3826365670604546,0.1786606978010706,20.849315643310547,2
211.83002261629431,-1.0019370295279475,0.2593773846766127,19.60420608520508,2
213.062846075832,-1.3936506172976928,1.4770837242494397,21.7590389251709,2
212.33402296636208,-1.5927232892784975,0.1392129187162826,18.847667694091797,2
211.9010913249491,-0.4730732925083756,1.027076791735254,22.87577247619629,2
212.98127499863057,-0.8126757134290754,1.5342416038607811,23.541074752807617,2
213.18364357319993,-1.4024338068134443,1.0076758679902535,23.19205665588379,2
212.5722658979539,-0.8509587096775428,0.8718580697208265,23.01774024963379,2
211.95427929211743,-0.6842200832444605,1.1288824352421691,23.546876907348633,2
211.92003715553437,-1.505956387250493,0.8072966457772558,22.666648864746097,2
212.37807809826845,0.2737968689809417,0.8767214935154027,23.37504196166992,2
212.85334659449657,-1.4046391744194078,0.1988896333677319,18.347244262695312,2
212.49071228857144,-0.2733182848946045,1.0771771917339548,24.822729110717773,2
211.5994491209505,-1.2416721973592637,0.6466499306063557,20.425416946411133,2
211.60780782248003,-0.1018998819587742,0.4608682307637139,19.51791000366211,2
213.09603143132765,-0.8769999142532501,0.8415437959799529,22.698322296142575,2
212.59985063195933,-1.3809310194596351,1.1605277943811032,23.006372451782227,2
211.60095494205112,-0.1719321881906835,0.8485861386496902,22.62431907653809,2
213.06940302832328,-1.13218592988246,0.1380305154255746,19.86153984069824,2
212.40056194523584,-0.9350454730339426,1.0818015343805305,23.362934112548828,2
211.38212016025335,-0.4811187208326305,0.8607507937923348,22.146203994750977,2
213.1501942431984,-0.7145183980706409,0.3816104082598449,18.606876373291016,2
211.37793758966143,-0.5619365906097078,1.0755586390316774,23.811115264892575,2
212.775607620694,-1.4186316374502446,0.3756005074031418,19.888734817504883,2
213.3284407686672,-0.91648140268801,0.3813237272517498,20.379703521728516,2
212.81054743802804,-0.1003554403011222,0.90844813361068,22.053598403930664,2
212.16936677904135,-1.482711845902754,1.1692183458002,23.094993591308594,2
211.7711949128274,-1.1358979368607738,0.1387497000422958,18.78706741333008,2
211.604471601133,-0.2450294940076777,0.7777016506660657,23.496257781982425,2
211.9226260470624,0.087115663777224,0.113122227533737,19.806392669677734,2
212.50272310612613,-1.0628578953104155,0.0493493051374048,16.993860244750977,2
211.5086269364548,-0.1811002953895398,1.3971549869451252,23.656869888305664,2
213.23514295002457,-0.3280689189779259,1.04746891214417,23.593345642089844,2
212.2206158234158,-0.1376177589287782,-0.0003778268636546,20.789766311645508,2
213.20687299051025,-0.7190752939866362,1.3484888143646,23.406755447387695,2
212.1711361947307,-0.0121529045035247,0.1658081539813758,21.702747344970703,2
213.06975676044308,-0.2606819114388041,0.4249467475186869,19.392364501953125,2
212.78379726336684,-0.1104158292802692,0.2728180637936661,18.499616622924805,2
212.0100775050856,-1.7923068562668103,1.116865475158444,23.40174674987793,2
212.12535712606308,-1.276903668844086,0.2108217044542723,19.07135772705078,2
213.0802072122557,-1.0604693910794925,1.0262263011155357,23.004562377929688,2
213.25009310016733,-0.3534655054758234,0.3819049193889932,19.70511054992676,2
212.98413719802608,-1.0547302549425002,0.9454820975436588,22.159677505493164,2
212.8219000732175,-1.202121577584522,1.5011549735947969,23.7435302734375,2
212.3159641050342,-1.1208804874076697,0.6315493179711406,20.828943252563477,2
212.09314675061003,-1.1808342190595813,0.139846907305195,20.119054794311523,2
212.8615908070333,-1.0435032056708404,0.9888994345691404,23.934717178344727,2
212.8381915159599,-0.1030464526361339,0.1467493180295755,19.543243408203125,2
213.14835399615083,-0.2241696520848971,0.825064154970687,22.216480255126953,2
211.7205357131513,-0.6283066014356862,0.262323119448746,18.35110855102539,2
213.20877367325295,-1.4334874426950714,0.9125902754869256,23.419828414916992,2
212.76453298295175,-1.590699616249328,0.1617834674197613,18.622512817382812,2
211.28135479916617,-1.0245093660181748,0.8886999149189236,22.689754486083984,2
212.82685447266152,-1.5989727157377571,0.1799193102963172,20.310585021972656,2
212.378033115819,-1.8474148117053408,0.1381463829129453,19.849454879760746,2
212.7295157608002,-0.6635779975455983,0.3180271858928279,19.214006423950195,2
211.7987839156918,-1.0709724570979056,1.5346658366965922,22.46871566772461,2
211.77114120517976,-1.4893529903938345,0.0286566611032348,19.40827178955078,2
211.7795268563945,-0.2782126708242379,0.1390943328037349,17.98329734802246,2
211.57354412323653,-1.501823691711615,0.1123237828319352,21.082090377807617,2
211.67520981737948,-0.5090812630699275,0.5601874727122123,21.09662437438965,2
212.9213292285025,-0.0865041358582725,0.2930588260799408,18.149337768554688,2
213.13527240813752,-0.9498324168285855,1.1204866618597165,23.280101776123047,2
212.5528722098719,-0.3598815465172436,0.7925963914712404,22.36601448059082,2
212.8679945803254,-0.2791183406488828,0.1134279362735885,19.65699005126953,2
213.1575313754145,-1.3552495251386694,0.2239810568800284,19.067441940307617,2
212.41349037462436,-0.9691050581162308,0.6541518752951413,23.72892951965332,2
211.9387969312932,-1.810802276638668,0.4014069326553192,19.96427345275879,2
211.56639456235007,-0.8984170030620965,1.1530329937156076,22.947669982910156,2
212.7825667816401,-1.7286470138583885,0.8400765609422495,22.960697174072266,2
212.63245764237377,-1.2390946215889358,0.1975929408053675,22.91136360168457,2
212.47018605709255,-1.4517776779150144,0.8579869638891774,22.952407836914062,2
212.38576241609783,-0.6726590407492127,0.3619700306647413,19.566650390625,2
213.30963705834773,-1.030537881273792,0.7714704324387782,23.219398498535156,2
212.18403442182804,-1.0431960078925826,1.5781051182967318,24.03133201599121,2
212.05259365264055,-0.72625854389245,0.7443707632813746,21.420326232910156,2
211.88355213577168,-1.5497227134472653,0.8083052314632472,23.105010986328125,2
212.58264618573273,-0.7276181109329461,0.2787753107415389,19.73285484313965,2
213.06940302832328,-1.13218592988246,0.1380821315132758,19.86153984069824,2
212.40956326706248,-1.840994089684412,1.3274157194019345,23.51216506958008,2
212.771302537728,-0.9838549981414744,1.0438027126573128,22.986419677734375,2
212.75781463198757,-1.6062866975124623,1.225994467460151,22.272472381591797,2
212.16582279762116,0.1962690106993151,0.1338769603918303,18.930397033691406,2
211.62744179574673,-0.0002910296324139,0.1641988949261063,17.882278442382812,2
211.4630854600458,-1.4477682082921135,1.03958565837268,23.44292449951172,2
211.9554440213543,-0.2193256216443273,0.7715470376068895,22.116125106811523,2
211.5297882044067,-0.4552493823469246,0.0843743604642731,23.014036178588867,2
213.1633574908107,-0.503560552099437,0.377591398752294,20.36345863342285,2
213.19551351536265,-0.8046520127143815,0.9299348060654686,23.675859451293945,2
212.8269025504447,-1.6737276678648665,0.1727450066959667,21.06366539001465,2
212.18381679967587,-0.8945148527083069,0.4489052376349904,21.91292953491211,2
212.68782163455705,-0.2897600858411205,0.5304006435769882,20.21123504638672,2
212.222550867883,-1.3184293001666592,0.8337185584806115,23.331377029418945,2
212.05710626154163,-0.1610256110499104,0.0943979601352563,19.18573760986328,2
211.4843535187171,-0.6331596215621176,1.379129085222854,23.413352966308594,2
211.47085591391644,-0.4766634500856176,0.2516870044038044,19.169321060180664,2
211.4654879663969,-1.1301164155972625,0.2739746620585355,19.37030601501465,2
212.27140425568456,-0.0595655610344403,1.0471941148999715,24.0262393951416,2
212.79618184768097,-0.9226638154536352,0.1720984473792483,21.103227615356445,2
212.50559371985923,-0.8539558323418877,0.4140265340880452,19.841575622558594,2
211.7453377443287,-0.0204892077414785,0.8744814832905841,23.052082061767575,2
213.0872843371166,-0.0754557900105571,0.2830539474448026,19.181541442871097,2
212.610242230144,-0.3206572085525374,0.814347965923262,22.96405792236328,2
213.10784350981865,-0.1618327135420463,0.4183909736902478,19.0589656829834,2
211.54266433691143,-0.7237145517220274,0.1080663542025897,22.7536678314209,2
212.30824334363513,-0.4009412937630143,1.1385811314198044,22.08462142944336,2
213.10341005993223,-0.0750449109218283,1.4659410300291629,23.07220458984375,2
212.95925372694063,-0.0508390060855225,1.0308741365655358,23.00416374206543,2
212.9870500940975,-0.1194239615623071,0.3385515476339752,20.00110244750977,2
213.3114507166211,-0.846386248677159,1.000238569814876,22.443437576293945,2
211.2501983604975,-0.8077551259452236,1.6054019467243057,22.932451248168945,2
213.12678432535665,-0.5061702878822661,0.1177006171570009,20.946945190429688,2
212.9995526979437,-0.8755726498206218,0.126333433295722,20.518657684326172,2
212.5970410936891,-1.6833460639759354,1.2891897164492745,23.511220932006836,2
213.23974560641128,-0.7990484210787296,0.186690804980932,17.821338653564453,2
212.50340402320217,-0.3347165439972678,0.0707619278316533,17.776634216308594,2
213.35504637778988,-1.009379545312294,0.3346220493078576,19.162811279296875,2
212.743686930635,0.0171621037755885,0.1790284630870546,19.205236434936523,2
213.14445740733677,-0.1430973157222238,0.2727154952059084,18.873565673828125,2
211.76652149891268,-0.0857178782102678,0.4268412598268361,18.714000701904297,2
212.4013160231358,0.0821168514251221,0.8929500691681355,22.391183853149418,2
213.06319491815964,0.0538365133382164,0.0539323491267583,16.997602462768555,2
211.35150376283653,-1.078827168807733,7.888619292145586e-05,15.968737602233888,2
213.0612400203,-1.0465116002777437,0.6310508659638231,21.744741439819336,2
213.12149730005248,0.0050565086514907,0.1931143614325545,19.48948860168457,2
211.43839607732673,-1.1321464513988406,0.8069801971423848,23.148778915405273,2
211.8874182630365,-1.0346635488989486,0.1749896386835491,19.485305786132812,2
211.7894391730383,-0.6839112863085907,1.2870626765494022,22.36754608154297,2
212.12510028291737,-0.8984346553367705,0.1137584980478712,22.58732032775879,2
212.23650735700124,-1.167132971526363,0.7916588127445336,23.746959686279297,2
213.14759146371028,-0.2874313131700829,1.479254948707055,22.258878707885746,2
212.77128781176296,-0.8380867097723655,0.6959321587318302,19.957321166992188,2
212.1235416514682,-0.4422204717549584,1.1281081057157394,22.815448760986328,2
212.38513116431963,-1.2926060606266891,0.1390892682979629,17.47994041442871,2
212.3795994865683,0.0177015158218965,1.496543240206384,23.987268447875977,2
212.6345133100384,-0.2378157499940169,0.1387186510114399,17.153139114379883,2
212.24898006663912,-1.4449814405206027,0.6389154778418692,20.620738983154297,2
212.29129326977636,0.0350458310929056,0.8467583423471573,22.452634811401367,2
212.2559449526134,0.0679463223813053,0.822727558370048,22.6302490234375,2
212.76062946816523,-1.7266567146529914,0.1844404594364672,20.313934326171875,2
212.07363921516932,-0.202125601706469,0.2625073785241316,19.78523063659668,2
213.293696779799,-0.4132300424722459,0.38073242382875,19.87862014770508,2
212.26031096356343,-0.6541998396560341,1.216362462943703,23.120851516723633,2
213.0699067253751,-0.3677721443710987,0.2819986814948312,19.49255752563477,2
211.99886420346076,0.2183502153295954,0.184766499293988,19.454486846923828,2
211.46086904103296,-0.6639931669674637,0.822724807495226,23.4879093170166,2
212.16075301165884,0.2401178786808607,0.3137920677947269,18.426860809326172,2
212.78828766714636,-0.4668380611915632,1.4603108773090752,24.390125274658203,2
211.82193521523297,-1.1004356130111326,0.0430392551679804,23.566831588745117,2
211.62719463549067,-1.5012012643446164,1.497550089175831,23.343738555908203,2
211.30743805729867,-0.4434059399374707,0.5465060851086361,20.99392318725586,2
213.04534230885596,-0.3450211268470579,0.3125900140208278,20.05066680908203,2
212.8213563857593,0.0297291939167336,1.25764753907536,23.423452377319336,2
211.45967209229283,-0.8757591656145223,0.9238688568480636,23.126081466674805,2
212.4492305266939,-0.8998840132423106,0.0909882753221129,23.077537536621097,2
211.96473534067573,-0.7120854675236048,0.174755200842936,19.422439575195312,2
213.05276995802012,-0.6129100003194871,0.0249237443380151,16.919994354248047,2
212.97872417452552,-0.3995100780244476,0.9558574170107632,23.95766830444336,2
211.78923998067856,-1.6778716136826912,0.1132300064497421,19.877742767333984,2
213.06825876161088,0.0253963109184037,0.8948589665780369,22.761404037475582,2
212.11145200370063,0.0141145779752826,0.7331400304059862,21.680370330810547,2
211.44977954689224,-1.12646008563565,1.0703223630779,23.54849624633789,2
212.16872913409404,0.0891718217550011,1.2925627100825272,22.987428665161133,2
212.3143652809011,-1.0264850964966026,0.7539174291141818,23.63209342956543,2
212.52758101950687,-1.3217267212402704,0.1171115645054456,19.594337463378903,2
211.9370538077519,-0.9307037814078768,0.053882744810943,18.11543083190918,2
211.89769056954688,-1.474972256241205,1.1597505681797533,22.455219268798828,2
211.97816865880213,-0.8707400231753506,0.9107178011978002,21.72603225708008,2
211.9261616455194,-0.8206469068988166,0.3525231343460206,19.936283111572266,2
213.1226494372549,-0.9099608563313416,0.6318500120610325,20.88531494140625,2
212.84291477283196,0.0072799808214534,0.1678644063648604,18.77973175048828,2
212.75583314216652,-0.7816947923465998,0.2388970306404003,19.08984375,2
212.67049580396895,-1.735277156117647,0.7641822513673296,23.384763717651367,2
213.36379317238752,-0.8395806967158155,0.1172189687484468,17.217735290527344,2
212.6759347639043,-0.944463022289332,1.1024634048266495,22.46086311340332,2
212.21361140808048,-1.769574912191515,0.7063199191268361,21.379335403442383,2
211.4882563921205,-0.2733368210223798,1.3768119910745735,24.0196590423584,2
212.1820697825081,-0.5823860807729261,0.7042149287013952,22.94590187072754,2
212.49243343655633,-0.7744007006747285,-0.0005707484891552,22.561567306518555,2
212.9500616977548,-1.3230388407427491,0.1825967346211632,18.031919479370117,2
211.8638768230242,-0.1138058205462873,1.1961537717085535,23.585433959960938,2
212.7712738548907,-0.9116838815934016,1.4699669655760506,22.588464736938477,2
211.60717412874175,-0.0362724339295262,1.1609503021168228,22.95698928833008,2
212.37572791826244,-1.1616756742898895,0.2747450654815788,19.64400100708008,2
212.5539587011382,-0.6205230442709753,0.8132277400063507,23.615283966064453,2
212.9112385612885,-1.386285913686993,0.1957981133831088,20.404205322265625,2
211.5517409026506,-0.1066267629360163,0.3184078048534662,20.16977310180664,2
212.22098353894577,-1.869506193390512,1.300008237227717,23.081817626953125,2
213.17955876037203,-0.8944538510856602,0.8389052308066904,22.16818046569824,2
213.40376304432465,-0.5521517972289837,0.8127280726394618,22.979637145996097,2
212.70641120770583,0.0005885881060975,0.1868801548885738,20.16907501220703,2
212.5902401509671,-0.1508457193176967,0.0477410670367633,18.005229949951172,2
212.53481750689443,0.1907988527122542,0.8171377013843478,22.293447494506836,2
212.62929109916783,-0.3202997236642788,0.272887731834339,20.26708984375,2
212.9870500940975,-0.1194239615623071,0.3390382716480115,20.00110244750977,2
212.0341436523231,-0.2245192722748757,1.5346254927255427,22.52117919921875,2
213.1627941869273,-0.0433069372968826,0.2824902315569791,19.24199485778809,2
212.54982932009725,-0.1980430758739933,0.8235591723906306,22.07337951660156,2
211.40961713423437,-0.0931382613762887,0.3557482600723169,19.56443977355957,2
212.71042062832151,-1.2007661340790223,0.1509323408056244,17.79635238647461,2
212.59737113798425,-1.3072933050830111,0.7768051715301209,21.70684051513672,2
212.04538463731652,-0.8041213481661941,0.8800299761551368,22.970115661621097,2
212.7281795374054,0.1490911623854914,0.1978331194836316,19.49980354309082,2
211.57101936416575,-1.2684866829214712,0.5578605317038202,20.583599090576172,2
213.06355329611915,-0.2050736457874581,0.1933726909075864,17.836843490600586,2
211.67991472988967,-0.590548578877561,0.0525493312401856,19.1494197845459,2
212.25056702859797,-0.7975110874956679,0.7683855983323657,22.6292781829834,2
212.26601170311227,-1.8305644952848663,1.2007805290126083,22.664031982421875,2
212.4257775443456,-0.9740945775015756,1.06544809973207,22.03999137878418,2
213.0457433935827,-0.5834952400780382,0.1358245168560408,18.377017974853516,2
211.75531702685365,-0.9993946074459092,0.6443117030890049,21.05953598022461,2
213.3204706268632,-0.9004490943813522,0.6758590688731034,21.186126708984375,2
212.19921979032577,-0.419657987043588,0.1716895247118586,18.046165466308594,2
211.82127816486843,-1.7345021869491477,1.1929936021494625,22.499731063842773,2
211.52106494369025,-1.5030474675430487,0.926033571031686,23.283180236816406,2
212.9927501569743,-1.039402117395654,0.1813986788492735,19.367189407348633,2
212.66598653263665,-1.0315180257956655,0.3721770806101059,20.28293800354004,2
213.13642768494083,-0.8257019766898083,0.1388176644333599,19.85942268371582,2
212.85987251249705,-1.562007699014194,1.0731084476542287,22.64440155029297,2
213.02889091222664,-1.4111754978478206,0.7879380246536283,23.24644470214844,2
211.77165862965327,-1.470755854635834,0.4419589382610182,20.06041717529297,2
212.91137355962127,-0.0779630454432664,0.1134777944155584,18.380653381347656,2
212.55303410361705,0.2675416468055025,0.8048970484745112,21.933000564575195,2
211.83023062276015,-0.3215907326556939,0.3017000243580693,19.771175384521484,2
212.09693257274927,0.1095445155957366,0.8244286364655887,22.83231735229492,2
211.43051023322752,-0.6951642224725343,0.1802038014222517,18.466949462890625,2
212.22325671965953,-1.8036955457655417,1.0567517359563552,22.86292266845703,2
211.5455043382113,-1.1495863987857544,1.4932512514119518,22.73969268798828,2
212.1648190768046,-1.1292981079003754,0.4866912148965953,19.990646362304688,2
212.34286207704656,-0.2271537488413244,0.2629233574041648,20.094219207763672,2
212.7886130954375,-0.5112649409204918,1.3057917892417117,23.66459274291992,2
212.49475652926213,-1.8393933464808565,0.4114523224776159,20.286333084106445,2
213.37956952973175,-0.453375120420534,0.8574195887741115,21.950092315673828,2
211.6790331451512,-0.7980717269903882,0.3831208748789149,20.05209732055664,2
212.61429045488785,-1.696501400050562,0.9460084840878964,23.648155212402344,2
212.38242553604647,-1.150177916100669,0.273564186130119,17.77838706970215,2
212.0831702860797,-0.4494491557002749,0.880366247072681,23.100561141967773,2
213.0283972834265,0.0524704158797867,0.2345018556865383,20.206214904785156,2
212.57317665113456,-1.8113719113717153,1.3035370799697954,23.517826080322266,2
212.06677358829663,-1.0240498991018292,0.7269981502856039,22.787433624267575,2
213.3784566789261,-0.6513454400153428,0.8292834280614199,22.863380432128903,2
213.05131117522015,0.0045476126037986,0.1840895404856337,18.109901428222656,2
211.3093177587025,-0.4870821826321053,0.0702733777763231,17.126190185546875,2
212.3932796272749,0.3585649987957925,0.3173233922189641,19.37103843688965,2
212.60588994428383,-0.6400797514263914,1.2894195309307528,22.7993221282959,2
212.04253731883568,-1.624099961746232,0.5462567602544017,20.32442092895508,2
212.55909812463904,0.2521640612260067,1.0276357338046178,22.91040802001953,2
211.9220395580918,-0.8990588857911901,0.2710301333847442,23.52737045288086,2
213.1061043001446,-0.8201997234001783,0.1861980891074471,19.399120330810547,2
212.7690318272635,-1.4590222150640664,1.297051847817047,23.646215438842773,2
212.70641120770583,0.0005885881060975,0.1868838184520052,20.16907501220703,2
212.0881852872221,0.1633984301607147,0.9380850795903236,22.02048683166504,2
213.29961923979977,-0.9491657771626464,0.6742727759446647,21.361873626708984,2
212.81582671464616,0.0014864083759727,0.849309368646492,23.314605712890625,2
212.28264495118265,-1.8513776034834435,0.7616335623892767,22.60761070251465,2
213.09713322128857,-0.4376453902526718,0.3691379453908736,20.788284301757812,2
212.3420761282671,-1.349631387210953,1.6096586698894937,23.620222091674805,2
211.5060861746624,-1.1833836248901628,1.2856097051908753,22.690732955932617,2
211.8359701632542,-1.5830629537016734,0.817216342352518,23.072664260864254,2
211.76876300905224,-1.438984747000043,0.2067072728041693,20.052032470703125,2
212.19482131312213,-0.350452991218342,1.4189441026602805,23.55643844604492,2
212.69984550194343,0.2353445954327163,1.0809722086196043,22.607742309570312,2
211.7366548460933,-0.0884246870267257,0.9407670922157384,23.101348876953125,2
212.0030154522422,-1.2694218478496002,0.8154988221117135,23.05310440063477,2
212.25446354869703,-0.1844229108015798,0.8291973065843605,22.87637710571289,2
212.01089139914504,-1.344034152640754,1.20906247268779,23.49979019165039,2
212.91420110993604,-0.7402639664143336,0.8220055889502873,22.063352584838867,2
213.11572671766064,-0.5030752105362896,1.3837452922447828,22.87346649169922,2
211.65067469237965,0.0167355211832692,0.2622729366913453,20.283769607543945,2
211.92205469596624,-1.7096635288910735,1.0047998348143083,22.413057327270508,2
213.27495160166208,-0.1668479354806954,0.811842405939277,21.785964965820312,2
211.8866317238704,-0.4773164000667347,0.8933994778712379,23.113161087036133,2
212.06133837992695,-0.985696599132294,0.2642864212579463,20.372730255126953,2
212.28699041847037,-1.1266748526689534,0.8338125843392769,23.62568092346191,2
211.46702637333004,-0.4101527411473131,0.6483765927393662,21.2454776763916,2
211.97225561647463,-0.3243963438276863,0.0531518194761526,14.862508773803713,2
211.63768084621336,-0.4119769953512473,0.2002630908741537,19.29374885559082,2
211.83890105704927,-1.3772575338000246,0.1163892643113851,22.682323455810547,2
211.54789517512953,-0.3409906985584933,1.1636483963867077,22.26918601989746,2
212.73757638764923,-1.5485994501554772,0.109864909626348,23.332788467407227,2
211.5408922522169,-1.1572703508845952,0.2862807817154643,19.573532104492188,2
212.36293297978136,-1.461608834138043,1.5928362285575457,23.1702823638916,2
212.54718786406576,-1.195154684710816,1.0549385769842266,23.05653953552246,2
212.5880483181767,-1.3074294085667009,1.2340675113803763,22.98949432373047,2
211.5340277238048,-1.4104482374283556,0.9160664842129542,22.955820083618164,2
212.5020137935645,-0.1977954653392148,0.793800339908288,22.708223342895508,2
212.14279101333685,-0.7898490638733883,0.0255272116072804,18.376270294189453,2
213.050400557948,-1.1515821646546736,0.1805123790744369,19.852100372314453,2
212.0702009857202,-0.6941604383268943,1.192783823822763,23.02819061279297,2
212.88987805756375,-1.090636423024208,0.535402784454966,19.77595329284668,2
213.1793203682488,-0.1042004061496498,1.304002930226045,23.748069763183594,2
211.58035586072515,-0.2258006220766676,0.2609220150107063,20.286243438720703,2
212.67157824166716,0.2887062872165643,1.1143975444686451,23.242830276489254,2
213.15977736488296,-0.5439027944248936,1.3549322434965976,22.584697723388672,2
212.4682091098945,-0.0827378967309938,0.9407946957177392,22.59637451171875,2
211.9437560208252,-0.8371113749220557,0.5127904026214488,20.60454559326172,2
212.54823396722915,-1.5510485444462172,0.1166245388051706,21.469839096069336,2
212.0439966367422,-0.5963484758496995,0.0539354762712966,21.412351608276367,2
212.32288146509023,-1.1038891132609614,0.2040765953872658,18.600337982177734,2
213.00077868374515,-0.033823888134317,0.2924184489184658,19.33101463317871,2
211.6879049741188,-0.5491864560521349,0.1384966806122044,19.36825180053711,2
212.99577809951623,-0.0456766846008252,1.338704247733108,21.739166259765625,2
212.83697693804856,-1.3326689215351295,1.0558735688319096,22.997007369995117,2
211.65592150868065,-0.4093205831735988,0.2361623108052011,20.17435836791992,2
213.26390795904555,-0.7869288483673815,0.9125571983932942,23.40523147583008,2
211.7459683654446,-1.3919660383171402,1.1561701185492987,23.131885528564453,2
213.2467662215509,-0.8632861926401107,1.1853842796799907,23.322824478149418,2
211.99999603472992,-1.2919631935352127,0.1164810931147616,16.316974639892578,2
212.8670616979361,-0.3211570699377816,1.3074319121552744,23.05722999572754,2
211.92995249813023,-1.1091916782495392,1.2908844559132977,22.997211456298828,2
212.51257133236413,-1.8150067711375608,0.2625816454694726,19.13998794555664,2
212.0466333029348,-0.2276433980016472,1.0402302999288278,23.00212860107422,2
211.71300139045508,0.0494813003140507,0.7360771840616147,21.728288650512695,2
212.54216470226245,-1.2874162618351714,0.1177145438265445,17.767536163330078,2
212.2447857123712,-1.3839017510334402,0.7729318529331665,22.501951217651367,2
212.26608197908112,0.0139550253816376,1.0363041353563502,22.874452590942383,2
213.1970676892695,-0.821149892750852,0.924981399751424,22.413728713989254,2
212.6322648832132,-0.2368156640294731,0.1391879136813711,19.75823974609375,2
212.94568024903887,-1.4049663633184193,0.6205277289507638,22.33192253112793,2
212.15264600972696,-1.4843498678371452,0.6430874176072051,21.51613998413086,2
212.26785584207695,-0.9832609241275306,0.8090547975240265,22.79991340637207,2
211.5823397829662,-0.8795139999428645,0.2688895669920944,20.2145938873291,2
211.57560076822912,-0.6921321736208674,0.2625000637679199,20.172561645507812,2
212.68964294021973,-0.8538721447827008,1.158382099160013,23.136682510375977,2
211.9361995065004,0.1161992157715365,0.3811264077317909,19.72791862487793,2
212.55668480899487,-1.3538077596267024,0.1139132084603683,19.30965805053711,2
211.3648974448668,-1.1026513822303283,0.185882186328618,19.441207885742188,2
211.6242350493056,-0.8481670912592402,0.1436730243672159,19.63047790527344,2
211.9066766033213,-1.3435265403703118,0.8569479000861748,22.855470657348633,2
212.9917096443372,-1.2951220274874806,0.972720081116895,22.504589080810547,2
211.7863027230524,-0.3929569592283278,0.3830015143866166,19.58233070373535,2
212.3299924568778,0.2921544378404752,0.0530961066294354,18.147611618041992,2
211.43628683750276,-0.9019435208524572,1.0135466050426936,23.429790496826172,2
213.12418342561404,-1.4592077868078603,0.8010555834936389,22.837417602539062,2
211.3727641516931,-0.6978110283157263,0.820857838603368,22.438018798828125,2
213.0106827106326,0.0965829990515256,0.1950825267797446,18.717849731445312,2
212.33716598178495,0.3148027490666658,0.7922610909128898,22.54697036743164,2
211.94376141236825,-1.5155329025140347,1.01923997860321,22.266050338745117,2
213.266273841098,-0.5103337061221997,0.122138576435988,22.61321449279785,2
211.90469185193177,-0.6241797047125178,0.8747332667392175,23.421850204467773,2
211.6674739053053,-0.8560392890291542,0.341987719972801,19.62510681152344,2
211.78040694281657,-0.326971836232828,1.3757065398174655,22.845237731933594,2
211.8707204464824,-1.6626321130484738,0.9903052825642756,22.27178001403809,2
212.45768477360448,-0.4437236797762817,0.236677881833008,19.565649032592773,2
211.88794528080064,-0.4489175170170567,1.1504320625732702,23.278032302856445,2
212.51903210206436,-1.8324496162865476,0.2722963368759191,20.027250289916992,2
211.7816732780308,-0.7281108556167518,0.1388184523257319,18.4907283782959,2
213.26446134506097,-1.357744606450738,0.0765366467941197,23.514366149902344,2
212.3644616781695,0.1449086028157425,1.292500635842599,23.6901798248291,2
213.1030809407651,-0.8056919131724706,0.9399550531281454,21.96692657470703,2
213.22877873877565,-0.0943442228024832,0.9431895431792044,23.20530128479004,2
212.4098540928274,-1.3112005276124648,0.8536316304366217,22.431079864501953,2
211.52560662561265,-0.8434801779043453,1.4813543537486809,23.14284324645996,2
211.94494421757497,-1.167057883629498,1.0106281947890186,22.159027099609375,2
211.81456311627335,0.104195363142366,0.2569127398562229,18.066362380981445,2
213.33395034556767,-0.9085378496699692,1.1945394604999306,23.61676025390625,2
212.4447752196799,-1.4863970052969089,0.6506145531224687,21.95798110961914,2
213.02205651401755,-0.8529476890324327,0.3559086459736916,19.073177337646484,2
212.1298712404248,-0.3705055086140829,1.5153844240060383,23.080141067504883,2
211.9833502880363,-1.04677829684888,1.1956297538373064,23.207706451416016,2
212.56072248893383,-1.360437553097919,0.4037810436154203,19.972551345825195,2
212.13887169845157,-0.7332159767673618,0.8825991628025609,21.304916381835938,2
212.5212957694304,0.1531621257557131,1.2046614783421747,22.840829849243164,2
212.6807051474149,0.0046073703826541,0.2637692427032834,20.030437469482425,2
211.92100582136433,0.2363400724215865,0.1054464038265835,19.837018966674805,2
213.26653035578113,-0.9428598579131108,0.8292438797729258,22.70341682434082,2
211.5473005936938,-0.0585888399227453,0.457501617964564,19.31095314025879,2
211.8839942128228,-1.1305339725970172,0.4950891606742368,20.429546356201172,2
211.42282800741123,-0.4648359461624047,1.110447337745972,24.20618438720703,2
211.3721425387475,-1.0680651291562058,0.9434065571381732,22.719499588012695,2
212.4199623303767,-1.7198065921513823,0.1846759797129898,20.04127311706543,2
213.15533947656408,-0.8978317888589978,0.8361921516445338,22.77727699279785,2
212.40877697366452,0.2218927588321121,0.1355092432994989,16.382282257080078,2
212.8316307766224,-0.8877823529866027,0.3673930544154646,19.58383560180664,2
212.01802718868169,-0.6639024130238441,1.25124164913629,22.88738250732422,2
213.11864707191236,-1.1645795241856665,0.99834191636186,23.467206954956055,2
213.21825182163235,-0.3788017371086479,0.0961533796054244,18.440027236938477,2
213.20350902153564,-1.0038188761411428,-0.0002082594481203,23.791519165039062,2
212.80327340356868,-1.225524696995798,1.303535862213434,23.616775512695312,2
212.5427749884086,-1.0828119087053054,0.1156439242435199,17.50031852722168,2
211.92215775293565,-1.232518652162904,0.6493648119422444,21.285715103149418,2
213.21053169468271,-0.968118340748284,0.6412382923082093,21.184839248657227,2
213.4109473169688,-0.6956117750543777,0.68090066081463,21.09601402282715,2
212.0796362238838,-1.617035027309843,0.8319407037397474,22.531158447265625,2
211.9490947787982,0.1667726992488118,0.537909739087954,20.604951858520508,2
211.73449656249025,-0.7155833517351495,0.1769373039912356,20.168697357177734,2
212.44736658025835,-0.1510943457872285,0.7685235220363823,21.529544830322266,2
213.03657899011648,-1.144765107462214,0.1819303980609797,17.154813766479492,2
211.89324414188624,0.0686181091222498,1.262192752582344,23.597835540771484,2
212.32092750184515,0.3258992262562613,0.9558290152814162,22.84060287475586,2
211.78356123419212,-0.990458824897974,0.1468882889857248,19.601167678833008,2
213.27234663478376,-0.8462096374279716,0.0258002668047867,15.464969635009766,2
212.91710868110056,0.184613329999219,1.249467076196542,23.061588287353516,2
212.97124062271033,-1.2250311517487882,1.0652759277404205,23.282678604125977,2
213.26118064964203,-0.7631241898992481,0.966256299737962,22.792953491210938,2
213.14469099366775,-1.4490421335136694,1.2092381298463255,23.566450119018555,2
211.81275227969024,-0.4769098763729492,1.2474710813392471,24.173768997192383,2
212.9159906598457,-0.398768078862586,1.0544393231139944,23.443265914916992,2
212.21211288971,-0.8766834710173442,0.1111618561028746,17.463016510009766,2
212.2418866630709,-1.824011508574035,0.1293040210420108,23.132858276367188,2
212.5653285597666,-0.4935119462396752,0.0839995569333457,22.880990982055664,2
212.4698375590182,-0.3467248640188597,0.1839621362369503,19.865896224975582,2
212.66846845807817,-0.4073595870257469,0.9375207555371544,23.503509521484375,2
212.7486593929819,-0.7315759426852709,0.2749005658645069,19.95640563964844,2
212.7097633160116,0.2625849146093237,0.6326150450865037,21.125547409057617,2
212.29383168301484,-1.5185208443075904,0.1687349511115311,19.84389305114746,2
213.23303662107833,-1.0553651025226658,1.5759036116442875,22.85691261291504,2
213.006016360974,-0.6651242705473654,0.2360707936003735,19.06118392944336,2
211.7880718897562,-0.2346176279338706,0.2625851287409174,19.136960983276367,2
212.7604511799351,-1.0474877278997603,0.9164826327626596,23.241695404052734,2
212.00362074164065,-0.2249685141842182,0.4683600133291709,19.163501739501953,2
212.85040938999188,-0.2103997095511383,,,3
212.61228781128332,-0.835080844124184,,,3
211.31262139113096,-0.946610274469418,,,3
212.53932963986105,-1.5709089418178737,,,3
211.66946403899027,0.151164577534955,,,3
212.63690019177315,-1.6276460968017883,,,3
211.6451003538054,-0.9020733047417664,,,3
212.9217339896731,-0.777328845509459,,,3
212.82128282531315,-1.04746562870511,,,3
211.85657964969133,-0.6733674128984594,,,3
212.53040936611515,-0.2688233651219538,,,3
211.6667876540886,-1.1353583619399574,,,3
213.00934854000647,-1.1158990457931186,,,3
213.1117857373957,-0.4352167170007794,,,3
212.9540302570078,-1.243635167752039,,,3
211.5625085958596,-1.4936715865112895,,,3
211.91270998009097,-0.954823884928794,,,3
211.8199861626755,-1.3792784524288215,,,3
212.0768932288011,0.2199692259538752,,,3
212.44502432076453,-1.7088170365642217,,,3
212.61462719981165,-1.3436531313114115,,,3
211.64897203917343,-0.9300355599467676,,,3
212.46641396091357,-1.723575872625508,,,3
211.72954490796596,-1.2868912552801033,,,3
212.50145001651353,-1.4806687605153537,,,3
212.2428703890759,-0.4178134468680631,,,3
211.63643336057433,-0.2919246110283051,,,3
212.33751874766395,-1.563345742204525,,,3
213.0356181813357,0.0905151148467812,,,3
212.48298303600575,-1.360778313525133,,,3
212.0131814924013,-1.1490109331894602,,,3
211.29643356171457,-0.5497903678474756,,,3
211.58866306551755,-1.3557781379867988,,,3
212.23147342585244,-0.6703595061720131,,,3
212.3485768207526,-1.408950483138574,,,3
211.97151988222663,-0.3492721564368491,,,3
212.2613447913998,-1.7028291260481416,,,3
211.86807018650717,0.1159565891964999,,,3
213.32800610446196,-0.4244350398523589,,,3
213.30106575500076,-0.5244082523500416,,,3
211.81735193127403,-1.014781963052863,,,3
211.99870357637656,-0.1052126842146176,,,3
211.77637638289875,-0.1419525827191586,,,3
212.26105061578477,-1.612726405644628,,,3
212.78359171012744,-1.49843116002551,,,3
212.5016601224782,0.2965888426286663,,,3
212.9166973882228,-1.1585939238991294,,,3
212.98338974498668,-1.4622447030764916,,,3
211.9409686666006,-0.9180969287077992,,,3
211.21780868743693,-0.9059098397077112,,,3
211.93385106532847,-0.4336194155010438,,,3
212.5550964066393,-0.4246099696122816,,,3
212.36639076910393,-0.6178132513939356,,,3
211.33621627876568,-0.4400539917240431,,,3
211.7750462150308,-0.4949745943318376,,,3
211.77958454237736,-0.2473832686912914,,,3
212.50161332396047,-1.8496696958561385,,,3
212.14768970059015,0.0093189099963351,,,3
212.19754884551307,0.27362223150418,,,3
212.07503163496855,-1.3146945838280588,,,3
211.88804746115215,-0.5718790481427154,,,3
212.42824346827592,-1.568021880926389,,,3
212.37454951552508,0.3052620129917258,,,3
212.2754598056193,-0.9051638695048024,,,3
211.6988966811452,-1.244351450012101,,,3
212.61183371316665,-0.4444618635262893,,,3
212.48006438082024,-0.0328534406971925,,,3
212.86045215071803,-0.8905712858875868,,,3
212.00244563501775,-0.8232699958216992,,,3
212.13570978880844,0.3487514646121858,,,3
212.564954152831,0.3132191596458695,,,3
212.74960031876924,-1.189209491675855,,,3
212.941370139844,-0.7033224011713606,,,3
211.35912356421412,-1.180056324764395,,,3
212.49858658034077,-1.5416748097916717,,,3
212.46814341126063,-0.5266442592389642,,,3
211.66579777868992,0.0095448181618433,,,3
211.8327344652915,-0.5542953121153186,,,3
211.71931910945284,-1.180624532977449,,,3
211.29416979904116,-1.2152218311194851,,,3
211.62574404548488,-0.3269069531269652,,,3
213.14507849802055,-0.584618283724958,,,3
212.0639605004457,-0.1635085500285903,,,3
212.27634034465723,-0.2276918657096986,,,3
212.950190542491,-1.4201039874750805,,,3
212.8388803707829,0.1480214589964253,,,3
211.86057366221252,-0.9909509231750578,,,3
212.99612620238136,-0.6497860233302477,,,3
212.99143713669463,-0.0534862762506105,,,3
212.5617038185588,-0.9153826136938192,,,3
212.44468315041075,-0.9853211465049088,,,3
211.89348860879792,-0.4090503525230733,,,3
212.52973230846487,-1.3348382773256031,,,3
211.95488888379057,-0.9926040989217028,,,3
212.98983098037633,-0.1505195165498168,,,3
212.96700038103256,-0.6361545855339737,,,3
212.20785945159844,-0.7988597943175993,,,3
212.8892472979309,-1.098060937262435,,,3
212.3569173298903,-1.377053874149761,,,3
213.12575683059185,-0.7404330514414346,,,3
212.2713792471313,-1.1538006287013751,,,3
212.99961725583103,-0.277391596312931,,,3
212.74764321404075,-1.6416490625243492,,,3
212.24097192161832,-1.3895706203706009,,,3
212.2933027096616,-1.1702122028235156,,,3
213.1616224531449,-1.3423482299789735,,,3
212.51165167363445,-0.9287725341678204,,,3
211.30335844019424,-0.7740947130948652,,,3
212.56291547661152,-0.2390250676432951,,,3
211.97422979455771,-0.5047839440751499,,,3
212.4047851125206,-0.448454545000409,,,3
212.85524764595473,-1.3937350475570691,,,3
212.11562989188,0.0336786852699289,,,3
212.88741625918172,-1.3303331062869337,,,3
212.3113057830432,-0.8364007840547336,,,3
211.90940196811977,-0.3094156242448033,,,3
211.98020695605916,-0.0178790594584856,,,3
212.32883613007812,-0.4455250409092288,,,3
212.80095956287497,-0.2329597565196627,,,3
212.75738454835945,0.0931852886556329,,,3
212.82679697700644,-1.020307876996067,,,3
212.032237012711,-0.2112615946985816,,,3
213.23881205328752,-0.4596176006790433,,,3
212.39762349083256,-1.0807396196616892,,,3
212.32337646102891,-1.0147294603568486,,,3
212.7139588900369,0.2619264435757067,,,3
212.00622460648245,-1.1207960015741807,,,3
212.03169548575352,-1.0680416315141517,,,3
212.18160489100103,-1.16258211196125,,,3
212.12237177388593,-0.3141780919286878,,,3
211.23093990360516,-0.9867550601014198,,,3
212.90254477321344,-0.8598362802617193,,,3
212.47219265469656,-0.0768497878328879,,,3
212.62752214388513,-0.7083189058562489,,,3
212.07926972561944,-1.852141995974103,,,3
211.566788832242,-1.0023948316843796,,,3
211.69386360281987,-0.4081489682989384,,,3
211.52452032405307,-0.2834033132015601,,,3
213.3853916819423,-1.0155248541545885,,,3
212.848102096726,-0.9696594385873898,,,3
213.05115302057456,-0.614811751447092,,,3
212.33036243442268,-0.8666331951085339,,,3
212.81198929028776,-1.5332995083353098,,,3
212.58215757795625,-0.3258369322641994,,,3
212.5701294072066,-1.6386427813488833,,,3
213.04004973997615,-0.8376221932663945,,,3
212.1480065785616,-0.4173195624073323,,,3
211.91059511604388,0.2678664274180372,,,3
212.17825960930716,-0.0829252694872594,,,3
212.03592571744753,0.1024997941883365,,,3
213.14964916023231,-1.161318726382221,,,3
212.60049310628224,-1.0833158497691755,,,3
213.12672268396096,-0.9691214403302912,,,3
211.45855809907437,-0.8362067871254243,,,3
212.35777230331823,-0.2383549442758476,,,3
213.42127315983657,-0.8467698163131603,,,3
212.31674688730303,-0.5509349078866703,,,3
212.1833909380657,-0.2662538297045689,,,3
212.57637456140665,-0.6858662377469897,,,3
211.7964331197745,-0.2564350543619119,,,3
213.03427040629228,-0.200963118961966,,,3
212.7760449265572,-1.1753950097005474,,,3
211.64024252976583,-1.6465798180307905,,,3
213.2908970362181,-0.8559164349749986,,,3
212.87737721054825,-1.1384741212346192,,,3
211.73672761865225,-0.9512134370252884,,,3
212.669292795312,0.0916446415980888,,,3
212.6377106845403,-1.0329616282173506,,,3
211.792060877975,0.0630134072656207,,,3
212.4177627826197,-1.2169226912119149,,,3
213.08878351207613,-0.3121687148320959,,,3
212.03273050008775,-0.3814425855880417,,,3
212.61526788920924,-0.8135429605429365,,,3
212.8685154265289,0.2053799818345261,,,3
213.38644887606267,-0.8437810254609613,,,3
211.43317430852613,-0.9308138855620148,,,3
212.1597692966696,0.1498451657752569,,,3
213.35246746249632,-1.071416886880488,,,3
211.70040128060583,-0.6225671612721779,,,3
212.34182304239636,-0.038262818468136,,,3
211.25912273470948,-0.4769307018651633,,,3
211.98485567595895,-0.5535232949480817,,,3
212.2089432126132,-1.720469360954124,,,3
212.23218089136256,-1.255942609544744,,,3
212.09366028,-0.58864202,,,3
212.90710145,-0.38297067,,,3
212.70348709,-0.11683633,,,3
212.20967071,-0.41874629,,,3
212.35999471,-1.54244661,,,3
211.49961631,-1.17400352,,,3
212.28080333,-0.78831692,,,3
212.54051694,-0.7211282,,,3
211.3850779,-0.28734869,,,3
211.5029557,-1.14397991,,,3
212.97096759,-0.68091813,,,3
213.15321767,-0.19073394,,,3
213.32987908,-1.16112256,,,3
211.68620625,-0.10115222,,,3
212.75947518,-0.3431969,,,3
212.13340139,-1.56305698,,,3
212.51056198,-1.28685019,,,3
213.11812787,-0.45449594,,,3
212.98278749,0.04093553,,,3
211.67495817,-0.07916097,,,3
211.90011324,0.269455,,,3
212.49775957,-1.14505112,,,3
213.02676224,-0.12930516,,,3
212.61311274,-0.59207158,,,3
212.91350928,-0.08627024,,,3
212.34379489,-1.85595501,,,3
213.27882553,-0.53462605,,,3
212.34101673,-0.57450232,,,3
212.13006115,0.211054,,,3
211.98649888,-1.22360234,,,3
212.52459638,-0.26406165,,,3
212.22773789,-1.7260638,,,3
211.93937821,-1.46688736,,,3
213.21905427,-1.14400712,,,3
213.13396957,-0.38565117,,,3
212.09167627,-1.19190429,,,3
211.5903001,-0.20641125,,,3
211.72149356,0.06260161,,,3
212.35951623,-0.77552393,,,3
211.40410176,-0.59156446,,,3
212.43360935,-0.42726361,,,3
213.29623935,-0.7606773,,,3
211.45535795,-1.27140334,,,3
213.33755286,-0.66452362,,,3
212.21754722,-0.40840142,,,3
212.72956331,-1.10435832,,,3
213.37519301,-0.91972177,,,3
213.05703718,-1.40332098,,,3
213.2935263,-0.8436043,,,3
213.37529776,-0.88957615,,,3
212.6911509,-0.68257874,,,3
211.38440275,-1.01612525,,,3
211.87323712,-0.46708794,,,3
212.69354945,-0.32232781,,,3
211.7498638,-1.29730222,,,3
211.99115129,-0.18702593,,,3
212.62091558,-0.03625876,,,3
212.0062084,-0.9302008,,,3
212.55742776,-0.31587003,,,3
212.00165386,-0.61432002,,,3
211.70204452,-1.30563957,,,3
212.37323288,-1.52897966,,,3
212.5315647,0.13129833,,,3
212.65313422,-0.70284075,,,3
212.74518508,-0.44798686,,,3
212.33505079,-1.26701233,,,3
212.2051064,-0.49804215,,,3
211.41327956,-1.252733,,,3
211.81885838,-1.25483676,,,3
212.58619419,-0.76715559,,,3
211.65613936,-1.44959468,,,3
212.5408946,-0.62052718,,,3
213.35545485,-1.03607944,,,3
211.54590689,0.0490669,,,3
212.31018009,-0.2946858,,,3
212.48053072,0.1196663,,,3
212.13251607,0.00926465,,,3
212.23545341,0.21722073,,,3
211.99305842,-1.63495315,,,3
211.70979012,-1.63841749,,,3
212.41873388,-1.53874281,,,3
212.27383945,-0.86027481,,,3
212.51567052,-1.1440236,,,3
212.21131346,-1.84919948,,,3
211.50099451,-0.36862558,,,3
211.52152394,-1.50497877,,,3
213.0671082,-1.06156363,,,3
212.68373121,-0.91204186,,,3
212.35102301,-0.70838533,,,3
212.85299176,-0.32948172,,,3
212.27120271,-1.69377727,,,3
212.35149938,-1.65739411,,,3
213.19773683,-0.81419851,,,3
212.08380843,-0.33782348,,,3
212.81765265,-0.875677,,,3
213.21905883,-0.85937419,,,3
212.45758572,-0.42485284,,,3
213.22212955,-1.14025399,,,3
212.84192606,-0.10549761,,,3
211.39352122,-0.73915792,,,3
212.28155618,-0.54373768,,,3
211.96028823,-1.04276449,,,3
213.297228,-0.74873964,,,3
212.6486644,-0.53201217,,,3
211.78829844,-0.69738371,,,3
212.669771,-1.04004375,,,3
212.35315282,-0.71470117,,,3
212.49959036,-0.77230078,,,3
212.3694943,-1.50977916,,,3
212.94634541,-1.52109502,,,3
212.58271192,-1.80589705,,,3
211.55055397,-0.89006563,,,3
212.60481704,-0.87669248,,,3
212.31292718,-0.46970957,,,3
212.30466092,-0.81491034,,,3
211.99310966,-1.06349663,,,3
212.70236865,0.19763883,,,3
212.06085355,-1.44121954,,,3
211.95482175,-0.37363979,,,3
212.98883628,-0.990066,,,3
212.13447848,-1.62076457,,,3
212.00117956,-1.18795645,,,3
212.54294797,-0.4491457,,,3
212.98308297,-0.24055625,,,3
212.54096956,-0.23395145,,,3
211.99179389,0.18525761,,,3
211.53284559,-0.58393883,,,3
212.01801959,-1.762736,,,3
212.76336506,-1.18048349,,,3
213.18930062,-0.76587181,,,3
213.0999991,0.04931008,,,3
212.81529566,-0.54767331,,,3
212.2786418,-0.87512003,,,3
212.19212981,-0.37991042,,,3
212.50652751,-0.90204822,,,3
212.56958314,-1.42996223,,,3
212.62593995,-1.59617909,,,3
212.98194443,-0.39547406,,,3
211.99778862,-1.80158921,,,3
212.0333321,-1.06866856,,,3
213.14966975,-0.22104027,,,3
211.79091408,-0.62922727,,,3
212.44412918,-0.75155428,,,3
212.45907197,-0.36974004,,,3
212.3365803,-0.64674874,,,3
213.31750119,-0.82671848,,,3
211.7292343,-0.12382075,,,3
212.14023047,0.00965557,,,3
212.26132356,-0.83099358,,,3
212.61452935,-0.75623004,,,3
213.24973213,-0.91689607,,,3
212.30215293,-0.80254358,,,3
211.41989407,-1.11413323,,,3
213.12519057,-0.79630489,,,3
212.06084489,0.07178071,,,3
211.68794947,-1.42050555,,,3
212.31280938,-1.29491905,,,3
213.09522642,-0.23188764,,,3
212.19929901,-0.52149029,,,3
212.70501461,-0.56042605,,,3
211.61494989,-1.20686505,,,3
213.2654961,-0.61452228,,,3
212.47652545,-0.51789888,,,3
212.10977539,-0.42730558,,,3
211.73550847,-1.39273056,,,3
211.72526169,-0.64764864,,,3
211.73148787,-0.11184432,,,3
212.55494445,-1.65726527,,,3
211.35543602,-0.87446413,,,3
211.82115164,-1.2578114,,,3
212.28168899,-1.04011219,,,3
212.64003464,-0.69066291,,,3
211.83264812,-0.89801459,,,3
212.29347904,-0.5877633,,,3
211.8522121,-1.02988779,,,3
211.70714203,-0.38559125,,,3
213.13646887,-0.67160307,,,3
212.8186265,0.1986242,,,3
212.40150724,0.09703708,,,3
212.63286669,-0.89463439,,,3
212.42721263,-1.35584896,,,3
211.96397703,0.1359285,,,3
212.24092218,0.00608889,,,3
211.83000471,-1.63633325,,,3
212.79331733,-1.3686947,,,3
212.37730601,-0.32856235,,,3
211.48014752,-0.68230847,,,3
211.79969511,-1.06769112,,,3
212.24782839,-0.84006388,,,3
211.61615214,-0.924693,,,3
211.75717562,-1.34391334,,,3
212.52512251,-0.02980079,,,3
212.79596969,-1.62671039,,,3
211.58548477,0.06058442,,,3
212.17837322,-0.40013501,,,3
212.2212197,-1.54805798,,,3
212.76353644,-0.59024209,,,3
212.83095291,-0.02697013,,,3
212.52604867,-0.70286452,,,3
213.00703113,-0.75518504,,,3
213.22917884,-0.21279754,,,3
212.13865371,-0.51521322,,,3
213.02379416,-0.5497622,,,3
211.91743918,-0.36785661,,,3
211.66429018,-0.46071566,,,3
212.85220668,-1.49449554,,,3
211.91327694,-0.12735307,,,3
212.02348922,0.04441925,,,3
211.45786794,-0.9810962,,,3
212.51939994,-1.23459008,,,3
212.08904752,-1.22761233,,,3
212.03631432,-1.67169853,,,3
212.12368604,-0.28902981,,,3
212.2749092,-1.41789517,,,3
212.31138763,-0.16810973,,,3
211.92186388,-0.5816428,,,3
211.34231377,-0.87601941,,,3
211.7092963,-0.95350604,,,3
212.26630907,-1.77997719,,,3
211.48516913,-0.83674827,,,3
211.80901951,-1.67668255,,,3
212.25369056,0.27502051,,,3
212.02515929,-0.47181793,,,3
212.54129752,-0.44205399,,,3
213.1085493,-1.09919672,,,3
212.03508993,-1.13845423,,,3
211.5554966,-1.14096772,,,3
211.54064214,-1.47542144,,,3
211.33045963,-0.54332943,,,3
212.96846316,-0.69730488,,,3
212.72434496,-1.39614777,,,3
211.96146174,-1.28152319,,,3
212.86135847,-0.29061871,,,3
211.58142249,-0.15439408,,,3
212.40146835,0.10307466,,,3
213.3806069,-1.01587804,,,3
212.65587688,-0.352247,,,3
212.10173425,-1.08265226,,,3
211.30244144,-0.77387352,,,3
211.78006902,-1.63607894,,,3
212.71349635,0.26305275,,,3
211.81885892,0.1424876,,,3
212.98321734,-0.23194924,,,3
211.70724694,-0.09008067,,,3
212.56054799,-0.55160641,,,3
212.76043685,-0.92949791,,,3
212.39268228,-0.8452695,,,3
211.93882826,0.02435587,,,3
211.68302648,-1.06302807,,,3
212.2274277,-0.37209063,,,3
212.50404233,0.12922165,,,3
212.98180467,-0.2788117,,,3
212.24446088,-1.32603569,,,3
211.98238871,-1.41541947,,,3
211.41609256,-0.57100959,,,3
213.05400429,-0.89435659,,,3
212.72229081,-0.08031128,,,3
213.13123595,-0.72644309,,,3
212.79566894,-1.70949316,,,3
212.75812364,-1.41487024,,,3
213.19222946,-0.96096372,,,3
212.09670932,-0.66858927,,,3
212.29010548,0.06489248,,,3
213.17074439,-0.43157651,,,3
213.24466221,-1.07495347,,,3
213.34014858,-0.67232635,,,3
212.27736694,-0.30453867,,,3
212.87244587,-0.6667125,,,3
212.18704633,-1.55996755,,,3
213.22059609,-0.97276779,,,3
211.5525196,-0.34941188,,,3
212.41033054,-1.81701124,,,3
211.51467531,-0.99954055,,,3
212.8907052,-1.06895508,,,3
212.83644826,-0.40364826,,,3
212.39283614,-1.64282562,,,3
212.58797458,-0.73693451,,,3
212.37737559,-1.58547613,,,3
213.08148971,-0.59543914,,,3
212.60428929,-0.44144213,,,3
212.99782175,-1.49195408,,,3
211.71930444,-0.47854582,,,3
212.34192316,-0.56975684,,,3
213.1128747,-0.11967594,,,3
212.88225377,-0.05285649,,,3
211.51210028,-0.19389872,,,3
212.24815372,-0.02447388,,,3
212.34106661,-1.49467704,,,3
212.71244869,-0.64170631,,,3
213.16671372,-1.29906713,,,3
212.66496456,-0.2160724,,,3
212.59308746,-0.7598129,,,3
212.41015679,-0.23052683,,,3
211.56371136,-0.75798448,,,3
212.53807542,-1.11136279,,,3
212.77272594,-1.03689105,,,3
