RA,Dec,redshift,rmag,set_id
182.23577513534696,1.0522522866534445,1.7491262403946182,23.080137252807617,1
183.73760428052415,1.1824213252898903,1.0394572366405317,21.97912216186523,1
182.8506748177357,1.6855861848376312,1.5050151653204196,21.45633316040039,1
182.78779055388776,1.780442597376245,1.3690342217009628,18.821203231811523,1
182.7805543219163,1.624319935004281,1.147370329414208,19.632831573486328,1
183.25920759696808,1.5903669478259668,1.1919231273787243,22.091087341308594,1
182.7843335318454,2.4530328432695683,1.7131359470405103,18.326589584350582,1
182.60855516765844,2.1647954736771067,1.4058248278675864,21.979650497436523,1
182.85762386839392,1.318718062785202,1.0349076811097024,22.15246200561523,1
182.98417285380904,1.5125817196660332,1.806057041713253,21.52608871459961,1
182.1216138233495,1.7688418687142111,1.9842963918874923,21.246030807495117,1
182.89840171720925,0.7090162309409308,1.8871392130604048,22.540592193603516,1
183.53287026757715,0.4874583831996005,1.1512187731502226,21.68118667602539,1
182.42357685413435,2.3824333922780756,1.263918911704302,21.4041805267334,1
183.32370514142863,1.0094163437702737,1.8263575188712884,21.134984970092773,1
183.53710231072108,1.3360570975814274,1.1640714485621644,22.811063766479492,1
183.2585105367566,1.3668155183958108,1.5000095730586684,21.344022750854492,1
182.81688480218725,2.0921816428945545,1.6599525902041272,22.19706916809082,1
182.572644644082,1.2303980728762671,1.4444623684141642,21.470924377441406,1
182.63314983398416,0.69566169711623,1.774066288385921,20.87458610534668,1
182.4902757088964,1.520845772085747,1.8448146067629791,22.439945220947266,1
182.43383778295623,1.5142404811555914,1.831202893403861,21.656688690185547,1
182.9424301263762,1.460489624980177,1.1491964791789473,21.467792510986328,1
182.680776368298,1.3724215364543075,1.5083160901623804,21.79468536376953,1
183.16136094529273,1.6360261722226273,1.9266396605685088,22.68324089050293,1
182.72256210987527,2.5110975323826668,1.1848965939623526,20.074764251708984,1
183.4475040596888,1.4115776903255517,1.8296662114608295,22.050472259521484,1
183.0882014354084,2.171774081498563,1.7294847152792283,21.599327087402344,1
183.90066548507332,1.4613014227532524,1.8628415694170937,23.0399227142334,1
182.18625368267433,1.4335060467509768,1.990689377144349,22.3414249420166,1
183.81848957179295,0.8280575183641103,1.3487598749496967,20.63718032836914,1
182.0237776705785,1.8332720546514123,1.9375021190776245,23.044113159179688,1
182.55704856582744,1.7493471199970476,1.9026695240547369,23.147958755493164,1
182.6215707867817,1.5373984313715825,1.7635073721236625,20.18994903564453,1
182.731866745881,1.0502262028708869,1.9867577160357184,20.22760772705078,1
183.34718289038383,2.115116918710225,1.9124283765218295,22.066953659057617,1
182.99761259860117,0.4871499007180125,1.681466073983258,21.227737426757812,1
183.746150674964,0.7013204505751757,1.689952929427523,22.30869483947754,1
183.4497847571214,1.1882204406961374,1.7757261707453544,21.284225463867188,1
182.35220515173825,2.2314429191318976,1.8197602259937755,19.73740577697754,1
182.78347226413348,2.1379601465294136,1.6086917239002303,22.125720977783203,1
182.31736776992267,1.2893900174265114,1.7071487367154432,20.700395584106445,1
183.56700513352845,0.9508294008847424,1.224156673140072,21.674522399902344,1
182.83209235200331,2.1192082908608976,1.6331313174050868,20.723552703857425,1
183.3717806602214,1.3326014605590368,1.4511859343438922,21.957517623901367,1
183.34462970411417,0.7412118938622125,1.1106890358366088,21.206390380859375,1
182.59548082075895,1.4345558707274093,1.4556464564960372,19.915990829467773,1
182.43362416306377,0.5069709785131551,1.0026607763467414,21.93451690673828,1
182.9538348300899,0.7316995108057935,1.2342224730700215,22.168569564819336,1
183.3162290178624,1.19389627227211,1.4420449101699062,21.240846633911133,1
183.03736727822596,0.996719330454909,1.7081221963257656,22.650495529174805,1
182.29631759599596,1.6081279061550575,1.3934281938041837,22.528162002563477,1
183.18876160750983,1.4709869258868011,1.761487766085711,21.806303024291992,1
182.82246581437747,1.015661339355124,1.6864096145909628,21.62087059020996,1
183.67671495411017,1.0589348491276451,1.911440687821735,22.452917098999023,1
183.1300501377528,1.539969314754201,1.4100370652241785,21.605344772338867,1
183.21954988538133,1.6602353859784376,1.8525626765306555,21.79398727416992,1
182.47012601430524,1.1352185694809884,1.5988829972314909,22.820043563842773,1
182.24943000982844,1.5071307152470277,1.6894891914928387,20.846160888671875,1
182.9703840982153,1.948757605461576,1.6483595710303016,22.708837509155273,1
182.32575101737973,1.961457275124665,1.071324622173621,21.383102416992188,1
182.69190975893164,1.046256797439202,1.2256894442315178,19.05620384216309,1
182.53446808829412,0.4760003202860365,1.1840466637232034,20.77157211303711,1
183.11723955400845,1.6027936242565028,1.920230916080214,22.805030822753903,1
182.96271827611565,0.3177668967180019,1.5463293473554214,22.852109909057617,1
184.05494014871115,1.0530162805044698,1.0643265495680796,22.053159713745117,1
183.83961032410755,1.5709185446103318,1.525292911980431,19.147560119628903,1
182.68050279429525,1.0817608844514566,1.3936821691810697,20.49416732788086,1
182.05091427603787,0.8657004124272744,1.0237651417705342,22.101293563842773,1
183.61542595629908,1.0584627666315432,1.7017025896682527,21.58519172668457,1
182.70208215570972,0.602314095261331,1.1955019621310887,17.428756713867188,1
183.60794455351044,1.819402553937274,1.9037722834034203,22.83305549621582,1
183.52148327068008,1.183076711442524,1.8014315561310998,22.837827682495117,1
183.81389671621687,0.7321881887430375,1.7252544980702669,20.56634521484375,1
182.66587558118263,1.5493585865635071,1.463913040807204,23.247655868530273,1
182.70116083247476,1.165941288320173,1.2521271580220548,20.10516357421875,1
184.06699444096267,1.0907150267805596,1.057437481167101,21.15273666381836,1
182.74635829735504,0.681634953688695,1.359101608485843,21.17676544189453,1
183.34757327277703,1.9954495638969856,1.2371431706897975,20.779926300048828,1
182.56166834554455,1.978612219733209,1.384922932962225,21.911998748779297,1
183.9570295057652,0.9973104756440008,1.8550518732379633,22.793611526489254,1
182.77535812244156,0.4196604575954731,1.656017017189369,20.159378051757812,1
183.3736139118435,0.5052967889274325,1.8020559044751252,21.66441535949707,1
182.0140281510216,1.0031674680086458,1.821949306110628,21.049226760864254,1
182.21354130922128,1.1826670947343243,1.7976533759563058,20.53843688964844,1
182.94201304558553,0.8608877696360534,1.1700071187572885,22.734418869018555,1
183.6389717234976,2.24698827206989,1.3438669837088468,22.6024112701416,1
183.5968759902999,1.190507370410471,1.6370894417309876,20.37561798095703,1
183.9710957486998,1.3624507436908109,1.1334331832579676,22.87213897705078,1
182.8945602575068,1.7896672925972037,1.801375095971454,21.33019256591797,1
182.40917188928813,1.2016085626621693,1.7209997099884349,23.77216529846191,1
182.01234750412223,1.903446100963548,1.9947584879110472,21.56028938293457,1
182.95737459573903,1.4981266612268207,1.8208126222603185,22.356107711791992,1
182.0324131828095,1.9161814863493785,1.9692231999247092,21.812328338623047,1
182.85254473510457,1.9164364580714208,1.6328580364888203,20.84551239013672,1
182.7419547192835,1.3127955896993588,1.803184382416708,21.225231170654297,1
182.2795501476637,1.865860284240019,1.3084805278323786,19.88793182373047,1
182.6137428029532,1.958333694516794,1.5243794359760614,20.220422744750977,1
183.3989457045024,1.1486044013044996,1.4709572391563062,20.83168601989746,1
183.96048500070123,1.0132378287542954,1.51996368799664,19.350317001342773,1
183.50383479243163,2.0331354232216383,1.6097258073123892,21.836029052734375,1
182.9799814160456,0.9208288433588296,1.7276353225744288,21.54452133178711,1
183.89066055805895,1.2565776419945436,1.1914243483147626,21.517906188964844,1
182.68050279429525,1.0817608844514566,1.3884024638501034,20.49416732788086,1
182.77535812244156,0.4196604575954731,1.6556395257875445,20.159378051757812,1
182.49736020090072,1.8637548522571064,1.6345392514446415,21.250770568847656,1
182.01504834247908,1.3460691208214426,1.9843745798642376,22.687509536743164,1
182.0337058071532,1.8570483953182024,1.5553574111046078,21.237585067749023,1
183.13724355777,0.4907773307708468,1.7918554600199437,23.344379425048828,1
183.23941153719028,1.6209154694674046,1.4607565268773868,22.64226531982422,1
183.42469522405756,1.8685017328962976,1.2531603432874183,22.577287673950195,1
183.75415231241803,2.103779334565291,1.2060172585512483,20.295305252075195,1
183.7256189584146,0.9045608121102456,1.1060500776092674,21.005128860473633,1
183.6879085504035,1.0282606850904037,1.694973813913947,20.71464729309082,1
183.89066055805895,1.2565776419945436,1.1923404029952027,21.517906188964844,1
182.9117206743398,1.2144660806621947,1.701916373273344,22.49272346496582,1
183.12652637428312,0.9776018252740406,1.6843779336781797,23.26346206665039,1
182.7152873787644,1.589557198976179,1.246995309974286,22.855470657348633,1
183.00406297080715,1.0303806708701553,1.7755934060552654,21.19547462463379,1
182.67735358600297,0.3974877284949054,1.7101651617369726,23.03173065185547,1
183.366159651004,0.8581705604198608,1.7293560476727918,20.33659553527832,1
183.19564937026905,2.457798794928933,1.2839794510514648,21.89225959777832,1
183.33647457746187,0.5750512408071193,1.5687601384602958,22.643474578857425,1
182.95737459573903,1.4981266612268207,1.8195034297223072,22.356107711791992,1
183.40958286644351,0.969053740510196,1.1870875089668014,21.246856689453125,1
183.33090812421884,0.928404358237161,1.691755521950069,22.173511505126953,1
183.7393725690645,0.7293475552615571,1.160557123976943,20.61130714416504,1
182.6215707867817,1.5373984313715825,1.7641009794039435,20.18994903564453,1
182.42590950412608,0.5991391468424463,1.0657125785111203,20.87464904785156,1
182.6511447185817,1.9829882311598996,1.396675500375815,22.084718704223633,1
182.37259850837748,1.5182140332390053,1.387731316666886,20.718666076660156,1
182.37259850837748,1.5182140332390053,1.3891653675827464,20.718666076660156,1
183.31199802640091,0.6206651970136224,1.1869127237328876,21.534215927124023,1
183.7513353036991,0.9571279951578904,1.6913604610936148,21.70330810546875,1
181.9893486609302,1.7944503199542192,1.8408463661561192,22.657777786254883,1
183.3162290178624,1.19389627227211,1.4423619188451646,21.240846633911133,1
182.6841743902468,0.8630934650627688,1.6828809004272252,21.60674285888672,1
182.74635829735504,0.681634953688695,1.3585552190198165,21.17676544189453,1
182.311512647575,2.194952636677156,1.428914736829146,22.31673240661621,1
182.62026623468267,1.595893058195446,1.307609445187752,18.762605667114254,1
183.38348680035497,1.9427226722032944,1.9060441432127129,23.038320541381836,1
182.5242925697239,0.865964890186499,1.4870708283050291,21.70005226135254,1
183.70790633435308,1.075571551901667,1.452151997919958,21.84832191467285,1
183.01543385408175,2.053116297402571,1.710308541793942,21.190628051757812,1
182.7938189309696,0.324959438954975,1.2186101182447344,21.190155029296875,1
182.40038376908407,0.8329754739099632,1.7393114780027732,20.912622451782227,1
183.89782123776212,0.9604061200913756,1.827168658861829,19.917469024658203,1
183.78748790432115,0.8960406967825331,1.3001403358446992,20.792041778564453,1
183.34517455246905,1.143011692469892,1.7032097938361002,23.651592254638672,1
183.43372199992365,2.4637498307008134,1.5540656316308987,20.945783615112305,1
184.00589776128592,1.1727514812561308,1.9414082002166448,20.441049575805664,1
183.2875614738216,0.6763245657773322,1.511627569544286,21.379547119140625,1
182.40917188928813,1.2016085626621693,1.7234711313155855,23.77216529846191,1
182.56990013819797,0.9130107608512258,1.8694712773860045,19.486064910888672,1
183.1398836552593,1.943390698518719,1.445236383289163,20.403911590576172,1
183.469696773667,1.6714467554628525,1.899046806078412,22.75921630859375,1
182.7789401379315,0.498140822243941,1.850831817523017,20.564300537109375,1
182.55020610033793,1.560612791412207,1.8111839011584203,20.615936279296875,1
183.61099981432503,1.4035397912684808,1.4324448019353409,21.130756378173828,1
182.1789823238808,1.366552318953865,1.6105317173700642,21.24544334411621,1
183.37385325332824,1.5517597015615578,1.4313459611313444,22.567832946777344,1
182.9924374178067,2.0704663163458426,1.406042965516919,22.626293182373047,1
183.64176437924775,1.9174033607562857,1.2108150146317007,20.894641876220703,1
182.441430614748,0.4723764420128978,1.4863504882773153,22.08807945251465,1
182.6912600279499,0.4288869313281939,1.4475120711110916,20.86663055419922,1
182.85291519680277,1.1873922263375487,1.8859114471427696,20.893678665161133,1
182.41450480367308,2.2164130449202655,1.83518016927234,20.27324867248535,1
182.38441020037723,0.7655282072780598,1.4423620555534111,16.895769119262695,1
183.96649350862907,1.3552001505769586,1.9808206166442743,23.218996047973633,1
183.09370237353372,1.3748770111833164,1.709120911879978,21.651681900024418,1
182.42322044363823,0.5314518875186218,1.782696310217197,19.710620880126953,1
183.7237616197088,1.0935651987200017,1.460120710229453,20.90340805053711,1
183.6861008018469,1.1444257635020536,1.1253588837220243,20.896081924438477,1
183.2980965191063,1.2998800892235485,1.9373164337538773,23.73731803894043,1
182.2068129279696,1.3764941021641308,1.857300175866114,22.372312545776367,1
183.53145413959908,0.7699799574075713,1.2838034212795353,21.362295150756836,1
182.72450428473292,0.6449297677366345,1.298484819466852,20.313217163085938,1
182.31617271178752,0.7960990194563486,1.7332220023580127,21.321304321289062,1
183.00406297080715,1.0303806708701553,1.7763503939771856,21.19547462463379,1
182.72450428473292,0.6449297677366345,1.2990412770180133,20.313217163085938,1
183.5968759902999,1.190507370410471,1.6380400320256738,20.37561798095703,1
183.69871925238027,1.7295853296922616,1.005058589777935,21.229007720947266,1
184.00589776128592,1.1727514812561308,1.9409618382698175,20.441049575805664,1
182.43086574284897,1.3135612899956564,1.2719952640972207,21.147703170776367,1
183.07630028234485,0.8414004514454162,1.86756377228317,21.180034637451172,1
182.3934612310727,1.5921100495621676,1.5476355395096963,21.619964599609375,1
182.2514517554029,1.3248778704674864,1.359700359462364,19.992630004882812,1
183.366159651004,0.8581705604198608,1.7280741954167078,20.33659553527832,1
182.9776582310502,0.6570911961056752,1.0501230325207618,22.68788719177246,1
182.7938189309696,0.324959438954975,1.2186408794867944,21.190155029296875,1
183.2875614738216,0.6763245657773322,1.5118811826614786,21.379547119140625,1
182.79868867723957,0.327646152652631,1.2177081215545025,22.662092208862305,1
182.7543922245084,1.3402299225806862,1.0733409943339969,19.483369827270508,1
182.63552755047377,0.5104118305235898,1.374349118098095,21.96404266357422,1
183.89782140291692,0.9604054048202688,1.8291247564547548,19.917469024658203,1
182.9783206985898,2.3861296693450997,1.7077966166129157,21.332366943359375,1
183.7882941746727,1.9743317901872324,1.943474702833488,22.09537124633789,1
182.9532511081947,2.1466655630539577,1.1011242244160964,22.101579666137695,1
182.9424301263762,1.460489624980177,1.148985171238017,21.467792510986328,1
183.57362088692935,0.4855159631951825,1.1107724696912993,21.147785186767575,1
183.0296856669624,2.3307478406033324,1.8515699274126312,22.560791015625,1
182.18251961263584,2.144665662949391,1.063813412894774,20.343006134033203,1
182.97752660314765,2.337155182774462,1.6367800279986713,21.195924758911133,1
181.97331672895297,1.163707885172392,1.6751716103940444,22.19569206237793,1
182.63552755047377,0.5104118305235898,1.3756606691805993,21.96404266357422,1
184.03583689891147,1.0281464558271636,1.130474959140596,23.320146560668945,1
182.8068242808494,0.4997288914981165,1.477627916015461,22.85356903076172,1
181.88373156003945,1.5389952370723152,1.6028658158332532,20.54716110229492,1
183.09370237353372,1.3748770111833164,1.707114424360748,21.651681900024418,1
182.88698239483443,2.1733032128012617,1.5186738946698426,20.04580307006836,1
182.7240953012832,1.0638792117434654,1.3620798566119303,22.036701202392575,1
183.56700513352845,0.9508294008847424,1.224597314756084,21.674522399902344,1
182.9799814160456,0.9208288433588296,1.7233955353758637,21.54452133178711,1
181.9985864487624,1.3733934232438183,1.34874986402898,21.002544403076172,1
183.2585105367566,1.3668155183958108,1.4992926610340391,21.344022750854492,1
182.331658472858,1.412142576762549,1.5128943912067294,22.520748138427734,1
181.942922242872,1.6173946011373472,1.675980511509223,21.865867614746097,1
182.82246581437747,1.015661339355124,1.6880187977154864,21.62087059020996,1
183.1190007174993,0.6524029853045114,1.512293512474404,22.40772247314453,1
183.3552255667383,0.9904080820145992,1.1390791323876568,20.841323852539062,1
183.6510199776598,1.39617757837946,1.408402362304291,21.187671661376953,1
183.36857502291187,2.4863023343778092,1.4954421974160397,20.04399299621582,1
183.66421555799903,1.4714604229825183,1.686687953222533,22.58684539794922,1
182.0408967416497,1.5976659252055694,1.931527112814141,21.690887451171875,1
182.66027161054288,1.9481278544160865,1.9163854510339668,22.010913848876953,1
182.7701096174726,1.2086526723664035,1.4039091973839044,21.871307373046875,1
182.25098891211087,1.5966271288237168,1.6855460584863202,21.057043075561523,1
182.1789823238808,1.366552318953865,1.6084871901446072,21.24544334411621,1
182.7538187790608,1.5052241189903364,1.8503716748527188,21.725112915039062,1
183.58628277360265,1.5182608863053757,1.5771925933631368,20.95772361755371,1
182.62026623468267,1.595893058195446,1.307948166113453,18.762605667114254,1
183.7430723557556,0.7700833871409809,1.7648630021204397,20.68600845336914,1
183.53404030016205,1.7526583998782514,1.6786812029226552,20.065006256103516,1
182.8506748177357,1.6855861848376312,1.5068418707432776,21.45633316040039,1
181.94126678950943,1.8136450542774167,1.502878436325894,21.12643241882324,1
182.32853562719575,1.3241224858774312,1.610491726971388,22.10796356201172,1
183.8047815717142,2.170671058749861,1.3522475381297367,20.845977783203125,1
182.52331031398896,1.8159497414836712,1.595184838526311,21.670570373535156,1
183.52466390973177,2.1217742431342517,1.9653899287406,21.701698303222656,1
182.85558315143328,1.4350523714065535,1.869880280360311,22.70445251464844,1
183.95252887001203,1.5779766989033162,1.5567909818254635,21.38261985778809,1
182.82701349710183,0.8238129014617556,1.478375820663938,19.685871124267575,1
183.32854289126584,1.5502319495072787,1.8289749895492635,20.760351181030273,1
183.00327986663888,2.410844827835386,1.562705249337352,20.31294631958008,1
183.5645138040831,2.109315799644386,1.8635847326904105,19.70537567138672,1
183.68744533704873,2.1320514968684887,1.2374522077957495,21.767398834228516,1
183.0074476721944,1.253060081445411,1.6216115468487382,20.58518409729004,1
183.41016791572676,1.5372527131977396,1.4237976602174671,20.337743759155273,1
183.5534391726628,1.422077699141034,1.9206341451099045,20.351612091064453,1
183.65632636008192,1.3446222413056728,1.7988708987748128,19.96759033203125,1
182.7240953012832,1.0638792117434654,1.3621829051798555,22.036701202392575,1
182.33900294997872,1.7091393870939702,1.3330563573821497,21.60011863708496,1
183.0096328418168,2.4409850748281663,1.429311009104241,21.290630340576172,1
183.33090812421884,0.928404358237161,1.691556598724406,22.173511505126953,1
182.42466574401416,0.792293323615704,1.6131533474205473,21.71042823791504,1
183.3354906740624,1.74395969067841,1.706839967585465,22.156206130981445,1
182.40849664919827,1.073872625652151,1.0698185724717348,21.795867919921875,1
183.0877625399127,1.241506027045978,1.515271463884475,20.333833694458008,1
182.63314983398416,0.69566169711623,1.772879632660781,20.87458610534668,1
183.0623479638671,0.7163874470695828,1.7999174246450018,20.489490509033203,1
182.94201304558553,0.8608877696360534,1.1701502635773815,22.734418869018555,1
182.0731112099456,1.5402838714038027,1.3485078170395786,19.7419376373291,1
183.1902711243487,1.731824256243225,1.1749934058463911,20.29876136779785,1
182.59548082075895,1.4345558707274093,1.4544774966549354,19.915990829467773,1
182.11267943222953,0.9947022974899444,1.517077691343682,21.273509979248047,1
182.5242925697239,0.865964890186499,1.4869488425278918,21.70005226135254,1
183.85587187566568,1.763735074746238,1.4702792795103656,22.504451751708984,1
182.8701150324884,1.582983828613884,1.6985233657557648,22.53887176513672,1
182.6322299973324,1.6933912006452634,1.3735063072686868,21.207441329956055,1
182.703253194439,1.2406138886530274,1.937911795719751,22.459497451782227,1
182.4047721259542,0.634469903667667,1.93256683451679,21.459705352783203,1
183.4810946630974,1.6465305993713548,1.093906090116719,21.465574264526367,1
182.8784662546128,1.163143389770314,1.40939669044477,21.42168426513672,1
183.96895729022708,1.291318680370978,1.7509285913873247,20.76769638061523,1
183.50599159427287,1.4892075846672592,1.4311937992080543,21.32294273376465,1
183.32854289126584,1.5502319495072787,1.826080781517839,20.760351181030273,1
182.8229762641863,2.0409634042375746,1.3888489537253408,22.340442657470703,1
182.81033709157097,1.686994426497643,1.0120865425681242,20.295482635498047,1
183.2708109324764,1.9001085755162208,1.4954133457166447,22.122146606445312,1
183.97226983478097,1.119420879020862,1.622191257670347,22.695655822753903,1
182.7538187790608,1.5052241189903364,1.8510935752450877,21.725112915039062,1
182.7872374718635,0.7044286710219246,1.113424499412442,20.397960662841797,1
183.53145413959908,0.7699799574075713,1.282570441590144,21.362295150756836,1
183.746150674964,0.7013204505751757,1.6846769426924744,22.30869483947754,1
183.45405440360952,0.5465282394817138,1.764180022010103,21.57526969909668,1
182.71418595418115,0.8682821447160647,1.7179128941453106,22.518922805786133,1
183.85474835337217,0.8880350044292017,1.0521869214605182,19.97905921936035,1
183.9412385410188,1.9626747764323855,1.1749555210405949,21.098636627197266,1
183.40958286644351,0.969053740510196,1.186827499607148,21.246856689453125,1
183.51867387694952,0.9289576948925128,1.25651252171749,21.149824142456055,1
182.9254692337992,0.6800524555422958,1.2362670740349309,22.37739944458008,1
183.6782599234726,0.7126725993162857,1.663724859301721,21.257160186767575,1
182.50385409529807,1.9407221396478032,1.6562296572473745,21.480690002441406,1
182.98417285380904,1.5125817196660332,1.804038482025704,21.52608871459961,1
183.52153106294807,1.1446618515251024,1.8015950903856788,21.84330177307129,1
182.99584960975184,0.5351701650584908,1.1414434905611586,20.510679244995117,1
183.34541027651176,1.143308439876063,1.7046871920947926,21.10655975341797,1
182.7918449931256,0.787933555178515,1.0865804323871486,22.90578842163086,1
182.53271878635712,0.5605166802226066,1.7116792135960484,19.87944602966309,1
183.36771587304344,0.509490243531329,1.8821143725077687,22.60970115661621,1
182.30868536354723,0.9800529947744426,1.0672773602527674,19.690933227539062,1
184.03734811891513,0.9883150946153528,1.7558138796405482,19.89756202697754,1
184.01100718911425,1.1821293435576263,1.9440527212532013,20.91702461242676,1
183.34462970411417,0.7412118938622125,1.110576657427627,21.206390380859375,1
183.3244072798625,2.208461994646899,1.980304721733883,20.63106918334961,1
183.3736139118435,0.5052967889274325,1.8018835518195089,21.66441535949707,1
182.34568799244363,0.6080114916214965,1.7647942248007762,22.3222713470459,1
183.16136094529273,1.6360261722226273,1.9260705695996652,22.68324089050293,1
182.9538348300899,0.7316995108057935,1.2335744455206148,22.168569564819336,1
183.42885923104484,2.0700383073959596,1.6559790557920098,20.41575050354004,1
183.12421100036343,1.6604978395473808,1.8195881271680192,21.072715759277344,1
183.48340111526525,0.7497538932993165,1.659443480157374,23.25128173828125,1
183.57097819345745,2.145856677247389,1.96041702703641,21.10015106201172,1
183.7237616197088,1.0935651987200017,1.4603024286229076,20.90340805053711,1
182.80430393320364,1.5444344538724897,1.7814762622032976,22.90775489807129,1
182.96831341936,1.2918508105607365,1.7606166078787024,20.333328247070312,1
182.7701096174726,1.2086526723664035,1.4029777997955983,21.871307373046875,1
182.05091427603787,0.8657004124272744,1.02469387013889,22.101293563842773,1
182.5122974761171,2.3450936628067964,1.398612672956624,22.05342674255371,1
183.34998211186797,2.244229581359837,1.006787898255965,20.31857681274414,1
183.65743559509963,0.9691857180409772,1.5226083623513589,21.323530197143555,1
183.83946921575293,1.291235619492131,1.413764348173752,21.33308982849121,1
182.8790493211723,1.0907257140376196,2.495022759615593,21.211688995361328,1
182.8204794304544,1.7865000816596424,0.3601210968372877,18.947664260864254,1
183.89782140291692,0.9604054048202688,1.8291050648880791,19.917469024658203,1
183.09156984490448,1.318781396056721,2.8979695704492876,23.25522232055664,1
183.97922748303176,0.9674208100149666,2.2756217638386724,21.480070114135746,1
182.6556731516112,0.6105555047694956,1.954899013693312,21.848812103271484,1
182.82841094922523,2.003418641751177,3.2008721555233195,19.472455978393555,1
182.23676894579265,1.2992826768717003,2.4099662852708716,22.725975036621097,1
183.6058403593157,1.6949272570538592,0.7928917337113189,21.40156936645508,1
183.0082289385308,1.2205326578935922,2.3468520668173656,21.07079315185547,1
183.1742573709088,1.4051318622848643,4.495524728948417,21.61701011657715,1
182.42466574401416,0.792293323615704,1.6144157002964783,21.71042823791504,1
181.9529302481493,1.7880799080028968,2.0738972548768535,22.100032806396484,1
182.44467076826157,0.7926781196769521,0.8154138628781367,21.697429656982425,1
182.2076312804208,1.3162439487488706,2.21115500640513,23.035926818847656,1
183.12621104741825,1.0439799203606923,0.5422416365566067,19.66239547729492,1
182.5836005761425,2.33015665698688,1.6064638507525708,20.273611068725582,1
182.47012601430524,1.1352185694809884,1.600063238452072,22.820043563842773,1
183.34431330446753,0.8116269331567266,2.5197796276827953,21.03941535949707,1
183.61539959652504,0.953594118172279,2.2922167986700708,19.707923889160156,1
183.67671495411017,1.0589348491276451,1.9095006554095917,22.452917098999023,1
183.8305362854653,1.0561416629567886,0.6122879181953169,21.052427291870117,1
182.05518693081655,1.138396595116583,2.0376403641937113,22.07330322265625,1
182.43634659166872,1.1287101189340905,1.076687524551852,20.91689109802246,1
183.240417414371,0.6956372887150176,1.8258974204728795,22.729032516479492,1
184.0368903367012,1.7588363562410865,2.3239814468636246,21.98889923095703,1
182.9274282595355,1.0603236984307836,0.2936272108448139,18.04465103149414,1
182.46413694934577,1.2774580610753306,3.0393993712214247,22.29142189025879,1
182.31617271178752,0.7960990194563486,1.7341002062539324,21.321304321289062,1
183.40086995915792,1.8857499331825511,1.4548540016554996,19.821208953857425,1
183.3023983935668,1.2654043897861014,1.525866513913244,21.51682472229004,1
182.37628471105705,1.1372518159441405,1.0183485026230952,21.8018856048584,1
182.61732380458616,1.3364643627658277,1.799832396832393,20.335195541381836,1
182.2657710551515,0.8572599405661836,1.7288508700324123,21.424083709716797,1
182.52221290282552,0.7753986010980614,2.30162789012888,20.53349494934082,1
182.1498314954819,0.7656621162413682,2.4639980294318917,21.49932098388672,1
184.06699444096267,1.0907150267805596,1.0574676087718573,21.15273666381836,1
183.04885068446777,1.0920301577024711,2.475111090437498,22.082117080688477,1
182.61997873057624,1.8054502362562972,1.0322804172976856,20.653173446655273,1
182.20835982566476,1.3884177198559275,0.6994841970893169,21.49032974243164,1
183.3020869508952,1.3489209226081769,2.040799000272425,21.72828483581543,1
183.96895729022708,1.291318680370978,1.7517620105883187,20.76769638061523,1
183.52129123199296,1.0353317310619077,0.4941478554342008,19.472753524780273,1
182.75241976170696,0.4799760010518908,2.3444639353825987,22.88796615600586,1
181.9982592112973,1.3004963577868385,0.8919208652079719,19.45574378967285,1
182.69190975893164,1.046256797439202,1.225459817495557,19.05620384216309,1
182.703253194439,1.2406138886530274,1.9361346088810976,22.459497451782227,1
182.99218001330848,0.5119393757819667,1.0700836440617405,20.17165756225586,1
183.1190007174993,0.6524029853045114,1.5134714241939462,22.40772247314453,1
182.28225863490468,1.4010372122861685,3.9725943516055535,21.716575622558594,1
183.20999127328585,0.8602143969237206,0.3079122729974103,19.20366477966309,1
182.95307257546423,1.41216240072952,2.2879462032471287,23.04080390930176,1
183.81389671621687,0.7321881887430375,1.725594468350594,20.56634521484375,1
182.5936812636712,0.8339279574276747,1.3648905316038988,18.232494354248047,1
183.7402963633909,1.385224107290986,0.6312899103322204,18.40822410583496,1
183.63455877354056,1.0265309195748131,3.26977887715251,20.601463317871097,1
182.79061929988748,1.9599398576974885,2.33121861165691,21.60436630249023,1
182.61732380458616,1.3364643627658277,1.7990608386712743,20.335195541381836,1
183.38015317417876,1.0956131184487077,3.29534145101208,21.23163604736328,1
183.31199802640091,0.6206651970136224,1.1870423844967937,21.534215927124023,1
183.1060266106073,1.6189643573725567,0.6534077786366088,20.862838745117188,1
182.21926339096112,1.113859132992032,0.2487289336945764,18.1650390625,1
183.53638277625615,1.4075916822690586,1.6487088075643488,22.12906265258789,1
182.77014376986727,1.4920128511635908,2.210423671505618,21.26063346862793,1
182.4351114441297,0.7025177665356683,2.4839840504248993,22.226024627685547,1
182.64076067194276,1.4540491067792976,2.1317848446941148,22.553661346435547,1
182.11076519303552,1.6999468058217784,1.2421057865730674,20.719018936157227,1
182.92396376731423,0.8293261942331198,0.410419703090407,18.776592254638672,1
182.8382358500943,1.111766347846937,2.5205837886347666,19.86439323425293,1
182.99966534260497,1.2602018821057046,3.4153068574453513,20.58024787902832,1
182.72695213631013,0.6963946025067478,2.392463718493038,23.49893569946289,1
182.54965766094375,0.5922237785030912,2.3406941106485815,22.819156646728516,1
183.69649764390127,0.759430275665767,3.4561164782352427,20.971166610717773,1
183.41616710374615,1.0407182535014934,1.842756665961132,22.776948928833008,1
182.3356774297449,0.9723122530217654,0.6878299353200678,21.01809883117676,1
183.7256189584146,0.9045608121102456,1.1062472674282948,21.005128860473633,1
183.26199843941984,0.8251144387126573,2.132248244634913,22.133466720581055,1
183.30572096922,2.4084834127390105,1.847860379949744,20.01825714111328,1
182.73161410819924,1.3979942624977892,1.3221470024412292,20.675884246826172,1
182.2076312804208,1.3162439487488706,2.2115021743626584,23.035926818847656,1
183.23520693634467,0.9687308199599132,0.9904288329976314,21.86525535583496,1
183.0454785811085,1.5517689718688936,0.4591667081167127,20.38465881347656,1
182.5936812636712,0.8339279574276747,1.364819474617926,18.232494354248047,1
182.85077502228145,1.829208090017204,2.7812200077160294,22.731002807617188,1
183.47637612831195,1.252997066056022,3.4054721694610075,21.577259063720703,1
182.95139877486736,1.6986801627684998,1.0913254235641197,22.741989135742188,1
183.46581477578343,2.074844183551344,1.371831382453933,21.44023323059082,1
183.47347335589828,2.4449595954312886,1.2798394850172798,18.06743621826172,1
184.03734811891513,0.9883150946153528,1.7571195341714512,19.89756202697754,1
183.41236377082777,0.8083440590186902,3.573242825503816,20.593982696533203,1
182.32540138309497,1.2404304669462742,2.0190310006645547,22.040393829345703,1
182.75566677075017,0.9219486482937834,0.2767906665975344,17.68798065185547,1
183.41783748364912,2.3850510501742783,2.860123908354157,19.98451805114746,1
182.11267943222953,0.9947022974899444,1.5159798056437104,21.273509979248047,1
182.85289243517988,0.3659585038831844,1.037889117716719,22.288454055786133,1
182.36631083072768,2.3118008957034033,2.3409933551643123,21.227397918701172,1
182.63364518791096,0.9077067400370616,0.7827001233042736,20.476003646850582,1
182.1794520568424,1.5154773557957415,2.4273499396373848,20.541566848754883,1
182.4259702850018,1.702776021130425,1.4963109530039969,21.64629364013672,1
183.85439736698268,2.0238394458318054,1.153151703985979,20.801755905151367,1
183.10287854330343,1.2695449449237142,0.766412773351076,21.43662452697754,1
182.9024536651582,0.7641909269344465,2.181994454700849,20.33018684387207,1
182.9207695538285,0.3118554425424218,2.14998279802695,22.070240020751953,1
183.62874982438467,0.9650650984641674,2.7689346849281637,21.87307929992676,1
182.87348204923072,0.5853968566018082,0.9679358050638958,21.27413558959961,1
182.2514517554029,1.3248778704674864,1.3608878464111396,19.992630004882812,1
182.6572051447151,1.4200394338026283,1.8076474517989505,20.876543045043945,1
182.4361003655595,1.2582719739218735,1.8014433065219932,21.594425201416016,1
182.38911577756537,1.087841181252039,1.1866315789485204,20.60873794555664,1
182.56672980231733,1.0587177273699502,0.6385139065512863,18.77344512939453,1
182.5102833546431,2.2476005909474237,0.7095879501021495,22.282686233520508,1
183.80787416972737,1.148998328496165,0.8292306173131095,22.15631103515625,1
182.6912600279499,0.4288869313281939,1.448121483487692,20.86663055419922,1
182.7598652179985,1.887168068838232,1.4224783075444316,21.398271560668945,1
183.26026070029928,0.5878947777650221,0.6054757947399284,20.506561279296875,1
183.9550440042475,0.9725223635667974,0.7821716601757999,20.495540618896484,1
183.10218321444535,0.477583993472153,0.4194770092924303,20.24906349182129,1
183.35184205227296,1.7661039078733975,0.7271454183788066,21.3645076751709,1
182.7099164284037,1.2867949252984614,2.3140996584375726,23.67168426513672,1
183.20493203135493,1.4967296198042568,0.6878024956898832,20.303741455078125,1
182.033472408472,1.859135840392545,1.778821245020331,19.982818603515625,1
182.680776368298,1.3724215364543075,1.5091359340652934,21.79468536376953,1
182.48626482198392,1.0130047182362725,2.5042998717855034,21.40213966369629,1
182.9940724613652,0.5388167518497684,1.3874163210243342,21.75950813293457,1
183.3971237220942,0.8502258598117958,2.356833376771134,22.10439109802246,1
182.8382358500943,1.111766347846937,2.520623796083369,19.86439323425293,1
183.4347404714545,1.3153281821447265,2.0013584540949942,19.916210174560547,1
183.0541407264967,0.7717578252892106,0.2729633690691331,18.592575073242188,1
182.79553596565916,1.7556029434492948,1.9696788232484388,22.64904403686523,1
183.81953350484923,2.0393627440440096,3.938963696754461,20.211593627929688,1
183.25661631694027,2.0115734798603953,2.0109243580757763,22.168975830078125,1
182.71418595418115,0.8682821447160647,1.7180888383722934,22.518922805786133,1
182.38911577756537,1.087841181252039,1.186856975584066,20.60873794555664,1
182.3557110242107,0.730471652358197,1.742957514268238,21.20633125305176,1
183.25694278314305,0.4360487016059252,2.217130842280227,22.351539611816406,1
182.398971959099,1.1140030129121106,2.519621086729337,22.549135208129883,1
183.12329539055168,1.1480220238599157,1.878037828254034,21.751569747924805,1
183.82503173271212,1.4353979718774177,1.1809008227142124,21.64874267578125,1
182.4047721259542,0.634469903667667,1.9342341440118629,21.459705352783203,1
183.20493203135493,1.4967296198042568,0.6878117799381769,20.303741455078125,1
183.07163566761355,2.3236341448432865,0.5846395367094147,21.960983276367188,1
182.5238136543888,0.5227978834820384,1.543144524919571,21.559141159057617,1
183.7430723557556,0.7700833871409809,1.7649386976756865,20.68600845336914,1
182.441430614748,0.4723764420128978,1.4935441076463758,22.08807945251465,1
182.5197161661808,1.1843398115900343,2.913490839644464,21.837095260620117,1
182.08624706505904,0.8873484781680323,1.497718217355965,21.499006271362305,1
182.97607302557424,1.431779501723579,1.7073442039228637,21.140026092529297,1
182.23676894579265,1.2992826768717003,2.4102643277853875,22.725975036621097,1
183.6318421129593,2.3477389889753972,0.9226585731833936,21.024255752563477,1
183.3740704217561,2.032532827694181,1.85663995606087,21.20202255249023,1
183.39881211107684,0.5705357412924789,1.083354642980194,21.488920211791992,1
183.07171937671717,1.3346228567351217,2.1669607444333,22.406959533691406,1
182.5154482221931,0.6215755694198953,1.7395857308694431,22.517532348632812,1
183.62225743807468,0.9204786139466132,2.2449950691624663,20.79391860961914,1
182.97607302557424,1.431779501723579,1.7064403020288,21.140026092529297,1
182.31231206620845,0.5977431827590955,1.318044940392636,19.11298370361328,1
182.14450183301352,1.032272973804069,2.493804157996796,21.23094940185547,1
183.161001749162,0.6296625043919856,2.3908273368615567,21.92728805541992,1
182.9811477020688,2.5032085525114063,0.9927098908350728,22.34258270263672,1
183.39881211107684,0.5705357412924789,1.0839431279487264,21.488920211791992,1
182.38006841498884,1.115685397345398,2.4619203639252674,23.38129615783691,1
182.93137487494883,1.503114280410625,2.585587833688088,18.43402862548828,1
182.73281483259976,0.652344321585855,1.7288184840634409,21.74492835998535,1
182.2989930211076,1.6761290053684368,2.837922718226611,21.17290687561035,1
182.02016096434855,1.076540864844162,2.882258478371017,19.95513153076172,1
183.2884626229792,2.0528854921576523,2.3496838016859214,22.37332344055176,1
183.25327117795305,1.825643948731596,0.4175104203722463,21.82291030883789,1
182.02232218622223,0.8815627466697596,0.9240536848710654,22.396909713745117,1
182.47684618126664,1.7042007058316917,1.2464411416852244,20.264806747436523,1
183.81848957179295,0.8280575183641103,1.3487168279390933,20.63718032836914,1
183.65632636008192,1.3446222413056728,1.7978930742084511,19.96759033203125,1
183.72528801394347,0.8016929250515302,1.674701500072758,19.68623161315918,1
182.47063000000003,1.3564977,2.526595115661621,19.0936222076416,1
182.6494368974499,2.134682749543219,1.6101041926971988,19.622173309326172,1
183.62225743807468,0.9204786139466132,2.2435974231009723,20.79391860961914,1
182.31231206620845,0.5977431827590955,1.318711133523711,19.11298370361328,1
183.78748790432115,0.8960406967825331,1.299543303210158,20.792041778564453,1
183.9289173659789,1.0947838244110548,2.53489676400354,20.783824920654297,1
182.8458706961298,1.3861391752985306,1.8393068426957575,20.615577697753903,1
182.70007110344665,1.1276695531524423,0.222599414926271,18.982404708862305,1
181.95824281897472,1.3103070256740146,2.1290375407169857,20.25296401977539,1
182.37490857170417,0.993194266085317,1.0683709898892066,21.880334854125977,1
183.324586827202,1.6302362674291155,0.9947217956453152,19.884218215942383,1
182.79868867723957,0.327646152652631,1.2178301672093468,22.662092208862305,1
182.6572051447151,1.4200394338026283,1.807230159288655,20.876543045043945,1
182.44816115792935,2.2308567789836733,2.003178870432884,20.143571853637695,1
183.3194083878124,0.7293761121365961,2.215597268140128,23.67940139770508,1
182.3851570990644,0.984123293810544,0.2952453254881745,19.77869033813477,1
182.8241503839076,2.309872124917345,0.1099937704837756,23.106056213378903,1
183.22430517861147,2.53030081306774,1.5639646344787774,21.094314575195312,1
183.23520693634467,0.9687308199599132,0.9902342240885464,21.86525535583496,1
182.15743909473943,0.9903257620659296,2.3028664388011304,18.59029197692871,1
182.7805543219163,1.624319935004281,1.147254267124702,19.632831573486328,1
183.9363633180085,1.7486723882368675,1.3313800316339417,20.509326934814453,1
183.2444303159338,1.5242182016410244,2.204818406845667,19.597511291503903,1
183.6142741845613,1.5517627815250865,1.9125145451953345,20.93938446044922,1
183.2759696612356,1.3931717367788834,2.042021983207726,22.041183471679688,1
183.81068000000005,1.4923887,2.425497055053711,21.766176223754883,1
183.66397295490967,1.6891942166934562,2.2675324752056643,21.232994079589844,1
183.82310188535968,0.7512875904232627,1.187047604695738,21.45711898803711,1
183.24229838681313,0.3386575735003064,3.4362643295596618,21.272930145263672,1
182.78430735903777,2.452805153566554,1.7133548301647683,23.269899368286133,1
183.27354046333224,1.145126278329426,2.647401161387734,20.70656394958496,1
182.7843335318454,2.4530328432695683,1.7135768982923754,18.326589584350582,1
182.29259059710387,1.8326642713636412,2.9560684597243467,22.65338706970215,1
181.8797511844708,1.3399797614548274,2.11571922677862,22.187339782714844,1
183.0877377342448,2.3578689718754493,1.713437431788698,22.875062942504883,1
182.93137487494883,1.503114280410625,2.586970675022211,18.43402862548828,1
182.5778761049957,0.8477448668496411,0.7564081152061322,20.62501335144043,1
183.68445878329308,1.1311174948856368,2.1977581516380447,23.641376495361328,1
181.95165861285912,1.461683390062197,0.1586457366823589,17.695640563964844,1
182.27262286663463,1.6493157889888646,1.961644668736454,21.13665008544922,1
183.3367184793507,1.2324026871786105,0.8276655910666151,21.28217887878418,1
182.2859698075727,0.8025899338475843,1.2210214443753191,20.937414169311523,1
183.33294211081528,0.7575614517750692,2.53825564506569,23.549835205078125,1
183.25932221213824,0.3729841657371728,2.608227907736359,22.400798797607425,1
182.58433826152628,2.3898940377977405,1.312770861248125,21.42669105529785,1
183.18598765537516,1.8652211731672,3.6172513104201687,19.617267608642575,1
182.8532724751832,0.9604581713211594,0.7658195659521481,21.790538787841797,1
183.4287891482778,1.7400971055058716,2.227525816627717,22.229026794433594,1
183.21954988538133,1.6602353859784376,1.8531759038611648,21.79398727416992,1
183.99702380253888,1.2344451811751531,2.406371706715041,19.76447868347168,1
183.70790633435308,1.075571551901667,1.4533817615819409,21.84832191467285,1
184.024351521216,1.6510099170992447,2.259295827288363,21.329586029052734,1
182.9095640994168,2.325757986568272,3.6636959612175017,21.89348602294922,1
183.4429749908788,0.6929077521085641,2.7854529056613373,23.553119659423828,1
182.75566677075017,0.9219486482937834,0.276795251728875,17.68798065185547,1
183.60672228860065,1.959444007189139,1.0370721325976948,20.253501892089844,1
182.46817957316185,1.6328969686642438,0.4003792319226055,20.07070541381836,1
182.73281483259976,0.652344321585855,1.7297522351764594,21.74492835998535,1
182.77064163217477,1.9731592856974325,0.7897948150780354,20.078563690185547,1
183.8981771523967,1.1447646522584187,1.798580549399159,22.36672019958496,1
183.95683604836984,1.5196197222467975,0.838026019148415,22.111085891723633,1
182.56258344578205,2.2679212860351528,2.002247408156582,23.682964324951172,1
182.77014376986727,1.4920128511635908,2.209646718511303,21.26063346862793,1
183.75305051228176,1.376029805126071,0.6523373874759545,21.251220703125,1
182.95307257546423,1.41216240072952,2.2878928682491413,23.04080390930176,1
183.09640634168497,1.728736992879235,1.6426998595072826,21.722639083862305,1
182.62480263335405,0.9116778282886016,0.7755413690593599,19.92605781555176,1
182.3648556143745,0.9013639528823528,2.366274106420789,21.22825813293457,1
182.79542708450984,1.1296871532671475,1.4630169911630788,23.51535987854004,1
184.0635018594201,1.6661388825725714,2.105826170215387,22.431663513183594,1
182.47459935168644,1.3391560453190052,0.4728964556266227,20.99879264831543,1
183.52994245561104,1.4814185080036724,2.48584603553908,22.870399475097656,1
181.96134382482597,1.827880724170099,1.5909975771524052,23.71733283996582,1
182.94488197284116,1.1912816925678535,2.0680279114973152,22.150102615356445,1
183.85474835337217,0.8880350044292017,1.054752991039656,19.97905921936035,1
182.6841743902468,0.8630934650627688,1.68316118108141,21.60674285888672,1
183.3436070527773,0.4129866627188994,2.729022144762666,21.034425735473633,1
182.2657710551515,0.8572599405661836,1.727234585140672,21.424083709716797,1
183.13831140911225,2.36493549904324,1.6612212005308982,21.534326553344727,1
182.77771341206864,2.1452515234352107,1.638013397763863,20.85154151916504,1
184.03381267828888,1.6361265138781849,3.284836432036823,21.947559356689453,1
182.18753510495785,0.8922776396686871,1.85872707295997,22.775238037109375,1
183.66114856540085,0.6520784915667882,0.1627464389954428,23.062864303588867,1
182.8932035337994,2.239653729920535,0.8969133468224266,19.692310333251953,1
184.0299433305027,1.7326810633586656,2.255758185910759,21.87374687194824,1
183.2703669246377,1.8919982606039656,2.5703254644844113,21.853281021118164,1
183.23054159069616,2.397272146610564,1.5623947314086084,23.312591552734375,1
183.7432812061549,0.5989385900246991,2.253465130148234,21.47435760498047,1
182.42555415965097,2.263436505409961,2.331175177706471,20.325027465820312,1
183.2444303159338,1.5242182016410244,2.2050575497249847,19.597511291503903,1
183.98483102047356,1.2877399030603107,1.7340873910242167,19.6640567779541,1
183.5388404011763,0.8890593363180727,2.507523452163928,23.045366287231445,1
183.0331317180733,0.9624295085259862,2.353079134703536,22.430126190185547,1
182.46191545459416,1.5741562141579948,1.7413383347246978,23.335128784179688,1
183.76954301290232,1.804691152895415,2.9131014325139732,18.96568489074707,1
183.7213600611622,0.8785175311876261,2.220198706770956,22.067684173583984,1
184.07308294798628,1.301186660014402,0.8491776956181368,21.689382553100582,1
182.331658472858,1.412142576762549,1.5128042351293192,22.520748138427734,1
183.84812209218617,1.0220750684844826,0.9269835700671988,21.62972640991211,1
182.53446808829412,0.4760003202860365,1.1845133301512036,20.77157211303711,1
182.21354130922128,1.1826670947343243,1.7984715836014948,20.53843688964844,1
183.97226983478097,1.119420879020862,1.623432777076405,22.695655822753903,1
184.0520039818724,1.270447236396026,1.7315252932149257,22.1781005859375,1
182.77067081761555,0.4656971516657208,0.798850499447449,21.383331298828125,1
182.80430393320364,1.5444344538724897,1.7795672605092865,22.90775489807129,1
181.94408481203916,1.502259888587237,0.9288318030548168,21.98577308654785,1
183.2857515456688,1.921106098961772,1.5182689661501934,21.36442756652832,1
183.36976193274393,0.7028588274355261,1.731222717455997,23.017414093017575,1
182.70208215570972,0.602314095261331,1.1952960398636787,17.428756713867188,1
182.94519094158235,0.3376842739226684,3.0747495381594585,20.786230087280273,1
183.10500322471736,0.4406014637937916,0.6582176326216811,21.410932540893555,1
182.35494767487737,1.4350674523655502,2.3887883944326416,23.255035400390625,1
182.29611253143665,1.3201015202216966,2.462535546198062,22.53363609313965,1
182.7913569444896,1.6525273513804506,1.397789048230936,21.473058700561523,1
182.85558315143328,1.4350523714065535,1.8683598222869768,22.70445251464844,1
183.66322110363603,2.248258708091067,1.0333182101855314,22.15664291381836,1
183.65705481377745,2.2064269829337824,1.569285926694329,22.082935333251953,1
182.69811707679852,1.2728585656672269,1.9417031232988904,21.680505752563477,1
183.4294742115013,2.0014025507657225,1.9213425447106416,22.92972183227539,1
182.1805190597968,1.019709314940518,2.3288939046050112,22.651926040649418,1
182.69190975893164,1.046256797439202,1.225628274155797,19.05620384216309,1
182.39604380592095,1.9901465953825856,0.7185339715154412,20.37772560119629,1
182.41212558826712,0.7711874556944056,2.3672391218577813,20.807477951049805,1
182.0201307614525,1.010211980093736,2.5100298611593352,21.74471664428711,1
183.14672327374217,0.3702603290645414,0.9725166435772582,20.895153045654297,1
183.0120127776036,0.7606208858297204,0.5800350993573378,19.916458129882812,1
183.52994245561104,1.4814185080036724,2.4926145807592945,22.870399475097656,1
183.96048500070123,1.0132378287542954,1.5215433363518485,19.350317001342773,1
182.3424520538656,0.9028086148053392,0.3472015635219165,20.204837799072266,1
183.69488,0.93504512,0.8308774828910828,20.579816818237305,1
182.92583576899733,2.1197908037602193,1.4235646549815997,21.629335403442383,1
182.15119235897876,1.628144058806848,1.5136320744736846,21.955163955688477,1
183.9418818552303,1.0095576076741235,0.1619143189501281,23.33477210998535,1
183.8104180402865,1.5465569729615234,0.9915664122031812,20.685436248779297,1
182.28225863490468,1.4010372122861685,1.1739788048850754,21.716575622558594,1
183.73613565884756,1.3801529874191374,2.8447587603623794,20.643396377563477,1
181.9442454907995,1.7594302690527055,1.9230920408791103,22.29910659790039,1
182.99495087116276,1.56477796539516,1.4224588647780358,20.368621826171875,1
181.97331672895297,1.163707885172392,1.6751513021851054,22.19569206237793,1
183.12066315545977,2.2256092596428525,0.8020402193336772,22.154502868652344,1
183.51867387694952,0.9289576948925128,1.2562261553183394,21.149824142456055,1
182.81288752093675,2.0232346155737995,1.5112834942982705,20.826801300048828,1
182.62026623468267,1.595893058195446,1.3075156584611205,18.762605667114254,1
183.51644965757313,0.4763967831552561,2.427643477304007,20.08519172668457,1
182.75901667895064,0.8895326735233686,2.1511102492352947,22.88717269897461,1
183.41192081919553,0.8586239509424368,1.876600775032203,20.503616333007812,1
183.46259957872672,1.1780968178803106,0.2455308847665516,19.66363525390625,2
182.07203616659135,1.118195594102705,0.1290726275880153,19.75312042236328,2
182.53959157055567,0.6179834237859021,0.7648254787278971,21.775209426879883,2
182.23196235226197,1.8616058240422009,0.3875132818236658,19.481704711914062,2
183.33997772615288,2.035283938662102,0.3013754422804633,19.139768600463867,2
182.93848200327375,0.4440184932857935,0.3307314405431192,18.06677627563477,2
183.05075343069103,0.6059387679172874,0.7885002099066849,23.57131576538086,2
183.4184920774904,0.6191640806835392,0.4188228281354106,18.76611328125,2
182.53741762794235,1.454891050296908,0.4180954385038323,23.457115173339844,2
182.77693952793135,0.6002687998083651,0.3522385896827848,19.94468879699707,2
183.77125348619353,1.6176868479397024,0.4939975378602323,19.62325668334961,2
182.34330667516667,1.479792778286021,1.108061353507673,23.39729118347168,2
183.29178338743867,1.4838936267499163,0.6930345273011863,21.39782333374023,2
183.4144670621558,1.9887899890121583,1.2467393835079932,22.386728286743164,2
182.66747423108643,1.1240780356729476,0.2745363574286248,19.86651039123535,2
182.8810136205927,0.3267961949477179,0.5780130840354653,19.869413375854492,2
182.83256222044213,1.0158490564818206,0.9593573347942742,22.24404525756836,2
183.6759443436069,1.0747885170292393,0.4177699124662667,20.49182510375977,2
182.76446270045665,0.4053919159272846,0.8681498137427286,22.61317443847656,2
182.63159309118265,0.6406706179501056,0.4412929590959114,19.47452163696289,2
182.2173135940949,1.4236719441582908,0.7965701485749367,23.306684494018555,2
182.69685518128537,1.5278383362597774,0.2917987863393735,18.885520935058594,2
183.2039507456904,1.6242066469283856,1.6918816445295817,18.240034103393555,2
182.53376801748297,1.8516671104229596,0.1870962028748113,18.861412048339844,2
183.6818445793105,1.0938994626637264,0.2971788776848164,19.1697940826416,2
183.3487420283776,1.3426450599949065,0.0363962460340725,19.12877655029297,2
183.32979062476667,1.297947929611102,0.0980282877343224,21.88228225708008,2
182.67330604893036,1.405717865445096,0.1845462739881922,18.06812286376953,2
183.5524315977584,1.7220446806733356,0.7006688660767639,21.198514938354492,2
183.34423961433495,1.2806874050226118,0.8890580336986094,22.393457412719727,2
183.89116421604572,1.345729628764425,0.4451551475140265,19.9443359375,2
183.4702940185768,0.4671035644442242,0.936330082232905,23.149351119995117,2
182.18362230150368,1.7378948822995572,0.4279899241826799,19.071186065673828,2
182.62256938677515,2.2905466878787406,0.8588987697206613,22.12127113342285,2
182.798088523731,0.4838121569961571,0.351851012575703,19.71050453186035,2
183.27991027327457,1.5844100860054342,0.7339881603722531,22.00093650817871,2
183.61428594846947,1.2156392754629994,0.2450883806955301,18.32816696166992,2
182.6911095943045,1.2166498020089584,1.074352763710703,22.51062774658203,2
183.0879230261746,2.1531141830497837,0.8185436613047478,22.79912567138672,2
183.35415770002177,2.0986952461727606,1.4208858354065583,22.7741641998291,2
182.0595408342523,2.033494962866266,1.080804206833098,23.32491683959961,2
183.22468902935225,1.6754370816195967,0.3792211921797345,20.106765747070312,2
181.9487610702001,1.608648497573269,0.2521697686126401,18.49789047241211,2
183.74157743992427,0.9161522659367316,1.1679574670933892,24.059831619262695,2
183.59981159754776,2.1593616208632325,1.0969588832004211,22.445207595825195,2
182.2671769789276,1.2047420442168628,0.162275648945008,17.54770851135254,2
182.82672815967217,1.2455006211211084,1.2907394317387095,23.068172454833984,2
182.93636636326625,1.4852324154811305,0.313183183639571,19.753219604492188,2
182.66999270557812,2.415178725753193,0.934822032713338,22.53582191467285,2
182.63481411439471,0.7550742665286891,1.3603939931294315,23.47435760498047,2
182.9194522245888,1.0366261407557067,0.1252502373263417,20.345495223999023,2
182.88352408637832,1.2168239624631378,0.8993053777283687,22.471332550048828,2
183.17621934360483,0.7629471250569474,0.8392974681368595,23.447341918945312,2
182.62268507399213,0.8468207058423275,1.0047349733495528,22.544389724731445,2
183.39491236506817,0.8133593665855169,0.4206605167998699,20.288921356201172,2
183.1502326181385,2.4541415297815727,0.9117944602737982,22.77308464050293,2
183.58114664334147,1.0471148094513332,0.849115392068785,23.206710815429688,2
183.09866091303553,0.9821330434334976,0.780566420994913,22.902738571166992,2
182.60996249830313,1.2470170298456438,0.1264157934856789,22.44126319885254,2
182.85423000000003,1.1524672,0.4537881314754486,20.989322662353516,2
183.9206173284312,1.1727490308794086,0.2497006658244363,18.351177215576172,2
183.253877938353,1.3468976458603337,0.0365505042039497,18.641374588012695,2
183.09124438254815,1.2524905205035015,1.068861668714704,22.928234100341797,2
182.43050468236385,0.6268641306466645,1.1119620919566164,23.15533447265625,2
183.27972667383457,0.4176171907275767,0.4209287616511825,20.088945388793945,2
182.89412154407887,2.401434430712724,0.0768347993472523,22.23466110229492,2
182.87814796449075,1.3158666553189018,0.2909554733974946,20.339967727661133,2
183.46823332661884,1.2882770697666666,0.0918411089259288,18.861785888671875,2
182.1307047805422,1.1784996525695492,0.1588877671228798,19.500171661376953,2
182.75961718896983,2.3918918136447407,0.8587567118495055,23.227075576782227,2
182.4418830861321,0.514279815995957,1.477664597630021,22.792701721191406,2
183.7660079054212,1.132117174343919,1.3632567030627014,24.70987892150879,2
183.68150659862897,1.5340400681447184,0.6943024264550454,21.42637634277344,2
182.7332385847205,1.3542249527209376,0.1870440020848746,19.068531036376953,2
184.06224533838343,1.1180827713199428,0.8250754316121244,21.904008865356445,2
182.9847677516939,1.78328069905193,0.1254352116334023,23.232715606689453,2
182.5938151224752,2.0523153454571883,0.8686906056597523,22.979454040527344,2
182.90604552236587,1.5343191294210454,0.1480024089977759,18.808940887451172,2
183.05532214521116,2.0257721335791192,0.1273207017898263,19.53094482421875,2
182.7722035494038,1.069442125964632,0.9758757427697556,23.05405616760254,2
183.2984752910101,1.079864934577507,0.2101095052056006,18.04673767089844,2
183.2789798377003,0.8692901176922105,0.3158143642811757,20.230716705322266,2
183.84638977847797,1.4533241040508234,0.6511142244545088,20.227907180786133,2
183.64676818773097,1.2040982215620262,0.6352578582702566,22.213821411132812,2
182.7375380792048,1.3439919312788722,0.1863414804507594,18.3173770904541,2
182.70052479234175,1.2110832533235112,0.2953300910088434,18.8052921295166,2
182.52509440364707,1.1606135461750298,0.9191824859631896,23.258604049682617,2
182.43687700765375,1.8515268082230267,0.864211378163409,23.048046112060547,2
183.42784045573492,0.8309380610625324,0.2719068577629183,20.16351318359375,2
182.15709952822817,1.1065234121775882,0.4148731018171857,20.135583877563477,2
183.5639,0.45329388,0.5673119425773621,21.933330535888672,2
182.9090038242263,1.2228582599570137,1.404794370765022,23.00371551513672,2
182.45454430868983,0.6431151198139775,1.1125236477856622,22.493574142456055,2
182.95811528274663,0.8015920961979625,0.273516181928293,18.632402420043945,2
182.28910199232527,1.9894585713881507,0.427219480554814,19.521404266357425,2
182.7252057404987,2.265552868923103,1.6162272064855507,23.27509880065918,2
182.52131172520515,1.0325383534441042,0.2745318066250699,19.4195556640625,2
182.86907520259092,0.3785722098761455,0.0203281272173894,16.032814025878906,2
182.98115356192037,1.249234766889164,0.1253650326957645,19.3846492767334,2
183.98549514030483,1.458831589293103,0.1560323378298676,18.8585205078125,2
184.0788596180556,1.2033946965952074,1.0447679260080085,22.308067321777344,2
183.67717510389377,0.9797997313333712,0.1245813275740718,19.23163414001465,2
183.78198698826984,0.7923719385892818,0.722989691306362,21.218679428100582,2
183.2483241598588,1.703062931813584,1.0922550681046486,22.220592498779297,2
182.98623795255187,1.2230516437344283,0.3836296225859699,20.228607177734375,2
182.09550336190284,1.237593609634625,0.2340808403237074,19.65643310546875,2
183.804817795534,0.852771990774532,0.3004091288702948,19.80820083618164,2
182.54966997755284,0.8409425696878889,0.9191814329325528,22.86650848388672,2
182.65181643268875,2.150195993359957,1.0509373758941698,22.717426300048828,2
183.034513952754,2.304867263213042,0.9134299096071448,23.21967506408691,2
182.31514960673277,0.5487221754731643,0.4953275265440015,19.992246627807617,2
182.79355639251685,0.9532617562838402,0.2763521223608552,20.001983642578125,2
182.8735428142898,0.9581321047841436,0.4403346489964196,19.4594783782959,2
182.22388054590252,0.780488757304259,0.3493295696305696,19.69676971435547,2
182.96505983260872,1.2394497474836526,0.2229023007303847,19.913284301757812,2
183.16054823029995,0.4567014434978898,0.2406282386843326,19.254846572875977,2
182.06781802992535,1.0614333797488875,0.7778771171954697,21.28607940673828,2
183.5821360261836,1.4197479923124314,0.1460241478224419,23.601911544799805,2
182.6022338195579,1.7882599413030018,0.1513433500487833,23.36926651000977,2
183.6154911467402,1.599920233505899,1.0039642140759244,22.930450439453125,2
183.10776255189697,2.4078573167889705,1.055955636926041,22.734331130981445,2
182.20403166616015,0.6765703423308638,0.7417381162757106,21.311750411987305,2
183.8321287931944,1.889386260247378,1.1445313639953811,22.80881690979004,2
182.49176481198785,0.902038805750906,1.069475272157829,22.91452980041504,2
182.13217416586636,0.7726069951135405,0.7874244749156383,22.561094284057617,2
182.17735203870515,1.045559914267699,0.4331195399695166,18.845582962036133,2
182.44463705735052,1.9325517010716315,1.185162215689648,22.552961349487305,2
183.4383972663549,0.5639240705250901,0.942279489577962,23.473283767700195,2
182.37102184620412,0.5749362028216108,1.2475006624823786,22.868234634399418,2
183.65448541874784,1.1609072958608415,0.836998282091609,23.57230567932129,2
183.0697128319161,0.6984789023597858,1.177673267722919,23.248769760131836,2
182.63892257171597,1.1826137038271838,0.8149557444657249,21.741531372070312,2
182.74718155074973,1.23111147548636,0.8130065243724724,23.2537841796875,2
182.22648946750743,0.6717767797265819,0.0927892740215251,18.735015869140625,2
183.04685467749488,2.349158301711595,1.492021698143103,23.318878173828125,2
182.03782808899072,1.7019388527832926,1.1828803398198304,23.291664123535156,2
183.32080313118624,0.8817030021669414,0.3088492394722107,19.582727432250977,2
183.98549514030483,1.458831589293103,0.155948530825418,18.8585205078125,2
182.23021275631712,0.99941828454087,1.0806396495401276,23.42247772216797,2
183.7575480355507,1.5542660405166426,0.9960928276757032,23.005416870117188,2
183.6963413260904,0.8405650631976397,0.3488557557900565,19.42426300048828,2
182.08179512677577,1.4791834296129096,1.1477816706962818,23.365705490112305,2
182.37733087019183,0.6917184884518195,0.7519412031893986,22.117515563964844,2
183.6142191730691,1.1113851956654013,0.534786812428574,22.9345703125,2
182.2128110824422,1.143733462807487,1.4849717192716063,22.561208724975582,2
183.3526052559912,0.8067121129601589,1.3837841733807237,23.085371017456055,2
184.1119703388012,1.3352623669360757,0.8831666162643366,23.645360946655273,2
183.64977879900027,0.8328309601047176,0.2497018559042244,19.772050857543945,2
183.969353275513,1.3935216287194343,0.3938129319573267,19.40109062194824,2
183.22501320424664,1.036577511121742,0.252507532339479,19.79193878173828,2
182.08107466142744,1.193934549346457,0.0793820625718725,22.51407814025879,2
182.4811860122706,1.2376940878424232,0.5883341889279439,20.19809913635254,2
182.93186849099376,0.3733848356298285,1.1130995785623783,23.12493896484375,2
183.59458595885437,1.3030551009156897,0.3196120998534504,18.967283248901367,2
183.2605870267737,0.7859010088496314,0.8865750471861821,23.122190475463867,2
183.0020384454062,1.4407851025003575,0.2458530815522351,19.231178283691406,2
182.89044816569793,1.7823418603348302,0.1263937787258497,16.61313819885254,2
183.9990237934603,0.986746967730228,0.8893981569792847,21.835956573486328,2
183.8499609061144,2.137368395296111,0.705381133835693,23.03142738342285,2
183.20993171839456,1.8009205215682793,0.7528132763114668,21.867353439331055,2
182.3232256047669,0.9235403624640404,0.9182807530243584,22.21708869934082,2
182.38061147879205,2.1461194741031764,0.7227803277455276,22.05888938903809,2
182.54822011636873,1.1037704918573024,0.2246052918207016,20.003332138061523,2
182.4754105890839,1.7430220611845335,0.6723663908761036,23.04251289367676,2
183.56044493189887,1.5724777881020673,1.517077695695985,23.55987548828125,2
182.40421435862737,2.193205265771658,0.3019634762617525,19.60502052307129,2
183.78424781636497,1.6368957637605626,0.4823785223786687,19.701148986816406,2
183.65938502217577,0.5851518961727229,0.1817672665891683,19.529552459716797,2
183.3601292398789,1.1238144430806012,0.6243612244814292,21.143035888671875,2
184.0825180390221,1.3134959705074731,0.640212538752258,20.787954330444336,2
182.97880169495863,0.9221026617299376,0.621558589625493,20.527116775512695,2
182.6029392921048,1.307466976334028,0.8913860524016894,22.69742202758789,2
182.34974543671984,0.7062804251307169,0.093000341142272,20.08205795288086,2
182.9901791501751,1.8061715492511203,1.511215050783888,23.30306625366211,2
183.29098905029844,0.7448739171316876,0.251853716270646,20.236921310424805,2
182.62877336945024,0.6851335108524482,0.253309065025298,18.121278762817383,2
182.2052344274141,1.4792341370216815,0.8593793534555091,22.215923309326172,2
183.1501925570811,0.5233571478608167,1.6681817914799024,22.281991958618164,2
183.52731973672192,1.3000100106679142,0.0981524843563096,17.06829071044922,2
183.90724596551695,1.1992835029558984,0.4083281337164838,19.387928009033203,2
183.22975603437948,0.3748671845527508,0.4601028324124791,20.16214179992676,2
182.5085121457624,0.9906012700799484,1.3758947229258067,23.77767562866211,2
182.063997094934,1.6697387321530852,1.1171658769738748,22.95071029663086,2
182.59149788676856,0.922486091671951,0.4080181960754585,18.780757904052734,2
182.98228125234084,0.8697861153724075,1.0337074866497655,23.509246826171875,2
182.73848233314084,1.683433311171343,1.370179154489756,23.79631805419922,2
182.98280268718892,1.4235391456429467,0.7465709462922349,23.3590030670166,2
182.5258320906971,1.6155555553710768,0.790739322815212,22.616729736328125,2
183.2638950023278,1.3109629477773064,0.8615142098984657,23.425704956054688,2
183.6548380578905,0.8796646714820232,1.1541094529792242,23.504878997802734,2
182.77734051456025,2.189632876879439,0.9140012143506148,23.02640914916992,2
183.45228949059984,1.490113400631519,0.3406071005401342,19.44568634033203,2
183.5013001332271,1.3097096478397072,0.2973062060299135,22.300657272338867,2
182.23963572823507,0.8375146657493345,0.2463056909016106,19.352224349975582,2
183.82611585313936,0.7156250768319592,1.0236615444344717,21.891002655029297,2
183.3677886675469,0.745972136541231,0.8016735756120714,21.54112434387207,2
183.1676957536598,0.3416940048565454,0.940957220790737,23.402162551879883,2
182.52547781034048,0.4433097237604227,0.1295708325073104,18.329519271850582,2
182.8082698625707,1.477169967792974,1.0218192551385827,23.544918060302734,2
183.72039215558624,1.543527749501809,0.2526752074672843,18.842269897460938,2
182.66381368454591,1.073760131404878,0.275163249493614,19.51688003540039,2
183.8545331450441,1.1446762580687646,0.5043952780184762,19.471359252929688,2
183.133965971981,1.2850000330267164,0.6959890088204927,21.323551177978516,2
183.0594793244302,0.5901809626160673,0.427143538187783,20.43694496154785,2
182.83235984470113,0.3455255087302796,0.7756497301236566,22.555620193481445,2
182.6134344251661,1.271661890826371,0.1265788939640815,18.10746383666992,2
183.61908321374585,1.3013391972973738,1.078224836943029,22.946605682373047,2
183.37258880397513,1.3080037880799285,1.419211158295832,22.73725700378418,2
182.87352859475308,0.5068718353653139,0.9754894715065632,23.10317039489746,2
182.6875095966928,1.6480522481310154,1.5111760504541285,22.832931518554688,2
182.79135291940403,0.4720012252802805,0.1274678578084897,18.318164825439453,2
182.69308519494547,0.695482388567744,1.0899537646376274,23.739501953125,2
182.90519583473008,1.6408286048731573,1.529017710836126,24.06948471069336,2
182.4540475440595,2.351004519152207,0.3804559903402987,18.967453002929688,2
182.73678898944348,1.997072091659704,1.2151977988480285,23.665861129760746,2
182.75071307022964,0.9375558831889792,0.5541862199586578,19.05690574645996,2
183.67567295447483,1.1444471681416428,0.3122924083435946,18.54977798461914,2
182.51311847198576,0.6170695726703522,0.4738018534463022,20.33674430847168,2
183.4657523202052,0.5849738008106405,0.093972149848069,19.18389129638672,2
183.3896138420611,0.4949403954824428,0.2156931998644522,22.42083168029785,2
182.74231933198087,0.4703665979093269,0.7375928505074363,21.919715881347656,2
182.28637053060285,2.214550332829424,0.0780095469279055,22.599151611328125,2
182.18477920150448,1.1794038206565722,1.489571866020197,22.13425064086914,2
183.5679468395208,0.8478384488386733,0.9340927368640732,23.5026912689209,2
182.3318748878568,1.463538371711485,0.213885716696208,19.912113189697266,2
182.9866350310685,1.9865685683655103,0.238868430135482,20.03196144104004,2
182.88376764738143,2.37700487995028,0.270783591218411,17.629138946533203,2
182.64089995640063,1.4992226825838109,1.284501214752037,22.84168243408203,2
182.26382869310007,0.9708085713506186,1.4533779105401468,23.031095504760746,2
182.86986734198675,0.4946575632650091,0.3079318811379126,19.453733444213867,2
183.10291951486468,0.4202226115776865,0.6369281557242937,20.75760269165039,2
182.9609585667082,1.8824291829017945,1.0344608619540665,22.64397621154785,2
184.07031471935733,1.559006614081269,0.297106139580611,19.398540496826172,2
183.4354052689378,1.4208548200818498,1.4731226202360512,23.90565299987793,2
183.36549685110228,0.9565682141075542,1.1474983139253856,22.440589904785156,2
183.37310821699333,1.9489914168317255,0.7163358553481781,22.176410675048828,2
183.6912176215077,0.8291198152287835,1.5312464945681608,23.2728214263916,2
183.1511599269897,1.222010223274354,1.1659924903221406,22.203140258789062,2
183.1228411099916,1.774715433088338,0.7453670159699639,21.94996452331543,2
183.4134047752232,0.5842303927677386,0.1239384243603271,19.660099029541016,2
183.7762120667426,1.1575326371084556,0.3159427855276827,19.38833999633789,2
182.58736401959135,2.014340751252682,0.7170915428803872,21.96114158630371,2
182.0431463870048,0.864840309377631,0.9115406410896008,23.42467880249023,2
182.48870926356716,1.4480732590711392,0.7680402368342278,21.065235137939453,2
183.10942878758857,1.5673408113313398,0.9670899726813312,23.377405166625977,2
182.94575472561456,0.832440691740659,1.278815138542692,22.59829330444336,2
183.9847109436287,1.3970064414228007,0.9935901555365244,23.50753593444824,2
182.46631087090432,1.284480690990382,0.2749206401472494,19.72466278076172,2
182.81515770516955,0.6775441668759205,0.9518259000140052,22.33956527709961,2
183.44123859643085,0.589391836169404,0.4308953016799447,18.823617935180664,2
183.33619169560393,1.360397553172293,0.1624252140781671,18.198720932006836,2
183.50651974544056,2.2041679144528654,0.3428464157100697,19.320537567138672,2
183.2742651583553,1.2181168614695217,0.3130510265840692,19.257396697998047,2
182.89125276058112,0.6324466916103233,1.1295781959795648,21.998319625854492,2
183.854903327074,1.1079318719226416,0.9854764024523812,23.13422966003418,2
183.58001179008832,2.33754902356293,0.9771574201141896,23.567026138305664,2
182.2900617776264,1.1498498279332217,1.0661316101456255,23.15087127685547,2
183.5095928626949,1.1622901546396485,0.1530051573854817,18.468364715576172,2
183.8556312289355,1.4535400742892466,0.2423685518024961,19.67752265930176,2
182.69469196750683,0.9690665720618656,0.0866738683398987,23.52484703063965,2
182.8418051764523,2.092048461789376,0.381831759040684,19.453388214111328,2
183.43505080617348,1.4505910024952822,0.2436290277184847,20.08742904663086,2
183.25147684042517,0.4371148980152491,0.2411578301328132,18.937084197998047,2
182.53915192088851,2.3174035333268317,0.9169651541586304,22.274322509765625,2
183.57988347452823,1.0902140879138031,1.4250740690070345,24.12266731262207,2
183.0386100000001,2.4548697,0.3985680639743805,20.408851623535156,2
182.58764449560684,1.75686962448704,1.4990582987947385,22.722808837890625,2
183.56460789003623,2.143328542900577,0.0018933574940888,23.96856689453125,2
182.17853493663395,1.2626159347861656,1.3708243590961746,23.32717514038086,2
183.24841318087456,0.7746339706280995,0.7439818042972506,20.770681381225582,2
182.90596511736857,0.7949520346642736,1.3613353889293205,23.03972816467285,2
183.55714979860792,0.4510764961438888,0.5057617470789134,20.04276466369629,2
183.45482209547643,2.277708548032499,0.8337476151179753,22.95503616333008,2
182.86128282695475,0.5671258188879151,0.9534236323798884,23.70258140563965,2
183.29339099536944,1.0346273904387706,0.0817934361020918,20.952224731445312,2
183.83392279988652,0.91319374681439,0.1846117853505551,18.24799346923828,2
184.07385720063007,1.4213565645401278,0.2660743050305172,19.073843002319336,2
183.14234738949617,2.086480638048556,1.3244547014733106,23.252845764160156,2
182.85890618717997,0.499224424034664,0.3453832101856512,19.375564575195312,2
182.8100994458588,0.6486572207824762,0.3643072021913032,20.65392684936523,2
184.05480739336485,1.088656729400538,0.9377001619011178,22.743484497070312,2
182.22125608856663,2.084464019545722,0.0486507977539341,19.337818145751953,2
183.514255921971,2.342264490794163,0.2436449142107681,18.519546508789062,2
182.9708512197859,0.8529517240488141,0.1256113415758265,19.950193405151367,2
183.63598395398537,0.7369109939794919,0.269740788031551,19.987794876098633,2
184.01432363251683,1.1948350034719113,0.050160703002848,18.562976837158203,2
182.4301363700069,2.026189737858106,0.7234813225174341,21.668045043945312,2
182.60251458871335,1.2440923457864383,0.2929174333010051,18.643356323242188,2
182.17260251128272,1.8931588495175256,0.8037352054827168,21.90800666809082,2
183.57139234960684,2.1645298400727406,1.0449219888956631,22.81154441833496,2
182.9144386847736,1.4411210447227183,0.1864986657667493,18.304367065429688,2
182.34860589229703,1.3135978575009104,0.4753406073739727,19.44527816772461,2
183.733336452274,0.5714656920567551,0.934856012655758,23.275014877319336,2
182.18684339548915,1.1539763959747562,0.2039608839843167,20.327733993530273,2
182.3905807831664,0.6210076290926032,1.051743763549142,23.515718460083008,2
183.98349973901628,1.009262645262755,0.1813765790939699,19.800291061401367,2
182.4511979993076,0.7631251737849792,0.9497157368304574,22.257003784179688,2
183.42228475075947,0.9170810129864015,0.2981596017294304,18.90958595275879,2
183.7721412362908,1.7535348186513366,0.8855364199418978,22.47936630249023,2
182.516387539435,0.4713699792275415,0.5051174447934194,22.04641914367676,2
182.56705093273524,0.7656832254620122,1.4427049387853903,23.76611328125,2
183.4400674991767,1.3819441947342082,1.119200023425954,23.960302352905273,2
182.93636636326625,1.4852324154811305,0.3132155406710965,19.753219604492188,2
182.5630937770276,0.6177973045394274,0.3625670319858001,19.40974235534668,2
182.6116707795012,0.6107486309473232,0.2963616700981497,18.546995162963867,2
182.55097443559623,2.1029721413145346,0.9173481793924224,22.66254615783691,2
183.12788075371532,0.6001639862726756,0.2942925461919154,19.40840530395508,2
183.62269620942223,1.181665569599492,0.1538220479066059,20.018442153930664,2
183.92722831822877,1.233089802175206,0.4543578983577754,19.29285049438477,2
183.62323680065123,0.5659282658709082,1.156085039998589,23.581926345825195,2
183.1650925656145,1.5266122847562964,0.1862505530611108,18.60049057006836,2
183.43619822922324,2.1529353293882285,1.300666909158572,24.09519386291504,2
182.2053020881251,1.33892320819902,0.7196646631664445,23.873245239257812,2
183.19929797801385,1.5363877145798972,0.1864521716640429,19.259111404418945,2
182.55871604268776,0.9224028046930208,1.0065242459314088,22.220134735107425,2
183.12146214164264,0.3624905766281371,0.6514002777822073,20.53998374938965,2
182.5083533650988,1.3696212843722946,0.9537162809264814,22.36627197265625,2
182.81481671423697,1.9321744604850395,0.2148750312089398,18.728967666625977,2
182.7897567863864,1.5179025580152956,0.569164116437946,20.02669906616211,2
182.89757997830537,1.7463065398609283,0.7543351321997305,21.595542907714844,2
184.08880031006612,1.6889372526249808,0.8390566212992988,22.61332130432129,2
182.91519701345737,1.2650434662636298,0.7447368750901687,20.87013816833496,2
182.14435464694589,1.5522916697244753,0.5899448848573959,22.982154846191406,2
183.79789012147856,1.366702812988308,1.041895884774111,22.517993927001953,2
183.41967175827105,1.029606200279805,0.2366908097265653,18.868417739868164,2
182.63362745917843,1.9264645246085943,0.4498431786137373,22.92061424255371,2
183.09003084228803,1.1967028900580283,1.1323478828417066,23.255189895629883,2
182.3941094669637,0.5218712480928241,1.0232936178107117,23.113529205322266,2
182.0073130002835,1.2750994053522526,0.8953603994402459,22.969520568847656,2
183.73807138997032,1.2282973313850147,0.8233559618046319,23.06163024902344,2
183.2763613620311,0.6591736546639367,1.0809110730180176,22.836936950683594,2
182.39375157998523,1.1027357676177498,1.0155378106578117,23.125349044799805,2
183.3181851109649,2.025848049642537,0.8014209464868806,22.117563247680664,2
183.35131219849563,0.6823020298380658,1.0628158826236995,23.16710090637207,2
183.046430286014,1.6644524641406346,1.1457582556607468,22.34242057800293,2
182.60797829608944,1.2609613896277323,1.3737419146346237,22.61864471435547,2
182.286268134421,1.4704600734077558,0.2086110391035192,19.85862922668457,2
183.60305105865837,0.5016490466077922,0.2284798378077857,19.55440139770508,2
183.45309972979615,0.8025458114507628,0.3073750093028348,19.965269088745117,2
183.82536951389375,1.8173161389638517,0.0221507214750619,23.974803924560547,2
183.07589563794085,2.3654992282303247,0.8930424845379219,23.53348731994629,2
182.6813228051224,0.7258408645897416,0.8037914926898189,21.97573471069336,2
182.87723549886508,0.5084161208892192,1.3768867640548597,22.77174186706543,2
183.0170142201813,1.25190843526371,0.124424296258897,18.258703231811523,2
183.38105935414336,0.8516715261068244,0.0643060568890469,22.145143508911133,2
182.26147404216033,0.7505673084803579,0.2996245460717678,19.34681701660156,2
183.02147527216445,1.1850698002488094,0.4398461995036123,19.516950607299805,2
183.28883630428064,0.7019111550774462,1.3197400095906602,22.3913631439209,2
183.01320684278176,1.0650549679875254,1.3247588707410851,23.326128005981445,2
183.64397984087827,1.8688110269456089,0.934311386691038,21.68085479736328,2
182.2303391736924,1.7020565456025116,0.9234353525758524,22.36881446838379,2
183.29730070719805,2.468901893375941,1.0668585528991614,22.821569442749023,2
182.2215564678063,1.1247401850480567,0.2493559126046121,19.011943817138672,2
182.90591573485767,1.3893414636653496,0.4683566602653451,19.764686584472656,2
183.24683434065227,0.5356533146543196,1.1442035239439885,23.377172470092773,2
183.9116667050433,1.1293911972116648,1.2894981959094518,22.963294982910156,2
183.0837636947983,1.3876624648704037,0.5955289989164775,21.99978256225586,2
183.96141920055305,0.885816017062376,0.0793145842434227,20.158390045166016,2
182.4543580233816,0.4608016841861744,0.3035347387461135,20.371498107910156,2
183.24377363644572,1.473886967625298,1.1042970522814803,23.02423667907715,2
183.04663328995397,2.377982984190968,1.0125121433280284,23.08537483215332,2
184.00088075930088,1.6342730245485988,0.3260536020466965,18.85780334472656,2
182.3536792287401,1.4778721234786556,1.6066217083567988,23.515581130981445,2
182.16523363560356,0.7132045817850605,0.8604232887801678,22.8813419342041,2
183.4913630203631,2.1967180230872154,1.144350603332131,23.40110206604004,2
182.31806750933225,2.267030136649683,1.272083258413174,23.135522842407227,2
182.9024090412192,1.9375771098573016,0.7969047220756773,23.238386154174805,2
182.4396031768549,0.915045066217167,0.2649511317523321,18.43440818786621,2
183.5482477804059,1.8670190112763096,0.8846195813532902,21.71146011352539,2
182.49695549951036,0.9084023335231234,0.2955041145382475,19.008935928344727,2
182.56218514299775,1.4982364620124269,0.1984006437823464,19.51846694946289,2
182.3641899068388,1.1036878122384706,0.4045789409613577,19.15851593017578,2
183.21118878105693,1.249956967554919,0.5554118811678079,21.551450729370117,2
183.76570195326016,1.5519441537726164,0.2159581515873113,19.631683349609375,2
183.2209529373345,1.4244614754169875,0.8126858615971438,22.537845611572266,2
183.62509741700683,1.9474249879222052,0.0491463626612151,18.735897064208984,2
183.72563404030063,1.2810943504528916,0.7001390150592639,21.0937557220459,2
183.0265109550051,0.4046691243924287,0.8596874134985479,23.23248863220215,2
183.27231442064627,0.6600148398660587,1.4884164539922062,23.52880096435547,2
182.03743265731916,1.2310937267325766,1.1081165425163566,22.525146484375,2
182.69783063862243,0.3720213091319287,0.128238169509567,18.75847625732422,2
182.96097512833853,1.0104304831343678,0.2861072995995573,19.336170196533203,2
182.53307221216295,0.6868739422791128,0.8389289802958051,22.809816360473633,2
183.7364188937344,0.8699006852256376,1.3395267723089972,23.26240921020508,2
182.7675574062226,1.8932792509136265,0.1112409619285133,18.13985061645508,2
183.96310640116067,1.009652085522398,1.153645098758576,23.40871810913086,2
183.69489485220015,0.935058611818254,0.8309461593116618,22.01749610900879,2
183.2765358278092,1.5792094656612226,0.8555839198650061,23.41498565673828,2
182.61936994165984,1.4086060009445542,0.18677613659656,19.90406036376953,2
183.75828337848952,0.7321044178470788,0.0821523292241216,19.305727005004883,2
182.38569729542988,1.292093510909379,0.2506363446061957,20.043842315673828,2
183.31150876769743,0.8843339326948503,0.4959085886401684,20.313589096069336,2
183.6402170013174,1.3009700203526653,0.753885486658186,23.32300567626953,2
182.93179480025685,1.011080839218696,0.8920197446122595,23.133865356445312,2
182.70335897218817,2.411746187741214,1.0997295781364116,22.135683059692383,2
183.67988865700255,0.8415161707903842,1.2151626542128071,23.312883377075195,2
182.810973867794,1.2106932278652682,0.2080988500455353,19.367401123046875,2
182.74436120931395,0.8504842453189638,0.206482267636279,19.87029457092285,2
182.88416054185168,2.107098265262497,0.2407744138612421,19.447683334350582,2
183.6852845113454,0.8902056543974793,0.2469150733220416,23.39066696166992,2
184.00414387605215,0.9366320401349066,0.2569635526525968,20.09095764160156,2
182.45370276925888,1.4218736447299385,1.2226642048428549,23.29775047302246,2
182.14938730610305,0.7214294461270215,0.0784085996699564,20.7014102935791,2
183.1743591299196,0.3946281098200862,0.9250501115572932,23.162647247314453,2
182.9503371314442,1.6013435522120651,0.8347649584683463,23.19645118713379,2
183.5201174341871,1.0528756610962602,1.2397695963356823,23.88607406616211,2
182.79126285114043,0.743800578881562,1.141238479825202,23.16702651977539,2
182.4361649990425,0.6659454440158825,0.7954273149265203,23.35767936706543,2
182.73371581097328,1.4876114105773386,0.5933512217767883,19.913108825683594,2
182.64,2.0531631,0.257176786661148,19.40467071533203,2
182.89601630304097,1.5010540736187332,0.8667990519489279,23.199806213378903,2
182.8638108163011,1.6170626400443078,1.0876017128182225,22.717195510864254,2
182.13507894832208,0.8968515585534437,1.5951958979945002,23.913089752197266,2
183.15155799436755,1.2572419609843049,0.3167180886027747,19.186046600341797,2
181.97870605052643,1.847142661836402,0.1914330336978381,19.701181411743164,2
182.79730350373327,0.8791433309158406,0.6364897185489126,21.659868240356445,2
183.4538714859846,0.4562452688928592,0.2748552838524958,20.533058166503903,2
183.66818087913708,1.6132198328277858,0.2389851733714155,18.530685424804688,2
182.9792585295735,0.6617547002906778,1.360172568326256,23.05752182006836,2
182.42011162710435,1.2278559454403477,0.2475391372999398,20.313793182373047,2
182.5837024117066,1.1554131825142262,0.9515888833370704,22.17760467529297,2
183.4345732035389,0.4642953007987369,1.11496793158859,23.004634857177734,2
183.49389290031985,1.047776257287924,1.3056111557249024,23.473777770996097,2
182.6303488675239,1.35723883388554,0.2464740605325881,19.79684257507324,2
182.66742965879587,1.7121058944053285,0.8692725557334351,22.25636863708496,2
183.20734692314412,2.044100257585012,0.1964226792767577,19.217559814453125,2
183.46098607981364,1.163550043703894,1.4470031122838316,23.820985794067383,2
183.7560883325469,1.6908251355065056,0.0989984458825108,16.600099563598633,2
183.7477859128269,0.9837259946524616,0.6275865205184309,19.96125602722168,2
182.7965766318197,1.5883940819227769,0.2446659189195679,19.316730499267575,2
183.1385821557689,2.0456982099607415,0.2982388175075372,19.225000381469727,2
183.3565803279984,1.906082027600956,0.1927379867437632,18.50752067565918,2
183.8356969486303,1.7805149816266124,0.2557426482875071,19.51916885375977,2
183.62967481960732,0.6243644745277658,1.1116886572129565,23.407493591308594,2
182.53600309345032,1.3733398671494497,1.2315507667222805,23.202194213867188,2
183.05403927642152,1.2805418296630404,0.1878338456900597,19.75243377685547,2
183.1329637648776,2.2522441680901553,1.2625635564282525,23.22584342956543,2
182.9339996981556,1.7215817683404175,0.7268541767501792,21.117780685424805,2
183.922336936581,1.1306325372003128,0.1851549520281469,19.91835594177246,2
182.43835352254948,0.5688371148632461,0.1284032759747063,18.037817001342773,2
182.18777774293997,1.6366067149181551,1.464062687228327,23.802433013916016,2
182.6353722606493,1.3170636981924628,0.5615175161678492,20.54195976257324,2
183.1816098538046,2.4223660592368574,0.8040350995883604,22.21821022033691,2
183.9302553712527,1.3420496297212827,1.183745849588242,23.084890365600582,2
183.214060436824,2.405068465828576,0.1954385963731465,17.965892791748047,2
182.55903154511043,0.4291609226475195,0.4772746102484508,20.812227249145508,2
182.84203096343455,0.5879016329964754,1.077122434453605,21.742076873779297,2
183.80916724555647,1.1702712332111316,0.8237965652967046,22.184080123901367,2
182.25437540406784,1.0451441746222914,0.4037946219520792,21.255786895751953,2
182.77747799940272,1.461482456914622,1.2971302942548628,23.071056365966797,2
183.32198388533183,1.2705912355356177,0.1632149767766505,20.38113784790039,2
182.76305763608943,2.492326809593731,0.2917931811129526,20.07061004638672,2
182.87707041974724,1.0202029896831784,1.514537519239912,23.29674911499023,2
183.24422983533736,1.399687432335563,0.6905174851955886,20.900236129760746,2
182.92666853164744,1.137775327599304,0.4083897765840606,18.52058982849121,2
182.0993731281236,1.5965317463613942,1.4411358127614098,22.89609146118164,2
183.5273165244161,1.1891543086368743,1.2486179705926228,23.702892303466797,2
183.39838646827943,0.4214408026325165,0.2423993599863252,19.49141311645508,2
182.6545925535757,1.2643577290430674,0.2687351495185048,19.219860076904297,2
182.7608037992776,0.382178614338166,0.67663004982681,21.03677749633789,2
182.43426357691897,0.5372786268537934,0.6603778080754137,20.336389541625977,2
183.01804213028024,1.745031980445902,1.2039023225564012,23.32444190979004,2
183.30525603307217,0.6101401179129704,0.1241163250709981,19.78140640258789,2
182.9980927335413,2.300504038783533,1.037907287325819,23.150407791137695,2
182.76977940713596,1.3938423683327896,0.7746141643219885,22.725570678710938,2
182.4188036060001,2.0512024562617404,0.8295465543014,22.337322235107425,2
182.19349321851837,1.3167138767064763,1.074987006850608,22.32832145690918,2
182.48649732858132,0.5920004004447198,1.2996694706070575,22.142688751220703,2
184.05393572455552,1.0348316501340853,0.126175700090226,20.076690673828125,2
182.47003851474125,0.5440044828187018,0.7408922190941509,21.671262741088867,2
182.1429476893831,0.7303233771596768,0.7655285699239592,21.54505920410156,2
182.68049010229024,1.8663767544367105,0.8601114703034328,22.870128631591797,2
182.39534105187732,1.5926583853798293,0.461395108047443,23.63442039489746,2
183.1934393068021,0.4090686185847159,0.0204643644025923,16.322341918945312,2
183.37563893245016,1.226894386342304,0.6175628845362203,21.242616653442383,2
183.19212167687755,2.408187365003313,1.458040817251356,21.683061599731445,2
183.74274601538292,1.5113033948221843,0.242545062527523,17.31938362121582,2
182.2103994175156,1.389308324635261,0.0825529014145026,17.63707160949707,2
183.2638232423702,1.7963101664952787,0.3564218945171807,18.888349533081055,2
182.2737579023962,1.0961364311877002,0.895773817097885,22.468975067138672,2
182.88903188155504,1.9407470302298844,,,3
183.67829443678065,1.730030019437362,,,3
182.41500309332943,2.2152901295785594,,,3
182.419864659792,0.9706335496577936,,,3
182.5742883394437,1.379765610063956,,,3
182.66878396533923,1.8624517083936976,,,3
183.3499893400875,1.4422424349759648,,,3
183.7120885681154,0.877213912313122,,,3
183.65868498604897,0.7426363565841988,,,3
183.20442973357473,1.4954380915134569,,,3
183.8534895376062,1.6159478669956262,,,3
183.03440487699493,0.7913212737404056,,,3
183.07213961809484,1.3370850846274318,,,3
182.84722902678757,1.6946554134223983,,,3
183.6654085587695,1.521946058748341,,,3
184.02424843535263,1.2563629108459513,,,3
182.57655820649913,0.8487154070772256,,,3
183.41392196209551,1.5402791338803812,,,3
183.32775462670705,1.550020290465406,,,3
183.27963393634272,0.4769309450875211,,,3
182.9167914342848,0.5904591252312311,,,3
182.73219144000873,1.660088334167646,,,3
182.21890204931972,1.112149462683123,,,3
183.33478957691784,2.300469952244649,,,3
182.8864940270625,2.1732157860090826,,,3
182.5173002852048,1.783106133191817,,,3
183.40351352634244,0.9096994009600252,,,3
182.56875679924596,0.8834497374992925,,,3
183.4821977504509,2.2594427121465746,,,3
182.73255795912183,1.396180479536168,,,3
183.63358474653353,1.811177831800043,,,3
182.7394391543836,0.8575634976734577,,,3
182.91896553594552,2.3450493096729184,,,3
183.50200078588745,0.8519695890308112,,,3
182.63072250612177,1.129407824568651,,,3
184.089257277462,1.427093117690086,,,3
182.73274465218097,0.6536459112046458,,,3
183.6175166504836,0.9523873235479462,,,3
182.1883825551164,1.4472546687401862,,,3
183.01547459785724,0.7586642054281308,,,3
182.59963542234075,1.0648405921800863,,,3
182.62008519449415,1.8067451295326291,,,3
182.6990506548301,1.1280736630942716,,,3
183.88794637543103,1.745346718588766,,,3
183.9431250315309,1.9621543829545112,,,3
182.7518154398389,1.341868915922772,,,3
183.5863661658915,2.191836032892929,,,3
183.34303363006416,0.7851734919007757,,,3
182.1853262155894,1.6271731810945935,,,3
182.7892127621801,0.7051629355664123,,,3
183.16752704845663,2.472514675875257,,,3
182.76753420128983,1.6367429102688165,,,3
181.99726839600535,1.3017030383078183,,,3
183.67812328369988,1.14199970553225,,,3
183.9401373077592,1.7882613354837675,,,3
183.8662579609814,1.835859524701316,,,3
182.40650162755844,0.6315767542407658,,,3
182.17945500940536,1.3669727513903605,,,3
182.6324475187207,0.6708231687616206,,,3
183.8955624453441,1.7272992343922668,,,3
183.31198021696832,0.7042475936485011,,,3
183.81004662509008,1.9683569618112933,,,3
183.0391700483297,0.9687050121803028,,,3
182.71383886533465,1.3576173698893808,,,3
183.56238006239488,0.9197174909276772,,,3
183.13330650875233,1.5390844567379425,,,3
182.82041376145676,0.6215660127935784,,,3
183.74834668893516,0.7690451751760577,,,3
182.942434664794,1.460146410698883,,,3
183.2700226137249,2.4172547295948887,,,3
182.56758073318585,1.0590610610511793,,,3
182.79806034638509,1.691271397580772,,,3
183.23234381916552,2.2418763874034005,,,3
183.88473226083107,1.53852367081523,,,3
182.5220240654717,0.5224999245293307,,,3
183.7141451437029,1.2284730243718134,,,3
182.17353852685824,1.8448470424745176,,,3
183.7996424808766,0.9842137255839832,,,3
182.44686927625628,0.7933723558264498,,,3
183.1589414565563,1.7311099302615942,,,3
182.652373052042,2.371259554041947,,,3
182.3966788075523,1.9905265383759896,,,3
183.63184496753624,0.7450014654884204,,,3
182.98559130714293,1.3024095455829023,,,3
183.15533932646943,0.6278790405326025,,,3
183.58388055360095,2.122474679483587,,,3
183.0861152846763,0.411211469814311,,,3
182.76208621319353,0.7933104043277278,,,3
183.85547061045145,0.8879603558715139,,,3
182.06895062283536,1.6221630154824414,,,3
182.1824662701679,2.145415977360897,,,3
183.20450236117864,1.6243109741184636,,,3
182.40844968230456,1.070303501311118,,,3
183.2177083235466,1.300100186611486,,,3
182.20408284455297,1.599305887586285,,,3
183.37255753973903,0.5061949866998521,,,3
182.16582709020523,2.1205236644392196,,,3
183.44335290237296,1.1410864466152206,,,3
182.6273012725351,0.9111997224385584,,,3
183.00900171550015,1.4468180096071777,,,3
182.37233750293512,1.5542359832357622,,,3
182.77546671568177,0.9627756290978764,,,3
182.97765168787024,2.2045328138168347,,,3
182.23359886371708,2.100025009165467,,,3
183.16379980426325,1.836572043105924,,,3
183.36261141622825,0.8573225659817609,,,3
181.9772275480031,1.2529756513295809,,,3
182.9431011009064,2.0534433046036997,,,3
182.25104438887175,1.598288015400564,,,3
182.9269695513739,1.0615361677106752,,,3
183.66543592384795,1.202527516408252,,,3
183.56364925016567,0.6230458614248792,,,3
183.33593981552357,2.4899300374943536,,,3
183.54704109527233,2.3329764485756637,,,3
183.20144204144145,1.8341770308045204,,,3
183.46203940726096,2.267024194825035,,,3
183.19657550611197,0.728277796647868,,,3
183.368576580599,1.8184651118086357,,,3
182.04320466785973,1.5097018889555904,,,3
182.8423015262068,1.5018875191712169,,,3
183.82678526073403,1.7965373502919688,,,3
183.20533540199185,0.913016613407111,,,3
182.5228287506483,0.5611518283820695,,,3
182.87719295947005,0.5894833259771285,,,3
182.3645665529956,2.308512363703365,,,3
184.11435699822343,1.5824944117875763,,,3
182.59520799390395,0.8314563350441933,,,3
183.4114324596332,0.9694462085913564,,,3
182.617593377474,1.43564646357614,,,3
183.78901629799356,1.8432705241628,,,3
182.75689489761135,0.9223572892065836,,,3
182.82940629514968,1.3885954343710816,,,3
183.5604767119341,1.3089509398676782,,,3
183.5425964758995,2.1468288430221136,,,3
183.23571363685417,1.725123419188365,,,3
183.65007444557736,0.7618073893668436,,,3
183.55898172548564,1.896417894321874,,,3
182.9350113587982,1.3026331290699902,,,3
182.6299783765992,1.6952257198998275,,,3
182.38851305798775,0.5066869432259077,,,3
182.56821428458005,0.6393907216441094,,,3
183.61906453741648,1.6254802548726055,,,3
182.41018455430023,2.1715415567707836,,,3
183.5205251071853,1.034728005190016,,,3
182.19339159064643,1.973676618609565,,,3
182.57724460946423,1.9017500545533543,,,3
183.17621047549824,1.3596607783714416,,,3
182.6919188887009,2.0562134684747955,,,3
183.9952390806976,1.3671843519806923,,,3
183.31175405387444,0.4994209105275634,,,3
183.5938367376071,0.9293481927382632,,,3
182.72395402503736,0.6454322214700696,,,3
182.70237979080497,0.6022430818952978,,,3
183.6085495519971,1.9030436154054375,,,3
182.7920210687978,0.32552908777105,,,3
183.03104420144405,2.49974489099208,,,3
182.6172719143601,1.9559340601878663,,,3
182.3869897133925,0.981708017862337,,,3
182.37027040561608,0.5829591126155578,,,3
182.5682728421552,2.3941610716016877,,,3
182.52795759507907,1.7487912305892206,,,3
183.74847020332845,1.495975637549606,,,3
181.8981955160252,1.3199760465362314,,,3
182.5554842793205,1.3927262164158374,,,3
183.68512034182083,1.9175863926344987,,,3
183.0603232750823,0.469817265542536,,,3
183.290864857944,1.912241907686274,,,3
183.4276208906302,1.7409608566649075,,,3
183.40058068983396,1.884877514177266,,,3
182.9121132504305,2.2218075167115763,,,3
183.55613407015235,2.0857022352022883,,,3
183.03976894512215,1.6037411242723645,,,3
182.78882501956187,1.7790187913648712,,,3
182.9521233060308,1.359560930276981,,,3
182.83605768975025,1.9196908816983056,,,3
182.28850014170465,0.912485230123179,,,3
183.11328363646751,1.888846333197468,,,3
182.96045968904312,2.4777248935368084,,,3
183.39841071126187,1.148613178822412,,,3
182.76071598598756,1.6170148468148695,,,3
182.7723297332807,2.0176249723410544,,,3
182.6791095645817,1.7145747943059553,,,3
183.65495511,2.17857919,,,3
183.62750649,0.85980617,,,3
183.9109727,1.22262874,,,3
182.98908603,1.12467982,,,3
182.61234967,1.04049071,,,3
182.34466607,0.67355242,,,3
182.07744787,1.19429064,,,3
183.69870563,1.72943891,,,3
183.31692832,0.48781489,,,3
182.04777415,1.07174431,,,3
183.65342491,1.97016591,,,3
183.19219856,2.40829652,,,3
183.31082712,2.25730439,,,3
183.42236863,2.14852981,,,3
182.83673688,1.97274838,,,3
183.10710452,1.69713478,,,3
182.82025034,2.34109297,,,3
182.87693169,1.33493838,,,3
183.45064094,1.78769173,,,3
183.47269708,2.13148879,,,3
182.70869211,0.7272831,,,3
183.21645076,2.40549775,,,3
182.82316451,2.24325463,,,3
182.43825007,1.10240878,,,3
182.47028891,1.34598438,,,3
182.295305,1.44431583,,,3
183.34592661,1.43319763,,,3
183.89521654,1.58058105,,,3
183.36602595,0.77524108,,,3
183.25958856,1.87840054,,,3
183.63866968,2.31620354,,,3
183.11257619,1.48062527,,,3
183.11551575,1.1200338,,,3
183.12309055,2.37175201,,,3
183.49920253,0.8681921,,,3
183.28474226,2.05941264,,,3
182.28657863,1.81085361,,,3
183.40937092,1.84923921,,,3
182.65030577,0.74404059,,,3
183.07805857,1.08605683,,,3
182.90572283,0.80878269,,,3
183.76804255,0.78651835,,,3
182.17100653,2.16634998,,,3
183.88170846,0.8936408,,,3
183.78455706,1.25695709,,,3
183.0443965,2.36296223,,,3
182.27736298,0.85881631,,,3
183.01859636,1.76326609,,,3
183.49717571,1.55030234,,,3
182.25630825,1.98342925,,,3
183.1520557,1.05565354,,,3
183.5614849,0.46787751,,,3
181.98608963,1.59383615,,,3
182.61307238,2.11865377,,,3
183.66185396,1.23343935,,,3
182.89466771,2.19340904,,,3
183.39392228,0.71233038,,,3
183.47425021,0.74438342,,,3
183.0513505,1.99681539,,,3
183.70030223,1.65438997,,,3
183.1947247,0.95807974,,,3
182.82990255,0.35755143,,,3
183.29691209,1.6143152,,,3
182.35099724,1.29687828,,,3
182.85707101,0.6654178,,,3
183.40891013,1.04171164,,,3
182.78360935,0.70675272,,,3
182.55909369,1.52751272,,,3
182.24614113,0.78311641,,,3
183.89512446,1.72664459,,,3
182.99206779,0.51197059,,,3
182.40359555,0.73251195,,,3
183.3658256,1.8009439,,,3
183.68558548,0.98563907,,,3
182.88404792,0.7560734,,,3
182.87554867,1.49113225,,,3
182.7950798,2.45459934,,,3
182.03166109,1.16455832,,,3
182.63746492,1.51644236,,,3
183.4981292,0.70910538,,,3
182.15891087,1.66134103,,,3
182.47069354,1.68824874,,,3
183.66762625,0.95099242,,,3
183.17234152,1.03912697,,,3
182.60555262,0.45236073,,,3
183.45136828,2.08222547,,,3
182.29364975,1.38747348,,,3
181.97688249,1.5569451,,,3
183.71311062,0.67437211,,,3
182.12494236,2.05830924,,,3
183.48444422,1.95310557,,,3
183.01998751,1.86322128,,,3
182.57715228,1.50257358,,,3
183.89796008,1.68592416,,,3
182.88728119,1.92579216,,,3
183.07132104,1.96060698,,,3
183.10146402,1.56495844,,,3
182.85141994,1.00183964,,,3
183.09074374,0.95464627,,,3
183.1156629,1.39968741,,,3
183.44648331,2.30509064,,,3
182.55266429,0.84668403,,,3
183.2935674,1.68844855,,,3
183.25604342,0.38397682,,,3
184.02720134,0.99177878,,,3
182.35255225,0.70064616,,,3
182.07303787,1.54031456,,,3
182.91924304,1.49968256,,,3
182.64565773,1.67086587,,,3
183.99518791,1.36453873,,,3
183.10163359,0.54586353,,,3
183.77319684,2.01504449,,,3
182.34131221,1.03960696,,,3
183.56738042,1.48619424,,,3
182.28587157,0.80270987,,,3
182.25798552,1.54546029,,,3
184.02503511,1.34254975,,,3
182.39117977,1.18555337,,,3
182.64087343,2.15323991,,,3
182.61384572,1.74517585,,,3
183.17274121,2.09397652,,,3
183.15637094,1.83400209,,,3
182.40536984,2.21487478,,,3
182.36040463,1.70984881,,,3
182.4859657,0.8265268,,,3
184.02163323,1.03449622,,,3
182.3195596,1.71567141,,,3
182.69049663,0.8126709,,,3
183.65444879,2.09807114,,,3
182.92016762,1.35844991,,,3
183.93298549,0.83604348,,,3
183.17659647,1.72573418,,,3
183.56659861,0.51966536,,,3
183.26405762,0.54036586,,,3
183.97945121,1.2303717,,,3
183.27542111,1.23763805,,,3
183.06234919,0.7032824,,,3
182.98106339,1.59279926,,,3
182.42115346,1.99369485,,,3
182.24021789,1.43776975,,,3
183.00769298,0.496193,,,3
182.94699721,0.74770173,,,3
182.1671856,0.95543062,,,3
183.00741132,1.2530479,,,3
182.98843151,1.45522712,,,3
183.36405912,0.48394346,,,3
183.21665547,0.91827519,,,3
183.20357279,0.33319901,,,3
183.67252806,0.96786074,,,3
183.52480443,2.12149893,,,3
183.12483464,0.99708866,,,3
182.02027302,1.01084468,,,3
183.206141,1.26056982,,,3
183.50103975,1.15583408,,,3
182.851122,1.4202312,,,3
182.66160046,0.93735788,,,3
182.12128513,1.94659857,,,3
182.74787415,2.51951622,,,3
183.5475541,1.25864705,,,3
183.54433277,2.24716676,,,3
182.67455135,2.44167941,,,3
182.16233604,1.78756107,,,3
183.39711781,1.88952969,,,3
183.01774331,0.8584729,,,3
182.65539648,2.23521294,,,3
183.5872828,0.68451601,,,3
183.26222743,1.49426655,,,3
182.4349676,0.60560127,,,3
183.71877233,1.40177335,,,3
183.13990507,0.9420886,,,3
183.77780152,2.03303555,,,3
183.1294722,1.39554745,,,3
182.97628765,0.51653,,,3
182.01404213,1.00301874,,,3
182.24695319,1.03205814,,,3
183.39343824,1.01084341,,,3
181.98777893,1.56869747,,,3
183.58012718,0.86402887,,,3
183.71082234,1.25361045,,,3
183.22156475,0.46989964,,,3
182.62491473,1.59630322,,,3
182.81270037,2.27712106,,,3
183.26896193,2.05777609,,,3
182.90042839,2.08330456,,,3
182.25450389,1.19031367,,,3
183.20269596,0.6174242,,,3
182.13444747,1.16026648,,,3
182.17134981,2.17219342,,,3
183.50803503,1.02857552,,,3
182.59355758,1.86001326,,,3
182.94279563,0.55438035,,,3
182.06838172,0.92051461,,,3
182.83383868,0.72232266,,,3
182.29595439,2.12413615,,,3
182.52154082,0.52102144,,,3
182.07355481,1.58749009,,,3
182.87556413,1.29832522,,,3
182.89163923,1.78431538,,,3
183.2338917,2.46271499,,,3
182.94408619,2.37648726,,,3
183.42476113,1.66185395,,,3
183.74210992,0.75492596,,,3
182.15503956,2.08111354,,,3
182.30176625,0.77771103,,,3
182.98501778,0.8329201,,,3
183.25935761,2.47703154,,,3
182.32590673,2.07066876,,,3
182.26820341,0.70930534,,,3
183.30928096,1.90918874,,,3
183.11024634,0.91424249,,,3
183.25698976,1.05534426,,,3
183.37408078,0.70607131,,,3
182.48419445,1.66512316,,,3
182.87151611,1.69556129,,,3
182.88288211,0.6933282,,,3
183.17318531,2.27022041,,,3
182.7096839,1.65180916,,,3
182.92987328,0.86940478,,,3
183.91176959,0.78452286,,,3
183.22993164,1.82482903,,,3
183.30441231,1.47857135,,,3
183.35654592,1.37709524,,,3
184.11447805,1.5659351,,,3
183.38438484,0.77037407,,,3
182.94022804,0.96519267,,,3
182.97373702,0.37364526,,,3
182.79333262,0.99075322,,,3
183.75314824,1.16707409,,,3
182.34995599,0.96493338,,,3
181.95892598,1.38638937,,,3
182.29911291,2.26245931,,,3
183.26215651,1.85715555,,,3
182.82975931,1.38774389,,,3
182.40280529,1.00364139,,,3
182.93478593,2.33786079,,,3
182.60965821,1.81439947,,,3
182.64656282,2.14408272,,,3
182.42352282,2.38263433,,,3
183.79656538,1.3709,,,3
183.66669695,0.83824117,,,3
182.51123847,1.84439635,,,3
183.61360711,1.15679363,,,3
183.3723953,2.00224894,,,3
182.7063524,0.81394056,,,3
182.62921671,1.09136252,,,3
182.71462561,1.83210597,,,3
183.67894449,1.1398102,,,3
182.80437695,2.14821838,,,3
183.72683478,1.74060225,,,3
182.53376377,2.11423409,,,3
183.37693573,1.11960461,,,3
183.09675783,0.73657458,,,3
183.90307036,1.85264735,,,3
182.34957962,0.78067342,,,3
182.40943147,1.83241538,,,3
183.58247919,1.90911886,,,3
182.23456854,1.14129839,,,3
182.25851078,1.47093754,,,3
183.73490203,1.72004695,,,3
184.01846956,1.77905854,,,3
182.43931314,0.91209892,,,3
182.8461711,2.33611611,,,3
183.98279367,1.92466868,,,3
182.9503538,1.63055158,,,3
183.770197,1.68865744,,,3
183.5492787,2.02725,,,3
183.34646974,0.76032188,,,3
183.38650629,2.29562828,,,3
183.76126834,0.70346256,,,3
183.08927255,2.14320331,,,3
183.48216248,1.17746493,,,3
181.97084195,1.76672144,,,3
183.74839071,0.79331342,,,3
182.61546655,1.89906396,,,3
182.75192387,0.75259889,,,3
182.91875164,0.75008918,,,3
183.33263917,2.35610362,,,3
182.78523988,1.61518126,,,3
182.2827689,1.08378258,,,3
182.50972799,1.39267407,,,3
183.45299306,0.79675829,,,3
182.73188225,1.05027722,,,3
182.63349858,1.916716,,,3
183.10984074,0.49152454,,,3
182.72955497,1.35356755,,,3
182.49896915,0.67174621,,,3
183.35311301,1.98146492,,,3
184.04135215,1.25245032,,,3
183.33883716,0.46308631,,,3
183.45848457,2.43947179,,,3
183.81853665,0.82817498,,,3
182.91127913,1.83532787,,,3
183.29127377,2.2929589,,,3
182.9757091,0.33059699,,,3
182.23307715,1.68900994,,,3
183.70147715,1.04777841,,,3
183.44572383,2.3151791,,,3
182.38296658,2.26749318,,,3
